Workbook

Sheet Summary_RTD
A1: 20251027~20251102 | B1: CP/FT | C1: Total IC | D1: Throughput | E1: Yield | G1: 20251027~20251102 | H1: CP/FT | I1: RTD No. | K1: Total IC | L1: Throughput | M1: Yield
A2: RL7047 | B2: CP | C2: 0 | D2: 0 | G2: RL7047 | H2: CP | I2: RL7047 | K2: 0 | L2: 0
A3: RL7032 Merlin8p | B3: CP | C3: 51254 | D3: 41506 | E3: 0.8098 | G3: RL7032 Merlin8p | H3: CP | I3: RL7032 | K3: 51254 | L3: 41506 | M3: 0.8098
A4: RL7002 Mac9q | B4: CP | C4: 0 | D4: 0 | G4: RL7002 Mac9q | H4: CP | I4: RL7002 | K4: 0 | L4: 0
A5: RL6990 Dora | B5: CP | C5: 0 | D5: 0 | G5: RL6990 Dora | H5: CP | I5: RL6990 | K5: 0 | L5: 0
A6: RL6982 Merlin9 | B6: CP | C6: 188222 | D6: 169294 | E6: 0.8994 | G6: RL6982 Merlin9 | H6: CP | I6: RL6982 | K6: 188222 | L6: 169294 | M6: 0.8994
B7: FT1 | C7: 205388 | D7: 204175 | E7: 0.9941 | H7: FT1 | I7: RTD2865PNJ_SG_TA01 | K7: 4653 | L7: 4260 | M7: 0.9155
A8: RL6963 Mac8q | B8: CP | C8: 91488 | D8: 82894 | E8: 0.9061 | I8: RTD2875QDA_TA01 | K8: 69435 | L8: 69145 | M8: 0.9958
B9: FT1 | C9: 86649 | D9: 86353 | E9: 0.9966 | I9: RTD2875QDA_HD_TA01 | K9: 123296 | L9: 122804 | M9: 0.996
B10: FT2 | C10: 43427 | D10: 43422 | E10: 0.9999 | I10: RTD2874MDA_TA01 | K10: 8004 | L10: 7966 | M10: 0.9953
A11: RL6896 Dante | B11: CP | C11: 0 | D11: 0 | G11: RL6963 Mac8q | H11: CP | I11: RL6963 | K11: 91488 | L11: 82894 | M11: 0.9061
B12: FT1 | C12: 10262 | D12: 10226 | E12: 0.9965 | H12: FT1 | I12: RTD2864FLV_TA01 | K12: 76334 | L12: 76078 | M12: 0.9966
A13: RL6866 Mac8p | B13: CP | C13: 0 | D13: 0 | I13: RTD2851FCA_TA01 | K13: 10315 | L13: 10275 | M13: 0.9961
A14: RL6856 Merlin8 | B14: CP | C14: 53392 | D14: 45952 | E14: 0.8607 | H14: FT2 | I14: RTD2841FLW_TA01 | K14: 43427 | L14: 43422 | M14: 0.9999
B15: FT1 | C15: 44350 | D15: 44229 | E15: 0.9973 | G15: RL6896 Dante | H15: CP | I15: RL6896 | K15: 0 | L15: 0
B16: FT2 | C16: 22448 | D16: 22430 | E16: 0.9992 | H16: FT1 | I16: AXD2801VPF | K16: 10262 | L16: 10226 | M16: 0.9965
A17: RL6750 H5C2 | B17: CP | C17: 0 | D17: 0 | G17: RL6866 Mac8p | H17: CP | I17: RL6866 | K17: 0 | L17: 0
B18: FT1 | C18: 0 | D18: 0 | G18: RL6856 Merlin8 | H18: CP | I18: RL6856 | K18: 53392 | L18: 45952 | M18: 0.8607
A19: RL6748 Merlin7 | B19: CP | C19: 331854 | D19: 288720 | E19: 0.87 | H19: FT1 | I19: RTD2886NSS_SC_FT1_TA01 | K19: 39576 | L19: 39466 | M19: 0.9972
B20: FT1 | C20: 213991 | D20: 213560 | E20: 0.998 | I20: RTD2818AWA_SC_FT1_TA01 | K20: 1910 | L20: 1909 | M20: 0.9995
B21: FT2 | C21: 0 | D21: 0 | I21: RTD2885PDM_FT1_TA01 | K21: 2864 | L21: 2854 | M21: 0.9965
A22: RL6746 MIO | B22: CP | C22: 0 | D22: 0 | H22: FT2 | I22: RTD2885PDM | K22: 14771 | L22: 14768 | M22: 0.9998
A23: RL6708 Bridge | B23: CP | C23: 0 | D23: 0 | I23: RTD2886NSP_SC_FT2_TA01 | K23: 7677 | L23: 7662 | M23: 0.998
B24: FT1 | C24: 0 | D24: 0 | G24: RL6750 H5C2 | H24: CP | I24: RL6750 | K24: 0 | L24: 0
A25: RL6681 ATSC3 | B25: CP | C25: 0 | D25: 0 | G25: RL6748 Merlin7 | H25: CP | I25: RL6748 | K25: 331854 | L25: 288720 | M25: 0.87
B26: FT1 | C26: 0 | D26: 0 | H26: FT1 | I26: RTD2881PSP_SDY_TA01 | K26: 825 | L26: 824 | M26: 0.9988
A27: RL6672 Merlin6 | B27: CP | C27: 0 | D27: 0 | I27: RTD2885NCH_WC_TA01 | K27: 2200 | L27: 2160 | M27: 0.9818
B28: FT1 | C28: 0 | D28: 0 | I28: RTD2875PSP_SC_TA01 | K28: 210966 | L28: 210576 | M28: 0.9982
B29: FT2 | C29: 0 | D29: 0 | G29: RL6746 MIO | H29: CP | I29: RL6746 | K29: 0 | L29: 0
A30: RL6641 Mac7p | B30: CP | C30: 1493 | D30: 1352 | E30: 0.9056 | G30: RL6708 Bridge | H30: CP | I30: RL6708 | K30: 0 | L30: 0
B31: FT1 | C31: 96487 | D31: 96006 | E31: 0.995 | G31: RL6681 ATSC3 | H31: CP | I31: RL6681 | K31: 0 | L31: 0
A32: RL6617 Merlin5 | B32: CP | C32: 0 | D32: 0 | G32: RL6672 Merlin6 | H32: CP | I32: RL6672 | K32: 0 | L32: 0
B33: FT1 | C33: 0 | D33: 0 | G33: RL6641 Mac7p | H33: CP | I33: RL6641 | K33: 1493 | L33: 1352 | M33: 0.9056
B34: FT2 | C34: 0 | D34: 0 | H34: FT1 | I34: RTD2841ACS_PS_TA01 | K34: 1270 | L34: 1265 | M34: 0.9961
I35: RTD2841ACM_PS_TA01 | K35: 35003 | L35: 34851 | M35: 0.9957
I36: RTD2841ASM_PS_TA01 | K36: 22535 | L36: 22435 | M36: 0.9956
I37: RTD2841ASS_PS_TA01 | K37: 37679 | L37: 37455 | M37: 0.9941
G38: RL6617 Merlin5 | H38: CP | I38: RL6617 | K38: 0 | L38: 0

Sheet Top_all
A1: Project | B1: CP/FT | C1: RTD No. | E1: ECN Ver. | G1: summary | H1: Y25_W44 | J1: Top1 | K1: Top2 | L1: Top3 | M1: Top4 | N1: Top5 | O1: Top6 | P1: Top7 | Q1: Top8 | R1: Top9 | S1: Top10 | Y1: Project | Z1: CP/FT | AA1: RTD No. | AC1: ECN Ver. | AD1: Total IC | AE1: Throughput | AF1: Yield | AG1: Top1 | AH1: Top2 | AI1: Top3 | AJ1: Top4 | AK1: Top5 | AL1: Top6 | AM1: Top7 | AN1: Top8 | AO1: Top9 | AP1: Top10
A2: RL7032 Merlin8p | B2: CP | C2: RL7032 | E2: V01 | F2: Total IC | G2: 51254 | H2: 51254 | I2: Test item | J2: cp_mode3_saf_comp_retest | K2: cp_mode2_saf_spc25_comp_retest | L2: all_bist_mp_HV | M2: PowerShort | N2: scpu_bisr_bist_drf_vddr_mp_X7_2000M | O2: scpu_bisr_bist_drf_vddr_mp_X9_2000M | P2: cp_mode1_saf_comp | Q2: cp_mode0_saf_comp | R2: scpu_bisr_bist_drf_vddr_mp_X1 | S2: cp_mode3_bf_comp_retest | Y2: RL7032 Merlin8p | Z2: CP | AA2: RL7032 | AC2: V01 | AD2: 51254 | AE2: 41506 | AF2: 0.8098 | AG2: cp_mode3_saf_comp_retest(1427ea,2.78%) | AH2: cp_mode2_saf_spc25_comp_retest(1131ea,2.21%) | AI2: all_bist_mp_HV(1121ea,2.19%) | AJ2: PowerShort(924ea,1.80%) | AK2: scpu_bisr_bist_drf_vddr_mp_X7_2000M(730ea,1.42%) | AL2: scpu_bisr_bist_drf_vddr_mp_X9_2000M(689ea,1.34%) | AM2: cp_mode1_saf_comp(414ea,0.81%) | AN2: cp_mode0_saf_comp(412ea,0.80%) | AO2: scpu_bisr_bist_drf_vddr_mp_X1(381ea,0.74%) | AP2: cp_mode3_bf_comp_retest(380ea,0.74%)
F3: Throughput | G3: 41506 | H3: 41506 | I3: q'ty | J3: 1427 | K3: 1131 | L3: 1121 | M3: 924 | N3: 730 | O3: 689 | P3: 414 | Q3: 412 | R3: 381 | S3: 380 | Y3: RL6982 Merlin9 | Z3: CP | AA3: RL6982 | AC3: V04 | AD3: 188222 | AE3: 169294 | AF3: 0.8994 | AG3: cp_mode2_saf_spc30_comp(4858ea,2.58%) | AH3: cp_mode3_saf_comp(2768ea,1.47%) | AI3: all_bist_wo_ETN_HV(2541ea,1.35%) | AJ3: cp_mode1_saf_comp(1805ea,0.96%) | AK3: cp_mode0_saf_comp(1609ea,0.85%) | AL3: SCPU_L3_BISR_HV(688ea,0.37%) | AM3: scpu_bist_all_1p2_HV(524ea,0.28%) | AN3: cp_mode3_tdf_c5_cov92_comp_HV(411ea,0.22%) | AO3: all_bisr_drf_mp_BISR_HV(379ea,0.20%) | AP3: PowerShort(322ea,0.17%)
F4: Yield | G4: 0.8098 | H4: 0.8098 | I4: % | J4: 0.0278 | K4: 0.0221 | L4: 0.0219 | M4: 0.018 | N4: 0.0142 | O4: 0.0134 | P4: 0.0081 | Q4: 0.008 | R4: 0.0074 | S4: 0.0074 | Z4: FT1 | AA4: RTD2865PNJ_SG_TA01 | AC4: V01 | AD4: 4653 | AE4: 4260 | AF4: 0.9155 | AG4: DDR4_1p5G_3200_SS_single_RW_FT(385ea,8.27%) | AH4: Efuse_Z0_MR(3ea,0.06%) | AI4: OS_500uA(2ea,0.04%) | AJ4: FW_SCPU(1ea,0.02%) | AK4: FW_MD_DOMAIN(1ea,0.02%) | AL4: FW_MEMC(1ea,0.02%)
A5: RL6982 Merlin9 | B5: CP | C5: RL6982 | E5: V04 | F5: Total IC | G5: 188222 | H5: 188222 | I5: Test item | J5: cp_mode2_saf_spc30_comp | K5: cp_mode3_saf_comp | L5: all_bist_wo_ETN_HV | M5: cp_mode1_saf_comp | N5: cp_mode0_saf_comp | O5: SCPU_L3_BISR_HV | P5: scpu_bist_all_1p2_HV | Q5: cp_mode3_tdf_c5_cov92_comp_HV | R5: all_bisr_drf_mp_BISR_HV | S5: PowerShort | Z5: FT1 | AA5: RTD2875QDA_TA01 | AC5: V03 | AD5: 69435 | AE5: 69145 | AF5: 0.9958 | AG5: DDR4_2G_3000_SS_single_RW_FT(67ea,0.10%) | AH5: FW_other(52ea,0.07%) | AI5: DDR4_2G_3000_SS_FRC_ZQp5p(48ea,0.07%) | AJ5: USB2_disconnect_mea(22ea,0.03%) | AK5: OS_500uA(22ea,0.03%) | AL5: PowerShort(17ea,0.02%) | AM5: SIF_FT01(8ea,0.01%) | AN5: IDDQ(6ea,0.01%) | AO5: scpu_bist_all_1p2_HV(5ea,0.01%) | AP5: USB2_disconnect_trim_RT(5ea,0.01%)
F6: Throughput | G6: 169294 | H6: 169294 | I6: q'ty | J6: 4858 | K6: 2768 | L6: 2541 | M6: 1805 | N6: 1609 | O6: 688 | P6: 524 | Q6: 411 | R6: 379 | S6: 322 | Z6: FT1 | AA6: RTD2875QDA_HD_TA01 | AC6: V03 | AD6: 123296 | AE6: 122804 | AF6: 0.996 | AG6: DDR4_2G_3000_SS_single_RW_FT(130ea,0.11%) | AH6: DDR4_2G_3000_SS_FRC_ZQp5p(98ea,0.08%) | AI6: FW_other(63ea,0.05%) | AJ6: OS_500uA(49ea,0.04%) | AK6: PowerShort(34ea,0.03%) | AL6: USB2_disconnect_mea(16ea,0.01%) | AM6: Wire_Bond_Leak(12ea,0.01%) | AN6: FW_MULTI_CORE_TEST(11ea,0.01%) | AO6: all_bisr_drf(9ea,0.01%) | AP6: USB2_disconnect_trim_RT(8ea,0.01%)
F7: Yield | G7: 0.8994 | H7: 0.8994 | I7: % | J7: 0.0258 | K7: 0.0147 | L7: 0.0135 | M7: 0.0096 | N7: 0.0085 | O7: 0.0037 | P7: 0.0028 | Q7: 0.0022 | R7: 0.002 | S7: 0.0017 | Z7: FT1 | AA7: RTD2874MDA_TA01 | AC7: V03 | AD7: 8004 | AE7: 7966 | AF7: 0.9953 | AG7: DDR4_2G_3000_SS_single_RW_FT(13ea,0.16%) | AH7: FW_other(8ea,0.10%) | AI7: scpu_bist_all_1p2_HV(5ea,0.06%) | AJ7: DDR4_2G_3000_SS_FRC_ZQp5p(4ea,0.05%) | AK7: PowerShort(2ea,0.02%) | AL7: all_bisr_drf(2ea,0.02%) | AM7: Wire_Bond_Leak(1ea,0.01%) | AN7: FW_MULTI_CORE_TEST(1ea,0.01%) | AO7: USB2_FT_OTG(1ea,0.01%) | AP7: FW_VE(1ea,0.01%)
B8: FT1 | C8: RTD2865PNJ_SG_TA01 | E8: V01 | F8: Total IC | G8: 4653 | H8: 4653 | I8: Test item | J8: DDR4_1p5G_3200_SS_single_RW_FT | K8: Efuse_Z0_MR | L8: OS_500uA | M8: FW_SCPU | N8: FW_MD_DOMAIN | O8: FW_MEMC | Y8: RL6963 Mac8q | Z8: CP | AA8: RL6963 | AC8: V07 | AD8: 91488 | AE8: 82894 | AF8: 0.9061 | AG8: cp_mode1_saf_comp_B(2346ea,2.56%) | AH8: cp_mode0_saf_comp(1251ea,1.37%) | AI8: cp_mode2_saf_comp_B(1055ea,1.15%) | AJ8: all_bist_m_0217_p1_BIST_LDOoff_OC700_HV(951ea,1.04%) | AK8: IDD(396ea,0.43%) | AL8: os(291ea,0.32%) | AM8: PowerShort(249ea,0.27%) | AN8: cp_mode1_tdf_cov70_comp_HV(234ea,0.26%) | AO8: GPIO_01_GPOH(181ea,0.20%) | AP8: all_bist_m_0217_p2_GPU_BIST_LDOoff_HV(132ea,0.14%)
F9: Throughput | G9: 4260 | H9: 4260 | I9: q'ty | J9: 385 | K9: 3 | L9: 2 | M9: 1 | N9: 1 | O9: 1 | Z9: FT1 | AA9: RTD2864FLV_TA01 | AC9: V10 | AD9: 76334 | AE9: 76078 | AF9: 0.9966 | AG9: FW_other(88ea,0.12%) | AH9: FW_HDMI_4K60(50ea,0.07%) | AI9: D4_2666M_FRC_4K60_uhd_LB_FT(25ea,0.03%) | AJ9: all_bist_m_0217_p1_BIST_LDOon_HV(24ea,0.03%) | AK9: os(22ea,0.03%) | AL9: power_short(5ea,0.01%) | AM9: all_bist_m_0217_p1_BIST_LDOon_LV(4ea,0.01%) | AN9: FW_Multi_core_test_1(4ea,0.01%) | AO9: PIF_LVDS_FT(4ea,0.01%) | AP9: FW_HDMI_480P(3ea,0.00%)
F10: Yield | G10: 0.9155 | H10: 0.9155 | I10: % | J10: 0.0827 | K10: 0.0006 | L10: 0.0004 | M10: 0.0002 | N10: 0.0002 | O10: 0.0002 | Z10: FT1 | AA10: RTD2851FCA_TA01 | AC10: V10 | AD10: 10315 | AE10: 10275 | AF10: 0.9961 | AG10: FW_other(9ea,0.09%) | AH10: D4_2666M_FRC_4K60_uhd_LB_FT(9ea,0.09%) | AI10: FW_HDMI_4K60(7ea,0.07%) | AJ10: os(4ea,0.04%) | AK10: all_bist_m_0217_p1_BIST_LDOon_LV(2ea,0.02%) | AL10: all_bist_m_0217_p1_BIST_LDOon_HV(2ea,0.02%) | AM10: all_bist_m_0217_p5_scpu_bist_LDOon_HV(2ea,0.02%) | AN10: FW_Multi_core_test_1(1ea,0.01%) | AO10: FW_VE_Encode(1ea,0.01%) | AP10: FW_MD_Domain(1ea,0.01%)
B11: FT1 | C11: RTD2875QDA_TA01 | E11: V03 | F11: Total IC | G11: 69435 | H11: 69435 | I11: Test item | J11: DDR4_2G_3000_SS_single_RW_FT | K11: FW_other | L11: DDR4_2G_3000_SS_FRC_ZQp5p | M11: USB2_disconnect_mea | N11: OS_500uA | O11: PowerShort | P11: SIF_FT01 | Q11: IDDQ | R11: scpu_bist_all_1p2_HV | S11: USB2_disconnect_trim_RT | Z11: FT2 | AA11: RTD2841FLW_TA01 | AC11: V02 | AD11: 43427 | AE11: 43422 | AF11: 0.9999 | AG11: USB2_Swing(3ea,0.01%) | AH11: Wire_bond_leak(2ea,0.00%)
F12: Throughput | G12: 69145 | H12: 69145 | I12: q'ty | J12: 67 | K12: 52 | L12: 48 | M12: 22 | N12: 22 | O12: 17 | P12: 8 | Q12: 6 | R12: 5 | S12: 5 | Y12: RL6896 Dante | Z12: FT1 | AA12: AXD2801VPF | AC12: V08 | AD12: 10262 | AE12: 10226 | AF12: 0.9965 | AG12: HDMI2p1_12g_TX_check_Done_Result(24ea,0.23%) | AH12: DDR3_FRC_CA_n6PI(4ea,0.04%) | AI12: HDMI2p0_6G_RX(3ea,0.03%) | AJ12: (1ea,0.01%) | AK12: DDR3_MD(1ea,0.01%) | AL12: DDR3_MD_n4(1ea,0.01%) | AM12: HDMI2p1_6G_TX_check_Done_Result(1ea,0.01%) | AN12: DDR3_FRC_corner1(1ea,0.01%)
F13: Yield | G13: 0.9958 | H13: 0.9958 | I13: % | J13: 0.001 | K13: 0.0007 | L13: 0.0007 | M13: 0.0003 | N13: 0.0003 | O13: 0.0002 | P13: 0.0001 | Q13: 0.0001 | R13: 0.0001 | S13: 0.0001 | Y13: RL6856 Merlin8 | Z13: CP | AA13: RL6856 | AC13: V11 | AD13: 53392 | AE13: 45952 | AF13: 0.8607 | AG13: cp_mode2_saf_comp_24ns(1495ea,2.80%) | AH13: all_bist_mp_gpu_HV(1263ea,2.37%) | AI13: cp_mode3_saf_comp_VT(1138ea,2.13%) | AJ13: cp_mode1_saf_comp(569ea,1.07%) | AK13: cp_mode0_saf_comp(524ea,0.98%) | AL13: all_bist_mp_gpu_LV(365ea,0.68%) | AM13: IDD(258ea,0.48%) | AN13: cp_mode1_sdd_maskL2D_hv_cov0to92_comp_HV(198ea,0.37%) | AO13: os(195ea,0.37%) | AP13: cp_mode2_0_tdf_c6_comp_HV(158ea,0.30%)
B14: FT1 | C14: RTD2875QDA_HD_TA01 | E14: V03 | F14: Total IC | G14: 123296 | H14: 123296 | I14: Test item | J14: DDR4_2G_3000_SS_single_RW_FT | K14: DDR4_2G_3000_SS_FRC_ZQp5p | L14: FW_other | M14: OS_500uA | N14: PowerShort | O14: USB2_disconnect_mea | P14: Wire_Bond_Leak | Q14: FW_MULTI_CORE_TEST | R14: all_bisr_drf | S14: USB2_disconnect_trim_RT | Z14: FT1 | AA14: RTD2886NSS_SC_FT1_TA01 | AC14: V09 | AD14: 39576 | AE14: 39466 | AF14: 0.9972 | AG14: FW_other(80ea,0.20%) | AH14: HDMI_12G_ALL_Port(4ea,0.01%) | AI14: OS_500uA(4ea,0.01%) | AJ14: set-error-bin(4ea,0.01%) | AK14: Thermal_IDD_comp_4K(3ea,0.01%) | AL14: ddr_single_rw(3ea,0.01%) | AM14: VDC01_SNR_FT01(3ea,0.01%) | AN14: Power_Short(2ea,0.01%) | AO14: PIF_PP_FT_tt(2ea,0.01%) | AP14: IFD_FT02_SNR(1ea,0.00%)
F15: Throughput | G15: 122804 | H15: 122804 | I15: q'ty | J15: 130 | K15: 98 | L15: 63 | M15: 49 | N15: 34 | O15: 16 | P15: 12 | Q15: 11 | R15: 9 | S15: 8 | Z15: FT1 | AA15: RTD2818AWA_SC_FT1_TA01 | AC15: V09 | AD15: 1910 | AE15: 1909 | AF15: 0.9995 | AG15: OS_500uA(1ea,0.05%)
F16: Yield | G16: 0.996 | H16: 0.996 | I16: % | J16: 0.0011 | K16: 0.0008 | L16: 0.0005 | M16: 0.0004 | N16: 0.0003 | O16: 0.0001 | P16: 0.0001 | Q16: 0.0001 | R16: 0.0001 | S16: 0.0001 | Z16: FT1 | AA16: RTD2885PDM_FT1_TA01 | AC16: V07 | AD16: 2864 | AE16: 2854 | AF16: 0.9965 | AG16: FW_M8(4ea,0.14%) | AH16: DDR_single_RW_D4(4ea,0.14%) | AI16: ETN_TX_FT0(2ea,0.07%)
B17: FT1 | C17: RTD2874MDA_TA01 | E17: V03 | F17: Total IC | G17: 8004 | H17: 8004 | I17: Test item | J17: DDR4_2G_3000_SS_single_RW_FT | K17: FW_other | L17: scpu_bist_all_1p2_HV | M17: DDR4_2G_3000_SS_FRC_ZQp5p | N17: PowerShort | O17: all_bisr_drf | P17: Wire_Bond_Leak | Q17: FW_MULTI_CORE_TEST | R17: USB2_FT_OTG | S17: FW_VE | Z17: FT2 | AA17: RTD2885PDM | AC17: V04 | AD17: 14771 | AE17: 14768 | AF17: 0.9998 | AG17: OS(2ea,0.01%) | AH17: IDDQ(1ea,0.01%)
F18: Throughput | G18: 7966 | H18: 7966 | I18: q'ty | J18: 13 | K18: 8 | L18: 5 | M18: 4 | N18: 2 | O18: 2 | P18: 1 | Q18: 1 | R18: 1 | S18: 1 | Z18: FT2 | AA18: RTD2886NSP_SC_FT2_TA01 | AC18: V04 | AD18: 7677 | AE18: 7662 | AF18: 0.998 | AG18: USB2_Disconnect_trim(15ea,0.20%)
F19: Yield | G19: 0.9953 | H19: 0.9953 | I19: % | J19: 0.0016 | K19: 0.001 | L19: 0.0006 | M19: 0.0005 | N19: 0.0002 | O19: 0.0002 | P19: 0.0001 | Q19: 0.0001 | R19: 0.0001 | S19: 0.0001 | Y19: RL6748 Merlin7 | Z19: CP | AA19: RL6748 | AC19: V25 | AD19: 261525 | AE19: 226627 | AF19: 0.8666 | AG19: cp_mode0_saf_0to90_comp_C(9195ea,3.52%) | AH19: all_bist_mp_scpu_all_bist_1106_CLK144_GPU_ETN_HV(6838ea,2.61%) | AI19: cp_mode2_saf_0to90_comp_C_slow(5841ea,2.23%) | AJ19: cp_mode1_saf_0to90_comp_C(4295ea,1.64%) | AK19: cp_mode0_2_sdd_se0_a75_lp14_dsu_lp28_cat_cs1013_comp_LV(916ea,0.35%) | AL19: IDD(906ea,0.35%) | AM19: cp_mode0_0_tdf_lp8_cat_comp_C_LV(845ea,0.32%) | AN19: PowerShort(820ea,0.31%) | AO19: cp_mode0_tdf_se0_l3mcp_ttr_cov70_comp_HV(808ea,0.31%) | AP19: cp_mode2_tdf_lp6_cov70_comp_disp700_hdmi700_HV_slow(424ea,0.16%)
A20: RL6963 Mac8q | B20: CP | C20: RL6963 | E20: V07 | F20: Total IC | G20: 91488 | H20: 91488 | I20: Test item | J20: cp_mode1_saf_comp_B | K20: cp_mode0_saf_comp | L20: cp_mode2_saf_comp_B | M20: all_bist_m_0217_p1_BIST_LDOoff_OC700_HV | N20: IDD | O20: os | P20: PowerShort | Q20: cp_mode1_tdf_cov70_comp_HV | R20: GPIO_01_GPOH | S20: all_bist_m_0217_p2_GPU_BIST_LDOoff_HV | Z20: CP | AA20: RL6748 | AC20: V25 | AD20: 70329 | AE20: 62093 | AF20: 0.8829 | AG20: cp_mode0_saf_0to90_comp_C(2153ea,3.06%) | AH20: all_bist_mp_scpu_all_bist_1106_CLK144_GPU_ETN_HV(1703ea,2.42%) | AI20: cp_mode2_saf_0to90_comp_C_slow(1383ea,1.97%) | AJ20: cp_mode1_saf_0to90_comp_C(1049ea,1.49%) | AK20: IDD(280ea,0.40%) | AL20: PowerShort(168ea,0.24%) | AM20: cp_mode1_0_tdf_dtv126m_comp_LV(167ea,0.24%) | AN20: cp_mode0_tdf_se0_l3mcp_ttr_cov70_comp_HV(136ea,0.19%) | AO20: cp_mode0_2_sdd_se0_a75_lp14_dsu_lp28_cat_cs1013_comp_LV(116ea,0.16%) | AP20: cp_mode0_0_tdf_lp8_cat_comp_C_LV(107ea,0.15%)
F21: Throughput | G21: 82894 | H21: 82894 | I21: q'ty | J21: 2346 | K21: 1251 | L21: 1055 | M21: 951 | N21: 396 | O21: 291 | P21: 249 | Q21: 234 | R21: 181 | S21: 132 | Z21: FT1 | AA21: RTD2881PSP_SDY_TA01 | AC21: V03 | AD21: 825 | AE21: 824 | AF21: 0.9988 | AG21: HDMI21_12G_144hz(1ea,0.12%)
F22: Yield | G22: 0.9061 | H22: 0.9061 | I22: % | J22: 0.0256 | K22: 0.0137 | L22: 0.0115 | M22: 0.0104 | N22: 0.0043 | O22: 0.0032 | P22: 0.0027 | Q22: 0.0026 | R22: 0.002 | S22: 0.0014 | Z22: FT1 | AA22: RTD2885NCH_WC_TA01 | AC22: V22 | AD22: 2200 | AE22: 2160 | AF22: 0.9818 | AG22: FW_MD_Domain(33ea,1.50%) | AH22: FW_other(7ea,0.32%)
B23: FT1 | C23: RTD2864FLV_TA01 | E23: V10 | F23: Total IC | G23: 76334 | H23: 76334 | I23: Test item | J23: FW_other | K23: FW_HDMI_4K60 | L23: D4_2666M_FRC_4K60_uhd_LB_FT | M23: all_bist_m_0217_p1_BIST_LDOon_HV | N23: os | O23: power_short | P23: all_bist_m_0217_p1_BIST_LDOon_LV | Q23: FW_Multi_core_test_1 | R23: PIF_LVDS_FT | S23: FW_HDMI_480P | Z23: FT1 | AA23: RTD2875PSP_SC_TA01 | AC23: V12 | AD23: 210966 | AE23: 210576 | AF23: 0.9982 | AG23: FW_other(157ea,0.07%) | AH23: OS_500uA(50ea,0.02%) | AI23: Read_IDDQ_New(45ea,0.02%) | AJ23: HDMI20_6G_VB(34ea,0.02%) | AK23: FW_MTEST(18ea,0.01%) | AL23: HDMI20_1p5G(14ea,0.01%) | AM23: Power_Short(10ea,0.00%) | AN23: BB_FT01(9ea,0.00%) | AO23: FW_VDE(7ea,0.00%) | AP23: FW_ETN(5ea,0.00%)
F24: Throughput | G24: 76078 | H24: 76078 | I24: q'ty | J24: 88 | K24: 50 | L24: 25 | M24: 24 | N24: 22 | O24: 5 | P24: 4 | Q24: 4 | R24: 4 | S24: 3 | Y24: RL6641 Mac7p | Z24: CP | AA24: RL6641 | AC24: V16 | AD24: 1493 | AE24: 1352 | AF24: 0.9056 | AG24: cp_saf_mode2_comp_30_dummy_pattern_s2(29ea,1.94%) | AH24: cp_saf_mode6_comp_tmax2_B_cut_s2(22ea,1.47%) | AI24: all_bist_etn_HV(21ea,1.41%) | AJ24: cp_saf_mode0_comp_tmax2_B_cut_s2(14ea,0.94%) | AK24: cp_saf_mode1_comp_tmax2_B_cut_s2(9ea,0.60%) | AL24: PowerShort(8ea,0.54%) | AM24: cp_tdf_mode0_comp_MCP2_V05ECN_DFTts69M_cc_LV(5ea,0.33%) | AN24: IDD(5ea,0.33%) | AO24: cp_tdf_mode6_comp_lp6_MCP2_30_dummy_pattern_LV_s2(4ea,0.27%) | AP24: GPIO_01_GPOH(2ea,0.13%)
F25: Yield | G25: 0.9966 | H25: 0.9966 | I25: % | J25: 0.0012 | K25: 0.0007 | L25: 0.0003 | M25: 0.0003 | N25: 0.0003 | O25: 0.0001 | P25: 0.0001 | Q25: 0.0001 | R25: 0.0001 | S25: 0 | Z25: FT1 | AA25: RTD2841ACS_PS_TA01 | AC25: V26 | AD25: 1270 | AE25: 1265 | AF25: 0.9961 | AG25: HDMI_6G(2ea,0.16%) | AH25: FW_VE (1ea,0.08%) | AI25: FW_other(1ea,0.08%) | AJ25: DDR4_FRC_1p5G_8G4G(1ea,0.08%)
B26: FT1 | C26: RTD2851FCA_TA01 | E26: V10 | F26: Total IC | G26: 10315 | H26: 10315 | I26: Test item | J26: FW_other | K26: D4_2666M_FRC_4K60_uhd_LB_FT | L26: FW_HDMI_4K60 | M26: os | N26: all_bist_m_0217_p1_BIST_LDOon_LV | O26: all_bist_m_0217_p1_BIST_LDOon_HV | P26: all_bist_m_0217_p5_scpu_bist_LDOon_HV | Q26: FW_Multi_core_test_1 | R26: FW_VE_Encode | S26: FW_MD_Domain | Z26: FT1 | AA26: RTD2841ACM_PS_TA01 | AC26: V26 | AD26: 35003 | AE26: 34851 | AF26: 0.9957 | AG26: PowerShort(31ea,0.09%) | AH26: FW_other(31ea,0.09%) | AI26: HDMI_6G(23ea,0.07%) | AJ26: FW_VE (17ea,0.05%) | AK26: DDR4_FRC_1G_8G(12ea,0.03%) | AL26: os_DDR4_8G1G(11ea,0.03%) | AM26: FW_ACPU (7ea,0.02%) | AN26: ETN_TX_FT0(4ea,0.01%) | AO26: USB_Squelch_0X8(4ea,0.01%) | AP26: FW_VE_Encode (3ea,0.01%)
F27: Throughput | G27: 10275 | H27: 10275 | I27: q'ty | J27: 9 | K27: 9 | L27: 7 | M27: 4 | N27: 2 | O27: 2 | P27: 2 | Q27: 1 | R27: 1 | S27: 1 | Z27: FT1 | AA27: RTD2841ASM_PS_TA01 | AC27: V26 | AD27: 22535 | AE27: 22435 | AF27: 0.9956 | AG27: DDR4_FRC_1G_8G(28ea,0.12%) | AH27: FW_VE (17ea,0.08%) | AI27: HDMI_6G(11ea,0.05%) | AJ27: FW_other(9ea,0.04%) | AK27: FW_ACPU (9ea,0.04%) | AL27: FW_MD_DOMAIN (4ea,0.02%) | AM27: os_DDR4_8G1G(3ea,0.01%) | AN27: HDMI_250M(2ea,0.01%) | AO27: YPP03(2ea,0.01%) | AP27: chip_id(2ea,0.01%)
F28: Yield | G28: 0.9961 | H28: 0.9961 | I28: % | J28: 0.0009 | K28: 0.0009 | L28: 0.0007 | M28: 0.0004 | N28: 0.0002 | O28: 0.0002 | P28: 0.0002 | Q28: 0.0001 | R28: 0.0001 | S28: 0.0001 | Z28: FT1 | AA28: RTD2841ASS_PS_TA01 | AC28: V26 | AD28: 37679 | AE28: 37455 | AF28: 0.9941 | AG28: DDR4_FRC_1p5G_8G4G(74ea,0.20%) | AH28: HDMI_6G(51ea,0.14%) | AI28: Thermal_sensor(25ea,0.07%) | AJ28: FW_VE (19ea,0.05%) | AK28: FW_other(13ea,0.03%) | AL28: FW_ACPU (12ea,0.03%) | AM28: YPP03(6ea,0.02%) | AN28: chip_id(6ea,0.02%) | AO28: PowerShort(4ea,0.01%) | AP28: FW_MD_DOMAIN (3ea,0.01%)
B29: FT2 | C29: RTD2841FLW_TA01 | E29: V02 | F29: Total IC | G29: 43427 | H29: 43427 | I29: Test item | J29: USB2_Swing | K29: Wire_bond_leak
F30: Throughput | G30: 43422 | H30: 43422 | I30: q'ty | J30: 3 | K30: 2
F31: Yield | G31: 0.9999 | H31: 0.9999 | I31: % | J31: 0.0001 | K31: 0
A32: RL6896 Dante | B32: FT1 | C32: AXD2801VPF | E32: V08 | F32: Total IC | G32: 10262 | H32: 10262 | I32: Test item | J32: HDMI2p1_12g_TX_check_Done_Result | K32: DDR3_FRC_CA_n6PI | L32: HDMI2p0_6G_RX | N32: DDR3_MD | O32: DDR3_MD_n4 | P32: HDMI2p1_6G_TX_check_Done_Result | Q32: DDR3_FRC_corner1
F33: Throughput | G33: 10226 | H33: 10226 | I33: q'ty | J33: 24 | K33: 4 | L33: 3 | M33: 1 | N33: 1 | O33: 1 | P33: 1 | Q33: 1
F34: Yield | G34: 0.9965 | H34: 0.9965 | I34: % | J34: 0.0023 | K34: 0.0004 | L34: 0.0003 | M34: 0.0001 | N34: 0.0001 | O34: 0.0001 | P34: 0.0001 | Q34: 0.0001
A35: RL6856 Merlin8 | B35: CP | C35: RL6856 | E35: V11 | F35: Total IC | G35: 53392 | H35: 53392 | I35: Test item | J35: cp_mode2_saf_comp_24ns | K35: all_bist_mp_gpu_HV | L35: cp_mode3_saf_comp_VT | M35: cp_mode1_saf_comp | N35: cp_mode0_saf_comp | O35: all_bist_mp_gpu_LV | P35: IDD | Q35: cp_mode1_sdd_maskL2D_hv_cov0to92_comp_HV | R35: os | S35: cp_mode2_0_tdf_c6_comp_HV
F36: Throughput | G36: 45952 | H36: 45952 | I36: q'ty | J36: 1495 | K36: 1263 | L36: 1138 | M36: 569 | N36: 524 | O36: 365 | P36: 258 | Q36: 198 | R36: 195 | S36: 158
F37: Yield | G37: 0.8607 | H37: 0.8607 | I37: % | J37: 0.028 | K37: 0.0237 | L37: 0.0213 | M37: 0.0107 | N37: 0.0098 | O37: 0.0068 | P37: 0.0048 | Q37: 0.0037 | R37: 0.0037 | S37: 0.003
B38: FT1 | C38: RTD2886NSS_SC_FT1_TA01 | E38: V09 | F38: Total IC | G38: 39576 | H38: 39576 | I38: Test item | J38: FW_other | K38: HDMI_12G_ALL_Port | L38: OS_500uA | M38: set-error-bin | N38: Thermal_IDD_comp_4K | O38: ddr_single_rw | P38: VDC01_SNR_FT01 | Q38: Power_Short | R38: PIF_PP_FT_tt | S38: IFD_FT02_SNR
F39: Throughput | G39: 39466 | H39: 39466 | I39: q'ty | J39: 80 | K39: 4 | L39: 4 | M39: 4 | N39: 3 | O39: 3 | P39: 3 | Q39: 2 | R39: 2 | S39: 1
F40: Yield | G40: 0.9972 | H40: 0.9972 | I40: % | J40: 0.002 | K40: 0.0001 | L40: 0.0001 | M40: 0.0001 | N40: 0.0001 | O40: 0.0001 | P40: 0.0001 | Q40: 0.0001 | R40: 0.0001 | S40: 0
B41: FT1 | C41: RTD2818AWA_SC_FT1_TA01 | E41: V09 | F41: Total IC | G41: 1910 | H41: 1910 | I41: Test item | J41: OS_500uA
F42: Throughput | G42: 1909 | H42: 1909 | I42: q'ty | J42: 1
F43: Yield | G43: 0.9995 | H43: 0.9995 | I43: % | J43: 0.0005
B44: FT1 | C44: RTD2885PDM_FT1_TA01 | E44: V07 | F44: Total IC | G44: 2864 | H44: 2864 | I44: Test item | J44: FW_M8 | K44: DDR_single_RW_D4 | L44: ETN_TX_FT0
F45: Throughput | G45: 2854 | H45: 2854 | I45: q'ty | J45: 4 | K45: 4 | L45: 2
F46: Yield | G46: 0.9965 | H46: 0.9965 | I46: % | J46: 0.0014 | K46: 0.0014 | L46: 0.0007
B47: FT2 | C47: RTD2885PDM | E47: V04 | F47: Total IC | G47: 14771 | H47: 14771 | I47: Test item | J47: OS | K47: IDDQ
F48: Throughput | G48: 14768 | H48: 14768 | I48: q'ty | J48: 2 | K48: 1
F49: Yield | G49: 0.9998 | H49: 0.9998 | I49: % | J49: 0.0001 | K49: 0.0001
B50: FT2 | C50: RTD2886NSP_SC_FT2_TA01 | E50: V04 | F50: Total IC | G50: 7677 | H50: 7677 | I50: Test item | J50: USB2_Disconnect_trim
F51: Throughput | G51: 7662 | H51: 7662 | I51: q'ty | J51: 15
F52: Yield | G52: 0.998 | H52: 0.998 | I52: % | J52: 0.002
A53: RL6748 Merlin7 | B53: CP | C53: RL6748 | E53: V25 | F53: Total IC | G53: 261525 | H53: 261525 | I53: Test item | J53: cp_mode0_saf_0to90_comp_C | K53: all_bist_mp_scpu_all_bist_1106_CLK144_GPU_ETN_HV | L53: cp_mode2_saf_0to90_comp_C_slow | M53: cp_mode1_saf_0to90_comp_C | N53: cp_mode0_2_sdd_se0_a75_lp14_dsu_lp28_cat_cs1013_comp_LV | O53: IDD | P53: cp_mode0_0_tdf_lp8_cat_comp_C_LV | Q53: PowerShort | R53: cp_mode0_tdf_se0_l3mcp_ttr_cov70_comp_HV | S53: cp_mode2_tdf_lp6_cov70_comp_disp700_hdmi700_HV_slow
F54: Throughput | G54: 226627 | H54: 226627 | I54: q'ty | J54: 9195 | K54: 6838 | L54: 5841 | M54: 4295 | N54: 916 | O54: 906 | P54: 845 | Q54: 820 | R54: 808 | S54: 424
F55: Yield | G55: 0.8666 | H55: 0.8666 | I55: % | J55: 0.0352 | K55: 0.0261 | L55: 0.0223 | M55: 0.0164 | N55: 0.0035 | O55: 0.0035 | P55: 0.0032 | Q55: 0.0031 | R55: 0.0031 | S55: 0.0016
B56: CP | C56: RL6748 | E56: V25 | F56: Total IC | G56: 70329 | H56: 70329 | I56: Test item | J56: cp_mode0_saf_0to90_comp_C | K56: all_bist_mp_scpu_all_bist_1106_CLK144_GPU_ETN_HV | L56: cp_mode2_saf_0to90_comp_C_slow | M56: cp_mode1_saf_0to90_comp_C | N56: IDD | O56: PowerShort | P56: cp_mode1_0_tdf_dtv126m_comp_LV | Q56: cp_mode0_tdf_se0_l3mcp_ttr_cov70_comp_HV | R56: cp_mode0_2_sdd_se0_a75_lp14_dsu_lp28_cat_cs1013_comp_LV | S56: cp_mode0_0_tdf_lp8_cat_comp_C_LV
F57: Throughput | G57: 62093 | H57: 62093 | I57: q'ty | J57: 2153 | K57: 1703 | L57: 1383 | M57: 1049 | N57: 280 | O57: 168 | P57: 167 | Q57: 136 | R57: 116 | S57: 107
F58: Yield | G58: 0.8829 | H58: 0.8829 | I58: % | J58: 0.0306 | K58: 0.0242 | L58: 0.0197 | M58: 0.0149 | N58: 0.004 | O58: 0.0024 | P58: 0.0024 | Q58: 0.0019 | R58: 0.0016 | S58: 0.0015
B59: FT1 | C59: RTD2881PSP_SDY_TA01 | E59: V03 | F59: Total IC | G59: 825 | H59: 825 | I59: Test item | J59: HDMI21_12G_144hz
F60: Throughput | G60: 824 | H60: 824 | I60: q'ty | J60: 1
F61: Yield | G61: 0.9988 | H61: 0.9988 | I61: % | J61: 0.0012
B62: FT1 | C62: RTD2885NCH_WC_TA01 | E62: V22 | F62: Total IC | G62: 2200 | H62: 2200 | I62: Test item | J62: FW_MD_Domain | K62: FW_other
F63: Throughput | G63: 2160 | H63: 2160 | I63: q'ty | J63: 33 | K63: 7
F64: Yield | G64: 0.9818 | H64: 0.9818 | I64: % | J64: 0.015 | K64: 0.0032
B65: FT1 | C65: RTD2875PSP_SC_TA01 | E65: V12 | F65: Total IC | G65: 210966 | H65: 210966 | I65: Test item | J65: FW_other | K65: OS_500uA | L65: Read_IDDQ_New | M65: HDMI20_6G_VB | N65: FW_MTEST | O65: HDMI20_1p5G | P65: Power_Short | Q65: BB_FT01 | R65: FW_VDE | S65: FW_ETN
F66: Throughput | G66: 210576 | H66: 210576 | I66: q'ty | J66: 157 | K66: 50 | L66: 45 | M66: 34 | N66: 18 | O66: 14 | P66: 10 | Q66: 9 | R66: 7 | S66: 5
F67: Yield | G67: 0.9982 | H67: 0.9982 | I67: % | J67: 0.0007 | K67: 0.0002 | L67: 0.0002 | M67: 0.0002 | N67: 0.0001 | O67: 0.0001 | P67: 0 | Q67: 0 | R67: 0 | S67: 0
A68: RL6641 Mac7p | B68: CP | C68: RL6641 | E68: V16 | F68: Total IC | G68: 1493 | H68: 1493 | I68: Test item | J68: cp_saf_mode2_comp_30_dummy_pattern_s2 | K68: cp_saf_mode6_comp_tmax2_B_cut_s2 | L68: all_bist_etn_HV | M68: cp_saf_mode0_comp_tmax2_B_cut_s2 | N68: cp_saf_mode1_comp_tmax2_B_cut_s2 | O68: PowerShort | P68: cp_tdf_mode0_comp_MCP2_V05ECN_DFTts69M_cc_LV | Q68: IDD | R68: cp_tdf_mode6_comp_lp6_MCP2_30_dummy_pattern_LV_s2 | S68: GPIO_01_GPOH
F69: Throughput | G69: 1352 | H69: 1352 | I69: q'ty | J69: 29 | K69: 22 | L69: 21 | M69: 14 | N69: 9 | O69: 8 | P69: 5 | Q69: 5 | R69: 4 | S69: 2
F70: Yield | G70: 0.9056 | H70: 0.9056 | I70: % | J70: 0.0194 | K70: 0.0147 | L70: 0.0141 | M70: 0.0094 | N70: 0.006 | O70: 0.0054 | P70: 0.0033 | Q70: 0.0033 | R70: 0.0027 | S70: 0.0013
B71: FT1 | C71: RTD2841ACS_PS_TA01 | E71: V26 | F71: Total IC | G71: 1270 | H71: 1270 | I71: Test item | J71: HDMI_6G | K71: FW_VE | L71: FW_other | M71: DDR4_FRC_1p5G_8G4G
F72: Throughput | G72: 1265 | H72: 1265 | I72: q'ty | J72: 2 | K72: 1 | L72: 1 | M72: 1
F73: Yield | G73: 0.9961 | H73: 0.9961 | I73: % | J73: 0.0016 | K73: 0.0008 | L73: 0.0008 | M73: 0.0008
B74: FT1 | C74: RTD2841ACM_PS_TA01 | E74: V26 | F74: Total IC | G74: 35003 | H74: 35003 | I74: Test item | J74: PowerShort | K74: FW_other | L74: HDMI_6G | M74: FW_VE | N74: DDR4_FRC_1G_8G | O74: os_DDR4_8G1G | P74: FW_ACPU | Q74: ETN_TX_FT0 | R74: USB_Squelch_0X8 | S74: FW_VE_Encode
F75: Throughput | G75: 34851 | H75: 34851 | I75: q'ty | J75: 31 | K75: 31 | L75: 23 | M75: 17 | N75: 12 | O75: 11 | P75: 7 | Q75: 4 | R75: 4 | S75: 3
F76: Yield | G76: 0.9957 | H76: 0.9957 | I76: % | J76: 0.0009 | K76: 0.0009 | L76: 0.0007 | M76: 0.0005 | N76: 0.0003 | O76: 0.0003 | P76: 0.0002 | Q76: 0.0001 | R76: 0.0001 | S76: 0.0001
B77: FT1 | C77: RTD2841ASM_PS_TA01 | E77: V26 | F77: Total IC | G77: 22535 | H77: 22535 | I77: Test item | J77: DDR4_FRC_1G_8G | K77: FW_VE | L77: HDMI_6G | M77: FW_other | N77: FW_ACPU | O77: FW_MD_DOMAIN | P77: os_DDR4_8G1G | Q77: HDMI_250M | R77: YPP03 | S77: chip_id
F78: Throughput | G78: 22435 | H78: 22435 | I78: q'ty | J78: 28 | K78: 17 | L78: 11 | M78: 9 | N78: 9 | O78: 4 | P78: 3 | Q78: 2 | R78: 2 | S78: 2
F79: Yield | G79: 0.9956 | H79: 0.9956 | I79: % | J79: 0.0012 | K79: 0.0008 | L79: 0.0005 | M79: 0.0004 | N79: 0.0004 | O79: 0.0002 | P79: 0.0001 | Q79: 0.0001 | R79: 0.0001 | S79: 0.0001
B80: FT1 | C80: RTD2841ASS_PS_TA01 | E80: V26 | F80: Total IC | G80: 37679 | H80: 37679 | I80: Test item | J80: DDR4_FRC_1p5G_8G4G | K80: HDMI_6G | L80: Thermal_sensor | M80: FW_VE | N80: FW_other | O80: FW_ACPU | P80: YPP03 | Q80: chip_id | R80: PowerShort | S80: FW_MD_DOMAIN
F81: Throughput | G81: 37455 | H81: 37455 | I81: q'ty | J81: 74 | K81: 51 | L81: 25 | M81: 19 | N81: 13 | O81: 12 | P81: 6 | Q81: 6 | R81: 4 | S81: 3
F82: Yield | G82: 0.9941 | H82: 0.9941 | I82: % | J82: 0.002 | K82: 0.0014 | L82: 0.0007 | M82: 0.0005 | N82: 0.0003 | O82: 0.0003 | P82: 0.0002 | Q82: 0.0002 | R82: 0.0001 | S82: 0.0001

Sheet RL7032_TA01_V01_summary_raw_da
A1: 1 | B1: PASS BIN | C1: 41506 | D1: 0.8098 | N1: Project | O1: RL7032 | P1: RL7032 | Q1: RL7032 | R1: RL7032 | S1: RL7032 | T1: RL7032 | U1: RL7032 | V1: RL7032 | W1: RL7032 | X1: RL7032 | Y1: RL7032 | Z1: RL7032 | AA1: RL7032 | AB1: RL7032 | AC1: RL7032 | AD1: RL7032 | AE1: RL7032 | AF1: RL7032 | AG1: RL7032 | AH1: RL7032 | AI1: RL7032 | AJ1: RL7032 | AK1: RL7032 | AL1: RL7032 | AM1: RL7032 | AN1: RL7032 | AO1: RL7032 | AP1: RL7032 | AQ1: RL7032 | AR1: RL7032 | AS1: RL7032 | AT1: RL7032 | AU1: RL7032 | AV1: RL7032 | AW1: RL7032 | AX1: RL7032 | AY1: RL7032 | AZ1: RL7032 | BA1: RL7032 | BB1: RL7032 | BC1: RL7032 | BD1: RL7032 | BE1: RL7032 | BF1: RL7032 | BG1: RL7032 | BH1: RL7032 | BI1: RL7032 | BJ1: RL7032 | BK1: RL7032
A2: Top_all | B2: BIN1 | C2: 41506 | D2: 0.8098 | N2: Product | O2: RL7032 | P2: RL7032 | Q2: RL7032 | R2: RL7032 | S2: RL7032 | T2: RL7032 | U2: RL7032 | V2: RL7032 | W2: RL7032 | X2: RL7032 | Y2: RL7032 | Z2: RL7032 | AA2: RL7032 | AB2: RL7032 | AC2: RL7032 | AD2: RL7032 | AE2: RL7032 | AF2: RL7032 | AG2: RL7032 | AH2: RL7032 | AI2: RL7032 | AJ2: RL7032 | AK2: RL7032 | AL2: RL7032 | AM2: RL7032 | AN2: RL7032 | AO2: RL7032 | AP2: RL7032 | AQ2: RL7032 | AR2: RL7032 | AS2: RL7032 | AT2: RL7032 | AU2: RL7032 | AV2: RL7032 | AW2: RL7032 | AX2: RL7032 | AY2: RL7032 | AZ2: RL7032 | BA2: RL7032 | BB2: RL7032 | BC2: RL7032 | BD2: RL7032 | BE2: RL7032 | BF2: RL7032 | BG2: RL7032 | BH2: RL7032 | BI2: RL7032 | BJ2: RL7032 | BK2: RL7032
B3: IDD | C3: 142 | D3: 0.0028 | N3: Short Lot ID | O3: PAFP5 | P3: PAFP5 | Q3: PAFP5 | R3: PAFP5 | S3: PAFP5 | T3: PAFP5 | U3: PAFP5 | V3: PAFP5 | W3: PAFP5 | X3: PAFP5 | Y3: PAEU7 | Z3: PACZ2 | AA3: PAFP5 | AB3: PAFP5 | AC3: PAFP5 | AD3: PAFP5 | AE3: PAEU7 | AF3: PAEU7 | AG3: PAEU7 | AH3: PAFP5 | AI3: PACZ2 | AJ3: PAEU7 | AK3: PAFP5 | AL3: PACZ2 | AM3: PAFP5 | AN3: PAEU7 | AO3: PAEU7 | AP3: PAFP5 | AQ3: PAFP5 | AR3: PAEU7 | AS3: PAFP5 | AT3: PAEU7 | AU3: PAEU7 | AV3: PAEU7 | AW3: PAEU7 | AX3: PACZ2 | AY3: PAEU7 | AZ3: PAEU7 | BA3: PAEU7 | BB3: PAEU7 | BC3: PAEU7 | BD3: PAEU7 | BE3: PAEU7 | BF3: PACZ2 | BG3: PAEU7 | BH3: PAEU7 | BI3: PAEU7 | BJ3: PAEU7 | BK3: PAEU7
B4: OS | C4: 1136 | D4: 0.0222 | N4: Lot ID | O4: PAFP5 | P4: PAFP5 | Q4: PAFP5 | R4: PAFP5 | S4: PAFP5 | T4: PAFP5 | U4: PAFP5 | V4: PAFP5 | W4: PAFP5 | X4: PAFP5 | Y4: PAEU7 | Z4: PACZ2 | AA4: PAFP5 | AB4: PAFP5 | AC4: PAFP5 | AD4: PAFP5 | AE4: PAEU7 | AF4: PAEU7 | AG4: PAEU7 | AH4: PAFP5 | AI4: PACZ2 | AJ4: PAEU7 | AK4: PAFP5 | AL4: PACZ2 | AM4: PAFP5 | AN4: PAEU7 | AO4: PAEU7 | AP4: PAFP5 | AQ4: PAFP5 | AR4: PAEU7 | AS4: PAFP5 | AT4: PAEU7 | AU4: PAEU7 | AV4: PAEU7 | AW4: PAEU7 | AX4: PACZ2 | AY4: PAEU7 | AZ4: PAEU7 | BA4: PAEU7 | BB4: PAEU7 | BC4: PAEU7 | BD4: PAEU7 | BE4: PAEU7 | BF4: PACZ2 | BG4: PAEU7 | BH4: PAEU7 | BI4: PAEU7 | BJ4: PAEU7 | BK4: PAEU7
B5: OTP | C5: 38 | D5: 0.0007 | N5: Wafer ID | O5: PELR18-01E1 | P5: PELR18-02D4 | Q5: PELR18-08H1 | R5: PELR18-18C1 | S5: PELR18-04C2 | T5: PELR18-10H1 | U5: PELR18-05B5 | V5: PELR18-07A3 | W5: PELR18-03C7 | X5: PELR18-09G4 | Y5: PEMY80-18C4 | Z5: PELR05-16F4 | AA5: PELR18-19B4 | AB5: PELR18-06B0 | AC5: PELR18-20C1 | AD5: PELR18-15E0 | AE5: PEMY80-13F5 | AF5: PEMY80-24A0 | AG5: PEMY80-03D2 | AH5: PELR18-14E5 | AI5: PELR05-18E2 | AJ5: PEMY80-10A1 | AK5: PELR18-11G4 | AL5: PELR05-17E7 | AM5: PELR18-12F7 | AN5: PEMY80-15E3 | AO5: PEMY80-23A5 | AP5: PELR18-16D3 | AQ5: PELR18-13F2 | AR5: PEMY80-22B2 | AS5: PELR18-17C6 | AT5: PEMY80-21B7 | AU5: PEMY80-12G2 | AV5: PEMY80-11G7 | AW5: PEMY80-17D1 | AX5: PELR05-14G6 | AY5: PEMY80-25G6 | AZ5: PEMY80-06B3 | BA5: PEMY80-16D6 | BB5: PEMY80-07A6 | BC5: PEMY80-14F0 | BD5: PEMY80-19B7 | BE5: PEMY80-04C5 | BF5: PELR05-15G1 | BG5: PEMY80-05C0 | BH5: PEMY80-20C4 | BI5: PEMY80-08A1 | BJ5: PEMY80-09G7 | BK5: PEMY80-02D7
B6: SD | C6: 16 | D6: 0.0003 | N6: Wafer NO. | O6: 1 | P6: 2 | Q6: 8 | R6: 18 | S6: 4 | T6: 10 | U6: 5 | V6: 7 | W6: 3 | X6: 9 | Y6: 18 | Z6: 16 | AA6: 19 | AB6: 6 | AC6: 20 | AD6: 15 | AE6: 13 | AF6: 24 | AG6: 3 | AH6: 14 | AI6: 18 | AJ6: 10 | AK6: 11 | AL6: 17 | AM6: 12 | AN6: 15 | AO6: 23 | AP6: 16 | AQ6: 13 | AR6: 22 | AS6: 17 | AT6: 21 | AU6: 12 | AV6: 11 | AW6: 17 | AX6: 14 | AY6: 25 | AZ6: 6 | BA6: 16 | BB6: 7 | BC6: 14 | BD6: 19 | BE6: 4 | BF6: 15 | BG6: 5 | BH6: 20 | BI6: 8 | BJ6: 9 | BK6: 2
B7: OC | C7: 1424 | D7: 0.0278 | N7: Re-Test | O7: 1 | P7: 1 | Q7: 1 | R7: 1 | S7: 1 | T7: 1 | U7: 1 | V7: 1 | W7: 1 | X7: 1 | Y7: 1 | Z7: 2 | AA7: 1 | AB7: 1 | AC7: 1 | AD7: 1 | AE7: 1 | AF7: 1 | AG7: 1 | AH7: 1 | AI7: 2 | AJ7: 1 | AK7: 1 | AL7: 2 | AM7: 1 | AN7: 1 | AO7: 1 | AP7: 1 | AQ7: 1 | AR7: 1 | AS7: 1 | AT7: 1 | AU7: 1 | AV7: 1 | AW7: 1 | AX7: 2 | AY7: 1 | AZ7: 1 | BA7: 1 | BB7: 1 | BC7: 1 | BD7: 1 | BE7: 2 | BF7: 2 | BG7: 1 | BH7: 1 | BI7: 1 | BJ7: 1 | BK7: 1
B8: DIC | C8: 45 | D8: 0.0009 | N8: ProbeCard | O8: JP10647 | P8: JP10647 | Q8: JP10647 | R8: JP10647 | S8: JP10647 | T8: JP10647 | U8: JP10647 | V8: JP10647 | W8: JP10647 | X8: JP10647 | Y8: JP10646 | Z8: JP10646 | AA8: JP10647 | AB8: JP10647 | AC8: JP10647 | AD8: JP10647 | AE8: JP10646 | AF8: JP10646 | AG8: JP10646 | AH8: JP10647 | AI8: JP10646 | AJ8: JP10646 | AK8: JP10647 | AL8: JP10646 | AM8: JP10647 | AN8: JP10646 | AO8: JP10646 | AP8: JP10647 | AQ8: JP10647 | AR8: JP10646 | AS8: JP10647 | AT8: JP10646 | AU8: JP10646 | AV8: JP10646 | AW8: JP10646 | AX8: JP10646 | AY8: JP10646 | AZ8: JP10646 | BA8: JP10646 | BB8: JP10646 | BC8: JP10646 | BD8: JP10646 | BE8: JP10646 | BF8: JP10646 | BG8: JP10646 | BH8: JP10646 | BI8: JP10646 | BJ8: JP10646 | BK8: JP10646
B9: BIST | C9: 1972 | D9: 0.0385 | N9: Yield | O9: 0.7151 | P9: 0.7208 | Q9: 0.7514 | R9: 0.7533 | S9: 0.762 | T9: 0.7686 | U9: 0.7734 | V9: 0.7801 | W9: 0.7849 | X9: 0.7849 | Y9: 0.7859 | Z9: 0.7897 | AA9: 0.7964 | AB9: 0.7992 | AC9: 0.8011 | AD9: 0.8021 | AE9: 0.8031 | AF9: 0.8031 | AG9: 0.8069 | AH9: 0.8078 | AI9: 0.8078 | AJ9: 0.8078 | AK9: 0.8088 | AL9: 0.8098 | AM9: 0.8098 | AN9: 0.8117 | AO9: 0.8126 | AP9: 0.8126 | AQ9: 0.8136 | AR9: 0.8145 | AS9: 0.8145 | AT9: 0.8174 | AU9: 0.8203 | AV9: 0.8203 | AW9: 0.8212 | AX9: 0.826 | AY9: 0.8365 | AZ9: 0.8375 | BA9: 0.8384 | BB9: 0.8403 | BC9: 0.8413 | BD9: 0.8432 | BE9: 0.8509 | BF9: 0.8566 | BG9: 0.8566 | BH9: 0.8576 | BI9: 0.8585 | BJ9: 0.8681 | BK9: 0.8767
B10: SCAN | C10: 4936 | D10: 0.0963 | N10: CP | O10: CP1 | P10: CP1 | Q10: CP1 | R10: CP1 | S10: CP1 | T10: CP1 | U10: CP1 | V10: CP1 | W10: CP1 | X10: CP1 | Y10: CP1 | Z10: CP1 | AA10: CP1 | AB10: CP1 | AC10: CP1 | AD10: CP1 | AE10: CP1 | AF10: CP1 | AG10: CP1 | AH10: CP1 | AI10: CP1 | AJ10: CP1 | AK10: CP1 | AL10: CP1 | AM10: CP1 | AN10: CP1 | AO10: CP1 | AP10: CP1 | AQ10: CP1 | AR10: CP1 | AS10: CP1 | AT10: CP1 | AU10: CP1 | AV10: CP1 | AW10: CP1 | AX10: CP1 | AY10: CP1 | AZ10: CP1 | BA10: CP1 | BB10: CP1 | BC10: CP1 | BD10: CP1 | BE10: CP1 | BF10: CP1 | BG10: CP1 | BH10: CP1 | BI10: CP1 | BJ10: CP1 | BK10: CP1
B11: OTHER | C11: 35 | D11: 0.0007 | N11: Starttime | O11: 2025-10-28 03:04:45 | P11: 2025-10-28 09:55:33 | Q11: 2025-10-30 07:46:35 | R11: 2025-11-01 23:57:42 | S11: 2025-10-29 04:35:10 | T11: 2025-10-30 20:19:43 | U11: 2025-10-29 12:01:12 | V11: 2025-10-30 01:22:13 | W11: 2025-10-28 16:32:19 | X11: 2025-10-30 13:55:34 | Y11: 2025-10-31 14:42:37 | Z11: 2025-10-31 09:30:39 | AA11: 2025-11-02 06:29:52 | AB11: 2025-10-29 18:22:41 | AC11: 2025-11-02 12:30:47 | AD11: 2025-11-01 04:53:14 | AE11: 2025-10-29 17:41:48 | AF11: 2025-11-02 03:23:58 | AG11: 2025-10-27 01:08:01 | AH11: 2025-10-31 22:10:31 | AI11: 2025-10-31 12:37:26 | AJ11: 2025-10-28 22:34:05 | AK11: 2025-10-31 03:06:00 | AL11: 2025-10-31 11:10:25 | AM11: 2025-10-31 09:17:12 | AN11: 2025-10-30 14:04:51 | AO11: 2025-11-01 21:25:52 | AP11: 2025-11-01 11:39:05 | AQ11: 2025-10-31 16:07:30 | AR11: 2025-11-01 15:30:13 | AS11: 2025-11-01 17:59:14 | AT11: 2025-11-01 08:48:44 | AU11: 2025-10-29 11:56:09 | AV11: 2025-10-29 05:11:49 | AW11: 2025-10-31 02:11:11 | AX11: 2025-10-30 05:59:52 | AY11: 2025-11-02 09:29:59 | AZ11: 2025-10-27 21:20:35 | BA11: 2025-10-30 20:10:48 | BB11: 2025-10-28 03:20:10 | BC11: 2025-10-30 08:02:51 | BD11: 2025-10-31 20:58:45 | BE11: 2025-11-02 15:39:12 | BF11: 2025-10-31 08:12:00 | BG11: 2025-10-27 15:20:26 | BH11: 2025-11-01 02:54:43 | BI11: 2025-10-28 10:00:08 | BJ11: 2025-10-28 16:28:12 | BK11: 2025-10-26 19:11:09
B12: POR | C12: 4 | D12: 0.0001 | N12: Endtime | O12: 2025-10-28 09:47:44 | P12: 2025-10-28 16:29:21 | Q12: 2025-10-30 13:43:55 | R12: 2025-11-02 06:03:19 | S12: 2025-10-29 11:57:44 | T12: 2025-10-31 02:57:46 | U12: 2025-10-29 17:57:33 | V12: 2025-10-30 07:36:36 | W12: 2025-10-29 04:19:38 | X12: 2025-10-30 19:57:03 | Y12: 2025-10-31 20:56:30 | Z12: 2025-10-31 11:08:11 | AA12: 2025-11-02 12:19:02 | AB12: 2025-10-30 00:41:41 | AC12: 2025-11-02 18:32:47 | AD12: 2025-11-01 11:11:43 | AE12: 2025-10-29 23:25:23 | AF12: 2025-11-02 09:26:39 | AG12: 2025-10-27 06:44:52 | AH12: 2025-11-01 04:01:36 | AI12: 2025-10-31 14:25:55 | AJ12: 2025-10-29 04:20:37 | AK12: 2025-10-31 09:00:45 | AL12: 2025-10-31 12:35:13 | AM12: 2025-10-31 15:40:16 | AN12: 2025-10-30 20:08:34 | AO12: 2025-11-02 03:21:44 | AP12: 2025-11-01 17:39:57 | AQ12: 2025-10-31 21:57:33 | AR12: 2025-11-01 21:23:38 | AS12: 2025-11-01 23:54:31 | AT12: 2025-11-01 14:28:23 | AU12: 2025-10-29 17:39:34 | AV12: 2025-10-29 11:53:55 | AW12: 2025-10-31 07:58:43 | AX12: 2025-10-30 07:33:58 | AY12: 2025-11-02 15:25:41 | AZ12: 2025-10-28 03:08:00 | BA12: 2025-10-31 02:08:57 | BB12: 2025-10-28 09:53:22 | BC12: 2025-10-30 14:02:37 | BD12: 2025-11-01 02:50:14 | BE12: 2025-11-02 16:42:17 | BF12: 2025-10-31 09:24:47 | BG12: 2025-10-27 21:18:22 | BH12: 2025-11-01 08:46:04 | BI12: 2025-10-28 16:23:02 | BJ12: 2025-10-28 22:30:01 | BK12: 2025-10-27 01:05:46
A13: 1 | B13: PASS BIN | C13: 41506 | D13: 0.8098 | E13: PASS BIN | N13: Week | O13: 202544 | P13: 202544 | Q13: 202544 | R13: 202544 | S13: 202544 | T13: 202544 | U13: 202544 | V13: 202544 | W13: 202544 | X13: 202544 | Y13: 202544 | Z13: 202544 | AA13: 202544 | AB13: 202544 | AC13: 202544 | AD13: 202544 | AE13: 202544 | AF13: 202544 | AG13: 202544 | AH13: 202544 | AI13: 202544 | AJ13: 202544 | AK13: 202544 | AL13: 202544 | AM13: 202544 | AN13: 202544 | AO13: 202544 | AP13: 202544 | AQ13: 202544 | AR13: 202544 | AS13: 202544 | AT13: 202544 | AU13: 202544 | AV13: 202544 | AW13: 202544 | AX13: 202544 | AY13: 202544 | AZ13: 202544 | BA13: 202544 | BB13: 202544 | BC13: 202544 | BD13: 202544 | BE13: 202544 | BF13: 202544 | BG13: 202544 | BH13: 202544 | BI13: 202544 | BJ13: 202544 | BK13: 202544
B14: BIN1 | C14: 41506 | D14: 0.8098 | E14: PASS BIN | N14: Month | O14: 2025-10 | P14: 2025-10 | Q14: 2025-10 | R14: 2025-11 | S14: 2025-10 | T14: 2025-10 | U14: 2025-10 | V14: 2025-10 | W14: 2025-10 | X14: 2025-10 | Y14: 2025-10 | Z14: 2025-10 | AA14: 2025-11 | AB14: 2025-10 | AC14: 2025-11 | AD14: 2025-11 | AE14: 2025-10 | AF14: 2025-11 | AG14: 2025-10 | AH14: 2025-11 | AI14: 2025-10 | AJ14: 2025-10 | AK14: 2025-10 | AL14: 2025-10 | AM14: 2025-10 | AN14: 2025-10 | AO14: 2025-11 | AP14: 2025-11 | AQ14: 2025-10 | AR14: 2025-11 | AS14: 2025-11 | AT14: 2025-11 | AU14: 2025-10 | AV14: 2025-10 | AW14: 2025-10 | AX14: 2025-10 | AY14: 2025-11 | AZ14: 2025-10 | BA14: 2025-10 | BB14: 2025-10 | BC14: 2025-10 | BD14: 2025-11 | BE14: 2025-11 | BF14: 2025-10 | BG14: 2025-10 | BH14: 2025-11 | BI14: 2025-10 | BJ14: 2025-10 | BK14: 2025-10
B15: IDD | C15: 142 | D15: 0.0028 | E15: IDD | N15: Program | O15: RL7032_TA01 | P15: RL7032_TA01 | Q15: RL7032_TA01 | R15: RL7032_TA01 | S15: RL7032_TA01 | T15: RL7032_TA01 | U15: RL7032_TA01 | V15: RL7032_TA01 | W15: RL7032_TA01 | X15: RL7032_TA01 | Y15: RL7032_TA01 | Z15: RL7032_TA01 | AA15: RL7032_TA01 | AB15: RL7032_TA01 | AC15: RL7032_TA01 | AD15: RL7032_TA01 | AE15: RL7032_TA01 | AF15: RL7032_TA01 | AG15: RL7032_TA01 | AH15: RL7032_TA01 | AI15: RL7032_TA01 | AJ15: RL7032_TA01 | AK15: RL7032_TA01 | AL15: RL7032_TA01 | AM15: RL7032_TA01 | AN15: RL7032_TA01 | AO15: RL7032_TA01 | AP15: RL7032_TA01 | AQ15: RL7032_TA01 | AR15: RL7032_TA01 | AS15: RL7032_TA01 | AT15: RL7032_TA01 | AU15: RL7032_TA01 | AV15: RL7032_TA01 | AW15: RL7032_TA01 | AX15: RL7032_TA01 | AY15: RL7032_TA01 | AZ15: RL7032_TA01 | BA15: RL7032_TA01 | BB15: RL7032_TA01 | BC15: RL7032_TA01 | BD15: RL7032_TA01 | BE15: RL7032_TA01 | BF15: RL7032_TA01 | BG15: RL7032_TA01 | BH15: RL7032_TA01 | BI15: RL7032_TA01 | BJ15: RL7032_TA01 | BK15: RL7032_TA01
B16: OS | C16: 1136 | D16: 0.0222 | E16: OS | N16: Version(ECN) | O16: RL7032_TA01_V01 | P16: RL7032_TA01_V01 | Q16: RL7032_TA01_V01 | R16: RL7032_TA01_V01 | S16: RL7032_TA01_V01 | T16: RL7032_TA01_V01 | U16: RL7032_TA01_V01 | V16: RL7032_TA01_V01 | W16: RL7032_TA01_V01 | X16: RL7032_TA01_V01 | Y16: RL7032_TA01_V01 | Z16: RL7032_TA01_V01 | AA16: RL7032_TA01_V01 | AB16: RL7032_TA01_V01 | AC16: RL7032_TA01_V01 | AD16: RL7032_TA01_V01 | AE16: RL7032_TA01_V01 | AF16: RL7032_TA01_V01 | AG16: RL7032_TA01_V01 | AH16: RL7032_TA01_V01 | AI16: RL7032_TA01_V01 | AJ16: RL7032_TA01_V01 | AK16: RL7032_TA01_V01 | AL16: RL7032_TA01_V01 | AM16: RL7032_TA01_V01 | AN16: RL7032_TA01_V01 | AO16: RL7032_TA01_V01 | AP16: RL7032_TA01_V01 | AQ16: RL7032_TA01_V01 | AR16: RL7032_TA01_V01 | AS16: RL7032_TA01_V01 | AT16: RL7032_TA01_V01 | AU16: RL7032_TA01_V01 | AV16: RL7032_TA01_V01 | AW16: RL7032_TA01_V01 | AX16: RL7032_TA01_V01 | AY16: RL7032_TA01_V01 | AZ16: RL7032_TA01_V01 | BA16: RL7032_TA01_V01 | BB16: RL7032_TA01_V01 | BC16: RL7032_TA01_V01 | BD16: RL7032_TA01_V01 | BE16: RL7032_TA01_V01 | BF16: RL7032_TA01_V01 | BG16: RL7032_TA01_V01 | BH16: RL7032_TA01_V01 | BI16: RL7032_TA01_V01 | BJ16: RL7032_TA01_V01 | BK16: RL7032_TA01_V01
B17: OTP | C17: 38 | D17: 0.0007 | E17: OTP | N17: Pass Die | O17: 748 | P17: 754 | Q17: 786 | R17: 788 | S17: 797 | T17: 804 | U17: 809 | V17: 816 | W17: 821 | X17: 821 | Y17: 822 | Z17: 826 | AA17: 833 | AB17: 836 | AC17: 838 | AD17: 839 | AE17: 840 | AF17: 840 | AG17: 844 | AH17: 845 | AI17: 845 | AJ17: 845 | AK17: 846 | AL17: 847 | AM17: 847 | AN17: 849 | AO17: 850 | AP17: 850 | AQ17: 851 | AR17: 852 | AS17: 852 | AT17: 855 | AU17: 858 | AV17: 858 | AW17: 859 | AX17: 864 | AY17: 875 | AZ17: 876 | BA17: 877 | BB17: 879 | BC17: 880 | BD17: 882 | BE17: 890 | BF17: 896 | BG17: 896 | BH17: 897 | BI17: 898 | BJ17: 908 | BK17: 917
B18: HDMI | C18: 2 | D18: 0 | E18: SD | N18: Total Die | O18: 1046 | P18: 1046 | Q18: 1046 | R18: 1046 | S18: 1046 | T18: 1046 | U18: 1046 | V18: 1046 | W18: 1046 | X18: 1046 | Y18: 1046 | Z18: 1046 | AA18: 1046 | AB18: 1046 | AC18: 1046 | AD18: 1046 | AE18: 1046 | AF18: 1046 | AG18: 1046 | AH18: 1046 | AI18: 1046 | AJ18: 1046 | AK18: 1046 | AL18: 1046 | AM18: 1046 | AN18: 1046 | AO18: 1046 | AP18: 1046 | AQ18: 1046 | AR18: 1046 | AS18: 1046 | AT18: 1046 | AU18: 1046 | AV18: 1046 | AW18: 1046 | AX18: 1046 | AY18: 1046 | AZ18: 1046 | BA18: 1046 | BB18: 1046 | BC18: 1046 | BD18: 1046 | BE18: 1046 | BF18: 1046 | BG18: 1046 | BH18: 1046 | BI18: 1046 | BJ18: 1046 | BK18: 1046
B19: PLL | C19: 1 | D19: 0 | E19: SD | I19: PASS BIN | M19: 0.81684748 | N19: 1.633695 | O19: 0.71510516 | P19: 0.7208413 | Q19: 0.75143403 | R19: 0.75334608 | S19: 0.76195029 | T19: 0.76864245 | U19: 0.77342256 | V19: 0.78011472 | W19: 0.78489484 | X19: 0.78489484 | Y19: 0.78585086 | Z19: 0.78967495 | AA19: 0.79636711 | AB19: 0.79923518 | AC19: 0.80114723 | AD19: 0.80210325 | AE19: 0.80305927 | AF19: 0.80305927 | AG19: 0.80688337 | AH19: 0.80783939 | AI19: 0.80783939 | AJ19: 0.80783939 | AK19: 0.80879541 | AL19: 0.80975143 | AM19: 0.80975143 | AN19: 0.81166348 | AO19: 0.8126195 | AP19: 0.8126195 | AQ19: 0.81357553 | AR19: 0.81453155 | AS19: 0.81453155 | AT19: 0.81739962 | AU19: 0.82026769 | AV19: 0.82026769 | AW19: 0.82122371 | AX19: 0.82600382 | AY19: 0.83652008 | AZ19: 0.8374761 | BA19: 0.83843212 | BB19: 0.84034417 | BC19: 0.84130019 | BD19: 0.84321224 | BE19: 0.85086042 | BF19: 0.85659656 | BG19: 0.85659656 | BH19: 0.85755258 | BI19: 0.8585086 | BJ19: 0.86806883 | BK19: 0.87667304
B20: VDC | C20: 0 | D20: 0 | E20: SD | I20: IDD | M20: 0.00229738 | N20: 0.00459476 | O20: 0 | P20: 0.00478011 | Q20: 0.00095602 | R20: 0 | S20: 0.00286807 | T20: 0.00382409 | U20: 0.00286807 | V20: 0.00286807 | W20: 0.00478011 | X20: 0.00191205 | Y20: 0.00286807 | Z20: 0.00478011 | AA20: 0 | AB20: 0.00095602 | AC20: 0.00286807 | AD20: 0.00095602 | AE20: 0.00191205 | AF20: 0.00478011 | AG20: 0.00478011 | AH20: 0.00382409 | AI20: 0.00095602 | AJ20: 0.00286807 | AK20: 0.00286807 | AL20: 0.00095602 | AM20: 0.00191205 | AN20: 0.00382409 | AO20: 0.00478011 | AP20: 0.00286807 | AQ20: 0.00095602 | AR20: 0.00095602 | AS20: 0.00095602 | AT20: 0.00286807 | AU20: 0.00382409 | AV20: 0.00478011 | AW20: 0.00573614 | AX20: 0.00191205 | AY20: 0.00191205 | AZ20: 0.00286807 | BA20: 0.00191205 | BB20: 0.00286807 | BC20: 0.00573614 | BD20: 0.00382409 | BE20: 0.00191205 | BF20: 0 | BG20: 0.00764818 | BH20: 0.00478011 | BI20: 0.00095602 | BJ20: 0.00191205 | BK20: 0.00382409
B21: USB | C21: 0 | D21: 0 | E21: SD | I21: OS | M21: 0.01670283 | N21: 0.03340566 | O21: 0.01625239 | P21: 0.00478011 | Q21: 0.02581262 | R21: 0.03919694 | S21: 0.03537285 | T21: 0.02868069 | U21: 0.02581262 | V21: 0.01912046 | W21: 0.0210325 | X21: 0.05066922 | Y21: 0.00956023 | Z21: 0.00573614 | AA21: 0.05927342 | AB21: 0.03154876 | AC21: 0.03154876 | AD21: 0.02007648 | AE21: 0.02868069 | AF21: 0.01147228 | AG21: 0.02390057 | AH21: 0.03537285 | AI21: 0.00669216 | AJ21: 0.02772467 | AK21: 0.0248566 | AL21: 0.01051625 | AM21: 0.01912046 | AN21: 0.01434034 | AO21: 0.01625239 | AP21: 0.03250478 | AQ21: 0.02007648 | AR21: 0.01720841 | AS21: 0.03728489 | AT21: 0.0248566 | AU21: 0.02772467 | AV21: 0.01720841 | AW21: 0.03154876 | AX21: 0.01147228 | AY21: 0.01816444 | AZ21: 0.02390057 | BA21: 0.00956023 | BB21: 0.01912046 | BC21: 0.00382409 | BD21: 0.03154876 | BE21: 0.02676864 | BF21: 0.00956023 | BG21: 0.00860421 | BH21: 0.01912046 | BI21: 0.01816444 | BJ21: 0.0210325 | BK21: 0.01338432
B22: ADC | C22: 0 | D22: 0 | E22: SD | I22: OTP | M22: 0.000485 | N22: 0.00097 | O22: 0 | P22: 0 | Q22: 0 | R22: 0 | S22: 0 | T22: 0 | U22: 0 | V22: 0 | W22: 0 | X22: 0.00095602 | Y22: 0 | Z22: 0 | AA22: 0 | AB22: 0 | AC22: 0.00191205 | AD22: 0 | AE22: 0 | AF22: 0.00095602 | AG22: 0.00191205 | AH22: 0 | AI22: 0 | AJ22: 0.00095602 | AK22: 0 | AL22: 0 | AM22: 0 | AN22: 0 | AO22: 0 | AP22: 0 | AQ22: 0.00095602 | AR22: 0.00286807 | AS22: 0 | AT22: 0.00382409 | AU22: 0 | AV22: 0.00095602 | AW22: 0.00478011 | AX22: 0 | AY22: 0 | AZ22: 0.00095602 | BA22: 0 | BB22: 0.00095602 | BC22: 0 | BD22: 0.00191205 | BE22: 0.00095602 | BF22: 0 | BG22: 0.00095602 | BH22: 0 | BI22: 0.00286807 | BJ22: 0.00573614 | BK22: 0.00191205
B23: PIF | C23: 0 | D23: 0 | E23: SD | I23: HDMI | M23: 0.00034035 | N23: 0.0006807 | O23: 0 | P23: 0 | Q23: 0 | R23: 0 | S23: 0 | T23: 0 | U23: 0 | V23: 0 | W23: 0 | X23: 0 | Y23: 0 | Z23: 0 | AA23: 0 | AB23: 0 | AC23: 0 | AD23: 0 | AE23: 0 | AF23: 0.00095602 | AG23: 0 | AH23: 0 | AI23: 0 | AJ23: 0 | AK23: 0 | AL23: 0 | AM23: 0 | AN23: 0 | AO23: 0 | AP23: 0 | AQ23: 0 | AR23: 0 | AS23: 0 | AT23: 0 | AU23: 0 | AV23: 0.00095602 | AW23: 0 | AX23: 0 | AY23: 0 | AZ23: 0 | BA23: 0 | BB23: 0 | BC23: 0 | BD23: 0 | BE23: 0 | BF23: 0 | BG23: 0 | BH23: 0 | BI23: 0 | BJ23: 0 | BK23: 0
B24: TCON | C24: 0 | D24: 0 | E24: SD | I24: PLL | M24: 0.00057009 | N24: 0.00114018 | O24: 0 | P24: 0 | Q24: 0 | R24: 0 | S24: 0 | T24: 0 | U24: 0 | V24: 0 | W24: 0 | X24: 0 | Y24: 0 | Z24: 0 | AA24: 0 | AB24: 0 | AC24: 0 | AD24: 0 | AE24: 0 | AF24: 0 | AG24: 0 | AH24: 0 | AI24: 0 | AJ24: 0 | AK24: 0 | AL24: 0 | AM24: 0 | AN24: 0 | AO24: 0 | AP24: 0 | AQ24: 0 | AR24: 0 | AS24: 0 | AT24: 0 | AU24: 0 | AV24: 0 | AW24: 0 | AX24: 0.00095602 | AY24: 0 | AZ24: 0 | BA24: 0 | BB24: 0 | BC24: 0 | BD24: 0 | BE24: 0 | BF24: 0 | BG24: 0 | BH24: 0 | BI24: 0 | BJ24: 0 | BK24: 0
B25: LDO | C25: 0 | D25: 0 | E25: SD | I25: VDC | M25: 0.00326739 | N25: 0.00653478 | O25: 0 | P25: 0 | Q25: 0 | R25: 0 | S25: 0 | T25: 0 | U25: 0 | V25: 0 | W25: 0 | X25: 0 | Y25: 0 | Z25: 0 | AA25: 0 | AB25: 0 | AC25: 0 | AD25: 0 | AE25: 0 | AF25: 0 | AG25: 0 | AH25: 0 | AI25: 0 | AJ25: 0 | AK25: 0 | AL25: 0 | AM25: 0 | AN25: 0 | AO25: 0 | AP25: 0 | AQ25: 0 | AR25: 0 | AS25: 0 | AT25: 0 | AU25: 0 | AV25: 0 | AW25: 0 | AX25: 0 | AY25: 0 | AZ25: 0 | BA25: 0 | BB25: 0 | BC25: 0 | BD25: 0 | BE25: 0 | BF25: 0 | BG25: 0 | BH25: 0 | BI25: 0 | BJ25: 0 | BK25: 0
B26: SARADC | C26: 0 | D26: 0 | E26: SD | I26: USB | M26: 3.404e-05 | N26: 6.808e-05 | O26: 0 | P26: 0 | Q26: 0 | R26: 0 | S26: 0 | T26: 0 | U26: 0 | V26: 0 | W26: 0 | X26: 0 | Y26: 0 | Z26: 0 | AA26: 0 | AB26: 0 | AC26: 0 | AD26: 0 | AE26: 0 | AF26: 0 | AG26: 0 | AH26: 0 | AI26: 0 | AJ26: 0 | AK26: 0 | AL26: 0 | AM26: 0 | AN26: 0 | AO26: 0 | AP26: 0 | AQ26: 0 | AR26: 0 | AS26: 0 | AT26: 0 | AU26: 0 | AV26: 0 | AW26: 0 | AX26: 0 | AY26: 0 | AZ26: 0 | BA26: 0 | BB26: 0 | BC26: 0 | BD26: 0 | BE26: 0 | BF26: 0 | BG26: 0 | BH26: 0 | BI26: 0 | BJ26: 0 | BK26: 0
B27: SD_OTHER | C27: 6 | D27: 0.0001 | E27: SD | I27: ADC | M27: 8.51e-06 | N27: 1.702e-05 | O27: 0 | P27: 0 | Q27: 0 | R27: 0 | S27: 0 | T27: 0 | U27: 0 | V27: 0 | W27: 0 | X27: 0 | Y27: 0 | Z27: 0 | AA27: 0 | AB27: 0 | AC27: 0 | AD27: 0 | AE27: 0 | AF27: 0 | AG27: 0 | AH27: 0 | AI27: 0 | AJ27: 0 | AK27: 0 | AL27: 0 | AM27: 0 | AN27: 0 | AO27: 0 | AP27: 0 | AQ27: 0 | AR27: 0 | AS27: 0 | AT27: 0 | AU27: 0 | AV27: 0 | AW27: 0 | AX27: 0 | AY27: 0 | AZ27: 0 | BA27: 0 | BB27: 0 | BC27: 0 | BD27: 0 | BE27: 0 | BF27: 0 | BG27: 0 | BH27: 0 | BI27: 0 | BJ27: 0 | BK27: 0
B28: GPIO | C28: 2 | D28: 0 | E28: SD | I28: PIF | M28: 0.00025526 | N28: 0.00051052 | O28: 0 | P28: 0 | Q28: 0 | R28: 0 | S28: 0 | T28: 0 | U28: 0 | V28: 0 | W28: 0 | X28: 0 | Y28: 0 | Z28: 0 | AA28: 0 | AB28: 0 | AC28: 0 | AD28: 0 | AE28: 0 | AF28: 0 | AG28: 0 | AH28: 0 | AI28: 0 | AJ28: 0 | AK28: 0 | AL28: 0 | AM28: 0 | AN28: 0 | AO28: 0 | AP28: 0 | AQ28: 0 | AR28: 0 | AS28: 0 | AT28: 0 | AU28: 0 | AV28: 0 | AW28: 0 | AX28: 0 | AY28: 0 | AZ28: 0 | BA28: 0 | BB28: 0 | BC28: 0 | BD28: 0 | BE28: 0 | BF28: 0 | BG28: 0 | BH28: 0 | BI28: 0 | BJ28: 0 | BK28: 0
B29: ETN | C29: 0 | D29: 0 | E29: SD | I29: TCON | M29: 8.51e-06 | N29: 1.702e-05 | O29: 0 | P29: 0 | Q29: 0 | R29: 0 | S29: 0 | T29: 0 | U29: 0 | V29: 0 | W29: 0 | X29: 0 | Y29: 0 | Z29: 0 | AA29: 0 | AB29: 0 | AC29: 0 | AD29: 0 | AE29: 0 | AF29: 0 | AG29: 0 | AH29: 0 | AI29: 0 | AJ29: 0 | AK29: 0 | AL29: 0 | AM29: 0 | AN29: 0 | AO29: 0 | AP29: 0 | AQ29: 0 | AR29: 0 | AS29: 0 | AT29: 0 | AU29: 0 | AV29: 0 | AW29: 0 | AX29: 0 | AY29: 0 | AZ29: 0 | BA29: 0 | BB29: 0 | BC29: 0 | BD29: 0 | BE29: 0 | BF29: 0 | BG29: 0 | BH29: 0 | BI29: 0 | BJ29: 0 | BK29: 0
B30: EARC | C30: 2 | D30: 0 | E30: SD | I30: LDO | M30: 2.553e-05 | N30: 5.106e-05 | O30: 0 | P30: 0 | Q30: 0 | R30: 0 | S30: 0 | T30: 0 | U30: 0 | V30: 0 | W30: 0 | X30: 0 | Y30: 0 | Z30: 0 | AA30: 0 | AB30: 0 | AC30: 0 | AD30: 0 | AE30: 0 | AF30: 0 | AG30: 0 | AH30: 0 | AI30: 0 | AJ30: 0 | AK30: 0 | AL30: 0 | AM30: 0 | AN30: 0 | AO30: 0 | AP30: 0 | AQ30: 0 | AR30: 0 | AS30: 0 | AT30: 0 | AU30: 0 | AV30: 0 | AW30: 0 | AX30: 0 | AY30: 0 | AZ30: 0 | BA30: 0 | BB30: 0 | BC30: 0 | BD30: 0 | BE30: 0 | BF30: 0 | BG30: 0 | BH30: 0 | BI30: 0 | BJ30: 0 | BK30: 0
... B44: POR | C44: 4 | D44: 0.0001 | E44: POR | I44: SAF | M44: 0.07342268 | N44: 0.14684536 | O44: 0.07361377 | P44: 0.0793499 | Q44: 0.05927342 | R44: 0.05066922 | S44: 0.0793499 | T44: 0.06022945 | U44: 0.08413002 | V44: 0.07839388 | W44: 0.06692161 | X44: 0.07552581 | Y44: 0.09273423 | Z44: 0.07170172 | AA44: 0.06500956 | AB44: 0.05066922 | AC44: 0.06214149 | AD44: 0.06787763 | AE44: 0.08699809 | AF44: 0.06596558 | AG44: 0.08030593 | AH44: 0.06118547 | AI44: 0.05258126 | AJ44: 0.0707457 | AK44: 0.0707457 | AL44: 0.06978967 | AM44: 0.06405354 | AN44: 0.0707457 | AO44: 0.06978967 | AP44: 0.07648184 | AQ44: 0.08126195 | AR44: 0.06978967 | AS44: 0.07170172 | AT44: 0.08604207 | AU44: 0.06692161 | AV44: 0.08030593 | AW44: 0.05736138 | AX44: 0.07265774 | AY44: 0.08126195 | AZ44: 0.06596558 | BA44: 0.06692161 | BB44: 0.0707457 | BC44: 0.06692161 | BD44: 0.05353728 | BE44: 0.05353728 | BF44: 0.05449331 | BG44: 0.05353728 | BH44: 0.06405354 | BI44: 0.06787763 | BJ44: 0.04875717 | BK44: 0.06500956
I45: SDD_LV | M45: 0.00325888 | N45: 0.00651776 | O45: 0.00478011 | P45: 0.00191205 | Q45: 0.00382409 | R45: 0.00191205 | S45: 0.00286807 | T45: 0 | U45: 0.00382409 | V45: 0.00095602 | W45: 0.00573614 | X45: 0.00478011 | Y45: 0.00286807 | Z45: 0.00382409 | AA45: 0.00573614 | AB45: 0.00382409 | AC45: 0.00286807 | AD45: 0.00191205 | AE45: 0.00478011 | AF45: 0.00382409 | AG45: 0.00191205 | AH45: 0.00382409 | AI45: 0.00286807 | AJ45: 0.00669216 | AK45: 0.00286807 | AL45: 0.00095602 | AM45: 0.00286807 | AN45: 0.00573614 | AO45: 0.00286807 | AP45: 0.00095602 | AQ45: 0.00095602 | AR45: 0.00764818 | AS45: 0.00191205 | AT45: 0.00286807 | AU45: 0.00956023 | AV45: 0.00478011 | AW45: 0.00669216 | AX45: 0.00095602 | AY45: 0.00095602 | AZ45: 0.00286807 | BA45: 0.00478011 | BB45: 0.00286807 | BC45: 0.00382409 | BD45: 0.00573614 | BE45: 0.00860421 | BF45: 0.00286807 | BG45: 0.00860421 | BH45: 0.00669216 | BI45: 0.00095602 | BJ45: 0.00573614 | BK45: 0.00095602
I46: TDF_HV | M46: 0.01131674 | N46: 0.02263348 | O46: 0.02772467 | P46: 0.01051625 | Q46: 0.02390057 | R46: 0.01816444 | S46: 0.01338432 | T46: 0.01625239 | U46: 0.02198853 | V46: 0.01147228 | W46: 0.00956023 | X46: 0.01338432 | Y46: 0.01051625 | Z46: 0.02198853 | AA46: 0.01338432 | AB46: 0.01147228 | AC46: 0.02198853 | AD46: 0.01912046 | AE46: 0.01338432 | AF46: 0.00860421 | AG46: 0.01529637 | AH46: 0.0124283 | AI46: 0.01338432 | AJ46: 0.02007648 | AK46: 0.0124283 | AL46: 0.00956023 | AM46: 0.01434034 | AN46: 0.00764818 | AO46: 0.00956023 | AP46: 0.01434034 | AQ46: 0.00956023 | AR46: 0.01051625 | AS46: 0.01720841 | AT46: 0.01147228 | AU46: 0.01720841 | AV46: 0.0210325 | AW46: 0.00956023 | AX46: 0.00860421 | AY46: 0.00860421 | AZ46: 0.01147228 | BA46: 0.00286807 | BB46: 0.01147228 | BC46: 0.00573614 | BD46: 0.00956023 | BE46: 0.01338432 | BF46: 0.00478011 | BG46: 0.01625239 | BH46: 0.00764818 | BI46: 0.00669216 | BJ46: 0.01051625 | BK46: 0.00860421
I47: BF | M47: 0.00493512 | N47: 0.00987024 | O47: 0.02581262 | P47: 0.0458891 | Q47: 0.03250478 | R47: 0.01912046 | S47: 0.0124283 | T47: 0.03059273 | U47: 0.01720841 | V47: 0.04015296 | W47: 0.0210325 | X47: 0.00956023 | Y47: 0.00191205 | Z47: 0.00191205 | AA47: 0.00573614 | AB47: 0.01816444 | AC47: 0.00669216 | AD47: 0.00956023 | AE47: 0.00095602 | AF47: 0 | AG47: 0.00095602 | AH47: 0.01338432 | AI47: 0 | AJ47: 0.00286807 | AK47: 0.01434034 | AL47: 0.00095602 | AM47: 0.00478011 | AN47: 0.00095602 | AO47: 0.00095602 | AP47: 0.00095602 | AQ47: 0.02294455 | AR47: 0.00095602 | AS47: 0.01338432 | AT47: 0.00095602 | AU47: 0.00286807 | AV47: 0 | AW47: 0.00191205 | AX47: 0 | AY47: 0 | AZ47: 0.00095602 | BA47: 0 | BB47: 0.00095602 | BC47: 0.00095602 | BD47: 0.00191205 | BE47: 0 | BF47: 0 | BG47: 0.00095602 | BH47: 0.00095602 | BI47: 0.00095602 | BJ47: 0.00095602 | BK47: 0.00095602
I48: OTHER | M48: 0.00075729 | N48: 0.00151458 | O48: 0.00095602 | P48: 0.00095602 | Q48: 0 | R48: 0.00095602 | S48: 0 | T48: 0.00095602 | U48: 0.00191205 | V48: 0 | W48: 0 | X48: 0.00095602 | Y48: 0 | Z48: 0.00095602 | AA48: 0.00095602 | AB48: 0 | AC48: 0.00191205 | AD48: 0 | AE48: 0.00095602 | AF48: 0.00095602 | AG48: 0.00095602 | AH48: 0.00095602 | AI48: 0.00191205 | AJ48: 0.00191205 | AK48: 0 | AL48: 0.00095602 | AM48: 0.00095602 | AN48: 0.00095602 | AO48: 0 | AP48: 0 | AQ48: 0.00191205 | AR48: 0.00191205 | AS48: 0 | AT48: 0 | AU48: 0 | AV48: 0.00095602 | AW48: 0 | AX48: 0.00095602 | AY48: 0 | AZ48: 0.00095602 | BA48: 0 | BB48: 0 | BC48: 0.00191205 | BD48: 0 | BE48: 0 | BF48: 0 | BG48: 0.00095602 | BH48: 0.00286807 | BI48: 0 | BJ48: 0 | BK48: 0
I49: POR | M49: 0.00016167 | N49: 0.00032334 | O49: 0 | P49: 0 | Q49: 0 | R49: 0 | S49: 0 | T49: 0 | U49: 0.00095602 | V49: 0 | W49: 0 | X49: 0 | Y49: 0 | Z49: 0 | AA49: 0 | AB49: 0 | AC49: 0 | AD49: 0 | AE49: 0.00095602 | AF49: 0 | AG49: 0 | AH49: 0 | AI49: 0 | AJ49: 0 | AK49: 0 | AL49: 0 | AM49: 0 | AN49: 0 | AO49: 0 | AP49: 0 | AQ49: 0 | AR49: 0 | AS49: 0 | AT49: 0 | AU49: 0 | AV49: 0 | AW49: 0 | AX49: 0 | AY49: 0.00095602 | AZ49: 0 | BA49: 0 | BB49: 0 | BC49: 0 | BD49: 0 | BE49: 0 | BF49: 0 | BG49: 0 | BH49: 0 | BI49: 0 | BJ49: 0.00095602 | BK49: 0
A50: 2025-10-27-2025-11-02 | J50: 49
A51: Order | B51: Item | C51: Bin | D51: Test program | E51: Test voltage | F51: Fail Type | G51: Fail Type | H51: q'ty | I51: % | J51: >10% | K51: >avg*2 | L51: Max | M51: Avg % | N51: Highlight %
A52: TOP | B52: PASS BIN | D52: PASS BIN | F52: PASS BIN | G52: PASS BIN | H52: 41506 | I52: 0.8098 | M52: 0.81684748 | N52: wafer_count=113 | O52: 0.71510516 | P52: 0.7208413 | Q52: 0.75143403 | R52: 0.75334608 | S52: 0.76195029 | T52: 0.76864245 | U52: 0.77342256 | V52: 0.78011472 | W52: 0.78489484 | X52: 0.78489484 | Y52: 0.78585086 | Z52: 0.78967495 | AA52: 0.79636711 | AB52: 0.79923518 | AC52: 0.80114723 | AD52: 0.80210325 | AE52: 0.80305927 | AF52: 0.80305927 | AG52: 0.80688337 | AH52: 0.80783939 | AI52: 0.80783939 | AJ52: 0.80783939 | AK52: 0.80879541 | AL52: 0.80975143 | AM52: 0.80975143 | AN52: 0.81166348 | AO52: 0.8126195 | AP52: 0.8126195 | AQ52: 0.81357553 | AR52: 0.81453155 | AS52: 0.81453155 | AT52: 0.81739962 | AU52: 0.82026769 | AV52: 0.82026769 | AW52: 0.82122371 | AX52: 0.82600382 | AY52: 0.83652008 | AZ52: 0.8374761 | BA52: 0.83843212 | BB52: 0.84034417 | BC52: 0.84130019 | BD52: 0.84321224 | BE52: 0.85086042 | BF52: 0.85659656 | BG52: 0.85659656 | BH52: 0.85755258 | BI52: 0.8585086 | BJ52: 0.86806883 | BK52: 0.87667304
A53: TOP | B53: PASS BIN | C53: 1 | D53: PASS BIN | F53: PASS BIN | G53: PASS BIN | H53: 41506 | I53: 0.80980997 | J53: 49 | K53: 0 | L53: 0.87667304 | M53: 0.81684748 | N53: 1.633695 | O53: 0.71510516 | P53: 0.7208413 | Q53: 0.75143403 | R53: 0.75334608 | S53: 0.76195029 | T53: 0.76864245 | U53: 0.77342256 | V53: 0.78011472 | W53: 0.78489484 | X53: 0.78489484 | Y53: 0.78585086 | Z53: 0.78967495 | AA53: 0.79636711 | AB53: 0.79923518 | AC53: 0.80114723 | AD53: 0.80210325 | AE53: 0.80305927 | AF53: 0.80305927 | AG53: 0.80688337 | AH53: 0.80783939 | AI53: 0.80783939 | AJ53: 0.80783939 | AK53: 0.80879541 | AL53: 0.80975143 | AM53: 0.80975143 | AN53: 0.81166348 | AO53: 0.8126195 | AP53: 0.8126195 | AQ53: 0.81357553 | AR53: 0.81453155 | AS53: 0.81453155 | AT53: 0.81739962 | AU53: 0.82026769 | AV53: 0.82026769 | AW53: 0.82122371 | AX53: 0.82600382 | AY53: 0.83652008 | AZ53: 0.8374761 | BA53: 0.83843212 | BB53: 0.84034417 | BC53: 0.84130019 | BD53: 0.84321224 | BE53: 0.85086042 | BF53: 0.85659656 | BG53: 0.85659656 | BH53: 0.85755258 | BI53: 0.8585086 | BJ53: 0.86806883 | BK53: 0.87667304
A54: TOP1 | B54: BIN15:cp_mode3_saf_comp_retest | C54: 15 | D54: cp_mode3_saf_comp_retest | F54: SAF | G54: SCAN | H54: 1427 | I54: 0.02784173 | J54: 0 | K54: 0 | L54: 0.040152964 | M54: 0.02896405 | N54: 0.0579281 | O54: 0.02963671 | P54: 0.03154876 | Q54: 0.02868069 | R54: 0.01816444 | S54: 0.0334608 | T54: 0.02007648 | U54: 0.04015296 | V54: 0.02581262 | W54: 0.02581262 | X54: 0.03824092 | Y54: 0.03919694 | Z54: 0.03537285 | AA54: 0.0248566 | AB54: 0.01816444 | AC54: 0.02772467 | AD54: 0.02676864 | AE54: 0.02581262 | AF54: 0.02772467 | AG54: 0.03728489 | AH54: 0.0210325 | AI54: 0.01912046 | AJ54: 0.02676864 | AK54: 0.03154876 | AL54: 0.02868069 | AM54: 0.02868069 | AN54: 0.03059273 | AO54: 0.02772467 | AP54: 0.02581262 | AQ54: 0.03154876 | AR54: 0.0210325 | AS54: 0.0334608 | AT54: 0.03632887 | AU54: 0.02772467 | AV54: 0.02390057 | AW54: 0.02581262 | AX54: 0.02581262 | AY54: 0.02963671 | AZ54: 0.0248566 | BA54: 0.03154876 | BB54: 0.03059273 | BC54: 0.03250478 | BD54: 0.01912046 | BE54: 0.01912046 | BF54: 0.01816444 | BG54: 0.02294455 | BH54: 0.0334608 | BI54: 0.03059273 | BJ54: 0.02390057 | BK54: 0.02772467
A55: TOP2 | B55: BIN13:cp_mode2_saf_spc25_comp_retest | C55: 13 | D55: cp_mode2_saf_spc25_comp_retest | F55: SAF | G55: SCAN | H55: 1131 | I55: 0.02206657 | J55: 0 | K55: 0 | L55: 0.034416826 | M55: 0.02413104 | N55: 0.04826208 | O55: 0.02676864 | P55: 0.02772467 | Q55: 0.01720841 | R55: 0.01720841 | S55: 0.02581262 | T55: 0.02390057 | U55: 0.0210325 | V55: 0.03441683 | W55: 0.02294455 | X55: 0.01625239 | Y55: 0.02772467 | Z55: 0.02198853 | AA55: 0.0210325 | AB55: 0.01912046 | AC55: 0.01912046 | AD55: 0.01816444 | AE55: 0.02772467 | AF55: 0.01720841 | AG55: 0.02198853 | AH55: 0.02676864 | AI55: 0.02007648 | AJ55: 0.0248566 | AK55: 0.0210325 | AL55: 0.02294455 | AM55: 0.01816444 | AN55: 0.01912046 | AO55: 0.02581262 | AP55: 0.03059273 | AQ55: 0.03250478 | AR55: 0.02294455 | AS55: 0.01720841 | AT55: 0.02868069 | AU55: 0.0248566 | AV55: 0.02963671 | AW55: 0.01720841 | AX55: 0.02198853 | AY55: 0.02581262 | AZ55: 0.02007648 | BA55: 0.01529637 | BB55: 0.02772467 | BC55: 0.02198853 | BD55: 0.01912046 | BE55: 0.01720841 | BF55: 0.02390057 | BG55: 0.01529637 | BH55: 0.01051625 | BI55: 0.02294455 | BJ55: 0.00956023 | BK55: 0.02007648
A56: TOP3 | B56: BIN68:all_bist_mp_HV | C56: 68 | D56: all_bist_mp_HV | F56: BIST_HV | G56: BIST | H56: 1121 | I56: 0.02187146 | J56: 0 | K56: 1 | L56: 0.046845124 | M56: 0.02042119 | N56: 0.04084238 | O56: 0.01338432 | P56: 0.02294455 | Q56: 0.02676864 | R56: 0.02676864 | S56: 0.04684512 | T56: 0.02676864 | U56: 0.02868069 | V56: 0.01912046 | W56: 0.02676864 | X56: 0.01720841 | Y56: 0.02868069 | Z56: 0.02198853 | AA56: 0.02390057 | AB56: 0.02772467 | AC56: 0.02772467 | AD56: 0.01912046 | AE56: 0.02294455 | AF56: 0.02963671 | AG56: 0.0248566 | AH56: 0.02390057 | AI56: 0.0210325 | AJ56: 0.02294455 | AK56: 0.01051625 | AL56: 0.0210325 | AM56: 0.01816444 | AN56: 0.01720841 | AO56: 0.02007648 | AP56: 0.02676864 | AQ56: 0.02294455 | AR56: 0.02772467 | AS56: 0.01147228 | AT56: 0.01912046 | AU56: 0.02390057 | AV56: 0.02390057 | AW56: 0.02390057 | AX56: 0.0248566 | AY56: 0.02007648 | AZ56: 0.01816444 | BA56: 0.02581262 | BB56: 0.0124283 | BC56: 0.02868069 | BD56: 0.01147228 | BE56: 0.0124283 | BF56: 0.03250478 | BG56: 0.00956023 | BH56: 0.01912046 | BI56: 0.0124283 | BJ56: 0.01529637 | BK56: 0.0124283
A57: TOP4 | B57: BIN3:PowerShort | C57: 3 | D57: PowerShort | F57: OS | G57: OS | H57: 924 | I57: 0.01802786 | J57: 0 | K57: 14 | L57: 0.054493308 | M57: 0.01194639 | N57: 0.02389278 | O57: 0.01147228 | P57: 0 | Q57: 0.02294455 | R57: 0.03059273 | S57: 0.0334608 | T57: 0.0248566 | U57: 0.02294455 | V57: 0.01720841 | W57: 0.01625239 | X57: 0.0458891 | Y57: 0.00286807 | Z57: 0.00191205 | AA57: 0.05449331 | AB57: 0.02868069 | AC57: 0.02581262 | AD57: 0.01529637 | AE57: 0.02390057 | AF57: 0.00764818 | AG57: 0.02390057 | AH57: 0.03441683 | AI57: 0.00191205 | AJ57: 0.02007648 | AK57: 0.02007648 | AL57: 0.00191205 | AM57: 0.01720841 | AN57: 0.00669216 | AO57: 0.01529637 | AP57: 0.02963671 | AQ57: 0.01434034 | AR57: 0.0124283 | AS57: 0.02963671 | AT57: 0.02294455 | AU57: 0.02198853 | AV57: 0.0124283 | AW57: 0.02963671 | AX57: 0.00669216 | AY57: 0.01529637 | AZ57: 0.02007648 | BA57: 0.00573614 | BB57: 0.01434034 | BC57: 0.00382409 | BD57: 0.02676864 | BE57: 0.02007648 | BF57: 0.00095602 | BG57: 0.00764818 | BH57: 0.01338432 | BI57: 0.01816444 | BJ57: 0.02007648 | BK57: 0.00956023
A58: TOP5 | B58: BIN287:scpu_bisr_bist_drf_vddr_mp_X7_2000M | C58: 287 | D58: scpu_bisr_bist_drf_vddr_mp_X7_2000M | F58: OC | G58: OC | H58: 730 | I58: 0.01424279 | J58: 0 | K58: 10 | L58: 0.050669216 | M58: 0.01131674 | N58: 0.02263348 | O58: 0.05066922 | P58: 0.03824092 | Q58: 0.02963671 | R58: 0.01529637 | S58: 0.01051625 | T58: 0.02007648 | U58: 0.00764818 | V58: 0.01529637 | W58: 0.0248566 | X58: 0.01147228 | Y58: 0.01912046 | Z58: 0.02390057 | AA58: 0.00669216 | AB58: 0.02198853 | AC58: 0.00860421 | AD58: 0.02676864 | AE58: 0.00764818 | AF58: 0.0248566 | AG58: 0.00860421 | AH58: 0.00860421 | AI58: 0.03632887 | AJ58: 0.00573614 | AK58: 0.00956023 | AL58: 0.02581262 | AM58: 0.01529637 | AN58: 0.02294455 | AO58: 0.0210325 | AP58: 0.00956023 | AQ58: 0.00478011 | AR58: 0.00669216 | AS58: 0.00669216 | AT58: 0.01051625 | AU58: 0.00956023 | AV58: 0.00764818 | AW58: 0.00860421 | AX58: 0.0210325 | AY58: 0.00956023 | AZ58: 0.00956023 | BA58: 0.00956023 | BB58: 0.0124283 | BC58: 0.01051625 | BD58: 0.01147228 | BE58: 0.00286807 | BF58: 0.00669216 | BG58: 0.01147228 | BH58: 0.00191205 | BI58: 0.00478011 | BJ58: 0.00191205 | BK58: 0.00286807
A59: TOP6 | B59: BIN289:scpu_bisr_bist_drf_vddr_mp_X9_2000M | C59: 289 | D59: scpu_bisr_bist_drf_vddr_mp_X9_2000M | F59: OC | G59: OC | H59: 689 | I59: 0.01344285 | J59: 0 | K59: 9 | L59: 0.050669216 | M59: 0.01049989 | N59: 0.02099978 | O59: 0.04875717 | P59: 0.05066922 | Q59: 0.01625239 | R59: 0.01720841 | S59: 0.00764818 | T59: 0.01720841 | U59: 0.00860421 | V59: 0.01434034 | W59: 0.01529637 | X59: 0.00860421 | Y59: 0.02294455 | Z59: 0.03919694 | AA59: 0.00286807 | AB59: 0.01434034 | AC59: 0.01147228 | AD59: 0.01147228 | AE59: 0.00286807 | AF59: 0.02198853 | AG59: 0.00478011 | AH59: 0.00478011 | AI59: 0.04684512 | AJ59: 0.00669216 | AK59: 0.01147228 | AL59: 0.02963671 | AM59: 0.01816444 | AN59: 0.02676864 | AO59: 0.02007648 | AP59: 0.00860421 | AQ59: 0.00382409 | AR59: 0.0124283 | AS59: 0.00573614 | AT59: 0.00764818 | AU59: 0.00382409 | AV59: 0.00286807 | AW59: 0.00573614 | AX59: 0.00764818 | AY59: 0.00956023 | AZ59: 0.01051625 | BA59: 0.02390057 | BB59: 0.00286807 | BC59: 0.00478011 | BD59: 0.0124283 | BE59: 0.00191205 | BF59: 0.00956023 | BG59: 0.00573614 | BH59: 0.00286807 | BI59: 0.01147228 | BJ59: 0.00191205 | BK59: 0.00191205
A60: TOP7 | B60: BIN11:cp_mode1_saf_comp | C60: 11 | D60: cp_mode1_saf_comp | F60: SAF | G60: SCAN | H60: 414 | I60: 0.00807742 | J60: 0 | K60: 1 | L60: 0.021988528 | M60: 0.00843225 | N60: 0.0168645 | O60: 0.00478011 | P60: 0.00764818 | Q60: 0.00764818 | R60: 0.00669216 | S60: 0.00764818 | T60: 0.01147228 | U60: 0.00764818 | V60: 0.00573614 | W60: 0.00860421 | X60: 0.00956023 | Y60: 0.01147228 | Z60: 0.00191205 | AA60: 0.00860421 | AB60: 0.00764818 | AC60: 0.00669216 | AD60: 0.01147228 | AE60: 0.02198853 | AF60: 0.00860421 | AG60: 0.01051625 | AH60: 0.00191205 | AI60: 0.00669216 | AJ60: 0.00573614 | AK60: 0.00956023 | AL60: 0.00956023 | AM60: 0.00860421 | AN60: 0.01051625 | AO60: 0.00764818 | AP60: 0.01147228 | AQ60: 0.00669216 | AR60: 0.00764818 | AS60: 0.01051625 | AT60: 0.00956023 | AU60: 0.00764818 | AV60: 0.01051625 | AW60: 0.00956023 | AX60: 0.01338432 | AY60: 0.01051625 | AZ60: 0.00478011 | BA60: 0.00573614 | BB60: 0.00573614 | BC60: 0.00669216 | BD60: 0.00669216 | BE60: 0.00478011 | BF60: 0.00573614 | BG60: 0.00382409 | BH60: 0.00764818 | BI60: 0.00764818 | BJ60: 0.00573614 | BK60: 0.00669216
A61: TOP8 | B61: BIN9:cp_mode0_saf_comp | C61: 9 | D61: cp_mode0_saf_comp | F61: SAF | G61: SCAN | H61: 412 | I61: 0.0080384 | J61: 0 | K61: 0 | L61: 0.014340344 | M61: 0.0082876 | N61: 0.0165752 | O61: 0.00956023 | P61: 0.00764818 | Q61: 0.00382409 | R61: 0.00669216 | S61: 0.00956023 | T61: 0.00478011 | U61: 0.01051625 | V61: 0.00956023 | W61: 0.00860421 | X61: 0.00860421 | Y61: 0.01147228 | Z61: 0.01051625 | AA61: 0.00860421 | AB61: 0.00478011 | AC61: 0.00764818 | AD61: 0.00956023 | AE61: 0.00764818 | AF61: 0.00764818 | AG61: 0.00956023 | AH61: 0.00764818 | AI61: 0.00669216 | AJ61: 0.0124283 | AK61: 0.00669216 | AL61: 0.00764818 | AM61: 0.00478011 | AN61: 0.00860421 | AO61: 0.00669216 | AP61: 0.00382409 | AQ61: 0.00764818 | AR61: 0.01434034 | AS61: 0.00764818 | AT61: 0.00860421 | AU61: 0.00573614 | AV61: 0.0124283 | AW61: 0.00382409 | AX61: 0.00764818 | AY61: 0.01147228 | AZ61: 0.0124283 | BA61: 0.01147228 | BB61: 0.00573614 | BC61: 0.00478011 | BD61: 0.00382409 | BE61: 0.00956023 | BF61: 0.00382409 | BG61: 0.01051625 | BH61: 0.00956023 | BI61: 0.00573614 | BJ61: 0.00669216 | BK61: 0.00860421
A62: TOP9 | B62: BIN75:scpu_bisr_bist_drf_vddr_mp_X1 | C62: 75 | D62: scpu_bisr_bist_drf_vddr_mp_X1 | F62: BIST_HV | G62: BIST | H62: 381 | I62: 0.00743357 | J62: 0 | K62: 1 | L62: 0.015296367 | M62: 0.00623697 | N62: 0.01247394 | O62: 0.00764818 | P62: 0.00286807 | Q62: 0.01529637 | R62: 0.0124283 | S62: 0.00956023 | T62: 0.00956023 | U62: 0.0124283 | V62: 0.00764818 | W62: 0.00764818 | X62: 0.00573614 | Y62: 0.00860421 | Z62: 0.00669216 | AA62: 0.01147228 | AB62: 0.00669216 | AC62: 0.00764818 | AD62: 0.00860421 | AE62: 0.00669216 | AF62: 0.01051625 | AG62: 0.00764818 | AH62: 0.00860421 | AI62: 0.00573614 | AJ62: 0.00573614 | AK62: 0.00764818 | AL62: 0.01051625 | AM62: 0.01051625 | AN62: 0.00669216 | AO62: 0.01051625 | AP62: 0.00286807 | AQ62: 0.00764818 | AR62: 0.00669216 | AS62: 0.00573614 | AT62: 0.00573614 | AU62: 0.00286807 | AV62: 0.00764818 | AW62: 0.00860421 | AX62: 0.00764818 | AY62: 0.00382409 | AZ62: 0.00573614 | BA62: 0.00764818 | BB62: 0.00956023 | BC62: 0.01147228 | BD62: 0.00191205 | BE62: 0.00860421 | BF62: 0.00956023 | BG62: 0.00478011 | BH62: 0.00382409 | BI62: 0.00191205 | BJ62: 0.00286807 | BK62: 0.00573614
A63: TOP10 | B63: BIN23:cp_mode3_bf_comp_retest | C63: 23 | D63: cp_mode3_bf_comp_retest | F63: BF | G63: SCAN | H63: 380 | I63: 0.00741406 | J63: 0 | K63: 16 | L63: 0.045889101 | M63: 0.00399915 | N63: 0.0079983 | O63: 0.0248566 | P63: 0.0458891 | Q63: 0.03059273 | R63: 0.01816444 | S63: 0.01147228 | T63: 0.02868069 | U63: 0.01720841 | V63: 0.04015296 | W63: 0.02007648 | X63: 0.00860421 | Y63: 0.00095602 | Z63: 0 | AA63: 0.00478011 | AB63: 0.01816444 | AC63: 0.00573614 | AD63: 0.00956023 | AE63: 0 | AF63: 0 | AG63: 0.00095602 | AH63: 0.0124283 | AI63: 0 | AJ63: 0.00095602 | AK63: 0.01434034 | AL63: 0.00095602 | AM63: 0.00478011 | AN63: 0.00095602 | AO63: 0 | AP63: 0.00095602 | AQ63: 0.02198853 | AR63: 0.00095602 | AS63: 0.0124283 | AT63: 0.00095602 | AU63: 0 | AV63: 0 | AW63: 0.00095602 | AX63: 0 | AY63: 0 | AZ63: 0 | BA63: 0 | BB63: 0.00095602 | BC63: 0.00095602 | BD63: 0 | BE63: 0 | BF63: 0 | BG63: 0.00095602 | BH63: 0.00095602 | BI63: 0.00095602 | BJ63: 0 | BK63: 0
A64: TOP11 | B64: BIN32:cp_mode3_tdf_comp_HV_retest | C64: 32 | D64: cp_mode3_tdf_comp_HV_retest | F64: TDF_HV | G64: SCAN | H64: 319 | I64: 0.0062239 | J64: 0 | K64: 3 | L64: 0.013384321 | M64: 0.0059732 | N64: 0.0119464 | O64: 0.00573614 | P64: 0.00573614 | Q64: 0.01051625 | R64: 0.00573614 | S64: 0.00573614 | T64: 0.00382409 | U64: 0.00382409 | V64: 0.00191205 | W64: 0.00286807 | X64: 0.00573614 | Y64: 0.00478011 | Z64: 0.01338432 | AA64: 0.00382409 | AB64: 0.00382409 | AC64: 0.0124283 | AD64: 0.00191205 | AE64: 0.00669216 | AF64: 0.00669216 | AG64: 0.01147228 | AH64: 0.00382409 | AI64: 0.00956023 | AJ64: 0.01338432 | AK64: 0.00573614 | AL64: 0.00478011 | AM64: 0.00573614 | AN64: 0.00382409 | AO64: 0.00764818 | AP64: 0.00956023 | AQ64: 0.00382409 | AR64: 0.00860421 | AS64: 0.00860421 | AT64: 0.00860421 | AU64: 0.01147228 | AV64: 0.00956023 | AW64: 0.00573614 | AX64: 0.00478011 | AY64: 0.00669216 | AZ64: 0.00669216 | BA64: 0.00191205 | BB64: 0.00669216 | BC64: 0.00191205 | BD64: 0.00669216 | BE64: 0.00573614 | BF64: 0.00382409 | BG64: 0.00669216 | BH64: 0.00382409 | BI64: 0.00286807 | BJ64: 0.00669216 | BK64: 0.00286807
... A338: TOP285 | B338: BIN999:set-error-bin | C338: 999 | D338: set-error-bin | F338: OTHER | G338: OTHER | H338: 0 | I338: 0 | J338: 0 | K338: 0 | L338: 0 | M338: 0 | N338: 0 | O338: 0 | P338: 0 | Q338: 0 | R338: 0 | S338: 0 | T338: 0 | U338: 0 | V338: 0 | W338: 0 | X338: 0 | Y338: 0 | Z338: 0 | AA338: 0 | AB338: 0 | AC338: 0 | AD338: 0 | AE338: 0 | AF338: 0 | AG338: 0 | AH338: 0 | AI338: 0 | AJ338: 0 | AK338: 0 | AL338: 0 | AM338: 0 | AN338: 0 | AO338: 0 | AP338: 0 | AQ338: 0 | AR338: 0 | AS338: 0 | AT338: 0 | AU338: 0 | AV338: 0 | AW338: 0 | AX338: 0 | AY338: 0 | AZ338: 0 | BA338: 0 | BB338: 0 | BC338: 0 | BD338: 0 | BE338: 0 | BF338: 0 | BG338: 0 | BH338: 0 | BI338: 0 | BJ338: 0 | BK338: 0
O339: TDX193A | P339: TDX193A | Q339: TDX193A | R339: TDX193A | S339: TDX193A | T339: TDX193A | U339: TDX193A | V339: TDX193A | W339: TDX193A | X339: TDX193A | Y339: TDX362A | Z339: TDX362A | AA339: TDX193A | AB339: TDX193A | AC339: TDX193A | AD339: TDX193A | AE339: TDX362A | AF339: TDX362A | AG339: TDX362A | AH339: TDX193A | AI339: TDX362A | AJ339: TDX362A | AK339: TDX193A | AL339: TDX362A | AM339: TDX193A | AN339: TDX362A | AO339: TDX362A | AP339: TDX193A | AQ339: TDX193A | AR339: TDX362A | AS339: TDX193A | AT339: TDX362A | AU339: TDX362A | AV339: TDX362A | AW339: TDX362A | AX339: TDX362A | AY339: TDX362A | AZ339: TDX362A | BA339: TDX362A | BB339: TDX362A | BC339: TDX362A | BD339: TDX362A | BE339: TDX362A | BF339: TDX362A | BG339: TDX362A | BH339: TDX362A | BI339: TDX362A | BJ339: TDX362A | BK339: TDX362A

Sheet RL6963_V07_summary_raw_data
A1: 1 | B1: PASS BIN | C1: 82894 | D1: 0.9061 | N1: Project | O1: RL6963 | P1: RL6963 | Q1: RL6963 | R1: RL6963 | S1: RL6963 | T1: RL6963 | U1: RL6963 | V1: RL6963 | W1: RL6963 | X1: RL6963 | Y1: RL6963 | Z1: RL6963 | AA1: RL6963 | AB1: RL6963 | AC1: RL6963 | AD1: RL6963 | AE1: RL6963 | AF1: RL6963 | AG1: RL6963 | AH1: RL6963 | AI1: RL6963 | AJ1: RL6963 | AK1: RL6963 | AL1: RL6963 | AM1: RL6963 | AN1: RL6963 | AO1: RL6963 | AP1: RL6963 | AQ1: RL6963 | AR1: RL6963 | AS1: RL6963 | AT1: RL6963 | AU1: RL6963 | AV1: RL6963 | AW1: RL6963 | AX1: RL6963 | AY1: RL6963 | AZ1: RL6963 | BA1: RL6963 | BB1: RL6963 | BC1: RL6963 | BD1: RL6963 | BE1: RL6963 | BF1: RL6963 | BG1: RL6963 | BH1: RL6963 | BI1: RL6963 | BJ1: RL6963
A2: Top_all | B2: BIN1 | C2: 82894 | D2: 0.9061 | N2: Product | O2: RL6963 | P2: RL6963 | Q2: RL6963 | R2: RL6963 | S2: RL6963 | T2: RL6963 | U2: RL6963 | V2: RL6963 | W2: RL6963 | X2: RL6963 | Y2: RL6963 | Z2: RL6963 | AA2: RL6963 | AB2: RL6963 | AC2: RL6963 | AD2: RL6963 | AE2: RL6963 | AF2: RL6963 | AG2: RL6963 | AH2: RL6963 | AI2: RL6963 | AJ2: RL6963 | AK2: RL6963 | AL2: RL6963 | AM2: RL6963 | AN2: RL6963 | AO2: RL6963 | AP2: RL6963 | AQ2: RL6963 | AR2: RL6963 | AS2: RL6963 | AT2: RL6963 | AU2: RL6963 | AV2: RL6963 | AW2: RL6963 | AX2: RL6963 | AY2: RL6963 | AZ2: RL6963 | BA2: RL6963 | BB2: RL6963 | BC2: RL6963 | BD2: RL6963 | BE2: RL6963 | BF2: RL6963 | BG2: RL6963 | BH2: RL6963 | BI2: RL6963 | BJ2: RL6963
B3: OTP | C3: 26 | D3: 0.0003 | N3: Short Lot ID | O3: PAGM2 | P3: PAHD0 | Q3: PAHD0 | R3: PAGM2 | S3: PAGM2 | T3: PAGM2 | U3: PAHD0 | V3: PAGM2 | W3: PAHD0 | X3: PAGM2 | Y3: PAGM2 | Z3: PAGM2 | AA3: PAHD0 | AB3: PAGM2 | AC3: PAHD0 | AD3: PAGM2 | AE3: PAHC9 | AF3: PAGM2 | AG3: PAHD0 | AH3: PAHC9 | AI3: PAGM2 | AJ3: PAHC9 | AK3: PAGM2 | AL3: PAHD0 | AM3: PAHD0 | AN3: PAHC9 | AO3: PAHC9 | AP3: PAGM2 | AQ3: PAHD0 | AR3: PAGM2 | AS3: PAGM2 | AT3: PAHC9 | AU3: PAHD0 | AV3: PAHD0 | AW3: PAHD0 | AX3: PAHC9 | AY3: PAHD0 | AZ3: PAHC9 | BA3: PAHC9 | BB3: PAHD0 | BC3: PAHC9 | BD3: PAHC9 | BE3: PAHC9 | BF3: PAGM2 | BG3: PAHD0 | BH3: PAHC9 | BI3: PAHC9 | BJ3: PAHC9
B4: SCAN | C4: 5589 | D4: 0.0611 | N4: Lot ID | O4: PAGM2 | P4: PAHD0 | Q4: PAHD0 | R4: PAGM2 | S4: PAGM2 | T4: PAGM2 | U4: PAHD0 | V4: PAGM2 | W4: PAHD0 | X4: PAGM2 | Y4: PAGM2 | Z4: PAGM2 | AA4: PAHD0 | AB4: PAGM2 | AC4: PAHD0 | AD4: PAGM2 | AE4: PAHC9 | AF4: PAGM2 | AG4: PAHD0 | AH4: PAHC9 | AI4: PAGM2 | AJ4: PAHC9 | AK4: PAGM2 | AL4: PAHD0 | AM4: PAHD0 | AN4: PAHC9 | AO4: PAHC9 | AP4: PAGM2 | AQ4: PAHD0 | AR4: PAGM2 | AS4: PAGM2 | AT4: PAHC9 | AU4: PAHD0 | AV4: PAHD0 | AW4: PAHD0 | AX4: PAHC9 | AY4: PAHD0 | AZ4: PAHC9 | BA4: PAHC9 | BB4: PAHD0 | BC4: PAHC9 | BD4: PAHC9 | BE4: PAHC9 | BF4: PAGM2 | BG4: PAHD0 | BH4: PAHC9 | BI4: PAHC9 | BJ4: PAHC9
B5: SD | C5: 253 | D5: 0.0028 | N5: Wafer ID | O5: PERU72-03E4 | P5: PEQS30-09G2 | Q5: PEQS30-01D7 | R5: PERU72-07C0 | S5: PERU72-12A1 | T5: PERU72-08B3 | U5: PEQS30-12F5 | V5: PERU72-15F5 | W5: PEQS30-15D6 | X5: PERU72-01F6 | Y5: PERU72-02F1 | Z5: PERU72-17E3 | AA5: PEQS30-13F0 | AB5: PERU72-04D7 | AC5: PEQS30-04C0 | AD5: PERU72-14G2 | AE5: PERS89-11B1 | AF5: PERU72-06C5 | AG5: PEQS30-02D2 | AH5: PERS89-02F4 | AI5: PERU72-09A6 | AJ5: PERS89-04E2 | AK5: PERU72-16F0 | AL5: PEQS30-10G7 | AM5: PEQS30-07A1 | AN5: PERS89-01G1 | AO5: PERS89-14G5 | AP5: PERU72-11A6 | AQ5: PEQS30-03C5 | AR5: PERU72-10B3 | AS5: PERU72-13G7 | AT5: PERS89-13H2 | AU5: PEQS30-08G7 | AV5: PEQS30-16D1 | AW5: PEQS30-06A6 | AX5: PERS89-05D5 | AY5: PEQS30-14E3 | AZ5: PERS89-06D0 | BA5: PERS89-03E7 | BB5: PEQS30-11G2 | BC5: PERS89-07C3 | BD5: PERS89-10B6 | BE5: PERS89-09B1 | BF5: PERU72-05D2 | BG5: PEQS30-05B3 | BH5: PERS89-08B6 | BI5: PERS89-15G0 | BJ5: PERS89-12A4
B6: DIC | C6: 43 | D6: 0.0005 | N6: Wafer NO. | O6: 3 | P6: 9 | Q6: 1 | R6: 7 | S6: 12 | T6: 8 | U6: 12 | V6: 15 | W6: 15 | X6: 1 | Y6: 2 | Z6: 17 | AA6: 13 | AB6: 4 | AC6: 4 | AD6: 14 | AE6: 11 | AF6: 6 | AG6: 2 | AH6: 2 | AI6: 9 | AJ6: 4 | AK6: 16 | AL6: 10 | AM6: 7 | AN6: 1 | AO6: 14 | AP6: 11 | AQ6: 3 | AR6: 10 | AS6: 13 | AT6: 13 | AU6: 8 | AV6: 16 | AW6: 6 | AX6: 5 | AY6: 14 | AZ6: 6 | BA6: 3 | BB6: 11 | BC6: 7 | BD6: 10 | BE6: 9 | BF6: 5 | BG6: 5 | BH6: 8 | BI6: 15 | BJ6: 12
B7: BIST | C7: 1623 | D7: 0.0177 | N7: Re-Test | O7: 1 | P7: 1 | Q7: 1 | R7: 1 | S7: 1 | T7: 1 | U7: 1 | V7: 1 | W7: 1 | X7: 1 | Y7: 1 | Z7: 1 | AA7: 1 | AB7: 1 | AC7: 1 | AD7: 1 | AE7: 1 | AF7: 1 | AG7: 1 | AH7: 1 | AI7: 1 | AJ7: 1 | AK7: 1 | AL7: 1 | AM7: 1 | AN7: 1 | AO7: 1 | AP7: 1 | AQ7: 1 | AR7: 1 | AS7: 1 | AT7: 1 | AU7: 1 | AV7: 1 | AW7: 1 | AX7: 1 | AY7: 1 | AZ7: 1 | BA7: 1 | BB7: 1 | BC7: 1 | BD7: 1 | BE7: 1 | BF7: 1 | BG7: 1 | BH7: 1 | BI7: 1 | BJ7: 1
B8: OTHER | C8: 81 | D8: 0.0009 | N8: ProbeCard | O8: JP09000 | P8: JP10346 | Q8: JP10346 | R8: JP09000 | S8: JP09000 | T8: JP09000 | U8: JP10346 | V8: JP09000 | W8: JP10346 | X8: JP09000 | Y8: JP09000 | Z8: JP09000 | AA8: JP10346 | AB8: JP09000 | AC8: JP10346 | AD8: JP09000 | AE8: JP10208 | AF8: JP09000 | AG8: JP10346 | AH8: JP10208 | AI8: JP09000 | AJ8: JP10208 | AK8: JP09000 | AL8: JP10346 | AM8: JP10346 | AN8: JP10208 | AO8: JP10208 | AP8: JP09000 | AQ8: JP10346 | AR8: JP09000 | AS8: JP09000 | AT8: JP10208 | AU8: JP10346 | AV8: JP10346 | AW8: JP10346 | AX8: JP10208 | AY8: JP10346 | AZ8: JP10208 | BA8: JP10208 | BB8: JP10346 | BC8: JP10208 | BD8: JP10208 | BE8: JP10208 | BF8: JP09000 | BG8: JP10346 | BH8: JP10208 | BI8: JP10208 | BJ8: JP10208
B9: IDD | C9: 434 | D9: 0.0047 | N9: Yield | O9: 0.8274 | P9: 0.8814 | Q9: 0.8867 | R9: 0.8877 | S9: 0.8919 | T9: 0.8924 | U9: 0.8951 | V9: 0.8951 | W9: 0.8972 | X9: 0.8972 | Y9: 0.8972 | Z9: 0.8977 | AA9: 0.8987 | AB9: 0.8987 | AC9: 0.8993 | AD9: 0.9003 | AE9: 0.9003 | AF9: 0.9003 | AG9: 0.9008 | AH9: 0.9024 | AI9: 0.9029 | AJ9: 0.905 | AK9: 0.9077 | AL9: 0.9082 | AM9: 0.9082 | AN9: 0.9103 | AO9: 0.9103 | AP9: 0.9108 | AQ9: 0.9108 | AR9: 0.9108 | AS9: 0.9113 | AT9: 0.9134 | AU9: 0.915 | AV9: 0.915 | AW9: 0.915 | AX9: 0.9161 | AY9: 0.9166 | AZ9: 0.9182 | BA9: 0.9182 | BB9: 0.9187 | BC9: 0.9208 | BD9: 0.9208 | BE9: 0.9218 | BF9: 0.9234 | BG9: 0.9239 | BH9: 0.9281 | BI9: 0.9281 | BJ9: 0.9339
B10: POR | C10: 5 | D10: 0.0001 | N10: CP | O10: CP1 | P10: CP1 | Q10: CP1 | R10: CP1 | S10: CP1 | T10: CP1 | U10: CP1 | V10: CP1 | W10: CP1 | X10: CP1 | Y10: CP1 | Z10: CP1 | AA10: CP1 | AB10: CP1 | AC10: CP1 | AD10: CP1 | AE10: CP1 | AF10: CP1 | AG10: CP1 | AH10: CP1 | AI10: CP1 | AJ10: CP1 | AK10: CP1 | AL10: CP1 | AM10: CP1 | AN10: CP1 | AO10: CP1 | AP10: CP1 | AQ10: CP1 | AR10: CP1 | AS10: CP1 | AT10: CP1 | AU10: CP1 | AV10: CP1 | AW10: CP1 | AX10: CP1 | AY10: CP1 | AZ10: CP1 | BA10: CP1 | BB10: CP1 | BC10: CP1 | BD10: CP1 | BE10: CP1 | BF10: CP1 | BG10: CP1 | BH10: CP1 | BI10: CP1 | BJ10: CP1
B11: OS | C11: 540 | D11: 0.0059 | N11: Starttime | O11: 2025-10-29 01:52:18 | P11: 2025-10-31 06:07:39 | Q11: 2025-10-28 05:45:39 | R11: 2025-10-30 08:09:48 | S11: 2025-10-31 23:12:14 | T11: 2025-10-30 16:25:56 | U11: 2025-11-01 05:45:21 | V11: 2025-11-01 21:59:31 | W11: 2025-11-02 06:11:18 | X11: 2025-10-28 10:42:33 | Y11: 2025-10-28 18:18:02 | Z11: 2025-11-02 13:20:51 | AA11: 2025-11-01 14:13:00 | AB11: 2025-10-29 09:07:42 | AC11: 2025-10-29 14:34:29 | AD11: 2025-11-01 14:22:02 | AE11: 2025-11-01 06:38:48 | AF11: 2025-10-30 00:24:49 | AG11: 2025-10-28 22:13:54 | AH11: 2025-10-29 03:53:44 | AI11: 2025-10-31 00:15:32 | AJ11: 2025-10-29 19:57:19 | AK11: 2025-11-02 05:40:45 | AL11: 2025-10-31 13:54:04 | AM11: 2025-10-30 14:25:46 | AN11: 2025-10-28 15:09:42 | AO11: 2025-11-02 06:29:51 | AP11: 2025-10-31 15:34:01 | AQ11: 2025-10-29 06:27:00 | AR11: 2025-10-31 07:47:52 | AS11: 2025-11-01 06:45:41 | AT11: 2025-11-01 22:32:09 | AU11: 2025-10-30 22:16:23 | AV11: 2025-11-02 14:10:33 | AW11: 2025-10-30 06:31:40 | AX11: 2025-10-30 03:51:39 | AY11: 2025-11-01 22:12:18 | AZ11: 2025-10-30 11:47:57 | BA11: 2025-10-29 11:50:14 | BB11: 2025-10-31 21:52:45 | BC11: 2025-10-30 22:23:17 | BD11: 2025-10-31 22:41:36 | BE11: 2025-10-31 14:24:11 | BF11: 2025-10-29 16:47:48 | BG11: 2025-10-29 22:38:41 | BH11: 2025-10-31 06:21:41 | BI11: 2025-11-02 14:25:17 | BJ11: 2025-11-01 14:32:51
A12: 1 | B12: PASS BIN | C12: 82894 | D12: 0.9061 | E12: PASS BIN | N12: Endtime | O12: 2025-10-29 09:05:40 | P12: 2025-10-31 13:51:52 | Q12: 2025-10-28 13:20:34 | R12: 2025-10-30 16:20:16 | S12: 2025-11-01 06:43:43 | T12: 2025-10-31 00:13:33 | U12: 2025-11-01 14:10:49 | V12: 2025-11-02 05:38:43 | W12: 2025-11-02 14:08:21 | X12: 2025-10-28 18:14:56 | Y12: 2025-10-29 01:50:16 | Z12: 2025-11-02 20:53:34 | AA12: 2025-11-01 22:10:09 | AB12: 2025-10-29 16:45:47 | AC12: 2025-10-29 22:36:30 | AD12: 2025-11-01 21:57:34 | AE12: 2025-11-01 14:30:35 | AF12: 2025-10-30 08:07:46 | AG12: 2025-10-29 06:03:22 | AH12: 2025-10-29 11:43:37 | AI12: 2025-10-31 07:45:53 | AJ12: 2025-10-30 03:49:24 | AK12: 2025-11-02 13:18:51 | AL12: 2025-10-31 21:50:35 | AM12: 2025-10-30 22:14:23 | AN12: 2025-10-29 00:41:49 | AO12: 2025-11-02 14:23:00 | AP12: 2025-10-31 23:10:15 | AQ12: 2025-10-29 14:32:29 | AR12: 2025-10-31 15:32:02 | AS12: 2025-11-01 14:20:03 | AT12: 2025-11-02 06:27:36 | AU12: 2025-10-31 06:05:40 | AV12: 2025-11-02 22:21:00 | AW12: 2025-10-30 14:23:49 | AX12: 2025-10-30 11:45:40 | AY12: 2025-11-02 06:08:50 | AZ12: 2025-10-30 22:20:58 | BA12: 2025-10-29 19:55:08 | BB12: 2025-11-01 05:43:21 | BC12: 2025-10-31 06:19:26 | BD12: 2025-11-01 06:36:34 | BE12: 2025-10-31 22:39:21 | BF12: 2025-10-30 00:22:49 | BG12: 2025-10-30 06:29:31 | BH12: 2025-10-31 14:21:54 | BI12: 2025-11-02 22:22:58 | BJ12: 2025-11-01 22:29:54
B13: BIN1 | C13: 82894 | D13: 0.9061 | E13: PASS BIN | N13: Week | O13: 202544 | P13: 202544 | Q13: 202544 | R13: 202544 | S13: 202544 | T13: 202544 | U13: 202544 | V13: 202544 | W13: 202544 | X13: 202544 | Y13: 202544 | Z13: 202544 | AA13: 202544 | AB13: 202544 | AC13: 202544 | AD13: 202544 | AE13: 202544 | AF13: 202544 | AG13: 202544 | AH13: 202544 | AI13: 202544 | AJ13: 202544 | AK13: 202544 | AL13: 202544 | AM13: 202544 | AN13: 202544 | AO13: 202544 | AP13: 202544 | AQ13: 202544 | AR13: 202544 | AS13: 202544 | AT13: 202544 | AU13: 202544 | AV13: 202544 | AW13: 202544 | AX13: 202544 | AY13: 202544 | AZ13: 202544 | BA13: 202544 | BB13: 202544 | BC13: 202544 | BD13: 202544 | BE13: 202544 | BF13: 202544 | BG13: 202544 | BH13: 202544 | BI13: 202544 | BJ13: 202544
B14: OTP | C14: 26 | D14: 0.0003 | E14: OTP | N14: Month | O14: 2025-10 | P14: 2025-10 | Q14: 2025-10 | R14: 2025-10 | S14: 2025-11 | T14: 2025-10 | U14: 2025-11 | V14: 2025-11 | W14: 2025-11 | X14: 2025-10 | Y14: 2025-10 | Z14: 2025-11 | AA14: 2025-11 | AB14: 2025-10 | AC14: 2025-10 | AD14: 2025-11 | AE14: 2025-11 | AF14: 2025-10 | AG14: 2025-10 | AH14: 2025-10 | AI14: 2025-10 | AJ14: 2025-10 | AK14: 2025-11 | AL14: 2025-10 | AM14: 2025-10 | AN14: 2025-10 | AO14: 2025-11 | AP14: 2025-10 | AQ14: 2025-10 | AR14: 2025-10 | AS14: 2025-11 | AT14: 2025-11 | AU14: 2025-10 | AV14: 2025-11 | AW14: 2025-10 | AX14: 2025-10 | AY14: 2025-11 | AZ14: 2025-10 | BA14: 2025-10 | BB14: 2025-11 | BC14: 2025-10 | BD14: 2025-11 | BE14: 2025-10 | BF14: 2025-10 | BG14: 2025-10 | BH14: 2025-10 | BI14: 2025-11 | BJ14: 2025-11
B15: TDF_HV | C15: 379 | D15: 0.0041 | E15: SCAN | N15: Program | O15: E: ew_pgmConsumerL401MPCPRL696320240705_2157RL6963_V07RL6963_V07.xls@RL6963 | P15: E: ew_pgmConsumerL401MPCPRL696320240705_2157RL6963_HD_V07RL6963_HD_V07.xls@RL6963_HD | Q15: E: ew_pgmConsumerL401MPCPRL696320240705_2157RL6963_HD_V07RL6963_HD_V07.xls@RL6963_HD | R15: E: ew_pgmConsumerL401MPCPRL696320240705_2157RL6963_V07RL6963_V07.xls@RL6963 | S15: E: ew_pgmConsumerL401MPCPRL696320240705_2157RL6963_V07RL6963_V07.xls@RL6963 | T15: E: ew_pgmConsumerL401MPCPRL696320240705_2157RL6963_V07RL6963_V07.xls@RL6963 | U15: E: ew_pgmConsumerL401MPCPRL696320240705_2157RL6963_HD_V07RL6963_HD_V07.xls@RL6963_HD | V15: E: ew_pgmConsumerL401MPCPRL696320240705_2157RL6963_V07RL6963_V07.xls@RL6963 | W15: E: ew_pgmConsumerL401MPCPRL696320240705_2157RL6963_HD_V07RL6963_HD_V07.xls@RL6963_HD | X15: E: ew_pgmConsumerL401MPCPRL696320240705_2157RL6963_V07RL6963_V07.xls@RL6963 | Y15: E: ew_pgmConsumerL401MPCPRL696320240705_2157RL6963_V07RL6963_V07.xls@RL6963 | Z15: E: ew_pgmConsumerL401MPCPRL696320240705_2157RL6963_V07RL6963_V07.xls@RL6963 | AA15: E: ew_pgmConsumerL401MPCPRL696320240705_2157RL6963_HD_V07RL6963_HD_V07.xls@RL6963_HD | AB15: E: ew_pgmConsumerL401MPCPRL696320240705_2157RL6963_V07RL6963_V07.xls@RL6963 | AC15: E: ew_pgmConsumerL401MPCPRL696320240705_2157RL6963_HD_V07RL6963_HD_V07.xls@RL6963_HD | AD15: E: ew_pgmConsumerL401MPCPRL696320240705_2157RL6963_V07RL6963_V07.xls@RL6963 | AE15: E: ew_pgmConsumerL401MPCPRL696320240705_2157RL6963_HD_V07RL6963_HD_V07.xls@RL6963_HD | AF15: E: ew_pgmConsumerL401MPCPRL696320240705_2157RL6963_V07RL6963_V07.xls@RL6963 | AG15: E: ew_pgmConsumerL401MPCPRL696320240705_2157RL6963_HD_V07RL6963_HD_V07.xls@RL6963_HD | AH15: E: ew_pgmConsumerL401MPCPRL696320240705_2157RL6963_HD_V07RL6963_HD_V07.xls@RL6963_HD | AI15: E: ew_pgmConsumerL401MPCPRL696320240705_2157RL6963_V07RL6963_V07.xls@RL6963 | AJ15: E: ew_pgmConsumerL401MPCPRL696320240705_2157RL6963_HD_V07RL6963_HD_V07.xls@RL6963_HD | AK15: E: ew_pgmConsumerL401MPCPRL696320240705_2157RL6963_V07RL6963_V07.xls@RL6963 | AL15: E: ew_pgmConsumerL401MPCPRL696320240705_2157RL6963_HD_V07RL6963_HD_V07.xls@RL6963_HD | AM15: E: ew_pgmConsumerL401MPCPRL696320240705_2157RL6963_HD_V07RL6963_HD_V07.xls@RL6963_HD | AN15: E: ew_pgmConsumerL401MPCPRL696320240705_2157RL6963_HD_V07RL6963_HD_V07.xls@RL6963_HD | AO15: E: ew_pgmConsumerL401MPCPRL696320240705_2157RL6963_HD_V07RL6963_HD_V07.xls@RL6963_HD | AP15: E: ew_pgmConsumerL401MPCPRL696320240705_2157RL6963_V07RL6963_V07.xls@RL6963 | AQ15: E: ew_pgmConsumerL401MPCPRL696320240705_2157RL6963_HD_V07RL6963_HD_V07.xls@RL6963_HD | AR15: E: ew_pgmConsumerL401MPCPRL696320240705_2157RL6963_V07RL6963_V07.xls@RL6963 | AS15: E: ew_pgmConsumerL401MPCPRL696320240705_2157RL6963_V07RL6963_V07.xls@RL6963 | AT15: E: ew_pgmConsumerL401MPCPRL696320240705_2157RL6963_HD_V07RL6963_HD_V07.xls@RL6963_HD | AU15: E: ew_pgmConsumerL401MPCPRL696320240705_2157RL6963_HD_V07RL6963_HD_V07.xls@RL6963_HD | AV15: E: ew_pgmConsumerL401MPCPRL696320240705_2157RL6963_HD_V07RL6963_HD_V07.xls@RL6963_HD | AW15: E: ew_pgmConsumerL401MPCPRL696320240705_2157RL6963_HD_V07RL6963_HD_V07.xls@RL6963_HD | AX15: E: ew_pgmConsumerL401MPCPRL696320240705_2157RL6963_HD_V07RL6963_HD_V07.xls@RL6963_HD | AY15: E: ew_pgmConsumerL401MPCPRL696320240705_2157RL6963_HD_V07RL6963_HD_V07.xls@RL6963_HD | AZ15: E: ew_pgmConsumerL401MPCPRL696320240705_2157RL6963_HD_V07RL6963_HD_V07.xls@RL6963_HD | BA15: E: ew_pgmConsumerL401MPCPRL696320240705_2157RL6963_HD_V07RL6963_HD_V07.xls@RL6963_HD | BB15: E: ew_pgmConsumerL401MPCPRL696320240705_2157RL6963_HD_V07RL6963_HD_V07.xls@RL6963_HD | BC15: E: ew_pgmConsumerL401MPCPRL696320240705_2157RL6963_HD_V07RL6963_HD_V07.xls@RL6963_HD | BD15: E: ew_pgmConsumerL401MPCPRL696320240705_2157RL6963_HD_V07RL6963_HD_V07.xls@RL6963_HD | BE15: E: ew_pgmConsumerL401MPCPRL696320240705_2157RL6963_HD_V07RL6963_HD_V07.xls@RL6963_HD | BF15: E: ew_pgmConsumerL401MPCPRL696320240705_2157RL6963_V07RL6963_V07.xls@RL6963 | BG15: E: ew_pgmConsumerL401MPCPRL696320240705_2157RL6963_HD_V07RL6963_HD_V07.xls@RL6963_HD | BH15: E: ew_pgmConsumerL401MPCPRL696320240705_2157RL6963_HD_V07RL6963_HD_V07.xls@RL6963_HD | BI15: E: ew_pgmConsumerL401MPCPRL696320240705_2157RL6963_HD_V07RL6963_HD_V07.xls@RL6963_HD | BJ15: E: ew_pgmConsumerL401MPCPRL696320240705_2157RL6963_HD_V07RL6963_HD_V07.xls@RL6963_HD
B16: TDF_LV | C16: 271 | D16: 0.003 | E16: SCAN | N16: Version(ECN) | O16: RL6963_V07 | P16: RL6963_HD_V07 | Q16: RL6963_HD_V07 | R16: RL6963_V07 | S16: RL6963_V07 | T16: RL6963_V07 | U16: RL6963_HD_V07 | V16: RL6963_V07 | W16: RL6963_HD_V07 | X16: RL6963_V07 | Y16: RL6963_V07 | Z16: RL6963_V07 | AA16: RL6963_HD_V07 | AB16: RL6963_V07 | AC16: RL6963_HD_V07 | AD16: RL6963_V07 | AE16: RL6963_HD_V07 | AF16: RL6963_V07 | AG16: RL6963_HD_V07 | AH16: RL6963_HD_V07 | AI16: RL6963_V07 | AJ16: RL6963_HD_V07 | AK16: RL6963_V07 | AL16: RL6963_HD_V07 | AM16: RL6963_HD_V07 | AN16: RL6963_HD_V07 | AO16: RL6963_HD_V07 | AP16: RL6963_V07 | AQ16: RL6963_HD_V07 | AR16: RL6963_V07 | AS16: RL6963_V07 | AT16: RL6963_HD_V07 | AU16: RL6963_HD_V07 | AV16: RL6963_HD_V07 | AW16: RL6963_HD_V07 | AX16: RL6963_HD_V07 | AY16: RL6963_HD_V07 | AZ16: RL6963_HD_V07 | BA16: RL6963_HD_V07 | BB16: RL6963_HD_V07 | BC16: RL6963_HD_V07 | BD16: RL6963_HD_V07 | BE16: RL6963_HD_V07 | BF16: RL6963_V07 | BG16: RL6963_HD_V07 | BH16: RL6963_HD_V07 | BI16: RL6963_HD_V07 | BJ16: RL6963_HD_V07
B17: SDD_LV | C17: 87 | D17: 0.001 | E17: SCAN | N17: Pass Die | O17: 1577 | P17: 1680 | Q17: 1690 | R17: 1692 | S17: 1700 | T17: 1701 | U17: 1706 | V17: 1706 | W17: 1710 | X17: 1710 | Y17: 1710 | Z17: 1711 | AA17: 1713 | AB17: 1713 | AC17: 1714 | AD17: 1716 | AE17: 1716 | AF17: 1716 | AG17: 1717 | AH17: 1720 | AI17: 1721 | AJ17: 1725 | AK17: 1730 | AL17: 1731 | AM17: 1731 | AN17: 1735 | AO17: 1735 | AP17: 1736 | AQ17: 1736 | AR17: 1736 | AS17: 1737 | AT17: 1741 | AU17: 1744 | AV17: 1744 | AW17: 1744 | AX17: 1746 | AY17: 1747 | AZ17: 1750 | BA17: 1750 | BB17: 1751 | BC17: 1755 | BD17: 1755 | BE17: 1757 | BF17: 1760 | BG17: 1761 | BH17: 1769 | BI17: 1769 | BJ17: 1780
B18: BF | C18: 93 | D18: 0.001 | E18: SCAN | N18: Total Die | O18: 1906 | P18: 1906 | Q18: 1906 | R18: 1906 | S18: 1906 | T18: 1906 | U18: 1906 | V18: 1906 | W18: 1906 | X18: 1906 | Y18: 1906 | Z18: 1906 | AA18: 1906 | AB18: 1906 | AC18: 1906 | AD18: 1906 | AE18: 1906 | AF18: 1906 | AG18: 1906 | AH18: 1906 | AI18: 1906 | AJ18: 1906 | AK18: 1906 | AL18: 1906 | AM18: 1906 | AN18: 1906 | AO18: 1906 | AP18: 1906 | AQ18: 1906 | AR18: 1906 | AS18: 1906 | AT18: 1906 | AU18: 1906 | AV18: 1906 | AW18: 1906 | AX18: 1906 | AY18: 1906 | AZ18: 1906 | BA18: 1906 | BB18: 1906 | BC18: 1906 | BD18: 1906 | BE18: 1906 | BF18: 1906 | BG18: 1906 | BH18: 1906 | BI18: 1906 | BJ18: 1906
B19: SAF | C19: 4759 | D19: 0.052 | E19: SCAN | I19: PASS BIN | M19: 0.89880386 | N19: 1.7976077 | O19: 0.8273872 | P19: 0.88142707 | Q19: 0.88667366 | R19: 0.88772298 | S19: 0.89192025 | T19: 0.89244491 | U19: 0.89506821 | V19: 0.89506821 | W19: 0.89716684 | X19: 0.89716684 | Y19: 0.89716684 | Z19: 0.8976915 | AA19: 0.89874082 | AB19: 0.89874082 | AC19: 0.89926548 | AD19: 0.9003148 | AE19: 0.9003148 | AF19: 0.9003148 | AG19: 0.90083945 | AH19: 0.90241343 | AI19: 0.90293809 | AJ19: 0.90503673 | AK19: 0.90766002 | AL19: 0.90818468 | AM19: 0.90818468 | AN19: 0.91028332 | AO19: 0.91028332 | AP19: 0.91080797 | AQ19: 0.91080797 | AR19: 0.91080797 | AS19: 0.91133263 | AT19: 0.91343127 | AU19: 0.91500525 | AV19: 0.91500525 | AW19: 0.91500525 | AX19: 0.91605456 | AY19: 0.91657922 | AZ19: 0.9181532 | BA19: 0.9181532 | BB19: 0.91867786 | BC19: 0.9207765 | BD19: 0.9207765 | BE19: 0.92182581 | BF19: 0.92339979 | BG19: 0.92392445 | BH19: 0.92812172 | BI19: 0.92812172 | BJ19: 0.93389297
B20: PLL | C20: 33 | D20: 0.0004 | E20: SD | I20: OTP | M20: 0.00018731 | N20: 0.00037462 | O20: 0 | P20: 0 | Q20: 0.00052466 | R20: 0.00052466 | S20: 0.00052466 | T20: 0 | U20: 0 | V20: 0 | W20: 0 | X20: 0 | Y20: 0 | Z20: 0 | AA20: 0 | AB20: 0 | AC20: 0.00104932 | AD20: 0 | AE20: 0 | AF20: 0.00052466 | AG20: 0.00104932 | AH20: 0.00104932 | AI20: 0 | AJ20: 0 | AK20: 0.00052466 | AL20: 0 | AM20: 0.00052466 | AN20: 0 | AO20: 0.00052466 | AP20: 0 | AQ20: 0.00052466 | AR20: 0 | AS20: 0 | AT20: 0 | AU20: 0.00052466 | AV20: 0.00262329 | AW20: 0 | AX20: 0.00052466 | AY20: 0 | AZ20: 0 | BA20: 0.00052466 | BB20: 0.00104932 | BC20: 0 | BD20: 0 | BE20: 0 | BF20: 0 | BG20: 0.00052466 | BH20: 0.00052466 | BI20: 0 | BJ20: 0
B21: SD_OTHER | C21: 18 | D21: 0.0002 | E21: SD | I21: TDF_HV | M21: 0.00567573 | N21: 0.01135146 | O21: 0.00419727 | P21: 0.00944386 | Q21: 0.00577125 | R21: 0.00472193 | S21: 0.00209864 | T21: 0.00734523 | U21: 0.00262329 | V21: 0.00262329 | W21: 0.00524659 | X21: 0.00682057 | Y21: 0.00419727 | Z21: 0.00472193 | AA21: 0.00472193 | AB21: 0.00262329 | AC21: 0.00577125 | AD21: 0.00367261 | AE21: 0.00104932 | AF21: 0.00472193 | AG21: 0.00419727 | AH21: 0.00472193 | AI21: 0.00629591 | AJ21: 0.00314795 | AK21: 0.00472193 | AL21: 0.00472193 | AM21: 0.00367261 | AN21: 0.00262329 | AO21: 0.00786988 | AP21: 0.00262329 | AQ21: 0.00472193 | AR21: 0.00524659 | AS21: 0.00314795 | AT21: 0.00104932 | AU21: 0.00262329 | AV21: 0.00262329 | AW21: 0.00524659 | AX21: 0.00629591 | AY21: 0.00314795 | AZ21: 0.00262329 | BA21: 0.00262329 | BB21: 0.00524659 | BC21: 0.00524659 | BD21: 0.00262329 | BE21: 0.00262329 | BF21: 0.00262329 | BG21: 0.00577125 | BH21: 0.00209864 | BI21: 0.00157398 | BJ21: 0.00472193
B22: EARC | C22: 0 | D22: 0 | E22: SD | I22: TDF_LV | M22: 0.0029969 | N22: 0.0059938 | O22: 0.00314795 | P22: 0.00419727 | Q22: 0.00524659 | R22: 0.00839454 | S22: 0.00524659 | T22: 0.00629591 | U22: 0.00839454 | V22: 0.00419727 | W22: 0.00209864 | X22: 0.00367261 | Y22: 0.00209864 | Z22: 0.00314795 | AA22: 0.00104932 | AB22: 0.00367261 | AC22: 0.00367261 | AD22: 0.00262329 | AE22: 0.00629591 | AF22: 0.00419727 | AG22: 0.00209864 | AH22: 0.00209864 | AI22: 0.00157398 | AJ22: 0.00209864 | AK22: 0.00104932 | AL22: 0.00104932 | AM22: 0.00104932 | AN22: 0.00157398 | AO22: 0.00157398 | AP22: 0.00419727 | AQ22: 0.00209864 | AR22: 0.00314795 | AS22: 0.00262329 | AT22: 0.00209864 | AU22: 0.00314795 | AV22: 0.00104932 | AW22: 0.00367261 | AX22: 0.00262329 | AY22: 0.00157398 | AZ22: 0.00157398 | BA22: 0.00104932 | BB22: 0.00367261 | BC22: 0.00052466 | BD22: 0.00367261 | BE22: 0.00104932 | BF22: 0.00419727 | BG22: 0.00157398 | BH22: 0.00367261 | BI22: 0.00052466 | BJ22: 0.00262329
B23: GPIO | C23: 185 | D23: 0.002 | E23: SD | I23: SDD_LV | M23: 0.00053647 | N23: 0.00107294 | O23: 0.00209864 | P23: 0.00104932 | Q23: 0.00052466 | R23: 0.00157398 | S23: 0.00104932 | T23: 0.00209864 | U23: 0 | V23: 0.00052466 | W23: 0 | X23: 0.00052466 | Y23: 0.00157398 | Z23: 0.00157398 | AA23: 0.00052466 | AB23: 0.00314795 | AC23: 0 | AD23: 0.00104932 | AE23: 0 | AF23: 0.00209864 | AG23: 0.00052466 | AH23: 0.00052466 | AI23: 0.00209864 | AJ23: 0.00104932 | AK23: 0.00157398 | AL23: 0.00104932 | AM23: 0.00052466 | AN23: 0 | AO23: 0 | AP23: 0.00157398 | AQ23: 0.00052466 | AR23: 0.00314795 | AS23: 0.00157398 | AT23: 0.00052466 | AU23: 0 | AV23: 0 | AW23: 0 | AX23: 0.00052466 | AY23: 0.00104932 | AZ23: 0.00052466 | BA23: 0 | BB23: 0.00104932 | BC23: 0.00052466 | BD23: 0.00052466 | BE23: 0.00157398 | BF23: 0.00314795 | BG23: 0.00052466 | BH23: 0.00052466 | BI23: 0.00052466 | BJ23: 0.00104932
B24: DDR | C24: 0 | D24: 0 | E24: SD | I24: BF | M24: 0.00083687 | N24: 0.00167374 | O24: 0.00262329 | P24: 0 | Q24: 0.00157398 | R24: 0 | S24: 0.00262329 | T24: 0.00209864 | U24: 0.00104932 | V24: 0 | W24: 0.00157398 | X24: 0.00104932 | Y24: 0.00209864 | Z24: 0.00157398 | AA24: 0.00052466 | AB24: 0.00157398 | AC24: 0.00262329 | AD24: 0.00052466 | AE24: 0.00104932 | AF24: 0.00104932 | AG24: 0 | AH24: 0.00104932 | AI24: 0.00104932 | AJ24: 0.00052466 | AK24: 0.00052466 | AL24: 0.00104932 | AM24: 0.00052466 | AN24: 0.00104932 | AO24: 0.00209864 | AP24: 0.00209864 | AQ24: 0.00052466 | AR24: 0.00052466 | AS24: 0.00104932 | AT24: 0.00157398 | AU24: 0 | AV24: 0.00104932 | AW24: 0.00104932 | AX24: 0 | AY24: 0.00157398 | AZ24: 0.00104932 | BA24: 0 | BB24: 0.00052466 | BC24: 0.00052466 | BD24: 0.00209864 | BE24: 0.00052466 | BF24: 0.00209864 | BG24: 0 | BH24: 0.00052466 | BI24: 0 | BJ24: 0.00052466
B25: PIF | C25: 12 | D25: 0.0001 | E25: SD | I25: SAF | M25: 0.04838574 | N25: 0.09677148 | O25: 0.12119622 | P25: 0.06925498 | Q25: 0.05928646 | R25: 0.06033578 | S25: 0.06033578 | T25: 0.05036726 | U25: 0.05036726 | V25: 0.05403987 | W25: 0.04826863 | X25: 0.05928646 | Y25: 0.05351522 | Z25: 0.05089192 | AA25: 0.06453305 | AB25: 0.05089192 | AC25: 0.05036726 | AD25: 0.06086044 | AE25: 0.04774397 | AF25: 0.04512067 | AG25: 0.06190976 | AH25: 0.05771249 | AI25: 0.05456453 | AJ25: 0.05718783 | AK25: 0.05036726 | AL25: 0.0587618 | AM25: 0.05823715 | AN25: 0.05089192 | AO25: 0.05194124 | AP25: 0.04721931 | AQ25: 0.0498426 | AR25: 0.04249738 | AS25: 0.05089192 | AT25: 0.04512067 | AU25: 0.05508919 | AV25: 0.04879328 | AW25: 0.05036726 | AX25: 0.04774397 | AY25: 0.04826863 | AZ25: 0.0409234 | BA25: 0.04669465 | BB25: 0.05141658 | BC25: 0.04039874 | BD25: 0.04039874 | BE25: 0.04407135 | BF25: 0.03725079 | BG25: 0.04721931 | BH25: 0.0320042 | BI25: 0.0383001 | BJ25: 0.03410283
B26: USB | C26: 4 | D26: 0 | E26: SD | I26: PLL | M26: 0.00067218 | N26: 0.00134436 | O26: 0 | P26: 0 | Q26: 0 | R26: 0 | S26: 0 | T26: 0.00052466 | U26: 0.00262329 | V26: 0 | W26: 0.00052466 | X26: 0.00052466 | Y26: 0.00052466 | Z26: 0.00157398 | AA26: 0.00052466 | AB26: 0 | AC26: 0.00052466 | AD26: 0 | AE26: 0.00104932 | AF26: 0.00052466 | AG26: 0.00052466 | AH26: 0 | AI26: 0.00052466 | AJ26: 0 | AK26: 0.00052466 | AL26: 0.00104932 | AM26: 0.00052466 | AN26: 0 | AO26: 0 | AP26: 0.00104932 | AQ26: 0 | AR26: 0.00052466 | AS26: 0 | AT26: 0.00209864 | AU26: 0 | AV26: 0.00052466 | AW26: 0 | AX26: 0 | AY26: 0 | AZ26: 0 | BA26: 0 | BB26: 0 | BC26: 0.00052466 | BD26: 0.00052466 | BE26: 0 | BF26: 0 | BG26: 0 | BH26: 0 | BI26: 0 | BJ26: 0
B27: LDO | C27: 0 | D27: 0 | E27: SD | I27: SD_OTHER | M27: 0.00023678 | N27: 0.00047356 | O27: 0 | P27: 0.00052466 | Q27: 0 | R27: 0.00104932 | S27: 0.00104932 | T27: 0 | U27: 0 | V27: 0 | W27: 0.00052466 | X27: 0.00157398 | Y27: 0 | Z27: 0 | AA27: 0.00052466 | AB27: 0 | AC27: 0.00052466 | AD27: 0.00052466 | AE27: 0.00052466 | AF27: 0 | AG27: 0 | AH27: 0.00052466 | AI27: 0 | AJ27: 0 | AK27: 0 | AL27: 0 | AM27: 0 | AN27: 0.00052466 | AO27: 0 | AP27: 0 | AQ27: 0 | AR27: 0 | AS27: 0.00052466 | AT27: 0 | AU27: 0.00052466 | AV27: 0 | AW27: 0 | AX27: 0 | AY27: 0 | AZ27: 0 | BA27: 0 | BB27: 0 | BC27: 0 | BD27: 0 | BE27: 0.00052466 | BF27: 0 | BG27: 0 | BH27: 0 | BI27: 0 | BJ27: 0
B28: HDMI | C28: 1 | D28: 0 | E28: SD | I28: EARC | M28: 6.36e-06 | N28: 1.272e-05 | O28: 0 | P28: 0 | Q28: 0 | R28: 0 | S28: 0 | T28: 0 | U28: 0 | V28: 0 | W28: 0 | X28: 0 | Y28: 0 | Z28: 0 | AA28: 0 | AB28: 0 | AC28: 0 | AD28: 0 | AE28: 0 | AF28: 0 | AG28: 0 | AH28: 0 | AI28: 0 | AJ28: 0 | AK28: 0 | AL28: 0 | AM28: 0 | AN28: 0 | AO28: 0 | AP28: 0 | AQ28: 0 | AR28: 0 | AS28: 0 | AT28: 0 | AU28: 0 | AV28: 0 | AW28: 0 | AX28: 0 | AY28: 0 | AZ28: 0 | BA28: 0 | BB28: 0 | BC28: 0 | BD28: 0 | BE28: 0 | BF28: 0 | BG28: 0 | BH28: 0 | BI28: 0 | BJ28: 0
B29: ETN | C29: 0 | D29: 0 | E29: SD | I29: GPIO | M29: 0.00101852 | N29: 0.00203704 | O29: 0.00262329 | P29: 0.00104932 | Q29: 0.00157398 | R29: 0.00472193 | S29: 0.00209864 | T29: 0.00367261 | U29: 0.00209864 | V29: 0.00209864 | W29: 0.00052466 | X29: 0.00262329 | Y29: 0.00472193 | Z29: 0.00472193 | AA29: 0 | AB29: 0.00419727 | AC29: 0 | AD29: 0.00157398 | AE29: 0.00104932 | AF29: 0.00314795 | AG29: 0.00052466 | AH29: 0.00262329 | AI29: 0.00262329 | AJ29: 0.00209864 | AK29: 0.00052466 | AL29: 0.00104932 | AM29: 0.00209864 | AN29: 0.00367261 | AO29: 0.00157398 | AP29: 0.00367261 | AQ29: 0.00209864 | AR29: 0.00629591 | AS29: 0.00104932 | AT29: 0.00262329 | AU29: 0.00052466 | AV29: 0.00104932 | AW29: 0.00209864 | AX29: 0.00209864 | AY29: 0.00052466 | AZ29: 0.00157398 | BA29: 0.00104932 | BB29: 0.00104932 | BC29: 0.00209864 | BD29: 0.00104932 | BE29: 0.00209864 | BF29: 0.00157398 | BG29: 0.00052466 | BH29: 0.00209864 | BI29: 0.00157398 | BJ29: 0.00104932
B30: DIC | C30: 43 | D30: 0.0005 | E30: DIC | I30: DDR | M30: 1.767e-05 | N30: 3.534e-05 | O30: 0 | P30: 0 | Q30: 0 | R30: 0 | S30: 0 | T30: 0 | U30: 0 | V30: 0 | W30: 0 | X30: 0 | Y30: 0 | Z30: 0 | AA30: 0 | AB30: 0 | AC30: 0 | AD30: 0 | AE30: 0 | AF30: 0 | AG30: 0 | AH30: 0 | AI30: 0 | AJ30: 0 | AK30: 0 | AL30: 0 | AM30: 0 | AN30: 0 | AO30: 0 | AP30: 0 | AQ30: 0 | AR30: 0 | AS30: 0 | AT30: 0 | AU30: 0 | AV30: 0 | AW30: 0 | AX30: 0 | AY30: 0 | AZ30: 0 | BA30: 0 | BB30: 0 | BC30: 0 | BD30: 0 | BE30: 0 | BF30: 0 | BG30: 0 | BH30: 0 | BI30: 0 | BJ30: 0
... B36: OS | C36: 540 | D36: 0.0059 | E36: OS | I36: DIC | M36: 0.00030252 | N36: 0.00060504 | O36: 0.00052466 | P36: 0.00052466 | Q36: 0.00104932 | R36: 0 | S36: 0.00052466 | T36: 0 | U36: 0.00052466 | V36: 0.00104932 | W36: 0.00052466 | X36: 0.00052466 | Y36: 0 | Z36: 0.00104932 | AA36: 0.00052466 | AB36: 0 | AC36: 0 | AD36: 0 | AE36: 0.00052466 | AF36: 0 | AG36: 0.00052466 | AH36: 0.00052466 | AI36: 0 | AJ36: 0.00052466 | AK36: 0.00104932 | AL36: 0.00104932 | AM36: 0 | AN36: 0 | AO36: 0.00104932 | AP36: 0 | AQ36: 0.00052466 | AR36: 0.00052466 | AS36: 0.00104932 | AT36: 0.00104932 | AU36: 0.00052466 | AV36: 0 | AW36: 0.00052466 | AX36: 0 | AY36: 0.00104932 | AZ36: 0.00052466 | BA36: 0.00052466 | BB36: 0.00052466 | BC36: 0 | BD36: 0.00052466 | BE36: 0.00052466 | BF36: 0.00052466 | BG36: 0.00052466 | BH36: 0.00104932 | BI36: 0.00052466 | BJ36: 0
I37: BIST_LV | M37: 0.00762512 | N37: 0.01525024 | O37: 0.00157398 | P37: 0.00314795 | Q37: 0.01206716 | R37: 0.00262329 | S37: 0.00262329 | T37: 0.00629591 | U37: 0.01049318 | V37: 0.00314795 | W37: 0.01364113 | X37: 0.00262329 | Y37: 0.00524659 | Z37: 0.00786988 | AA37: 0.00262329 | AB37: 0.00314795 | AC37: 0.01311647 | AD37: 0.00577125 | AE37: 0.00524659 | AF37: 0.00419727 | AG37: 0.00419727 | AH37: 0.00052466 | AI37: 0.00157398 | AJ37: 0.00052466 | AK37: 0.00629591 | AL37: 0.00157398 | AM37: 0.00209864 | AN37: 0 | AO37: 0.00052466 | AP37: 0.00419727 | AQ37: 0.00524659 | AR37: 0.00419727 | AS37: 0.00157398 | AT37: 0.00682057 | AU37: 0.00104932 | AV37: 0.00157398 | AW37: 0.00367261 | AX37: 0.00157398 | AY37: 0.00052466 | AZ37: 0.00314795 | BA37: 0.00157398 | BB37: 0.00157398 | BC37: 0.00262329 | BD37: 0.00157398 | BE37: 0.00157398 | BF37: 0.00314795 | BG37: 0.00052466 | BH37: 0.00367261 | BI37: 0.00157398 | BJ37: 0.00104932
I38: BIST_HV | M38: 0.01410379 | N38: 0.02820758 | O38: 0.01888772 | P38: 0.01941238 | Q38: 0.01783841 | R38: 0.01573977 | S38: 0.01731375 | T38: 0.01678909 | U38: 0.01783841 | V38: 0.02360965 | W38: 0.01731375 | X38: 0.01049318 | Y38: 0.01364113 | Z38: 0.01364113 | AA38: 0.01521511 | AB38: 0.01364113 | AC38: 0.01416579 | AD38: 0.01416579 | AE38: 0.01206716 | AF38: 0.01311647 | AG38: 0.01259182 | AH38: 0.01573977 | AI38: 0.01783841 | AJ38: 0.01049318 | AK38: 0.01364113 | AL38: 0.01101784 | AM38: 0.01416579 | AN38: 0.01626443 | AO38: 0.01416579 | AP38: 0.01101784 | AQ38: 0.01469045 | AR38: 0.00996852 | AS38: 0.01731375 | AT38: 0.00996852 | AU38: 0.01364113 | AV38: 0.01626443 | AW38: 0.00996852 | AX38: 0.00944386 | AY38: 0.01783841 | AZ38: 0.01521511 | BA38: 0.0115425 | BB38: 0.01206716 | BC38: 0.01416579 | BD38: 0.01364113 | BE38: 0.0089192 | BF38: 0.01311647 | BG38: 0.01206716 | BH38: 0.01364113 | BI38: 0.01206716 | BJ38: 0.0089192
I39: OTHER | M39: 0.0007365 | N39: 0.001473 | O39: 0 | P39: 0.00209864 | Q39: 0.00104932 | R39: 0 | S39: 0.00209864 | T39: 0.00052466 | U39: 0.00209864 | V39: 0.00209864 | W39: 0.00052466 | X39: 0 | Y39: 0.00052466 | Z39: 0.00052466 | AA39: 0.00157398 | AB39: 0.00157398 | AC39: 0.00209864 | AD39: 0.00157398 | AE39: 0.00104932 | AF39: 0.00157398 | AG39: 0.00157398 | AH39: 0 | AI39: 0.00052466 | AJ39: 0.00052466 | AK39: 0.00104932 | AL39: 0.00052466 | AM39: 0.00052466 | AN39: 0.00052466 | AO39: 0.00052466 | AP39: 0 | AQ39: 0.00209864 | AR39: 0.00104932 | AS39: 0.00104932 | AT39: 0.00052466 | AU39: 0.00104932 | AV39: 0.00052466 | AW39: 0.00052466 | AX39: 0 | AY39: 0.00157398 | AZ39: 0.00052466 | BA39: 0 | BB39: 0 | BC39: 0.00052466 | BD39: 0.00104932 | BE39: 0.00052466 | BF39: 0.00052466 | BG39: 0.00052466 | BH39: 0.00104932 | BI39: 0.00104932 | BJ39: 0.00157398
I40: IDD | M40: 0.0123205 | N40: 0.024641 | O40: 0.00839454 | P40: 0.00472193 | Q40: 0.00262329 | R40: 0.00786988 | S40: 0.00524659 | T40: 0.00577125 | U40: 0.00157398 | V40: 0.00419727 | W40: 0.00577125 | X40: 0.00734523 | Y40: 0.00629591 | Z40: 0.00472193 | AA40: 0.00314795 | AB40: 0.00786988 | AC40: 0.00472193 | AD40: 0.00314795 | AE40: 0.01469045 | AF40: 0.01259182 | AG40: 0.00419727 | AH40: 0.00209864 | AI40: 0.00314795 | AJ40: 0.0089192 | AK40: 0.00524659 | AL40: 0.00419727 | AM40: 0.00419727 | AN40: 0.00524659 | AO40: 0.00104932 | AP40: 0.00734523 | AQ40: 0.00314795 | AR40: 0.00419727 | AS40: 0.00157398 | AT40: 0.00314795 | AU40: 0.00209864 | AV40: 0.00314795 | AW40: 0.00157398 | AX40: 0.00367261 | AY40: 0.00367261 | AZ40: 0.00524659 | BA40: 0.00734523 | BB40: 0.00262329 | BC40: 0.00314795 | BD40: 0.00157398 | BE40: 0.00682057 | BF40: 0.00524659 | BG40: 0.00209864 | BH40: 0.00262329 | BI40: 0.00419727 | BJ40: 0.00419727
I41: POR | M41: 0.00049689 | N41: 0.00099378 | O41: 0 | P41: 0 | Q41: 0 | R41: 0 | S41: 0 | T41: 0 | U41: 0.00052466 | V41: 0 | W41: 0 | X41: 0.00052466 | Y41: 0 | Z41: 0 | AA41: 0.00052466 | AB41: 0 | AC41: 0 | AD41: 0 | AE41: 0 | AF41: 0 | AG41: 0 | AH41: 0 | AI41: 0 | AJ41: 0 | AK41: 0 | AL41: 0 | AM41: 0 | AN41: 0 | AO41: 0 | AP41: 0 | AQ41: 0 | AR41: 0 | AS41: 0 | AT41: 0 | AU41: 0 | AV41: 0 | AW41: 0.00052466 | AX41: 0 | AY41: 0 | AZ41: 0 | BA41: 0 | BB41: 0 | BC41: 0 | BD41: 0 | BE41: 0 | BF41: 0 | BG41: 0 | BH41: 0 | BI41: 0 | BJ41: 0.00052466
I42: OS | M42: 0.00487773 | N42: 0.00975546 | O42: 0.00577125 | P42: 0.00314795 | Q42: 0.00419727 | R42: 0.00472193 | S42: 0.00524659 | T42: 0.00577125 | U42: 0.00472193 | V42: 0.00734523 | W42: 0.00577125 | X42: 0.00472193 | Y42: 0.00839454 | Z42: 0.00629591 | AA42: 0.00524659 | AB42: 0.0089192 | AC42: 0.00209864 | AD42: 0.00419727 | AE42: 0.00734523 | AF42: 0.00629591 | AG42: 0.00524659 | AH42: 0.00839454 | AI42: 0.00524659 | AJ42: 0.00734523 | AK42: 0.00524659 | AL42: 0.00472193 | AM42: 0.00367261 | AN42: 0.00734523 | AO42: 0.00682057 | AP42: 0.00419727 | AQ42: 0.00262329 | AR42: 0.00734523 | AS42: 0.00524659 | AT42: 0.00996852 | AU42: 0.00419727 | AV42: 0.00524659 | AW42: 0.00577125 | AX42: 0.00944386 | AY42: 0.00262329 | AZ42: 0.00839454 | BA42: 0.00839454 | BB42: 0.00052466 | BC42: 0.0089192 | BD42: 0.00944386 | BE42: 0.00734523 | BF42: 0.00314795 | BG42: 0.00419727 | BH42: 0.00786988 | BI42: 0.0089192 | BJ42: 0.00524659
A43: 2025-10-27-2025-11-02 | J43: 48
A44: Order | B44: Item | C44: Bin | D44: Test program | E44: Test voltage | F44: Fail Type | G44: Fail Type | H44: q'ty | I44: % | J44: >10% | K44: >avg*2 | L44: Max | M44: Avg % | N44: Highlight %
A45: TOP | B45: PASS BIN | D45: PASS BIN | F45: PASS BIN | G45: PASS BIN | H45: 82894 | I45: 0.9061 | M45: 0.89880386 | N45: wafer_count=743 | O45: 0.8273872 | P45: 0.88142707 | Q45: 0.88667366 | R45: 0.88772298 | S45: 0.89192025 | T45: 0.89244491 | U45: 0.89506821 | V45: 0.89506821 | W45: 0.89716684 | X45: 0.89716684 | Y45: 0.89716684 | Z45: 0.8976915 | AA45: 0.89874082 | AB45: 0.89874082 | AC45: 0.89926548 | AD45: 0.9003148 | AE45: 0.9003148 | AF45: 0.9003148 | AG45: 0.90083945 | AH45: 0.90241343 | AI45: 0.90293809 | AJ45: 0.90503673 | AK45: 0.90766002 | AL45: 0.90818468 | AM45: 0.90818468 | AN45: 0.91028332 | AO45: 0.91028332 | AP45: 0.91080797 | AQ45: 0.91080797 | AR45: 0.91080797 | AS45: 0.91133263 | AT45: 0.91343127 | AU45: 0.91500525 | AV45: 0.91500525 | AW45: 0.91500525 | AX45: 0.91605456 | AY45: 0.91657922 | AZ45: 0.9181532 | BA45: 0.9181532 | BB45: 0.91867786 | BC45: 0.9207765 | BD45: 0.9207765 | BE45: 0.92182581 | BF45: 0.92339979 | BG45: 0.92392445 | BH45: 0.92812172 | BI45: 0.92812172 | BJ45: 0.93389297
A46: TOP | B46: PASS BIN | C46: 1 | D46: PASS BIN | F46: PASS BIN | G46: PASS BIN | H46: 82894 | I46: 0.90606418 | J46: 48 | K46: 0 | L46: 0.93389297 | M46: 0.89880386 | N46: 1.7976077 | O46: 0.8273872 | P46: 0.88142707 | Q46: 0.88667366 | R46: 0.88772298 | S46: 0.89192025 | T46: 0.89244491 | U46: 0.89506821 | V46: 0.89506821 | W46: 0.89716684 | X46: 0.89716684 | Y46: 0.89716684 | Z46: 0.8976915 | AA46: 0.89874082 | AB46: 0.89874082 | AC46: 0.89926548 | AD46: 0.9003148 | AE46: 0.9003148 | AF46: 0.9003148 | AG46: 0.90083945 | AH46: 0.90241343 | AI46: 0.90293809 | AJ46: 0.90503673 | AK46: 0.90766002 | AL46: 0.90818468 | AM46: 0.90818468 | AN46: 0.91028332 | AO46: 0.91028332 | AP46: 0.91080797 | AQ46: 0.91080797 | AR46: 0.91080797 | AS46: 0.91133263 | AT46: 0.91343127 | AU46: 0.91500525 | AV46: 0.91500525 | AW46: 0.91500525 | AX46: 0.91605456 | AY46: 0.91657922 | AZ46: 0.9181532 | BA46: 0.9181532 | BB46: 0.91867786 | BC46: 0.9207765 | BD46: 0.9207765 | BE46: 0.92182581 | BF46: 0.92339979 | BG46: 0.92392445 | BH46: 0.92812172 | BI46: 0.92812172 | BJ46: 0.93389297
A47: TOP1 | B47: BIN21:cp_mode1_saf_comp_B | C47: 21 | D47: cp_mode1_saf_comp_B | E47: 0.88V | F47: SAF | G47: SCAN | H47: 2346 | I47: 0.02564271 | J47: 0 | K47: 1 | L47: 0.059811123 | M47: 0.02343587 | N47: 0.04687174 | O47: 0.05981112 | P47: 0.02885624 | Q47: 0.02728227 | R47: 0.02465897 | S47: 0.03305352 | T47: 0.02360965 | U47: 0.02623295 | V47: 0.02990556 | W47: 0.02413431 | X47: 0.02885624 | Y47: 0.02203568 | Z47: 0.02360965 | AA47: 0.03410283 | AB47: 0.02151102 | AC47: 0.02675761 | AD47: 0.03147954 | AE47: 0.02728227 | AF47: 0.02203568 | AG47: 0.02990556 | AH47: 0.02570829 | AI47: 0.02675761 | AJ47: 0.02518363 | AK47: 0.02728227 | AL47: 0.03095488 | AM47: 0.02885624 | AN47: 0.01993704 | AO47: 0.02308499 | AP47: 0.01836306 | AQ47: 0.02570829 | AR47: 0.0204617 | AS47: 0.02518363 | AT47: 0.02675761 | AU47: 0.02465897 | AV47: 0.02728227 | AW47: 0.02833158 | AX47: 0.02780693 | AY47: 0.02570829 | AZ47: 0.01993704 | BA47: 0.02518363 | BB47: 0.02151102 | BC47: 0.01678909 | BD47: 0.02098636 | BE47: 0.01993704 | BF47: 0.01731375 | BG47: 0.02623295 | BH47: 0.01731375 | BI47: 0.02151102 | BJ47: 0.02098636
A48: TOP2 | B48: BIN19:cp_mode0_saf_comp | C48: 19 | D48: cp_mode0_saf_comp | E48: 0.88V | F48: SAF | G48: SCAN | H48: 1251 | I48: 0.01367392 | J48: 0 | K48: 1 | L48: 0.029905561 | M48: 0.01268875 | N48: 0.0253775 | O48: 0.02990556 | P48: 0.01731375 | Q48: 0.01836306 | R48: 0.02203568 | S48: 0.01364113 | T48: 0.01259182 | U48: 0.01101784 | V48: 0.01364113 | W48: 0.01364113 | X48: 0.01941238 | Y48: 0.01626443 | Z48: 0.01573977 | AA48: 0.01469045 | AB48: 0.01416579 | AC48: 0.01416579 | AD48: 0.01626443 | AE48: 0.00996852 | AF48: 0.00996852 | AG48: 0.01364113 | AH48: 0.01836306 | AI48: 0.01678909 | AJ48: 0.01311647 | AK48: 0.01311647 | AL48: 0.01364113 | AM48: 0.01259182 | AN48: 0.01573977 | AO48: 0.01416579 | AP48: 0.01521511 | AQ48: 0.0115425 | AR48: 0.01206716 | AS48: 0.01311647 | AT48: 0.01049318 | AU48: 0.01573977 | AV48: 0.0115425 | AW48: 0.01364113 | AX48: 0.01311647 | AY48: 0.01049318 | AZ48: 0.0115425 | BA48: 0.01259182 | BB48: 0.01364113 | BC48: 0.01311647 | BD48: 0.0115425 | BE48: 0.01364113 | BF48: 0.00944386 | BG48: 0.01101784 | BH48: 0.00472193 | BI48: 0.00734523 | BJ48: 0.00682057
A49: TOP3 | B49: BIN23:cp_mode2_saf_comp_B | C49: 23 | D49: cp_mode2_saf_comp_B | E49: 0.88V | F49: SAF | G49: SCAN | H49: 1055 | I49: 0.01153157 | J49: 0 | K49: 1 | L49: 0.03043022 | M49: 0.01103621 | N49: 0.02207242 | O49: 0.03043022 | P49: 0.02098636 | Q49: 0.01206716 | R49: 0.01259182 | S49: 0.01259182 | T49: 0.01259182 | U49: 0.0115425 | V49: 0.00944386 | W49: 0.0089192 | X49: 0.01049318 | Y49: 0.01311647 | Z49: 0.0115425 | AA49: 0.01469045 | AB49: 0.01416579 | AC49: 0.00839454 | AD49: 0.01259182 | AE49: 0.00996852 | AF49: 0.0115425 | AG49: 0.01626443 | AH49: 0.01259182 | AI49: 0.01049318 | AJ49: 0.01783841 | AK49: 0.00944386 | AL49: 0.01259182 | AM49: 0.01521511 | AN49: 0.01364113 | AO49: 0.01206716 | AP49: 0.0115425 | AQ49: 0.01049318 | AR49: 0.00944386 | AS49: 0.01101784 | AT49: 0.00734523 | AU49: 0.01259182 | AV49: 0.00944386 | AW49: 0.00786988 | AX49: 0.00629591 | AY49: 0.01049318 | AZ49: 0.00839454 | BA49: 0.00839454 | BB49: 0.01416579 | BC49: 0.00996852 | BD49: 0.00734523 | BE49: 0.00944386 | BF49: 0.00944386 | BG49: 0.00839454 | BH49: 0.0089192 | BI49: 0.0089192 | BJ49: 0.00577125
A50: TOP4 | B50: BIN82:all_bist_m_0217_p1_BIST_LDOoff_OC700_HV | C50: 82 | D50: all_bist_m_0217_p1_BIST_LDOoff_OC700_HV | E50: 0.88V | F50: BIST_HV | G50: BIST | H50: 951 | I50: 0.01039481 | J50: 0 | K50: 0 | L50: 0.019412382 | M50: 0.00981342 | N50: 0.01962684 | O50: 0.01364113 | P50: 0.01521511 | Q50: 0.01206716 | R50: 0.01101784 | S50: 0.01206716 | T50: 0.01101784 | U50: 0.01311647 | V50: 0.01941238 | W50: 0.01311647 | X50: 0.00629591 | Y50: 0.00996852 | Z50: 0.00944386 | AA50: 0.0115425 | AB50: 0.01101784 | AC50: 0.0089192 | AD50: 0.01101784 | AE50: 0.0089192 | AF50: 0.00996852 | AG50: 0.00996852 | AH50: 0.01049318 | AI50: 0.01311647 | AJ50: 0.00682057 | AK50: 0.00996852 | AL50: 0.00629591 | AM50: 0.00944386 | AN50: 0.01259182 | AO50: 0.0115425 | AP50: 0.0089192 | AQ50: 0.00944386 | AR50: 0.00682057 | AS50: 0.01416579 | AT50: 0.00786988 | AU50: 0.01101784 | AV50: 0.01311647 | AW50: 0.00734523 | AX50: 0.00734523 | AY50: 0.01469045 | AZ50: 0.01049318 | BA50: 0.00734523 | BB50: 0.01101784 | BC50: 0.00944386 | BD50: 0.00944386 | BE50: 0.00734523 | BF50: 0.00996852 | BG50: 0.0089192 | BH50: 0.01049318 | BI50: 0.00944386 | BJ50: 0.00629591
A51: TOP5 | B51: BIN5:IDD | C51: 5 | D51: IDD | E51: 0.8V | F51: IDD | G51: IDD | H51: 396 | I51: 0.00432844 | J51: 0 | K51: 0 | L51: 0.014690451 | M51: 0.01050115 | N51: 0.0210023 | O51: 0.00839454 | P51: 0.00472193 | Q51: 0.00262329 | R51: 0.00786988 | S51: 0.00524659 | T51: 0.00524659 | U51: 0.00157398 | V51: 0.00419727 | W51: 0.00524659 | X51: 0.00629591 | Y51: 0.00472193 | Z51: 0.00472193 | AA51: 0.00314795 | AB51: 0.00524659 | AC51: 0.00472193 | AD51: 0.00314795 | AE51: 0.01469045 | AF51: 0.0089192 | AG51: 0.00419727 | AH51: 0.00209864 | AI51: 0.00314795 | AJ51: 0.00734523 | AK51: 0.00524659 | AL51: 0.00419727 | AM51: 0.00419727 | AN51: 0.00472193 | AO51: 0.00104932 | AP51: 0.00734523 | AQ51: 0.00314795 | AR51: 0.00419727 | AS51: 0.00157398 | AT51: 0.00314795 | AU51: 0.00209864 | AV51: 0.00314795 | AW51: 0.00157398 | AX51: 0.00262329 | AY51: 0.00367261 | AZ51: 0.00524659 | BA51: 0.00419727 | BB51: 0.00262329 | BC51: 0.00314795 | BD51: 0.00104932 | BE51: 0.00367261 | BF51: 0.00524659 | BG51: 0.00209864 | BH51: 0.00262329 | BI51: 0.00419727 | BJ51: 0.00419727
A52: TOP6 | B52: BIN2:os | C52: 2 | D52: os | F52: OS | G52: OS | H52: 291 | I52: 0.00318075 | J52: 0 | K52: 13 | L52: 0.0089192025 | M52: 0.00227665 | N52: 0.0045533 | O52: 0.00157398 | P52: 0.00157398 | Q52: 0.00052466 | R52: 0.00209864 | S52: 0.00314795 | T52: 0.00367261 | U52: 0.00157398 | V52: 0.00314795 | W52: 0.00262329 | X52: 0.00104932 | Y52: 0.00419727 | Z52: 0.00157398 | AA52: 0.00209864 | AB52: 0.00367261 | AC52: 0.00052466 | AD52: 0.00104932 | AE52: 0.00577125 | AF52: 0.00419727 | AG52: 0.00052466 | AH52: 0.00524659 | AI52: 0.00104932 | AJ52: 0.00524659 | AK52: 0.00314795 | AL52: 0.00104932 | AM52: 0.00262329 | AN52: 0.00419727 | AO52: 0.00524659 | AP52: 0.00104932 | AQ52: 0.00052466 | AR52: 0.00367261 | AS52: 0.00262329 | AT52: 0.00786988 | AU52: 0.00262329 | AV52: 0.00209864 | AW52: 0.00314795 | AX52: 0.0089192 | AY52: 0.00104932 | AZ52: 0.00472193 | BA52: 0.00524659 | BB52: 0 | BC52: 0.00682057 | BD52: 0.00629591 | BE52: 0.00577125 | BF52: 0.00157398 | BG52: 0.00104932 | BH52: 0.00524659 | BI52: 0.00577125 | BJ52: 0.00419727
A53: TOP7 | B53: BIN3:PowerShort | C53: 3 | D53: PowerShort | E53: 0.1V | F53: OS | G53: OS | H53: 249 | I53: 0.00272167 | J53: 0 | K53: 1 | L53: 0.0052465897 | M53: 0.00259755 | N53: 0.0051951 | O53: 0.00419727 | P53: 0.00157398 | Q53: 0.00367261 | R53: 0.00262329 | S53: 0.00209864 | T53: 0.00209864 | U53: 0.00314795 | V53: 0.00419727 | W53: 0.00314795 | X53: 0.00367261 | Y53: 0.00419727 | Z53: 0.00472193 | AA53: 0.00314795 | AB53: 0.00524659 | AC53: 0.00157398 | AD53: 0.00314795 | AE53: 0.00157398 | AF53: 0.00209864 | AG53: 0.00472193 | AH53: 0.00314795 | AI53: 0.00419727 | AJ53: 0.00209864 | AK53: 0.00209864 | AL53: 0.00367261 | AM53: 0.00104932 | AN53: 0.00314795 | AO53: 0.00157398 | AP53: 0.00314795 | AQ53: 0.00209864 | AR53: 0.00367261 | AS53: 0.00262329 | AT53: 0.00209864 | AU53: 0.00157398 | AV53: 0.00314795 | AW53: 0.00262329 | AX53: 0.00052466 | AY53: 0.00157398 | AZ53: 0.00367261 | BA53: 0.00314795 | BB53: 0.00052466 | BC53: 0.00209864 | BD53: 0.00314795 | BE53: 0.00157398 | BF53: 0.00157398 | BG53: 0.00314795 | BH53: 0.00262329 | BI53: 0.00314795 | BJ53: 0.00104932
A54: TOP8 | B54: BIN51:cp_mode1_tdf_cov70_comp_HV | C54: 51 | D54: cp_mode1_tdf_cov70_comp_HV | E54: 0.88V | F54: TDF_HV | G54: SCAN | H54: 234 | I54: 0.00255771 | J54: 0 | K54: 0 | L54: 0.0068205666 | M54: 0.00345986 | N54: 0.00691972 | O54: 0.00262329 | P54: 0.00682057 | Q54: 0.00419727 | R54: 0.00157398 | S54: 0.00052466 | T54: 0.00314795 | U54: 0.00209864 | V54: 0.00209864 | W54: 0.00367261 | X54: 0.00262329 | Y54: 0.00314795 | Z54: 0.00314795 | AA54: 0.00314795 | AB54: 0.00104932 | AC54: 0.00472193 | AD54: 0.00209864 | AE54: 0.00052466 | AF54: 0.00262329 | AG54: 0.00209864 | AH54: 0.00367261 | AI54: 0.00419727 | AJ54: 0.00262329 | AK54: 0.00314795 | AL54: 0.00314795 | AM54: 0.00262329 | AN54: 0.00209864 | AO54: 0.00524659 | AP54: 0.00052466 | AQ54: 0.00314795 | AR54: 0.00367261 | AS54: 0.00104932 | AT54: 0.00052466 | AU54: 0.00209864 | AV54: 0.00157398 | AW54: 0.00314795 | AX54: 0.00367261 | AY54: 0.00157398 | AZ54: 0.00209864 | BA54: 0.00209864 | BB54: 0.00262329 | BC54: 0.00262329 | BD54: 0.00157398 | BE54: 0.00104932 | BF54: 0.00209864 | BG54: 0.00524659 | BH54: 0.00104932 | BI54: 0.00052466 | BJ54: 0.00209864
A55: TOP9 | B55: BIN254:GPIO_01_GPOH | C55: 254 | D55: GPIO_01_GPOH | E55: 0.8V | F55: GPIO | G55: SD | H55: 181 | I55: 0.0019784 | J55: 0 | K55: 23 | L55: 0.0062959077 | M55: 0.00095137 | N55: 0.00190274 | O55: 0.00262329 | P55: 0.00104932 | Q55: 0.00157398 | R55: 0.00419727 | S55: 0.00157398 | T55: 0.00367261 | U55: 0.00209864 | V55: 0.00209864 | W55: 0.00052466 | X55: 0.00262329 | Y55: 0.00472193 | Z55: 0.00472193 | AA55: 0 | AB55: 0.00419727 | AC55: 0 | AD55: 0.00157398 | AE55: 0.00104932 | AF55: 0.00314795 | AG55: 0.00052466 | AH55: 0.00262329 | AI55: 0.00209864 | AJ55: 0.00157398 | AK55: 0.00052466 | AL55: 0.00104932 | AM55: 0.00209864 | AN55: 0.00367261 | AO55: 0.00157398 | AP55: 0.00367261 | AQ55: 0.00209864 | AR55: 0.00629591 | AS55: 0.00104932 | AT55: 0.00262329 | AU55: 0.00052466 | AV55: 0.00104932 | AW55: 0.00209864 | AX55: 0.00209864 | AY55: 0.00052466 | AZ55: 0.00157398 | BA55: 0.00104932 | BB55: 0.00104932 | BC55: 0.00209864 | BD55: 0.00104932 | BE55: 0.00209864 | BF55: 0.00157398 | BG55: 0.00052466 | BH55: 0.00209864 | BI55: 0.00157398 | BJ55: 0.00104932
A56: TOP10 | B56: BIN86:all_bist_m_0217_p2_GPU_BIST_LDOoff_HV | C56: 86 | D56: all_bist_m_0217_p2_GPU_BIST_LDOoff_HV | E56: 0.88V | F56: BIST_HV | G56: BIST | H56: 132 | I56: 0.00144281 | J56: 0 | K56: 2 | L56: 0.0036726128 | M56: 0.0016278 | N56: 0.0032556 | O56: 0.00157398 | P56: 0.00314795 | Q56: 0.00367261 | R56: 0.00157398 | S56: 0.00262329 | T56: 0.00262329 | U56: 0.00209864 | V56: 0.00104932 | W56: 0.00157398 | X56: 0.00209864 | Y56: 0.00104932 | Z56: 0.00052466 | AA56: 0.00157398 | AB56: 0.00052466 | AC56: 0.00367261 | AD56: 0.00262329 | AE56: 0.00157398 | AF56: 0.00209864 | AG56: 0.00052466 | AH56: 0.00209864 | AI56: 0.00157398 | AJ56: 0.00104932 | AK56: 0.00262329 | AL56: 0.00157398 | AM56: 0.00209864 | AN56: 0.00157398 | AO56: 0 | AP56: 0.00104932 | AQ56: 0.00157398 | AR56: 0.00209864 | AS56: 0.00052466 | AT56: 0.00157398 | AU56: 0 | AV56: 0.00157398 | AW56: 0.00104932 | AX56: 0.00052466 | AY56: 0.00052466 | AZ56: 0.00104932 | BA56: 0.00157398 | BB56: 0 | BC56: 0.00052466 | BD56: 0.00209864 | BE56: 0.00052466 | BF56: 0.00104932 | BG56: 0.00052466 | BH56: 0.00052466 | BI56: 0.00052466 | BJ56: 0.00157398
A57: TOP11 | B57: BIN92:all_bist_m_0217_p1_BIST_LDOoff_LV | C57: 92 | D57: all_bist_m_0217_p1_BIST_LDOoff_LV | E57: 0.74V OR 0.8V | F57: BIST_LV | G57: BIST | H57: 111 | I57: 0.00121327 | J57: 0 | K57: 3 | L57: 0.0078698846 | M57: 0.0018568 | N57: 0.0037136 | O57: 0 | P57: 0.00104932 | Q57: 0.00629591 | R57: 0.00104932 | S57: 0.00104932 | T57: 0.00052466 | U57: 0.00367261 | V57: 0.00052466 | W57: 0.00524659 | X57: 0.00052466 | Y57: 0.00262329 | Z57: 0.00052466 | AA57: 0.00104932 | AB57: 0.00209864 | AC57: 0.00786988 | AD57: 0.00157398 | AE57: 0.00052466 | AF57: 0 | AG57: 0.00367261 | AH57: 0 | AI57: 0.00052466 | AJ57: 0.00052466 | AK57: 0 | AL57: 0.00052466 | AM57: 0.00052466 | AN57: 0 | AO57: 0 | AP57: 0.00052466 | AQ57: 0.00209864 | AR57: 0.00157398 | AS57: 0.00157398 | AT57: 0.00104932 | AU57: 0 | AV57: 0 | AW57: 0.00052466 | AX57: 0.00157398 | AY57: 0 | AZ57: 0.00104932 | BA57: 0.00052466 | BB57: 0.00052466 | BC57: 0.00157398 | BD57: 0.00052466 | BE57: 0 | BF57: 0.00052466 | BG57: 0 | BH57: 0.00157398 | BI57: 0.00104932 | BJ57: 0
A58: TOP12 | B58: BIN284:mac8p_scpu_bisr_bist_drf_etn_phy_LV_only_drf_0214 | C58: 284 | D58: mac8p_scpu_bisr_bist_drf_etn_phy_LV_only_drf_0214 | E58: CORE VID/ CPU VID/ E | F58: BIST_LV | G58: BIST | H58: 97 | I58: 0.00106025 | J58: 0 | K58: 1 | L58: 0.0068205666 | M58: 0.0033086 | N58: 0.0066172 | O58: 0.00052466 | P58: 0.00104932 | Q58: 0.00157398 | R58: 0.00104932 | S58: 0.00052466 | T58: 0.00314795 | U58: 0.00472193 | V58: 0.00157398 | W58: 0.00157398 | X58: 0.00052466 | Y58: 0 | Z58: 0.00682057 | AA58: 0.00104932 | AB58: 0.00052466 | AC58: 0.00209864 | AD58: 0.00209864 | AE58: 0.00314795 | AF58: 0.00104932 | AG58: 0 | AH58: 0.00052466 | AI58: 0.00052466 | AJ58: 0 | AK58: 0.00262329 | AL58: 0 | AM58: 0.00052466 | AN58: 0 | AO58: 0 | AP58: 0.00209864 | AQ58: 0.00052466 | AR58: 0.00052466 | AS58: 0 | AT58: 0.00419727 | AU58: 0.00052466 | AV58: 0.00104932 | AW58: 0.00157398 | AX58: 0 | AY58: 0 | AZ58: 0 | BA58: 0 | BB58: 0 | BC58: 0.00052466 | BD58: 0 | BE58: 0.00052466 | BF58: 0.00052466 | BG58: 0 | BH58: 0.00157398 | BI58: 0 | BJ58: 0
A59: TOP13 | B59: BIN25:cp_mode3_saf_comp | C59: 25 | D59: cp_mode3_saf_comp | E59: 0.88V | F59: SAF | G59: SCAN | H59: 86 | I59: 0.00094001 | J59: 0 | K59: 5 | L59: 0.0026232949 | M59: 0.00094431 | N59: 0.00188862 | O59: 0.00052466 | P59: 0.00209864 | Q59: 0.00104932 | R59: 0.00052466 | S59: 0.00104932 | T59: 0.00104932 | U59: 0.00104932 | V59: 0.00052466 | W59: 0.00104932 | X59: 0.00052466 | Y59: 0.00104932 | Z59: 0 | AA59: 0.00052466 | AB59: 0.00104932 | AC59: 0.00104932 | AD59: 0.00052466 | AE59: 0.00052466 | AF59: 0.00104932 | AG59: 0.00209864 | AH59: 0.00104932 | AI59: 0.00052466 | AJ59: 0.00104932 | AK59: 0.00052466 | AL59: 0.00157398 | AM59: 0.00157398 | AN59: 0.00104932 | AO59: 0.00262329 | AP59: 0.00209864 | AQ59: 0.00157398 | AR59: 0.00052466 | AS59: 0.00104932 | AT59: 0 | AU59: 0.00209864 | AV59: 0 | AW59: 0.00052466 | AX59: 0.00052466 | AY59: 0.00104932 | AZ59: 0.00052466 | BA59: 0.00052466 | BB59: 0.00157398 | BC59: 0.00052466 | BD59: 0.00052466 | BE59: 0.00052466 | BF59: 0.00104932 | BG59: 0.00104932 | BH59: 0.00104932 | BI59: 0.00052466 | BJ59: 0.00052466
A60: TOP14 | B60: BIN70:cp_mode1_tdf_cov70_comp_VID | C60: 70 | D60: cp_mode1_tdf_cov70_comp_VID | E60: VID | F60: TDF_LV | G60: SCAN | H60: 80 | I60: 0.00087443 | J60: 0 | K60: 8 | L60: 0.0031479538 | M60: 0.00063048 | N60: 0.00126096 | O60: 0.00104932 | P60: 0.00104932 | Q60: 0.00157398 | R60: 0.00262329 | S60: 0.00209864 | T60: 0.00052466 | U60: 0.00314795 | V60: 0.00157398 | W60: 0 | X60: 0.00157398 | Y60: 0.00052466 | Z60: 0.00104932 | AA60: 0.00052466 | AB60: 0.00104932 | AC60: 0.00052466 | AD60: 0.00104932 | AE60: 0.00314795 | AF60: 0.00104932 | AG60: 0.00104932 | AH60: 0.00052466 | AI60: 0 | AJ60: 0.00157398 | AK60: 0.00052466 | AL60: 0.00052466 | AM60: 0.00052466 | AN60: 0.00052466 | AO60: 0 | AP60: 0.00052466 | AQ60: 0.00052466 | AR60: 0.00104932 | AS60: 0.00052466 | AT60: 0.00104932 | AU60: 0 | AV60: 0.00104932 | AW60: 0.00104932 | AX60: 0.00104932 | AY60: 0 | AZ60: 0 | BA60: 0.00052466 | BB60: 0.00104932 | BC60: 0 | BD60: 0.00052466 | BE60: 0.00052466 | BF60: 0.00052466 | BG60: 0.00052466 | BH60: 0.00104932 | BI60: 0 | BJ60: 0.00104932
A61: TOP15 | B61: BIN83:all_bist_m_0217_p5_scpu_bist_LDOoff_HV | C61: 83 | D61: all_bist_m_0217_p5_scpu_bist_LDOoff_HV | E61: 0.88V | F61: BIST_HV | G61: BIST | H61: 80 | I61: 0.00087443 | J61: 0 | K61: 0 | L61: 0.0020986359 | M61: 0.00111818 | N61: 0.00223636 | O61: 0.00104932 | P61: 0.00052466 | Q61: 0.00157398 | R61: 0.00157398 | S61: 0.00052466 | T61: 0.00157398 | U61: 0.00209864 | V61: 0.00104932 | W61: 0.00209864 | X61: 0.00157398 | Y61: 0.00104932 | Z61: 0.00104932 | AA61: 0.00052466 | AB61: 0.00052466 | AC61: 0.00052466 | AD61: 0 | AE61: 0.00052466 | AF61: 0.00052466 | AG61: 0.00052466 | AH61: 0.00104932 | AI61: 0.00052466 | AJ61: 0 | AK61: 0.00104932 | AL61: 0.00157398 | AM61: 0.00052466 | AN61: 0.00157398 | AO61: 0.00052466 | AP61: 0 | AQ61: 0.00052466 | AR61: 0.00052466 | AS61: 0.00052466 | AT61: 0 | AU61: 0.00104932 | AV61: 0.00052466 | AW61: 0.00104932 | AX61: 0.00052466 | AY61: 0.00104932 | AZ61: 0.00209864 | BA61: 0.00104932 | BB61: 0 | BC61: 0.00157398 | BD61: 0.00052466 | BE61: 0 | BF61: 0.00104932 | BG61: 0.00104932 | BH61: 0.00052466 | BI61: 0.00157398 | BJ61: 0.00104932
A62: TOP16 | B62: BIN32:cp_mode2_bf_comp_B | C62: 32 | D62: cp_mode2_bf_comp_B | E62: 0.8V | F62: BF | G62: SCAN | H62: 74 | I62: 0.00080885 | J62: 0 | K62: 9 | L62: 0.0026232949 | M62: 0.00067572 | N62: 0.00135144 | O62: 0.00157398 | P62: 0 | Q62: 0.00104932 | R62: 0 | S62: 0.00262329 | T62: 0.00052466 | U62: 0.00104932 | V62: 0 | W62: 0.00104932 | X62: 0.00104932 | Y62: 0.00209864 | Z62: 0.00157398 | AA62: 0.00052466 | AB62: 0.00104932 | AC62: 0.00262329 | AD62: 0.00052466 | AE62: 0.00052466 | AF62: 0.00052466 | AG62: 0 | AH62: 0.00052466 | AI62: 0.00104932 | AJ62: 0.00052466 | AK62: 0.00052466 | AL62: 0.00104932 | AM62: 0.00052466 | AN62: 0.00104932 | AO62: 0.00104932 | AP62: 0.00157398 | AQ62: 0 | AR62: 0 | AS62: 0.00104932 | AT62: 0.00104932 | AU62: 0 | AV62: 0.00052466 | AW62: 0.00104932 | AX62: 0 | AY62: 0.00157398 | AZ62: 0.00104932 | BA62: 0 | BB62: 0.00052466 | BC62: 0.00052466 | BD62: 0.00209864 | BE62: 0.00052466 | BF62: 0.00157398 | BG62: 0 | BH62: 0.00052466 | BI62: 0 | BJ62: 0.00052466
A63: TOP17 | B63: BIN68:cp_mode0_1_sdd_exclude_core_sdd5tdf_icgnocons_cov0to90_comp_LV | C63: 68 | D63: cp_mode0_1_sdd_exclude_core_sdd5tdf_icgnocons_cov0to90_comp_LV | E63: VID | F63: SDD_LV | G63: SCAN | H63: 73 | I63: 0.00079792 | J63: 0 | K63: 18 | L63: 0.0031479538 | M63: 0.00044388 | N63: 0.00088776 | O63: 0.00157398 | P63: 0.00052466 | Q63: 0.00052466 | R63: 0.00104932 | S63: 0.00104932 | T63: 0.00209864 | U63: 0 | V63: 0.00052466 | W63: 0 | X63: 0.00052466 | Y63: 0.00104932 | Z63: 0.00157398 | AA63: 0.00052466 | AB63: 0.00262329 | AC63: 0 | AD63: 0.00104932 | AE63: 0 | AF63: 0.00209864 | AG63: 0 | AH63: 0 | AI63: 0.00157398 | AJ63: 0.00052466 | AK63: 0.00104932 | AL63: 0.00052466 | AM63: 0.00052466 | AN63: 0 | AO63: 0 | AP63: 0.00157398 | AQ63: 0.00052466 | AR63: 0.00314795 | AS63: 0.00157398 | AT63: 0.00052466 | AU63: 0 | AV63: 0 | AW63: 0 | AX63: 0.00052466 | AY63: 0.00052466 | AZ63: 0.00052466 | BA63: 0 | BB63: 0.00104932 | BC63: 0.00052466 | BD63: 0.00052466 | BE63: 0.00157398 | BF63: 0.00262329 | BG63: 0.00052466 | BH63: 0.00052466 | BI63: 0 | BJ63: 0.00104932
A64: TOP18 | B64: BIN91:all_bisr_m_HV_LDOoff | C64: 91 | D64: all_bisr_m_HV_LDOoff | E64: 0.88V | F64: BIST_HV | G64: BIST | H64: 72 | I64: 0.00078699 | J64: 0 | K64: 9 | L64: 0.0031479538 | M64: 0.00076619 | N64: 0.00153238 | O64: 0.00262329 | P64: 0.00052466 | Q64: 0 | R64: 0.00104932 | S64: 0.00104932 | T64: 0.00157398 | U64: 0 | V64: 0.00104932 | W64: 0 | X64: 0 | Y64: 0.00052466 | Z64: 0.00104932 | AA64: 0.00157398 | AB64: 0.00052466 | AC64: 0 | AD64: 0.00052466 | AE64: 0.00052466 | AF64: 0.00052466 | AG64: 0.00157398 | AH64: 0.00157398 | AI64: 0.00052466 | AJ64: 0.00104932 | AK64: 0 | AL64: 0.00052466 | AM64: 0.00209864 | AN64: 0 | AO64: 0.00209864 | AP64: 0.00104932 | AQ64: 0.00314795 | AR64: 0.00052466 | AS64: 0.00104932 | AT64: 0 | AU64: 0.00104932 | AV64: 0.00052466 | AW64: 0 | AX64: 0.00104932 | AY64: 0.00052466 | AZ64: 0.00104932 | BA64: 0.00157398 | BB64: 0.00052466 | BC64: 0.00052466 | BD64: 0.00052466 | BE64: 0.00052466 | BF64: 0.00052466 | BG64: 0.00104932 | BH64: 0 | BI64: 0 | BJ64: 0
... A68: TOP22 | B68: BIN46:cp_mode0_1_sdd_hv_icgoff_cov0to70_comp_HV | C68: 46 | D68: cp_mode0_1_sdd_hv_icgoff_cov0to70_comp_HV | E68: 0.88V | F68: TDF_HV | G68: SCAN | H68: 51 | I68: 0.00055745 | J68: 0 | K68: 3 | L68: 0.0026232949 | M68: 0.00077184 | N68: 0.00154368 | O68: 0.00052466 | P68: 0.00104932 | Q68: 0.00052466 | R68: 0.00157398 | S68: 0.00104932 | T68: 0.00157398 | U68: 0 | V68: 0.00052466 | W68: 0.00052466 | X68: 0.00262329 | Y68: 0 | Z68: 0 | AA68: 0.00104932 | AB68: 0.00052466 | AC68: 0.00052466 | AD68: 0 | AE68: 0.00052466 | AF68: 0.00052466 | AG68: 0.00104932 | AH68: 0.00052466 | AI68: 0 | AJ68: 0 | AK68: 0.00104932 | AL68: 0 | AM68: 0.00052466 | AN68: 0 | AO68: 0.00104932 | AP68: 0.00104932 | AQ68: 0.00104932 | AR68: 0 | AS68: 0 | AT68: 0 | AU68: 0 | AV68: 0.00104932 | AW68: 0.00052466 | AX68: 0.00052466 | AY68: 0.00052466 | AZ68: 0 | BA68: 0.00052466 | BB68: 0.00052466 | BC68: 0.00104932 | BD68: 0.00052466 | BE68: 0.00052466 | BF68: 0.00052466 | BG68: 0.00052466 | BH68: 0 | BI68: 0 | BJ68: 0.00052466
A69: TOP23 | B69: BIN334:Core<=180mA&SCPU<120mA | C69: 334 | D69: Core<=180mA&SCPU<120mA | F69: IDD | G69: IDD | H69: 38 | I69: 0.00041536 | J69: 0 | K69: 4 | L69: 0.0036726128 | M69: 0.00099661 | N69: 0.00199322 | O69: 0 | P69: 0 | Q69: 0 | R69: 0 | S69: 0 | T69: 0.00052466 | U69: 0 | V69: 0 | W69: 0.00052466 | X69: 0.00104932 | Y69: 0.00157398 | Z69: 0 | AA69: 0 | AB69: 0.00262329 | AC69: 0 | AD69: 0 | AE69: 0 | AF69: 0.00367261 | AG69: 0 | AH69: 0 | AI69: 0 | AJ69: 0.00157398 | AK69: 0 | AL69: 0 | AM69: 0 | AN69: 0.00052466 | AO69: 0 | AP69: 0 | AQ69: 0 | AR69: 0 | AS69: 0 | AT69: 0 | AU69: 0 | AV69: 0 | AW69: 0 | AX69: 0.00104932 | AY69: 0 | AZ69: 0 | BA69: 0.00314795 | BB69: 0 | BC69: 0 | BD69: 0.00052466 | BE69: 0.00314795 | BF69: 0 | BG69: 0 | BH69: 0 | BI69: 0 | BJ69: 0
A70: TOP24 | B70: BIN281:mac8p_scpu_bisr_bist_drf_HV_i_0825_UB_etnphy_r_0306 | C70: 281 | D70: mac8p_scpu_bisr_bist_drf_HV_i_0825_UB_etnphy_r_0306 | E70: CORE0.8/ CPU 0.99/ET | F70: BIST_HV | G70: BIST | H70: 35 | I70: 0.00038256 | J70: 0 | K70: 3 | L70: 0.0020986359 | M70: 0.00056192 | N70: 0.00112384 | O70: 0 | P70: 0 | Q70: 0 | R70: 0.00052466 | S70: 0 | T70: 0 | U70: 0 | V70: 0 | W70: 0.00052466 | X70: 0 | Y70: 0.00104932 | Z70: 0.00104932 | AA70: 0 | AB70: 0.00052466 | AC70: 0.00052466 | AD70: 0 | AE70: 0 | AF70: 0 | AG70: 0 | AH70: 0.00052466 | AI70: 0.00209864 | AJ70: 0.00104932 | AK70: 0 | AL70: 0.00052466 | AM70: 0 | AN70: 0 | AO70: 0 | AP70: 0 | AQ70: 0 | AR70: 0 | AS70: 0.00104932 | AT70: 0.00052466 | AU70: 0.00052466 | AV70: 0.00052466 | AW70: 0 | AX70: 0 | AY70: 0.00104932 | AZ70: 0.00052466 | BA70: 0 | BB70: 0.00052466 | BC70: 0.00157398 | BD70: 0.00104932 | BE70: 0 | BF70: 0 | BG70: 0.00052466 | BH70: 0.00157398 | BI70: 0.00052466 | BJ70: 0
A71: TOP25 | B71: BIN93:all_bist_m_0217_p5_scpu_bist_LDOoff_LV | C71: 93 | D71: all_bist_m_0217_p5_scpu_bist_LDOoff_LV | E71: 0.74V OR 0.8V | F71: BIST_LV | G71: BIST | H71: 32 | I71: 0.00034977 | J71: 0 | K71: 9 | L71: 0.0026232949 | M71: 0.00032089 | N71: 0.00064178 | O71: 0.00104932 | P71: 0 | Q71: 0 | R71: 0 | S71: 0.00104932 | T71: 0.00157398 | U71: 0 | V71: 0 | W71: 0 | X71: 0 | Y71: 0.00104932 | Z71: 0 | AA71: 0 | AB71: 0.00052466 | AC71: 0 | AD71: 0.00157398 | AE71: 0 | AF71: 0.00209864 | AG71: 0.00052466 | AH71: 0 | AI71: 0 | AJ71: 0 | AK71: 0.00262329 | AL71: 0 | AM71: 0 | AN71: 0 | AO71: 0 | AP71: 0 | AQ71: 0 | AR71: 0.00157398 | AS71: 0 | AT71: 0 | AU71: 0 | AV71: 0 | AW71: 0 | AX71: 0 | AY71: 0 | AZ71: 0.00052466 | BA71: 0 | BB71: 0 | BC71: 0 | BD71: 0.00052466 | BE71: 0 | BF71: 0.00157398 | BG71: 0 | BH71: 0 | BI71: 0.00052466 | BJ71: 0
A72: TOP26 | B72: BIN96:all_bist_m_0217_p2_GPU_BIST_LDOoff_LV | C72: 96 | D72: all_bist_m_0217_p2_GPU_BIST_LDOoff_LV | E72: 0.74V OR 0.8V | F72: BIST_LV | G72: BIST | H72: 32 | I72: 0.00034977 | J72: 0 | K72: 3 | L72: 0.0036726128 | M72: 0.00081142 | N72: 0.00162284 | O72: 0 | P72: 0.00104932 | Q72: 0.00314795 | R72: 0.00052466 | S72: 0 | T72: 0 | U72: 0.00052466 | V72: 0 | W72: 0.00367261 | X72: 0 | Y72: 0.00052466 | Z72: 0 | AA72: 0 | AB72: 0 | AC72: 0.00262329 | AD72: 0 | AE72: 0 | AF72: 0.00052466 | AG72: 0 | AH72: 0 | AI72: 0 | AJ72: 0 | AK72: 0 | AL72: 0.00052466 | AM72: 0 | AN72: 0 | AO72: 0 | AP72: 0 | AQ72: 0.00157398 | AR72: 0.00052466 | AS72: 0 | AT72: 0 | AU72: 0 | AV72: 0 | AW72: 0 | AX72: 0 | AY72: 0 | AZ72: 0.00052466 | BA72: 0 | BB72: 0.00052466 | BC72: 0 | BD72: 0 | BE72: 0.00052466 | BF72: 0 | BG72: 0 | BH72: 0 | BI72: 0 | BJ72: 0
A73: TOP27 | B73: BIN65:cp_mode0_1_sdd_core_sdd5tdf_FPUlp12_cov0to90_comp_LV | C73: 65 | D73: cp_mode0_1_sdd_core_sdd5tdf_FPUlp12_cov0to90_comp_LV | E73: VID | F73: TDF_LV | G73: SCAN | H73: 30 | I73: 0.00032791 | J73: 0 | K73: 6 | L73: 0.0020986359 | M73: 0.00034563 | N73: 0.00069126 | O73: 0 | P73: 0.00052466 | Q73: 0 | R73: 0.00209864 | S73: 0.00052466 | T73: 0.00104932 | U73: 0 | V73: 0.00052466 | W73: 0 | X73: 0.00052466 | Y73: 0.00052466 | Z73: 0.00052466 | AA73: 0 | AB73: 0 | AC73: 0 | AD73: 0.00052466 | AE73: 0.00052466 | AF73: 0.00052466 | AG73: 0.00052466 | AH73: 0 | AI73: 0 | AJ73: 0 | AK73: 0 | AL73: 0 | AM73: 0 | AN73: 0 | AO73: 0 | AP73: 0.00104932 | AQ73: 0 | AR73: 0.00052466 | AS73: 0.00104932 | AT73: 0 | AU73: 0.00052466 | AV73: 0 | AW73: 0 | AX73: 0 | AY73: 0.00052466 | AZ73: 0.00052466 | BA73: 0 | BB73: 0.00052466 | BC73: 0 | BD73: 0.00104932 | BE73: 0 | BF73: 0.00104932 | BG73: 0 | BH73: 0.00052466 | BI73: 0 | BJ73: 0
A74: TOP28 | B74: BIN50:cp_mode1_tdf_cov80to85_comp_B_VID | C74: 50 | D74: cp_mode1_tdf_cov80to85_comp_B_VID | E74: VID | F74: TDF_LV | G74: SCAN | H74: 28 | I74: 0.00030605 | J74: 0 | K74: 7 | L74: 0.0015739769 | M74: 0.00028202 | N74: 0.00056404 | O74: 0.00157398 | P74: 0.00052466 | Q74: 0 | R74: 0 | S74: 0.00052466 | T74: 0 | U74: 0.00104932 | V74: 0.00052466 | W74: 0.00052466 | X74: 0 | Y74: 0 | Z74: 0 | AA74: 0 | AB74: 0.00052466 | AC74: 0 | AD74: 0.00104932 | AE74: 0 | AF74: 0.00104932 | AG74: 0.00052466 | AH74: 0 | AI74: 0 | AJ74: 0 | AK74: 0.00052466 | AL74: 0 | AM74: 0 | AN74: 0 | AO74: 0.00052466 | AP74: 0 | AQ74: 0 | AR74: 0 | AS74: 0 | AT74: 0 | AU74: 0.00052466 | AV74: 0 | AW74: 0.00104932 | AX74: 0.00052466 | AY74: 0 | AZ74: 0.00052466 | BA74: 0 | BB74: 0.00104932 | BC74: 0 | BD74: 0.00052466 | BE74: 0 | BF74: 0.00104932 | BG74: 0 | BH74: 0 | BI74: 0 | BJ74: 0.00052466
A75: TOP29 | B75: BIN285:mac8p_scpu_vddr_part1_0p9v | C75: 285 | D75: mac8p_scpu_vddr_part1_0p9v | E75: CORE0.8/ CPU 0.9/ ET | F75: BIST_LV | G75: BIST | H75: 25 | I75: 0.00027326 | J75: 0 | K75: 0 | L75: 0.0015739769 | M75: 0.0008715 | N75: 0.001743 | O75: 0 | P75: 0 | Q75: 0.00052466 | R75: 0 | S75: 0 | T75: 0 | U75: 0.00052466 | V75: 0 | W75: 0.00052466 | X75: 0 | Y75: 0.00052466 | Z75: 0.00052466 | AA75: 0.00052466 | AB75: 0 | AC75: 0 | AD75: 0.00052466 | AE75: 0.00104932 | AF75: 0 | AG75: 0 | AH75: 0 | AI75: 0 | AJ75: 0 | AK75: 0.00052466 | AL75: 0.00052466 | AM75: 0.00104932 | AN75: 0 | AO75: 0.00052466 | AP75: 0.00052466 | AQ75: 0.00052466 | AR75: 0 | AS75: 0 | AT75: 0.00157398 | AU75: 0 | AV75: 0 | AW75: 0.00104932 | AX75: 0 | AY75: 0 | AZ75: 0.00052466 | BA75: 0 | BB75: 0 | BC75: 0 | BD75: 0.00052466 | BE75: 0 | BF75: 0.00052466 | BG75: 0 | BH75: 0 | BI75: 0 | BJ75: 0.00052466
A76: TOP30 | B76: BIN135:MISC_I2C2_D_100k | C76: 135 | D76: MISC_I2C2_D_100k | E76: 0.8V | F76: DIC | G76: DIC | H76: 25 | I76: 0.00027326 | J76: 0 | K76: 22 | L76: 0.0010493179 | M76: 0.00012652 | N76: 0.00025304 | O76: 0 | P76: 0 | Q76: 0.00052466 | R76: 0 | S76: 0.00052466 | T76: 0 | U76: 0.00052466 | V76: 0.00052466 | W76: 0 | X76: 0 | Y76: 0 | Z76: 0.00052466 | AA76: 0.00052466 | AB76: 0 | AC76: 0 | AD76: 0 | AE76: 0 | AF76: 0 | AG76: 0.00052466 | AH76: 0.00052466 | AI76: 0 | AJ76: 0.00052466 | AK76: 0.00104932 | AL76: 0 | AM76: 0 | AN76: 0 | AO76: 0.00052466 | AP76: 0 | AQ76: 0 | AR76: 0.00052466 | AS76: 0.00104932 | AT76: 0.00052466 | AU76: 0.00052466 | AV76: 0 | AW76: 0 | AX76: 0 | AY76: 0 | AZ76: 0.00052466 | BA76: 0.00052466 | BB76: 0.00052466 | BC76: 0 | BD76: 0 | BE76: 0.00052466 | BF76: 0 | BG76: 0.00052466 | BH76: 0.00104932 | BI76: 0.00052466 | BJ76: 0
A77: TOP31 | B77: BIN187:PLLSCPUA_CP05_APP | C77: 187 | D77: PLLSCPUA_CP05_APP | E77: 0.8V | F77: PLL | G77: SD | H77: 24 | I77: 0.00026233 | J77: 0 | K77: 3 | L77: 0.0020986359 | M77: 0.00054849 | N77: 0.00109698 | O77: 0 | P77: 0 | Q77: 0 | R77: 0 | S77: 0 | T77: 0.00052466 | U77: 0.00209864 | V77: 0 | W77: 0.00052466 | X77: 0 | Y77: 0 | Z77: 0.00157398 | AA77: 0.00052466 | AB77: 0 | AC77: 0.00052466 | AD77: 0 | AE77: 0.00104932 | AF77: 0.00052466 | AG77: 0.00052466 | AH77: 0 | AI77: 0 | AJ77: 0 | AK77: 0.00052466 | AL77: 0.00052466 | AM77: 0.00052466 | AN77: 0 | AO77: 0 | AP77: 0.00052466 | AQ77: 0 | AR77: 0.00052466 | AS77: 0 | AT77: 0.00157398 | AU77: 0 | AV77: 0.00052466 | AW77: 0 | AX77: 0 | AY77: 0 | AZ77: 0 | BA77: 0 | BB77: 0 | BC77: 0 | BD77: 0 | BE77: 0 | BF77: 0 | BG77: 0 | BH77: 0 | BI77: 0 | BJ77: 0
A78: TOP32 | B78: BIN73:cp_mode2_tdf_mask_dp14_dpll_plp25_Bcut_cov70_comp_LV | C78: 73 | D78: cp_mode2_tdf_mask_dp14_dpll_plp25_Bcut_cov70_comp_LV | E78: VID | F78: TDF_LV | G78: SCAN | H78: 18 | I78: 0.00019675 | J78: 0 | K78: 15 | L78: 0.0010493179 | M78: 0.00017741 | N78: 0.00035482 | O78: 0 | P78: 0 | Q78: 0 | R78: 0.00104932 | S78: 0 | T78: 0 | U78: 0.00104932 | V78: 0.00052466 | W78: 0 | X78: 0 | Y78: 0 | Z78: 0.00052466 | AA78: 0 | AB78: 0.00052466 | AC78: 0.00052466 | AD78: 0 | AE78: 0.00052466 | AF78: 0.00052466 | AG78: 0 | AH78: 0 | AI78: 0 | AJ78: 0.00052466 | AK78: 0 | AL78: 0 | AM78: 0 | AN78: 0.00052466 | AO78: 0 | AP78: 0.00052466 | AQ78: 0 | AR78: 0 | AS78: 0 | AT78: 0 | AU78: 0 | AV78: 0 | AW78: 0 | AX78: 0 | AY78: 0.00104932 | AZ78: 0 | BA78: 0 | BB78: 0.00052466 | BC78: 0 | BD78: 0.00052466 | BE78: 0.00052466 | BF78: 0 | BG78: 0 | BH78: 0 | BI78: 0 | BJ78: 0
A79: TOP33 | B79: BIN44:cp_mode0_0_sdd_sdd5tdf_hv_cov0to70_comp_HV | C79: 44 | D79: cp_mode0_0_sdd_sdd5tdf_hv_cov0to70_comp_HV | E79: 0.88V | F79: TDF_HV | G79: SCAN | H79: 18 | I79: 0.00019675 | J79: 0 | K79: 3 | L79: 0.0010493179 | M79: 0.00034139 | N79: 0.00068278 | O79: 0 | P79: 0.00052466 | Q79: 0.00052466 | R79: 0 | S79: 0 | T79: 0.00052466 | U79: 0 | V79: 0 | W79: 0 | X79: 0.00104932 | Y79: 0.00052466 | Z79: 0 | AA79: 0 | AB79: 0 | AC79: 0 | AD79: 0.00104932 | AE79: 0 | AF79: 0.00052466 | AG79: 0 | AH79: 0 | AI79: 0 | AJ79: 0 | AK79: 0 | AL79: 0 | AM79: 0 | AN79: 0.00052466 | AO79: 0 | AP79: 0 | AQ79: 0.00052466 | AR79: 0 | AS79: 0.00052466 | AT79: 0 | AU79: 0 | AV79: 0 | AW79: 0.00052466 | AX79: 0.00104932 | AY79: 0.00052466 | AZ79: 0 | BA79: 0 | BB79: 0 | BC79: 0 | BD79: 0 | BE79: 0 | BF79: 0 | BG79: 0 | BH79: 0 | BI79: 0.00052466 | BJ79: 0.00052466
A80: TOP34 | B80: BIN365:QHD165_result | C80: 365 | D80: QHD165_result | F80: OTP | G80: OTP | H80: 17 | I80: 0.00018582 | J80: 0 | K80: 13 | L80: 0.0020986359 | M80: 0.00014066 | N80: 0.00028132 | O80: 0 | P80: 0 | Q80: 0 | R80: 0.00052466 | S80: 0 | T80: 0 | U80: 0 | V80: 0 | W80: 0 | X80: 0 | Y80: 0 | Z80: 0 | AA80: 0 | AB80: 0 | AC80: 0.00052466 | AD80: 0 | AE80: 0 | AF80: 0.00052466 | AG80: 0.00052466 | AH80: 0.00052466 | AI80: 0 | AJ80: 0 | AK80: 0 | AL80: 0 | AM80: 0.00052466 | AN80: 0 | AO80: 0.00052466 | AP80: 0 | AQ80: 0.00052466 | AR80: 0 | AS80: 0 | AT80: 0 | AU80: 0 | AV80: 0.00209864 | AW80: 0 | AX80: 0.00052466 | AY80: 0 | AZ80: 0 | BA80: 0.00052466 | BB80: 0.00104932 | BC80: 0 | BD80: 0 | BE80: 0 | BF80: 0 | BG80: 0 | BH80: 0.00052466 | BI80: 0 | BJ80: 0
A81: TOP35 | B81: BIN18:UUID | C81: 18 | D81: UUID | E81: 0.8V | F81: OTHER | G81: OTHER | H81: 16 | I81: 0.00017489 | J81: 0 | K81: 13 | L81: 0.0010493179 | M81: 0.00013783 | N81: 0.00027566 | O81: 0 | P81: 0.00052466 | Q81: 0 | R81: 0 | S81: 0.00052466 | T81: 0 | U81: 0 | V81: 0 | W81: 0 | X81: 0 | Y81: 0 | Z81: 0 | AA81: 0.00104932 | AB81: 0 | AC81: 0.00104932 | AD81: 0.00052466 | AE81: 0 | AF81: 0.00052466 | AG81: 0.00052466 | AH81: 0 | AI81: 0 | AJ81: 0 | AK81: 0 | AL81: 0 | AM81: 0 | AN81: 0 | AO81: 0 | AP81: 0 | AQ81: 0.00052466 | AR81: 0 | AS81: 0 | AT81: 0 | AU81: 0.00104932 | AV81: 0 | AW81: 0 | AX81: 0 | AY81: 0.00052466 | AZ81: 0 | BA81: 0 | BB81: 0 | BC81: 0 | BD81: 0 | BE81: 0.00052466 | BF81: 0.00052466 | BG81: 0 | BH81: 0 | BI81: 0 | BJ81: 0.00052466
A82: TOP36 | B82: BIN30:cp_mode0_bf_comp | C82: 30 | D82: cp_mode0_bf_comp | E82: 0.8V | F82: BF | G82: SCAN | H82: 15 | I82: 0.00016396 | J82: 0 | K82: 13 | L82: 0.0010493179 | M82: 0.000135 | N82: 0.00027 | O82: 0.00052466 | P82: 0 | Q82: 0.00052466 | R82: 0 | S82: 0 | T82: 0.00104932 | U82: 0 | V82: 0 | W82: 0.00052466 | X82: 0 | Y82: 0 | Z82: 0 | AA82: 0 | AB82: 0.00052466 | AC82: 0 | AD82: 0 | AE82: 0.00052466 | AF82: 0.00052466 | AG82: 0 | AH82: 0.00052466 | AI82: 0 | AJ82: 0 | AK82: 0 | AL82: 0 | AM82: 0 | AN82: 0 | AO82: 0.00104932 | AP82: 0.00052466 | AQ82: 0.00052466 | AR82: 0.00052466 | AS82: 0 | AT82: 0 | AU82: 0 | AV82: 0 | AW82: 0 | AX82: 0 | AY82: 0 | AZ82: 0 | BA82: 0 | BB82: 0 | BC82: 0 | BD82: 0 | BE82: 0 | BF82: 0.00052466 | BG82: 0 | BH82: 0 | BI82: 0 | BJ82: 0
A83: TOP37 | B83: BIN291:cp_mode1_ca_tdf_ddsdc_comp_B_VID | C83: 291 | D83: cp_mode1_ca_tdf_ddsdc_comp_B_VID | E83: VID | F83: TDF_LV | G83: SCAN | H83: 15 | I83: 0.00016396 | J83: 0 | K83: 15 | L83: 0.00052465897 | M83: 7.068e-05 | N83: 0.00014136 | O83: 0 | P83: 0 | Q83: 0.00052466 | R83: 0.00052466 | S83: 0 | T83: 0.00052466 | U83: 0 | V83: 0 | W83: 0 | X83: 0.00052466 | Y83: 0 | Z83: 0.00052466 | AA83: 0 | AB83: 0.00052466 | AC83: 0 | AD83: 0 | AE83: 0.00052466 | AF83: 0 | AG83: 0 | AH83: 0.00052466 | AI83: 0 | AJ83: 0 | AK83: 0 | AL83: 0 | AM83: 0 | AN83: 0 | AO83: 0 | AP83: 0 | AQ83: 0 | AR83: 0 | AS83: 0 | AT83: 0.00052466 | AU83: 0.00052466 | AV83: 0 | AW83: 0 | AX83: 0 | AY83: 0 | AZ83: 0 | BA83: 0 | BB83: 0 | BC83: 0.00052466 | BD83: 0.00052466 | BE83: 0 | BF83: 0 | BG83: 0.00052466 | BH83: 0.00052466 | BI83: 0 | BJ83: 0.00052466
A84: TOP38 | B84: BIN90:all_bist_m_0217_p6_etn_usb_LDOoff_HV | C84: 90 | D84: all_bist_m_0217_p6_etn_usb_LDOoff_HV | E84: 0.88V | F84: BIST_HV | G84: BIST | H84: 14 | I84: 0.00015303 | J84: 0 | K84: 12 | L84: 0.0010493179 | M84: 0.00015691 | N84: 0.00031382 | O84: 0 | P84: 0 | Q84: 0 | R84: 0 | S84: 0.00104932 | T84: 0 | U84: 0.00052466 | V84: 0.00104932 | W84: 0 | X84: 0 | Y84: 0 | Z84: 0.00052466 | AA84: 0 | AB84: 0.00052466 | AC84: 0.00052466 | AD84: 0 | AE84: 0.00052466 | AF84: 0 | AG84: 0 | AH84: 0 | AI84: 0 | AJ84: 0.00052466 | AK84: 0 | AL84: 0.00052466 | AM84: 0 | AN84: 0 | AO84: 0 | AP84: 0 | AQ84: 0 | AR84: 0 | AS84: 0 | AT84: 0 | AU84: 0 | AV84: 0 | AW84: 0.00052466 | AX84: 0 | AY84: 0 | AZ84: 0 | BA84: 0 | BB84: 0 | BC84: 0.00052466 | BD84: 0 | BE84: 0 | BF84: 0.00052466 | BG84: 0 | BH84: 0 | BI84: 0 | BJ84: 0
A85: TOP39 | B85: BIN377:cp_mode2_tdf_mask_dp14_dpll_plp25_Bcut_cov70to92_comp_LV | C85: 377 | D85: cp_mode2_tdf_mask_dp14_dpll_plp25_Bcut_cov70to92_comp_LV | E85: VID | F85: TDF_LV | G85: SCAN | H85: 13 | I85: 0.0001421 | J85: 0 | K85: 12 | L85: 0.0010493179 | M85: 0.00019013 | N85: 0.00038026 | O85: 0 | P85: 0.00052466 | Q85: 0 | R85: 0.00052466 | S85: 0.00052466 | T85: 0.00052466 | U85: 0 | V85: 0 | W85: 0 | X85: 0 | Y85: 0 | Z85: 0 | AA85: 0 | AB85: 0 | AC85: 0.00052466 | AD85: 0 | AE85: 0.00104932 | AF85: 0 | AG85: 0 | AH85: 0.00052466 | AI85: 0.00052466 | AJ85: 0 | AK85: 0 | AL85: 0 | AM85: 0.00052466 | AN85: 0 | AO85: 0 | AP85: 0 | AQ85: 0 | AR85: 0 | AS85: 0 | AT85: 0 | AU85: 0 | AV85: 0 | AW85: 0 | AX85: 0 | AY85: 0 | AZ85: 0 | BA85: 0 | BB85: 0.00052466 | BC85: 0 | BD85: 0 | BE85: 0 | BF85: 0.00052466 | BG85: 0 | BH85: 0 | BI85: 0 | BJ85: 0.00052466
A86: TOP40 | B86: BIN63:cp_mode0_0_sdd_sdd5tdf_ueclp6_mclk_cov0to92p27_comp_VID | C86: 63 | D86: cp_mode0_0_sdd_sdd5tdf_ueclp6_mclk_cov0to92p27_comp_VID | E86: VID | F86: SDD_LV | G86: SCAN | H86: 12 | I86: 0.00013116 | J86: 0 | K86: 12 | L86: 0.00052465897 | M86: 8.27e-05 | N86: 0.0001654 | O86: 0.00052466 | P86: 0.00052466 | Q86: 0 | R86: 0 | S86: 0 | T86: 0 | U86: 0 | V86: 0 | W86: 0 | X86: 0 | Y86: 0.00052466 | Z86: 0 | AA86: 0 | AB86: 0.00052466 | AC86: 0 | AD86: 0 | AE86: 0 | AF86: 0 | AG86: 0 | AH86: 0.00052466 | AI86: 0.00052466 | AJ86: 0.00052466 | AK86: 0.00052466 | AL86: 0.00052466 | AM86: 0 | AN86: 0 | AO86: 0 | AP86: 0 | AQ86: 0 | AR86: 0 | AS86: 0 | AT86: 0 | AU86: 0 | AV86: 0 | AW86: 0 | AX86: 0 | AY86: 0.00052466 | AZ86: 0 | BA86: 0 | BB86: 0 | BC86: 0 | BD86: 0 | BE86: 0 | BF86: 0.00052466 | BG86: 0 | BH86: 0 | BI86: 0.00052466 | BJ86: 0
A87: TOP41 | B87: BIN142:self_test | C87: 142 | D87: self_test | E87: 0.8V | F87: DIC | G87: DIC | H87: 11 | I87: 0.00012023 | J87: 0 | K87: 11 | L87: 0.00052465897 | M87: 9.895e-05 | N87: 0.0001979 | O87: 0.00052466 | P87: 0 | Q87: 0.00052466 | R87: 0 | S87: 0 | T87: 0 | U87: 0 | V87: 0 | W87: 0.00052466 | X87: 0.00052466 | Y87: 0 | Z87: 0.00052466 | AA87: 0 | AB87: 0 | AC87: 0 | AD87: 0 | AE87: 0.00052466 | AF87: 0 | AG87: 0 | AH87: 0 | AI87: 0 | AJ87: 0 | AK87: 0 | AL87: 0.00052466 | AM87: 0 | AN87: 0 | AO87: 0 | AP87: 0 | AQ87: 0.00052466 | AR87: 0 | AS87: 0 | AT87: 0.00052466 | AU87: 0 | AV87: 0 | AW87: 0 | AX87: 0 | AY87: 0.00052466 | AZ87: 0 | BA87: 0 | BB87: 0 | BC87: 0 | BD87: 0 | BE87: 0 | BF87: 0.00052466 | BG87: 0 | BH87: 0 | BI87: 0 | BJ87: 0
A88: TOP42 | B88: BIN328:all_bisr_m_LV_LDOoff | C88: 328 | D88: all_bisr_m_LV_LDOoff | E88: 0.74V/8A OR 0.8V/8A | F88: BIST_LV | G88: BIST | H88: 10 | I88: 0.0001093 | J88: 0 | K88: 8 | L88: 0.0010493179 | M88: 7.775e-05 | N88: 0.0001555 | O88: 0 | P88: 0 | Q88: 0 | R88: 0 | S88: 0 | T88: 0.00052466 | U88: 0 | V88: 0.00052466 | W88: 0.00052466 | X88: 0.00104932 | Y88: 0 | Z88: 0 | AA88: 0 | AB88: 0 | AC88: 0 | AD88: 0 | AE88: 0 | AF88: 0 | AG88: 0 | AH88: 0 | AI88: 0 | AJ88: 0 | AK88: 0 | AL88: 0 | AM88: 0 | AN88: 0 | AO88: 0 | AP88: 0 | AQ88: 0 | AR88: 0 | AS88: 0 | AT88: 0 | AU88: 0.00052466 | AV88: 0.00052466 | AW88: 0 | AX88: 0 | AY88: 0.00052466 | AZ88: 0 | BA88: 0.00104932 | BB88: 0 | BC88: 0 | BD88: 0 | BE88: 0 | BF88: 0 | BG88: 0 | BH88: 0 | BI88: 0 | BJ88: 0
A89: TOP43 | B89: BIN282:mac8p_scpu_bisr_bist_drf_LV_wo_drf_repair | C89: 282 | D89: mac8p_scpu_bisr_bist_drf_LV_wo_drf_repair | E89: CORE0.8/ CPU VID/ ET | F89: BIST_LV | G89: BIST | H89: 8 | I89: 8.744e-05 | J89: 0 | K89: 6 | L89: 0.0015739769 | M89: 9.825e-05 | N89: 0.0001965 | O89: 0 | P89: 0 | Q89: 0 | R89: 0 | S89: 0 | T89: 0.00052466 | U89: 0 | V89: 0 | W89: 0.00157398 | X89: 0 | Y89: 0 | Z89: 0 | AA89: 0 | AB89: 0 | AC89: 0 | AD89: 0 | AE89: 0 | AF89: 0 | AG89: 0 | AH89: 0 | AI89: 0 | AJ89: 0 | AK89: 0 | AL89: 0 | AM89: 0 | AN89: 0 | AO89: 0 | AP89: 0 | AQ89: 0 | AR89: 0 | AS89: 0 | AT89: 0 | AU89: 0 | AV89: 0 | AW89: 0 | AX89: 0 | AY89: 0 | AZ89: 0 | BA89: 0 | BB89: 0 | BC89: 0.00052466 | BD89: 0 | BE89: 0 | BF89: 0 | BG89: 0.00052466 | BH89: 0.00052466 | BI89: 0 | BJ89: 0.00052466
A90: TOP44 | B90: BIN7:THERMAL_sensor | C90: 7 | D90: THERMAL_sensor | E90: 0.8V | F90: SD_OTHER | G90: SD | H90: 7 | I90: 7.651e-05 | J90: 0 | K90: 6 | L90: 0.0010493179 | M90: 9.613e-05 | N90: 0.00019226 | O90: 0 | P90: 0 | Q90: 0 | R90: 0.00052466 | S90: 0 | T90: 0 | U90: 0 | V90: 0 | W90: 0 | X90: 0.00104932 | Y90: 0 | Z90: 0 | AA90: 0.00052466 | AB90: 0 | AC90: 0 | AD90: 0 | AE90: 0 | AF90: 0 | AG90: 0 | AH90: 0.00052466 | AI90: 0 | AJ90: 0 | AK90: 0 | AL90: 0 | AM90: 0 | AN90: 0.00052466 | AO90: 0 | AP90: 0 | AQ90: 0 | AR90: 0 | AS90: 0 | AT90: 0 | AU90: 0 | AV90: 0 | AW90: 0 | AX90: 0 | AY90: 0 | AZ90: 0 | BA90: 0 | BB90: 0 | BC90: 0 | BD90: 0 | BE90: 0.00052466 | BF90: 0 | BG90: 0 | BH90: 0 | BI90: 0 | BJ90: 0
A91: TOP45 | B91: BIN101:all_bisr_m_drf_GPU_DRF_LDOoff | C91: 101 | D91: all_bisr_m_drf_GPU_DRF_LDOoff | E91: 0.74V/8A OR 0.8V/8A | F91: BIST_LV | G91: BIST | H91: 7 | I91: 7.651e-05 | J91: 0 | K91: 7 | L91: 0.00052465897 | M91: 4.1e-05 | N91: 8.2e-05 | O91: 0 | P91: 0 | Q91: 0 | R91: 0 | S91: 0 | T91: 0 | U91: 0 | V91: 0.00052466 | W91: 0.00052466 | X91: 0 | Y91: 0.00052466 | Z91: 0 | AA91: 0 | AB91: 0 | AC91: 0 | AD91: 0 | AE91: 0 | AF91: 0.00052466 | AG91: 0 | AH91: 0 | AI91: 0 | AJ91: 0 | AK91: 0 | AL91: 0 | AM91: 0 | AN91: 0 | AO91: 0 | AP91: 0.00052466 | AQ91: 0 | AR91: 0 | AS91: 0 | AT91: 0 | AU91: 0 | AV91: 0 | AW91: 0 | AX91: 0 | AY91: 0 | AZ91: 0.00052466 | BA91: 0 | BB91: 0 | BC91: 0 | BD91: 0 | BE91: 0.00052466 | BF91: 0 | BG91: 0 | BH91: 0 | BI91: 0 | BJ91: 0
A92: TOP46 | B92: BIN24:cp_mode2_saf_intl_B | C92: 24 | D92: cp_mode2_saf_intl_B | E92: 0.88V | F92: SAF | G92: SCAN | H92: 7 | I92: 7.651e-05 | J92: 0 | K92: 7 | L92: 0.00052465897 | M92: 3.181e-05 | N92: 6.362e-05 | O92: 0 | P92: 0 | Q92: 0 | R92: 0.00052466 | S92: 0 | T92: 0 | U92: 0.00052466 | V92: 0 | W92: 0 | X92: 0 | Y92: 0.00052466 | Z92: 0 | AA92: 0.00052466 | AB92: 0 | AC92: 0 | AD92: 0 | AE92: 0 | AF92: 0 | AG92: 0 | AH92: 0 | AI92: 0 | AJ92: 0 | AK92: 0 | AL92: 0 | AM92: 0 | AN92: 0 | AO92: 0 | AP92: 0 | AQ92: 0 | AR92: 0 | AS92: 0.00052466 | AT92: 0 | AU92: 0 | AV92: 0 | AW92: 0 | AX92: 0 | AY92: 0.00052466 | AZ92: 0 | BA92: 0 | BB92: 0 | BC92: 0 | BD92: 0 | BE92: 0.00052466 | BF92: 0 | BG92: 0 | BH92: 0 | BI92: 0 | BJ92: 0
... A316: TOP270 | B316: BIN300:PowerShort | C316: 300 | D316: PowerShort | E316: 0.1V | F316: OS | G316: OS | H316: 0 | I316: 0 | J316: 0 | K316: 0 | L316: 0 | M316: 3.53e-06 | N316: 7.06e-06 | O316: 0 | P316: 0 | Q316: 0 | R316: 0 | S316: 0 | T316: 0 | U316: 0 | V316: 0 | W316: 0 | X316: 0 | Y316: 0 | Z316: 0 | AA316: 0 | AB316: 0 | AC316: 0 | AD316: 0 | AE316: 0 | AF316: 0 | AG316: 0 | AH316: 0 | AI316: 0 | AJ316: 0 | AK316: 0 | AL316: 0 | AM316: 0 | AN316: 0 | AO316: 0 | AP316: 0 | AQ316: 0 | AR316: 0 | AS316: 0 | AT316: 0 | AU316: 0 | AV316: 0 | AW316: 0 | AX316: 0 | AY316: 0 | AZ316: 0 | BA316: 0 | BB316: 0 | BC316: 0 | BD316: 0 | BE316: 0 | BF316: 0 | BG316: 0 | BH316: 0 | BI316: 0 | BJ316: 0
A317: TOP271 | B317: BIN301:os | C317: 301 | D317: os | F317: OS | G317: OS | H317: 0 | I317: 0 | J317: 0 | K317: 0 | L317: 0 | M317: 0 | N317: 0 | O317: 0 | P317: 0 | Q317: 0 | R317: 0 | S317: 0 | T317: 0 | U317: 0 | V317: 0 | W317: 0 | X317: 0 | Y317: 0 | Z317: 0 | AA317: 0 | AB317: 0 | AC317: 0 | AD317: 0 | AE317: 0 | AF317: 0 | AG317: 0 | AH317: 0 | AI317: 0 | AJ317: 0 | AK317: 0 | AL317: 0 | AM317: 0 | AN317: 0 | AO317: 0 | AP317: 0 | AQ317: 0 | AR317: 0 | AS317: 0 | AT317: 0 | AU317: 0 | AV317: 0 | AW317: 0 | AX317: 0 | AY317: 0 | AZ317: 0 | BA317: 0 | BB317: 0 | BC317: 0 | BD317: 0 | BE317: 0 | BF317: 0 | BG317: 0 | BH317: 0 | BI317: 0 | BJ317: 0
A318: TOP272 | B318: BIN303:PIF_LOCKN_HTPDN_IRQ_CP | C318: 303 | D318: PIF_LOCKN_HTPDN_IRQ_CP | E318: 0.8V | F318: PIF | G318: SD | H318: 0 | I318: 0 | J318: 0 | K318: 0 | L318: 0 | M318: 7.1e-07 | N318: 1.42e-06 | O318: 0 | P318: 0 | Q318: 0 | R318: 0 | S318: 0 | T318: 0 | U318: 0 | V318: 0 | W318: 0 | X318: 0 | Y318: 0 | Z318: 0 | AA318: 0 | AB318: 0 | AC318: 0 | AD318: 0 | AE318: 0 | AF318: 0 | AG318: 0 | AH318: 0 | AI318: 0 | AJ318: 0 | AK318: 0 | AL318: 0 | AM318: 0 | AN318: 0 | AO318: 0 | AP318: 0 | AQ318: 0 | AR318: 0 | AS318: 0 | AT318: 0 | AU318: 0 | AV318: 0 | AW318: 0 | AX318: 0 | AY318: 0 | AZ318: 0 | BA318: 0 | BB318: 0 | BC318: 0 | BD318: 0 | BE318: 0 | BF318: 0 | BG318: 0 | BH318: 0 | BI318: 0 | BJ318: 0
A319: TOP273 | B319: BIN307:D4_2666_all_toggle_CP_IRT_open_internal_R240 | C319: 307 | D319: D4_2666_all_toggle_CP_IRT_open_internal_R240 | E319: 0.8V | F319: DDR | G319: SD | H319: 0 | I319: 0 | J319: 0 | K319: 0 | L319: 0 | M319: 1.555e-05 | N319: 3.11e-05 | O319: 0 | P319: 0 | Q319: 0 | R319: 0 | S319: 0 | T319: 0 | U319: 0 | V319: 0 | W319: 0 | X319: 0 | Y319: 0 | Z319: 0 | AA319: 0 | AB319: 0 | AC319: 0 | AD319: 0 | AE319: 0 | AF319: 0 | AG319: 0 | AH319: 0 | AI319: 0 | AJ319: 0 | AK319: 0 | AL319: 0 | AM319: 0 | AN319: 0 | AO319: 0 | AP319: 0 | AQ319: 0 | AR319: 0 | AS319: 0 | AT319: 0 | AU319: 0 | AV319: 0 | AW319: 0 | AX319: 0 | AY319: 0 | AZ319: 0 | BA319: 0 | BB319: 0 | BC319: 0 | BD319: 0 | BE319: 0 | BF319: 0 | BG319: 0 | BH319: 0 | BI319: 0 | BJ319: 0
A320: TOP274 | B320: BIN309:BMC_Rp_4p7K | C320: 309 | D320: BMC_Rp_4p7K | E320: 0.8V | F320: SD_OTHER | G320: SD | H320: 0 | I320: 0 | J320: 0 | K320: 0 | L320: 0 | M320: 0 | N320: 0 | O320: 0 | P320: 0 | Q320: 0 | R320: 0 | S320: 0 | T320: 0 | U320: 0 | V320: 0 | W320: 0 | X320: 0 | Y320: 0 | Z320: 0 | AA320: 0 | AB320: 0 | AC320: 0 | AD320: 0 | AE320: 0 | AF320: 0 | AG320: 0 | AH320: 0 | AI320: 0 | AJ320: 0 | AK320: 0 | AL320: 0 | AM320: 0 | AN320: 0 | AO320: 0 | AP320: 0 | AQ320: 0 | AR320: 0 | AS320: 0 | AT320: 0 | AU320: 0 | AV320: 0 | AW320: 0 | AX320: 0 | AY320: 0 | AZ320: 0 | BA320: 0 | BB320: 0 | BC320: 0 | BD320: 0 | BE320: 0 | BF320: 0 | BG320: 0 | BH320: 0 | BI320: 0 | BJ320: 0
A321: TOP275 | B321: BIN310:BMC_Rp_12K | C321: 310 | D321: BMC_Rp_12K | E321: 0.8V | F321: SD_OTHER | G321: SD | H321: 0 | I321: 0 | J321: 0 | K321: 0 | L321: 0 | M321: 7.1e-07 | N321: 1.42e-06 | O321: 0 | P321: 0 | Q321: 0 | R321: 0 | S321: 0 | T321: 0 | U321: 0 | V321: 0 | W321: 0 | X321: 0 | Y321: 0 | Z321: 0 | AA321: 0 | AB321: 0 | AC321: 0 | AD321: 0 | AE321: 0 | AF321: 0 | AG321: 0 | AH321: 0 | AI321: 0 | AJ321: 0 | AK321: 0 | AL321: 0 | AM321: 0 | AN321: 0 | AO321: 0 | AP321: 0 | AQ321: 0 | AR321: 0 | AS321: 0 | AT321: 0 | AU321: 0 | AV321: 0 | AW321: 0 | AX321: 0 | AY321: 0 | AZ321: 0 | BA321: 0 | BB321: 0 | BC321: 0 | BD321: 0 | BE321: 0 | BF321: 0 | BG321: 0 | BH321: 0 | BI321: 0 | BJ321: 0
A322: TOP276 | B322: BIN311:BMC_Rp_36K | C322: 311 | D322: BMC_Rp_36K | E322: 0.8V | F322: SD_OTHER | G322: SD | H322: 0 | I322: 0 | J322: 0 | K322: 0 | L322: 0 | M322: 0 | N322: 0 | O322: 0 | P322: 0 | Q322: 0 | R322: 0 | S322: 0 | T322: 0 | U322: 0 | V322: 0 | W322: 0 | X322: 0 | Y322: 0 | Z322: 0 | AA322: 0 | AB322: 0 | AC322: 0 | AD322: 0 | AE322: 0 | AF322: 0 | AG322: 0 | AH322: 0 | AI322: 0 | AJ322: 0 | AK322: 0 | AL322: 0 | AM322: 0 | AN322: 0 | AO322: 0 | AP322: 0 | AQ322: 0 | AR322: 0 | AS322: 0 | AT322: 0 | AU322: 0 | AV322: 0 | AW322: 0 | AX322: 0 | AY322: 0 | AZ322: 0 | BA322: 0 | BB322: 0 | BC322: 0 | BD322: 0 | BE322: 0 | BF322: 0 | BG322: 0 | BH322: 0 | BI322: 0 | BJ322: 0
A323: TOP277 | B323: BIN312:BMC_Rd_5p1K | C323: 312 | D323: BMC_Rd_5p1K | E323: 0.8V | F323: SD_OTHER | G323: SD | H323: 0 | I323: 0 | J323: 0 | K323: 0 | L323: 0 | M323: 8.48e-06 | N323: 1.696e-05 | O323: 0 | P323: 0 | Q323: 0 | R323: 0 | S323: 0 | T323: 0 | U323: 0 | V323: 0 | W323: 0 | X323: 0 | Y323: 0 | Z323: 0 | AA323: 0 | AB323: 0 | AC323: 0 | AD323: 0 | AE323: 0 | AF323: 0 | AG323: 0 | AH323: 0 | AI323: 0 | AJ323: 0 | AK323: 0 | AL323: 0 | AM323: 0 | AN323: 0 | AO323: 0 | AP323: 0 | AQ323: 0 | AR323: 0 | AS323: 0 | AT323: 0 | AU323: 0 | AV323: 0 | AW323: 0 | AX323: 0 | AY323: 0 | AZ323: 0 | BA323: 0 | BB323: 0 | BC323: 0 | BD323: 0 | BE323: 0 | BF323: 0 | BG323: 0 | BH323: 0 | BI323: 0 | BJ323: 0
A324: TOP278 | B324: BIN313:BMC_Ra_1K | C324: 313 | D324: BMC_Ra_1K | E324: 0.8V | F324: SD_OTHER | G324: SD | H324: 0 | I324: 0 | J324: 0 | K324: 0 | L324: 0 | M324: 0 | N324: 0 | O324: 0 | P324: 0 | Q324: 0 | R324: 0 | S324: 0 | T324: 0 | U324: 0 | V324: 0 | W324: 0 | X324: 0 | Y324: 0 | Z324: 0 | AA324: 0 | AB324: 0 | AC324: 0 | AD324: 0 | AE324: 0 | AF324: 0 | AG324: 0 | AH324: 0 | AI324: 0 | AJ324: 0 | AK324: 0 | AL324: 0 | AM324: 0 | AN324: 0 | AO324: 0 | AP324: 0 | AQ324: 0 | AR324: 0 | AS324: 0 | AT324: 0 | AU324: 0 | AV324: 0 | AW324: 0 | AX324: 0 | AY324: 0 | AZ324: 0 | BA324: 0 | BB324: 0 | BC324: 0 | BD324: 0 | BE324: 0 | BF324: 0 | BG324: 0 | BH324: 0 | BI324: 0 | BJ324: 0
A325: TOP279 | B325: BIN316:SARADC_2K_6K_Test_Ch0 | C325: 316 | D325: SARADC_2K_6K_Test_Ch0 | E325: 0.8V | F325: SD_OTHER | G325: SD | H325: 0 | I325: 0 | J325: 0 | K325: 0 | L325: 0 | M325: 0 | N325: 0 | O325: 0 | P325: 0 | Q325: 0 | R325: 0 | S325: 0 | T325: 0 | U325: 0 | V325: 0 | W325: 0 | X325: 0 | Y325: 0 | Z325: 0 | AA325: 0 | AB325: 0 | AC325: 0 | AD325: 0 | AE325: 0 | AF325: 0 | AG325: 0 | AH325: 0 | AI325: 0 | AJ325: 0 | AK325: 0 | AL325: 0 | AM325: 0 | AN325: 0 | AO325: 0 | AP325: 0 | AQ325: 0 | AR325: 0 | AS325: 0 | AT325: 0 | AU325: 0 | AV325: 0 | AW325: 0 | AX325: 0 | AY325: 0 | AZ325: 0 | BA325: 0 | BB325: 0 | BC325: 0 | BD325: 0 | BE325: 0 | BF325: 0 | BG325: 0 | BH325: 0 | BI325: 0 | BJ325: 0
A326: TOP280 | B326: BIN317:STB_OSC_NO_K | C326: 317 | D326: STB_OSC_NO_K | E326: 0.8V | F326: PLL | G326: SD | H326: 0 | I326: 0 | J326: 0 | K326: 0 | L326: 0 | M326: 2.12e-06 | N326: 4.24e-06 | O326: 0 | P326: 0 | Q326: 0 | R326: 0 | S326: 0 | T326: 0 | U326: 0 | V326: 0 | W326: 0 | X326: 0 | Y326: 0 | Z326: 0 | AA326: 0 | AB326: 0 | AC326: 0 | AD326: 0 | AE326: 0 | AF326: 0 | AG326: 0 | AH326: 0 | AI326: 0 | AJ326: 0 | AK326: 0 | AL326: 0 | AM326: 0 | AN326: 0 | AO326: 0 | AP326: 0 | AQ326: 0 | AR326: 0 | AS326: 0 | AT326: 0 | AU326: 0 | AV326: 0 | AW326: 0 | AX326: 0 | AY326: 0 | AZ326: 0 | BA326: 0 | BB326: 0 | BC326: 0 | BD326: 0 | BE326: 0 | BF326: 0 | BG326: 0 | BH326: 0 | BI326: 0 | BJ326: 0
A327: TOP281 | B327: BIN318:STB_OSC_AUTO_POR | C327: 318 | D327: STB_OSC_AUTO_POR | E327: 0.8V | F327: PLL | G327: SD | H327: 0 | I327: 0 | J327: 0 | K327: 0 | L327: 0 | M327: 9.9e-06 | N327: 1.98e-05 | O327: 0 | P327: 0 | Q327: 0 | R327: 0 | S327: 0 | T327: 0 | U327: 0 | V327: 0 | W327: 0 | X327: 0 | Y327: 0 | Z327: 0 | AA327: 0 | AB327: 0 | AC327: 0 | AD327: 0 | AE327: 0 | AF327: 0 | AG327: 0 | AH327: 0 | AI327: 0 | AJ327: 0 | AK327: 0 | AL327: 0 | AM327: 0 | AN327: 0 | AO327: 0 | AP327: 0 | AQ327: 0 | AR327: 0 | AS327: 0 | AT327: 0 | AU327: 0 | AV327: 0 | AW327: 0 | AX327: 0 | AY327: 0 | AZ327: 0 | BA327: 0 | BB327: 0 | BC327: 0 | BD327: 0 | BE327: 0 | BF327: 0 | BG327: 0 | BH327: 0 | BI327: 0 | BJ327: 0
A328: TOP282 | B328: BIN319:LDO_on_Chk | C328: 319 | D328: LDO_on_Chk | F328: OTHER | G328: OTHER | H328: 0 | I328: 0 | J328: 0 | K328: 0 | L328: 0 | M328: 3.53e-06 | N328: 7.06e-06 | O328: 0 | P328: 0 | Q328: 0 | R328: 0 | S328: 0 | T328: 0 | U328: 0 | V328: 0 | W328: 0 | X328: 0 | Y328: 0 | Z328: 0 | AA328: 0 | AB328: 0 | AC328: 0 | AD328: 0 | AE328: 0 | AF328: 0 | AG328: 0 | AH328: 0 | AI328: 0 | AJ328: 0 | AK328: 0 | AL328: 0 | AM328: 0 | AN328: 0 | AO328: 0 | AP328: 0 | AQ328: 0 | AR328: 0 | AS328: 0 | AT328: 0 | AU328: 0 | AV328: 0 | AW328: 0 | AX328: 0 | AY328: 0 | AZ328: 0 | BA328: 0 | BB328: 0 | BC328: 0 | BD328: 0 | BE328: 0 | BF328: 0 | BG328: 0 | BH328: 0 | BI328: 0 | BJ328: 0
A329: TOP283 | B329: BIN320:cp_mode0_1_ca_sdd_comp_LV | C329: 320 | D329: cp_mode0_1_ca_sdd_comp_LV | E329: VID | F329: SDD_LV | G329: SCAN | H329: 0 | I329: 0 | J329: 0 | K329: 0 | L329: 0 | M329: 7.1e-07 | N329: 1.42e-06 | O329: 0 | P329: 0 | Q329: 0 | R329: 0 | S329: 0 | T329: 0 | U329: 0 | V329: 0 | W329: 0 | X329: 0 | Y329: 0 | Z329: 0 | AA329: 0 | AB329: 0 | AC329: 0 | AD329: 0 | AE329: 0 | AF329: 0 | AG329: 0 | AH329: 0 | AI329: 0 | AJ329: 0 | AK329: 0 | AL329: 0 | AM329: 0 | AN329: 0 | AO329: 0 | AP329: 0 | AQ329: 0 | AR329: 0 | AS329: 0 | AT329: 0 | AU329: 0 | AV329: 0 | AW329: 0 | AX329: 0 | AY329: 0 | AZ329: 0 | BA329: 0 | BB329: 0 | BC329: 0 | BD329: 0 | BE329: 0 | BF329: 0 | BG329: 0 | BH329: 0 | BI329: 0 | BJ329: 0
A330: TOP284 | B330: BIN321:ETN_ALDO_DLDO | C330: 321 | D330: ETN_ALDO_DLDO | E330: 0.8V | F330: LDO | G330: SD | H330: 0 | I330: 0 | J330: 0 | K330: 0 | L330: 0 | M330: 7.1e-07 | N330: 1.42e-06 | O330: 0 | P330: 0 | Q330: 0 | R330: 0 | S330: 0 | T330: 0 | U330: 0 | V330: 0 | W330: 0 | X330: 0 | Y330: 0 | Z330: 0 | AA330: 0 | AB330: 0 | AC330: 0 | AD330: 0 | AE330: 0 | AF330: 0 | AG330: 0 | AH330: 0 | AI330: 0 | AJ330: 0 | AK330: 0 | AL330: 0 | AM330: 0 | AN330: 0 | AO330: 0 | AP330: 0 | AQ330: 0 | AR330: 0 | AS330: 0 | AT330: 0 | AU330: 0 | AV330: 0 | AW330: 0 | AX330: 0 | AY330: 0 | AZ330: 0 | BA330: 0 | BB330: 0 | BC330: 0 | BD330: 0 | BE330: 0 | BF330: 0 | BG330: 0 | BH330: 0 | BI330: 0 | BJ330: 0
A331: TOP285 | B331: BIN325:PLLDISP_CP01_MAX | C331: 325 | D331: PLLDISP_CP01_MAX | E331: 0.8V | F331: PLL | G331: SD | H331: 0 | I331: 0 | J331: 0 | K331: 0 | L331: 0 | M331: 0 | N331: 0 | O331: 0 | P331: 0 | Q331: 0 | R331: 0 | S331: 0 | T331: 0 | U331: 0 | V331: 0 | W331: 0 | X331: 0 | Y331: 0 | Z331: 0 | AA331: 0 | AB331: 0 | AC331: 0 | AD331: 0 | AE331: 0 | AF331: 0 | AG331: 0 | AH331: 0 | AI331: 0 | AJ331: 0 | AK331: 0 | AL331: 0 | AM331: 0 | AN331: 0 | AO331: 0 | AP331: 0 | AQ331: 0 | AR331: 0 | AS331: 0 | AT331: 0 | AU331: 0 | AV331: 0 | AW331: 0 | AX331: 0 | AY331: 0 | AZ331: 0 | BA331: 0 | BB331: 0 | BC331: 0 | BD331: 0 | BE331: 0 | BF331: 0 | BG331: 0 | BH331: 0 | BI331: 0 | BJ331: 0
...

Sheet RL6856C_TA01_V11_summary_raw_d
A1: 0.9999 | B1: PASS BIN | C1: 45952 | D1: 0.8607 | N1: Project | O1: RL6856 | P1: RL6856 | Q1: RL6856 | R1: RL6856 | S1: RL6856 | T1: RL6856 | U1: RL6856 | V1: RL6856 | W1: RL6856 | X1: RL6856 | Y1: RL6856 | Z1: RL6856 | AA1: RL6856 | AB1: RL6856 | AC1: RL6856 | AD1: RL6856 | AE1: RL6856 | AF1: RL6856 | AG1: RL6856 | AH1: RL6856 | AI1: RL6856 | AJ1: RL6856 | AK1: RL6856 | AL1: RL6856 | AM1: RL6856 | AN1: RL6856 | AO1: RL6856 | AP1: RL6856 | AQ1: RL6856 | AR1: RL6856 | AS1: RL6856 | AT1: RL6856 | AU1: RL6856 | AV1: RL6856 | AW1: RL6856 | AX1: RL6856 | AY1: RL6856 | AZ1: RL6856 | BA1: RL6856 | BB1: RL6856 | BC1: RL6856 | BD1: RL6856 | BE1: RL6856 | BF1: RL6856 | BG1: RL6856 | BH1: RL6856 | BI1: RL6856
A2: Top_all | B2: BIN1 | C2: 45952 | D2: 0.8607 | N2: Product | O2: RL6856C | P2: RL6856C | Q2: RL6856C | R2: RL6856C | S2: RL6856C | T2: RL6856C | U2: RL6856C | V2: RL6856C | W2: RL6856C | X2: RL6856C | Y2: RL6856C | Z2: RL6856C | AA2: RL6856C | AB2: RL6856C | AC2: RL6856C | AD2: RL6856C | AE2: RL6856C | AF2: RL6856C | AG2: RL6856C | AH2: RL6856C | AI2: RL6856C | AJ2: RL6856C | AK2: RL6856C | AL2: RL6856C | AM2: RL6856C | AN2: RL6856C | AO2: RL6856C | AP2: RL6856C | AQ2: RL6856C | AR2: RL6856C | AS2: RL6856C | AT2: RL6856C | AU2: RL6856C | AV2: RL6856C | AW2: RL6856C | AX2: RL6856C | AY2: RL6856C | AZ2: RL6856C | BA2: RL6856C | BB2: RL6856C | BC2: RL6856C | BD2: RL6856C | BE2: RL6856C | BF2: RL6856C | BG2: RL6856C | BH2: RL6856C | BI2: RL6856C
B3: SD | C3: 39 | D3: 0.0007 | N3: Short Lot ID | O3: PACZ3 | P3: PAGM4 | Q3: PAGM4 | R3: PAGM4 | S3: PACZ3 | T3: PAHD1 | U3: PAHD1 | V3: PAHD1 | W3: PACZ3 | X3: PAGM4 | Y3: PAGM4 | Z3: PAHD1 | AA3: PAGM4 | AB3: PAGM4 | AC3: PAGM4 | AD3: PAGM4 | AE3: PAHD1 | AF3: PAGM4 | AG3: PAHD1 | AH3: PAGM4 | AI3: PAGM4 | AJ3: PACZ3 | AK3: PAHD1 | AL3: PAHD1 | AM3: PAHD1 | AN3: PAHD1 | AO3: PAHD1 | AP3: PAGM4 | AQ3: PAHD1 | AR3: PAGM4 | AS3: PAGM4 | AT3: PAGM4 | AU3: PAHD1 | AV3: PAHD1 | AW3: PAGM4 | AX3: PAGM4 | AY3: PAHD1 | AZ3: PAGM4 | BA3: PAGM4 | BB3: PAHD1 | BC3: PAGM4 | BD3: PAGM4 | BE3: PAHD1 | BF3: PAHD1 | BG3: PAHD1 | BH3: PAHD1 | BI3: PAHD1
B4: OTP | C4: 1 | D4: 0 | N4: Lot ID | O4: PACZ3 | P4: PAGM4 | Q4: PAGM4 | R4: PAGM4 | S4: PACZ3 | T4: PAHD1 | U4: PAHD1 | V4: PAHD1 | W4: PACZ3 | X4: PAGM4 | Y4: PAGM4 | Z4: PAHD1 | AA4: PAGM4 | AB4: PAGM4 | AC4: PAGM4 | AD4: PAGM4 | AE4: PAHD1 | AF4: PAGM4 | AG4: PAHD1 | AH4: PAGM4 | AI4: PAGM4 | AJ4: PACZ3 | AK4: PAHD1 | AL4: PAHD1 | AM4: PAHD1 | AN4: PAHD1 | AO4: PAHD1 | AP4: PAGM4 | AQ4: PAHD1 | AR4: PAGM4 | AS4: PAGM4 | AT4: PAGM4 | AU4: PAHD1 | AV4: PAHD1 | AW4: PAGM4 | AX4: PAGM4 | AY4: PAHD1 | AZ4: PAGM4 | BA4: PAGM4 | BB4: PAHD1 | BC4: PAGM4 | BD4: PAGM4 | BE4: PAHD1 | BF4: PAHD1 | BG4: PAHD1 | BH4: PAHD1 | BI4: PAHD1
B5: DSS_SD | C5: 0 | D5: 0 | N5: Wafer ID | O5: PELR89-17B1 | P5: PERU93-10E1 | Q5: PERU93-04G5 | R5: PERU93-17H1 | S5: PELR89-08F4 | T5: PERS93-18F6 | U5: PERS93-11C6 | V5: PERS93-03G4 | W5: PELR89-09E7 | X5: PERU93-09D4 | Y5: PERU93-11D4 | Z5: PERS93-10D3 | AA5: PERU93-07E6 | AB5: PERU93-14B5 | AC5: PERU93-15B0 | AD5: PERU93-06F3 | AE5: PERS93-12C1 | AF5: PERU93-16A3 | AG5: PERS93-02H1 | AH5: PERU93-08E1 | AI5: PERU93-01B1 | AJ5: PELR89-06G6 | AK5: PERS93-08D3 | AL5: PERS93-06E5 | AM5: PERS93-20F6 | AN5: PERS93-13B4 | AO5: PERS93-01A3 | AP5: PERU93-21F7 | AQ5: PERS93-17G3 | AR5: PERU93-05G0 | AS5: PERU93-19F7 | AT5: PERU93-22F2 | AU5: PERS93-16H0 | AV5: PERS93-04F7 | AW5: PERU93-20G4 | AX5: PERU93-02A4 | AY5: PERS93-15A2 | AZ5: PERU93-12C7 | BA5: PERU93-03H2 | BB5: PERS93-21F1 | BC5: PERU93-18G4 | BD5: PERU93-13C2 | BE5: PERS93-07E0 | BF5: PERS93-19F1 | BG5: PERS93-05F2 | BH5: PERS93-14A7 | BI5: PERS93-09C6
B6: FSS | C6: 0 | D6: 0 | N6: Wafer NO. | O6: 17 | P6: 10 | Q6: 4 | R6: 17 | S6: 8 | T6: 18 | U6: 11 | V6: 3 | W6: 9 | X6: 9 | Y6: 11 | Z6: 10 | AA6: 7 | AB6: 14 | AC6: 15 | AD6: 6 | AE6: 12 | AF6: 16 | AG6: 2 | AH6: 8 | AI6: 1 | AJ6: 6 | AK6: 8 | AL6: 6 | AM6: 20 | AN6: 13 | AO6: 1 | AP6: 21 | AQ6: 17 | AR6: 5 | AS6: 19 | AT6: 22 | AU6: 16 | AV6: 4 | AW6: 20 | AX6: 2 | AY6: 15 | AZ6: 12 | BA6: 3 | BB6: 21 | BC6: 18 | BD6: 13 | BE6: 7 | BF6: 19 | BG6: 5 | BH6: 14 | BI6: 9
B7: DIC | C7: 7 | D7: 0.0001 | N7: Re-Test | O7: 1 | P7: 1 | Q7: 1 | R7: 1 | S7: 1 | T7: 1 | U7: 1 | V7: 1 | W7: 1 | X7: 1 | Y7: 1 | Z7: 1 | AA7: 1 | AB7: 1 | AC7: 1 | AD7: 1 | AE7: 1 | AF7: 1 | AG7: 1 | AH7: 1 | AI7: 1 | AJ7: 1 | AK7: 1 | AL7: 1 | AM7: 1 | AN7: 1 | AO7: 1 | AP7: 1 | AQ7: 1 | AR7: 1 | AS7: 1 | AT7: 1 | AU7: 1 | AV7: 1 | AW7: 1 | AX7: 1 | AY7: 1 | AZ7: 1 | BA7: 1 | BB7: 1 | BC7: 1 | BD7: 1 | BE7: 1 | BF7: 1 | BG7: 1 | BH7: 1 | BI7: 1
B8: SCAN | C8: 4733 | D8: 0.0886 | N8: ProbeCard | O8: JP10631 | P8: JP09074 | Q8: JP09074 | R8: JP09074 | S8: JP08648 | T8: JP09075 | U8: JP09075 | V8: JP09075 | W8: JP08648 | X8: JP09074 | Y8: JP09074 | Z8: JP09075 | AA8: JP09074 | AB8: JP09074 | AC8: JP09074 | AD8: JP09074 | AE8: JP09075 | AF8: JP09074 | AG8: JP09075 | AH8: JP09074 | AI8: JP09074 | AJ8: JP08648 | AK8: JP09075 | AL8: JP09075 | AM8: JP09075 | AN8: JP09075 | AO8: JP09075 | AP8: JP09074 | AQ8: JP09075 | AR8: JP09074 | AS8: JP09074 | AT8: JP09074 | AU8: JP09075 | AV8: JP09075 | AW8: JP09074 | AX8: JP09074 | AY8: JP09075 | AZ8: JP09074 | BA8: JP09074 | BB8: JP09075 | BC8: JP09074 | BD8: JP09074 | BE8: JP09075 | BF8: JP09075 | BG8: JP09075 | BH8: JP09075 | BI8: JP09075
B9: BIST | C9: 1932 | D9: 0.0362 | N9: Yield | O9: 0.8354 | P9: 0.8363 | Q9: 0.8442 | R9: 0.8442 | S9: 0.846 | T9: 0.8477 | U9: 0.8477 | V9: 0.8486 | W9: 0.8512 | X9: 0.8512 | Y9: 0.8512 | Z9: 0.8512 | AA9: 0.8521 | AB9: 0.853 | AC9: 0.8548 | AD9: 0.8556 | AE9: 0.8565 | AF9: 0.8565 | AG9: 0.8565 | AH9: 0.8574 | AI9: 0.8592 | AJ9: 0.86 | AK9: 0.86 | AL9: 0.86 | AM9: 0.86 | AN9: 0.86 | AO9: 0.8609 | AP9: 0.8618 | AQ9: 0.8618 | AR9: 0.8644 | AS9: 0.8644 | AT9: 0.8653 | AU9: 0.8653 | AV9: 0.8671 | AW9: 0.8671 | AX9: 0.868 | AY9: 0.8697 | AZ9: 0.8697 | BA9: 0.8724 | BB9: 0.8741 | BC9: 0.8768 | BD9: 0.8776 | BE9: 0.8785 | BF9: 0.8785 | BG9: 0.8794 | BH9: 0.882 | BI9: 0.8891
B10: OTHER | C10: 37 | D10: 0.0007 | N10: CP | O10: CP1 | P10: CP1 | Q10: CP1 | R10: CP1 | S10: CP1 | T10: CP1 | U10: CP1 | V10: CP1 | W10: CP1 | X10: CP1 | Y10: CP1 | Z10: CP1 | AA10: CP1 | AB10: CP1 | AC10: CP1 | AD10: CP1 | AE10: CP1 | AF10: CP1 | AG10: CP1 | AH10: CP1 | AI10: CP1 | AJ10: CP1 | AK10: CP1 | AL10: CP1 | AM10: CP1 | AN10: CP1 | AO10: CP1 | AP10: CP1 | AQ10: CP1 | AR10: CP1 | AS10: CP1 | AT10: CP1 | AU10: CP1 | AV10: CP1 | AW10: CP1 | AX10: CP1 | AY10: CP1 | AZ10: CP1 | BA10: CP1 | BB10: CP1 | BC10: CP1 | BD10: CP1 | BE10: CP1 | BF10: CP1 | BG10: CP1 | BH10: CP1 | BI10: CP1
B11: IDD | C11: 356 | D11: 0.0067 | N11: Starttime | O11: 2025-10-26 21:54:02 | P11: 2025-10-30 16:13:21 | Q11: 2025-10-29 03:14:25 | R11: 2025-11-01 12:00:05 | S11: 2025-10-26 22:14:55 | T11: 2025-11-01 23:55:13 | U11: 2025-10-31 07:27:31 | V11: 2025-10-29 08:36:16 | W11: 2025-10-27 04:18:11 | X11: 2025-10-30 10:08:01 | Y11: 2025-10-30 22:35:56 | Z11: 2025-10-31 01:35:22 | AA11: 2025-10-29 21:38:18 | AB11: 2025-10-31 17:39:29 | AC11: 2025-10-31 23:39:21 | AD11: 2025-10-29 15:40:15 | AE11: 2025-10-31 13:10:08 | AF11: 2025-11-01 06:08:25 | AG11: 2025-10-29 02:24:19 | AH11: 2025-10-30 03:24:37 | AI11: 2025-10-28 06:49:31 | AJ11: 2025-10-27 10:35:20 | AK11: 2025-10-30 13:54:05 | AL11: 2025-10-30 02:03:43 | AM11: 2025-11-02 11:45:53 | AN11: 2025-10-31 19:00:47 | AO11: 2025-10-28 18:31:38 | AP11: 2025-11-02 11:51:41 | AQ11: 2025-11-01 18:10:44 | AR11: 2025-10-29 09:38:03 | AS11: 2025-11-01 23:43:10 | AT11: 2025-11-02 17:41:39 | AU11: 2025-11-01 12:26:24 | AV11: 2025-10-29 14:20:18 | AW11: 2025-11-02 05:53:33 | AX11: 2025-10-28 14:40:35 | AY11: 2025-11-01 06:40:43 | AZ11: 2025-10-31 05:21:19 | BA11: 2025-10-28 21:21:17 | BB11: 2025-11-02 17:45:49 | BC11: 2025-11-01 17:47:13 | BD11: 2025-10-31 11:45:01 | BE11: 2025-10-30 07:46:39 | BF11: 2025-11-02 05:39:55 | BG11: 2025-10-29 20:06:40 | BH11: 2025-11-01 00:44:05 | BI11: 2025-10-30 19:47:30
B12: POR | C12: 2 | D12: 0 | N12: Endtime | O12: 2025-10-27 03:46:23 | P12: 2025-10-30 22:33:55 | Q12: 2025-10-29 09:36:02 | R12: 2025-11-01 17:45:17 | S12: 2025-10-27 04:15:15 | T12: 2025-11-02 05:37:58 | U12: 2025-10-31 13:08:12 | V12: 2025-10-29 14:15:27 | W12: 2025-10-27 10:12:24 | X12: 2025-10-30 16:11:19 | Y12: 2025-10-31 04:21:55 | Z12: 2025-10-31 07:25:34 | AA12: 2025-10-30 03:22:35 | AB12: 2025-10-31 23:37:24 | AC12: 2025-11-01 06:06:27 | AD12: 2025-10-29 21:36:16 | AE12: 2025-10-31 18:58:51 | AF12: 2025-11-01 11:58:08 | AG12: 2025-10-29 08:04:12 | AH12: 2025-10-30 10:05:59 | AI12: 2025-10-28 12:59:21 | AJ12: 2025-10-27 16:10:09 | AK12: 2025-10-30 19:45:33 | AL12: 2025-10-30 07:44:43 | AM12: 2025-11-02 17:43:52 | AN12: 2025-11-01 00:42:08 | AO12: 2025-10-29 00:36:32 | AP12: 2025-11-02 17:39:42 | AQ12: 2025-11-01 23:53:16 | AR12: 2025-10-29 15:38:13 | AS12: 2025-11-02 05:51:33 | AT12: 2025-11-02 23:31:14 | AU12: 2025-11-01 18:08:46 | AV12: 2025-10-29 20:03:12 | AW12: 2025-11-02 11:49:45 | AX12: 2025-10-28 20:56:52 | AY12: 2025-11-01 12:24:28 | AZ12: 2025-10-31 11:42:06 | BA12: 2025-10-29 03:12:27 | BB12: 2025-11-02 23:28:06 | BC12: 2025-11-01 23:41:13 | BD12: 2025-10-31 17:37:33 | BE12: 2025-10-30 13:52:08 | BF12: 2025-11-02 11:43:57 | BG12: 2025-10-30 02:01:47 | BH12: 2025-11-01 06:38:46 | BI12: 2025-10-31 01:33:26
B13: OS | C13: 330 | D13: 0.0062 | N13: Week | O13: 202544 | P13: 202544 | Q13: 202544 | R13: 202544 | S13: 202544 | T13: 202544 | U13: 202544 | V13: 202544 | W13: 202544 | X13: 202544 | Y13: 202544 | Z13: 202544 | AA13: 202544 | AB13: 202544 | AC13: 202544 | AD13: 202544 | AE13: 202544 | AF13: 202544 | AG13: 202544 | AH13: 202544 | AI13: 202544 | AJ13: 202544 | AK13: 202544 | AL13: 202544 | AM13: 202544 | AN13: 202544 | AO13: 202544 | AP13: 202544 | AQ13: 202544 | AR13: 202544 | AS13: 202544 | AT13: 202544 | AU13: 202544 | AV13: 202544 | AW13: 202544 | AX13: 202544 | AY13: 202544 | AZ13: 202544 | BA13: 202544 | BB13: 202544 | BC13: 202544 | BD13: 202544 | BE13: 202544 | BF13: 202544 | BG13: 202544 | BH13: 202544 | BI13: 202544
B14: OC | C14: 0 | D14: 0 | N14: Month | O14: 2025-10 | P14: 2025-10 | Q14: 2025-10 | R14: 2025-11 | S14: 2025-10 | T14: 2025-11 | U14: 2025-10 | V14: 2025-10 | W14: 2025-10 | X14: 2025-10 | Y14: 2025-10 | Z14: 2025-10 | AA14: 2025-10 | AB14: 2025-10 | AC14: 2025-11 | AD14: 2025-10 | AE14: 2025-10 | AF14: 2025-11 | AG14: 2025-10 | AH14: 2025-10 | AI14: 2025-10 | AJ14: 2025-10 | AK14: 2025-10 | AL14: 2025-10 | AM14: 2025-11 | AN14: 2025-11 | AO14: 2025-10 | AP14: 2025-11 | AQ14: 2025-11 | AR14: 2025-10 | AS14: 2025-11 | AT14: 2025-11 | AU14: 2025-11 | AV14: 2025-10 | AW14: 2025-11 | AX14: 2025-10 | AY14: 2025-11 | AZ14: 2025-10 | BA14: 2025-10 | BB14: 2025-11 | BC14: 2025-11 | BD14: 2025-10 | BE14: 2025-10 | BF14: 2025-11 | BG14: 2025-10 | BH14: 2025-11 | BI14: 2025-10
A15: 0.9999 | B15: PASS BIN | C15: 45952 | D15: 0.8607 | E15: PASS BIN | N15: Program | O15: RL6856C_TA01 | P15: E: ew_pgmConsumerL401MPCPRL6856C20250730_1606RL6856C_V11RL6856C_TA01_V11.xls@RL6856C_TA01 | Q15: E: ew_pgmConsumerL401MPCPRL6856C20250730_1606RL6856C_V11RL6856C_TA01_V11.xls@RL6856C_TA01 | R15: E: ew_pgmConsumerL401MPCPRL6856C20250730_1606RL6856C_V11RL6856C_TA01_V11.xls@RL6856C_TA01 | S15: RL6856C_TA01 | T15: E: ew_pgmConsumerL401MPCPRL6856C20250730_1606RL6856C_V11RL6856C_TA01_V11.xls@RL6856C_TA01 | U15: E: ew_pgmConsumerL401MPCPRL6856C20250730_1606RL6856C_V11RL6856C_TA01_V11.xls@RL6856C_TA01 | V15: E: ew_pgmConsumerL401MPCPRL6856C20250730_1606RL6856C_V11RL6856C_TA01_V11.xls@RL6856C_TA01 | W15: RL6856C_TA01 | X15: E: ew_pgmConsumerL401MPCPRL6856C20250730_1606RL6856C_V11RL6856C_TA01_V11.xls@RL6856C_TA01 | Y15: E: ew_pgmConsumerL401MPCPRL6856C20250730_1606RL6856C_V11RL6856C_TA01_V11.xls@RL6856C_TA01 | Z15: E: ew_pgmConsumerL401MPCPRL6856C20250730_1606RL6856C_V11RL6856C_TA01_V11.xls@RL6856C_TA01 | AA15: E: ew_pgmConsumerL401MPCPRL6856C20250730_1606RL6856C_V11RL6856C_TA01_V11.xls@RL6856C_TA01 | AB15: E: ew_pgmConsumerL401MPCPRL6856C20250730_1606RL6856C_V11RL6856C_TA01_V11.xls@RL6856C_TA01 | AC15: E: ew_pgmConsumerL401MPCPRL6856C20250730_1606RL6856C_V11RL6856C_TA01_V11.xls@RL6856C_TA01 | AD15: E: ew_pgmConsumerL401MPCPRL6856C20250730_1606RL6856C_V11RL6856C_TA01_V11.xls@RL6856C_TA01 | AE15: E: ew_pgmConsumerL401MPCPRL6856C20250730_1606RL6856C_V11RL6856C_TA01_V11.xls@RL6856C_TA01 | AF15: E: ew_pgmConsumerL401MPCPRL6856C20250730_1606RL6856C_V11RL6856C_TA01_V11.xls@RL6856C_TA01 | AG15: E: ew_pgmConsumerL401MPCPRL6856C20250730_1606RL6856C_V11RL6856C_TA01_V11.xls@RL6856C_TA01 | AH15: E: ew_pgmConsumerL401MPCPRL6856C20250730_1606RL6856C_V11RL6856C_TA01_V11.xls@RL6856C_TA01 | AI15: E: ew_pgmConsumerL401MPCPRL6856C20250730_1606RL6856C_V11RL6856C_TA01_V11.xls@RL6856C_TA01 | AJ15: RL6856C_TA01 | AK15: E: ew_pgmConsumerL401MPCPRL6856C20250730_1606RL6856C_V11RL6856C_TA01_V11.xls@RL6856C_TA01 | AL15: E: ew_pgmConsumerL401MPCPRL6856C20250730_1606RL6856C_V11RL6856C_TA01_V11.xls@RL6856C_TA01 | AM15: E: ew_pgmConsumerL401MPCPRL6856C20250730_1606RL6856C_V11RL6856C_TA01_V11.xls@RL6856C_TA01 | AN15: E: ew_pgmConsumerL401MPCPRL6856C20250730_1606RL6856C_V11RL6856C_TA01_V11.xls@RL6856C_TA01 | AO15: E: ew_pgmConsumerL401MPCPRL6856C20250730_1606RL6856C_V11RL6856C_TA01_V11.xls@RL6856C_TA01 | AP15: E: ew_pgmConsumerL401MPCPRL6856C20250730_1606RL6856C_V11RL6856C_TA01_V11.xls@RL6856C_TA01 | AQ15: E: ew_pgmConsumerL401MPCPRL6856C20250730_1606RL6856C_V11RL6856C_TA01_V11.xls@RL6856C_TA01 | AR15: E: ew_pgmConsumerL401MPCPRL6856C20250730_1606RL6856C_V11RL6856C_TA01_V11.xls@RL6856C_TA01 | AS15: E: ew_pgmConsumerL401MPCPRL6856C20250730_1606RL6856C_V11RL6856C_TA01_V11.xls@RL6856C_TA01 | AT15: E: ew_pgmConsumerL401MPCPRL6856C20250730_1606RL6856C_V11RL6856C_TA01_V11.xls@RL6856C_TA01 | AU15: E: ew_pgmConsumerL401MPCPRL6856C20250730_1606RL6856C_V11RL6856C_TA01_V11.xls@RL6856C_TA01 | AV15: E: ew_pgmConsumerL401MPCPRL6856C20250730_1606RL6856C_V11RL6856C_TA01_V11.xls@RL6856C_TA01 | AW15: E: ew_pgmConsumerL401MPCPRL6856C20250730_1606RL6856C_V11RL6856C_TA01_V11.xls@RL6856C_TA01 | AX15: E: ew_pgmConsumerL401MPCPRL6856C20250730_1606RL6856C_V11RL6856C_TA01_V11.xls@RL6856C_TA01 | AY15: E: ew_pgmConsumerL401MPCPRL6856C20250730_1606RL6856C_V11RL6856C_TA01_V11.xls@RL6856C_TA01 | AZ15: E: ew_pgmConsumerL401MPCPRL6856C20250730_1606RL6856C_V11RL6856C_TA01_V11.xls@RL6856C_TA01 | BA15: E: ew_pgmConsumerL401MPCPRL6856C20250730_1606RL6856C_V11RL6856C_TA01_V11.xls@RL6856C_TA01 | BB15: E: ew_pgmConsumerL401MPCPRL6856C20250730_1606RL6856C_V11RL6856C_TA01_V11.xls@RL6856C_TA01 | BC15: E: ew_pgmConsumerL401MPCPRL6856C20250730_1606RL6856C_V11RL6856C_TA01_V11.xls@RL6856C_TA01 | BD15: E: ew_pgmConsumerL401MPCPRL6856C20250730_1606RL6856C_V11RL6856C_TA01_V11.xls@RL6856C_TA01 | BE15: E: ew_pgmConsumerL401MPCPRL6856C20250730_1606RL6856C_V11RL6856C_TA01_V11.xls@RL6856C_TA01 | BF15: E: ew_pgmConsumerL401MPCPRL6856C20250730_1606RL6856C_V11RL6856C_TA01_V11.xls@RL6856C_TA01 | BG15: E: ew_pgmConsumerL401MPCPRL6856C20250730_1606RL6856C_V11RL6856C_TA01_V11.xls@RL6856C_TA01 | BH15: E: ew_pgmConsumerL401MPCPRL6856C20250730_1606RL6856C_V11RL6856C_TA01_V11.xls@RL6856C_TA01 | BI15: E: ew_pgmConsumerL401MPCPRL6856C20250730_1606RL6856C_V11RL6856C_TA01_V11.xls@RL6856C_TA01
B16: BIN1 | C16: 45952 | D16: 0.8607 | E16: PASS BIN | N16: Version(ECN) | O16: RL6856C_TA01_V11 | P16: RL6856C_TA01_V11 | Q16: RL6856C_TA01_V11 | R16: RL6856C_TA01_V11 | S16: RL6856C_TA01_V11 | T16: RL6856C_TA01_V11 | U16: RL6856C_TA01_V11 | V16: RL6856C_TA01_V11 | W16: RL6856C_TA01_V11 | X16: RL6856C_TA01_V11 | Y16: RL6856C_TA01_V11 | Z16: RL6856C_TA01_V11 | AA16: RL6856C_TA01_V11 | AB16: RL6856C_TA01_V11 | AC16: RL6856C_TA01_V11 | AD16: RL6856C_TA01_V11 | AE16: RL6856C_TA01_V11 | AF16: RL6856C_TA01_V11 | AG16: RL6856C_TA01_V11 | AH16: RL6856C_TA01_V11 | AI16: RL6856C_TA01_V11 | AJ16: RL6856C_TA01_V11 | AK16: RL6856C_TA01_V11 | AL16: RL6856C_TA01_V11 | AM16: RL6856C_TA01_V11 | AN16: RL6856C_TA01_V11 | AO16: RL6856C_TA01_V11 | AP16: RL6856C_TA01_V11 | AQ16: RL6856C_TA01_V11 | AR16: RL6856C_TA01_V11 | AS16: RL6856C_TA01_V11 | AT16: RL6856C_TA01_V11 | AU16: RL6856C_TA01_V11 | AV16: RL6856C_TA01_V11 | AW16: RL6856C_TA01_V11 | AX16: RL6856C_TA01_V11 | AY16: RL6856C_TA01_V11 | AZ16: RL6856C_TA01_V11 | BA16: RL6856C_TA01_V11 | BB16: RL6856C_TA01_V11 | BC16: RL6856C_TA01_V11 | BD16: RL6856C_TA01_V11 | BE16: RL6856C_TA01_V11 | BF16: RL6856C_TA01_V11 | BG16: RL6856C_TA01_V11 | BH16: RL6856C_TA01_V11 | BI16: RL6856C_TA01_V11
B17: SD_OTHER | C17: 13 | D17: 0.0002 | E17: SD | N17: Pass Die | O17: 949 | P17: 950 | Q17: 959 | R17: 959 | S17: 961 | T17: 963 | U17: 963 | V17: 964 | W17: 967 | X17: 967 | Y17: 967 | Z17: 967 | AA17: 968 | AB17: 969 | AC17: 971 | AD17: 972 | AE17: 973 | AF17: 973 | AG17: 973 | AH17: 974 | AI17: 976 | AJ17: 977 | AK17: 977 | AL17: 977 | AM17: 977 | AN17: 977 | AO17: 978 | AP17: 979 | AQ17: 979 | AR17: 982 | AS17: 982 | AT17: 983 | AU17: 983 | AV17: 985 | AW17: 985 | AX17: 986 | AY17: 988 | AZ17: 988 | BA17: 991 | BB17: 993 | BC17: 996 | BD17: 997 | BE17: 998 | BF17: 998 | BG17: 999 | BH17: 1002 | BI17: 1010
B18: PLL | C18: 3 | D18: 0.0001 | E18: SD | N18: Total Die | O18: 1136 | P18: 1136 | Q18: 1136 | R18: 1136 | S18: 1136 | T18: 1136 | U18: 1136 | V18: 1136 | W18: 1136 | X18: 1136 | Y18: 1136 | Z18: 1136 | AA18: 1136 | AB18: 1136 | AC18: 1136 | AD18: 1136 | AE18: 1136 | AF18: 1136 | AG18: 1136 | AH18: 1136 | AI18: 1136 | AJ18: 1136 | AK18: 1136 | AL18: 1136 | AM18: 1136 | AN18: 1136 | AO18: 1136 | AP18: 1136 | AQ18: 1136 | AR18: 1136 | AS18: 1136 | AT18: 1136 | AU18: 1136 | AV18: 1136 | AW18: 1136 | AX18: 1136 | AY18: 1136 | AZ18: 1136 | BA18: 1136 | BB18: 1136 | BC18: 1136 | BD18: 1136 | BE18: 1136 | BF18: 1136 | BG18: 1136 | BH18: 1136 | BI18: 1136
B19: USB | C19: 2 | D19: 0 | E19: SD | I19: PASS BIN | M19: 0.85350733 | N19: 1.7070147 | O19: 0.83538732 | P19: 0.83626761 | Q19: 0.84419014 | R19: 0.84419014 | S19: 0.8459507 | T19: 0.84771127 | U19: 0.84771127 | V19: 0.84859155 | W19: 0.85123239 | X19: 0.85123239 | Y19: 0.85123239 | Z19: 0.85123239 | AA19: 0.85211268 | AB19: 0.85299296 | AC19: 0.85475352 | AD19: 0.8556338 | AE19: 0.85651408 | AF19: 0.85651408 | AG19: 0.85651408 | AH19: 0.85739437 | AI19: 0.85915493 | AJ19: 0.86003521 | AK19: 0.86003521 | AL19: 0.86003521 | AM19: 0.86003521 | AN19: 0.86003521 | AO19: 0.86091549 | AP19: 0.86179577 | AQ19: 0.86179577 | AR19: 0.86443662 | AS19: 0.86443662 | AT19: 0.8653169 | AU19: 0.8653169 | AV19: 0.86707746 | AW19: 0.86707746 | AX19: 0.86795775 | AY19: 0.86971831 | AZ19: 0.86971831 | BA19: 0.87235915 | BB19: 0.87411972 | BC19: 0.87676056 | BD19: 0.87764085 | BE19: 0.87852113 | BF19: 0.87852113 | BG19: 0.87940141 | BH19: 0.88204225 | BI19: 0.88908451
B20: LDO | C20: 6 | D20: 0.0001 | E20: SD | I20: SD_OTHER | M20: 0.00027118 | N20: 0.00054236 | O20: 0.00088028 | P20: 0.00088028 | Q20: 0 | R20: 0 | S20: 0 | T20: 0.00088028 | U20: 0 | V20: 0.00088028 | W20: 0 | X20: 0.00088028 | Y20: 0.00088028 | Z20: 0.00088028 | AA20: 0 | AB20: 0.00088028 | AC20: 0 | AD20: 0 | AE20: 0 | AF20: 0 | AG20: 0 | AH20: 0 | AI20: 0 | AJ20: 0 | AK20: 0 | AL20: 0 | AM20: 0 | AN20: 0 | AO20: 0.00176056 | AP20: 0 | AQ20: 0 | AR20: 0 | AS20: 0 | AT20: 0 | AU20: 0 | AV20: 0 | AW20: 0 | AX20: 0 | AY20: 0 | AZ20: 0.00088028 | BA20: 0 | BB20: 0 | BC20: 0.00088028 | BD20: 0 | BE20: 0.00088028 | BF20: 0 | BG20: 0 | BH20: 0 | BI20: 0
B21: HDMI | C21: 2 | D21: 0 | E21: SD | I21: PLL | M21: 0.00016025 | N21: 0.0003205 | O21: 0 | P21: 0 | Q21: 0 | R21: 0 | S21: 0 | T21: 0 | U21: 0 | V21: 0 | W21: 0 | X21: 0 | Y21: 0 | Z21: 0 | AA21: 0 | AB21: 0 | AC21: 0 | AD21: 0 | AE21: 0 | AF21: 0 | AG21: 0 | AH21: 0 | AI21: 0 | AJ21: 0 | AK21: 0 | AL21: 0 | AM21: 0 | AN21: 0 | AO21: 0 | AP21: 0.00088028 | AQ21: 0 | AR21: 0.00088028 | AS21: 0 | AT21: 0 | AU21: 0 | AV21: 0 | AW21: 0 | AX21: 0.00088028 | AY21: 0 | AZ21: 0 | BA21: 0 | BB21: 0 | BC21: 0 | BD21: 0 | BE21: 0 | BF21: 0 | BG21: 0 | BH21: 0 | BI21: 0
B22: EARC | C22: 0 | D22: 0 | E22: SD | I22: USB | M22: 1.707e-05 | N22: 3.414e-05 | O22: 0 | P22: 0 | Q22: 0 | R22: 0 | S22: 0 | T22: 0 | U22: 0 | V22: 0 | W22: 0 | X22: 0 | Y22: 0 | Z22: 0 | AA22: 0 | AB22: 0 | AC22: 0 | AD22: 0 | AE22: 0.00088028 | AF22: 0 | AG22: 0 | AH22: 0 | AI22: 0 | AJ22: 0 | AK22: 0 | AL22: 0 | AM22: 0 | AN22: 0 | AO22: 0 | AP22: 0 | AQ22: 0 | AR22: 0 | AS22: 0 | AT22: 0 | AU22: 0 | AV22: 0 | AW22: 0 | AX22: 0 | AY22: 0 | AZ22: 0 | BA22: 0.00088028 | BB22: 0 | BC22: 0 | BD22: 0 | BE22: 0 | BF22: 0 | BG22: 0 | BH22: 0 | BI22: 0
B23: PIF | C23: 1 | D23: 0 | E23: SD | I23: LDO | M23: 7.775e-05 | N23: 0.0001555 | O23: 0 | P23: 0 | Q23: 0 | R23: 0 | S23: 0 | T23: 0.00088028 | U23: 0 | V23: 0 | W23: 0.00088028 | X23: 0 | Y23: 0 | Z23: 0 | AA23: 0.00088028 | AB23: 0 | AC23: 0 | AD23: 0 | AE23: 0 | AF23: 0 | AG23: 0 | AH23: 0 | AI23: 0 | AJ23: 0 | AK23: 0.00088028 | AL23: 0 | AM23: 0 | AN23: 0.00088028 | AO23: 0 | AP23: 0 | AQ23: 0 | AR23: 0 | AS23: 0 | AT23: 0 | AU23: 0.00088028 | AV23: 0 | AW23: 0 | AX23: 0 | AY23: 0 | AZ23: 0 | BA23: 0 | BB23: 0 | BC23: 0 | BD23: 0 | BE23: 0 | BF23: 0 | BG23: 0 | BH23: 0 | BI23: 0
B24: GPIO | C24: 7 | D24: 0.0001 | E24: SD | I24: HDMI | M24: 5.594e-05 | N24: 0.00011188 | O24: 0 | P24: 0 | Q24: 0 | R24: 0 | S24: 0 | T24: 0 | U24: 0 | V24: 0 | W24: 0 | X24: 0 | Y24: 0 | Z24: 0.00088028 | AA24: 0 | AB24: 0 | AC24: 0 | AD24: 0 | AE24: 0 | AF24: 0 | AG24: 0 | AH24: 0 | AI24: 0 | AJ24: 0 | AK24: 0 | AL24: 0 | AM24: 0 | AN24: 0 | AO24: 0 | AP24: 0 | AQ24: 0 | AR24: 0 | AS24: 0 | AT24: 0 | AU24: 0 | AV24: 0 | AW24: 0 | AX24: 0 | AY24: 0.00088028 | AZ24: 0 | BA24: 0 | BB24: 0 | BC24: 0 | BD24: 0 | BE24: 0 | BF24: 0 | BG24: 0 | BH24: 0 | BI24: 0
B25: DDR | C25: 5 | D25: 0.0001 | E25: SD | I25: EARC | M25: 9.5e-07 | N25: 1.9e-06 | O25: 0 | P25: 0 | Q25: 0 | R25: 0 | S25: 0 | T25: 0 | U25: 0 | V25: 0 | W25: 0 | X25: 0 | Y25: 0 | Z25: 0 | AA25: 0 | AB25: 0 | AC25: 0 | AD25: 0 | AE25: 0 | AF25: 0 | AG25: 0 | AH25: 0 | AI25: 0 | AJ25: 0 | AK25: 0 | AL25: 0 | AM25: 0 | AN25: 0 | AO25: 0 | AP25: 0 | AQ25: 0 | AR25: 0 | AS25: 0 | AT25: 0 | AU25: 0 | AV25: 0 | AW25: 0 | AX25: 0 | AY25: 0 | AZ25: 0 | BA25: 0 | BB25: 0 | BC25: 0 | BD25: 0 | BE25: 0 | BF25: 0 | BG25: 0 | BH25: 0 | BI25: 0
B26: ETN | C26: 0 | D26: 0 | E26: SD | I26: PIF | M26: 3.793e-05 | N26: 7.586e-05 | O26: 0 | P26: 0 | Q26: 0 | R26: 0 | S26: 0 | T26: 0 | U26: 0 | V26: 0 | W26: 0 | X26: 0 | Y26: 0 | Z26: 0 | AA26: 0 | AB26: 0 | AC26: 0 | AD26: 0 | AE26: 0 | AF26: 0 | AG26: 0 | AH26: 0 | AI26: 0 | AJ26: 0 | AK26: 0 | AL26: 0 | AM26: 0 | AN26: 0 | AO26: 0 | AP26: 0 | AQ26: 0 | AR26: 0 | AS26: 0 | AT26: 0 | AU26: 0 | AV26: 0 | AW26: 0 | AX26: 0.00088028 | AY26: 0 | AZ26: 0 | BA26: 0 | BB26: 0 | BC26: 0 | BD26: 0 | BE26: 0 | BF26: 0 | BG26: 0 | BH26: 0 | BI26: 0
B27: OTP | C27: 1 | D27: 0 | E27: OTP | I27: GPIO | M27: 0.00017636 | N27: 0.00035272 | O27: 0 | P27: 0 | Q27: 0.00088028 | R27: 0 | S27: 0 | T27: 0 | U27: 0 | V27: 0.00088028 | W27: 0 | X27: 0 | Y27: 0 | Z27: 0 | AA27: 0 | AB27: 0 | AC27: 0 | AD27: 0 | AE27: 0 | AF27: 0 | AG27: 0 | AH27: 0 | AI27: 0 | AJ27: 0 | AK27: 0 | AL27: 0 | AM27: 0 | AN27: 0 | AO27: 0 | AP27: 0 | AQ27: 0 | AR27: 0 | AS27: 0 | AT27: 0 | AU27: 0.00176056 | AV27: 0 | AW27: 0.00088028 | AX27: 0 | AY27: 0 | AZ27: 0 | BA27: 0 | BB27: 0 | BC27: 0 | BD27: 0 | BE27: 0 | BF27: 0 | BG27: 0.00088028 | BH27: 0.00088028 | BI27: 0
B28: DSS_SD | C28: 0 | D28: 0 | E28: DSS_SD | I28: DDR | M28: 5.215e-05 | N28: 0.0001043 | O28: 0 | P28: 0 | Q28: 0 | R28: 0 | S28: 0 | T28: 0 | U28: 0 | V28: 0 | W28: 0 | X28: 0 | Y28: 0 | Z28: 0.00088028 | AA28: 0 | AB28: 0 | AC28: 0 | AD28: 0 | AE28: 0 | AF28: 0 | AG28: 0 | AH28: 0 | AI28: 0 | AJ28: 0 | AK28: 0 | AL28: 0 | AM28: 0 | AN28: 0 | AO28: 0.00088028 | AP28: 0.00088028 | AQ28: 0 | AR28: 0 | AS28: 0 | AT28: 0 | AU28: 0 | AV28: 0 | AW28: 0 | AX28: 0 | AY28: 0.00088028 | AZ28: 0 | BA28: 0 | BB28: 0 | BC28: 0 | BD28: 0 | BE28: 0.00088028 | BF28: 0 | BG28: 0 | BH28: 0 | BI28: 0
B29: FSS | C29: 0 | D29: 0 | E29: FSS | I29: ETN | M29: 6.64e-06 | N29: 1.328e-05 | O29: 0 | P29: 0 | Q29: 0 | R29: 0 | S29: 0 | T29: 0 | U29: 0 | V29: 0 | W29: 0 | X29: 0 | Y29: 0 | Z29: 0 | AA29: 0 | AB29: 0 | AC29: 0 | AD29: 0 | AE29: 0 | AF29: 0 | AG29: 0 | AH29: 0 | AI29: 0 | AJ29: 0 | AK29: 0 | AL29: 0 | AM29: 0 | AN29: 0 | AO29: 0 | AP29: 0 | AQ29: 0 | AR29: 0 | AS29: 0 | AT29: 0 | AU29: 0 | AV29: 0 | AW29: 0 | AX29: 0 | AY29: 0 | AZ29: 0 | BA29: 0 | BB29: 0 | BC29: 0 | BD29: 0 | BE29: 0 | BF29: 0 | BG29: 0 | BH29: 0 | BI29: 0
B30: DIC | C30: 7 | D30: 0.0001 | E30: DIC | I30: OTP | M30: 1.422e-05 | N30: 2.844e-05 | O30: 0 | P30: 0 | Q30: 0 | R30: 0 | S30: 0 | T30: 0 | U30: 0 | V30: 0 | W30: 0 | X30: 0 | Y30: 0 | Z30: 0 | AA30: 0.00088028 | AB30: 0 | AC30: 0 | AD30: 0 | AE30: 0 | AF30: 0 | AG30: 0 | AH30: 0 | AI30: 0 | AJ30: 0 | AK30: 0 | AL30: 0 | AM30: 0 | AN30: 0 | AO30: 0 | AP30: 0 | AQ30: 0 | AR30: 0 | AS30: 0 | AT30: 0 | AU30: 0 | AV30: 0 | AW30: 0 | AX30: 0 | AY30: 0 | AZ30: 0 | BA30: 0 | BB30: 0 | BC30: 0 | BD30: 0 | BE30: 0 | BF30: 0 | BG30: 0 | BH30: 0 | BI30: 0
... B43: OC | C43: 0 | D43: 0 | E43: OC | I43: IDD | M43: 0.0078084 | N43: 0.0156168 | O43: 0.00352113 | P43: 0.01760563 | Q43: 0.03080986 | R43: 0.00792254 | S43: 0.00176056 | T43: 0.00704225 | U43: 0.00528169 | V43: 0.00528169 | W43: 0.00528169 | X43: 0.01848592 | Y43: 0.0096831 | Z43: 0.00440141 | AA43: 0.00616197 | AB43: 0.0096831 | AC43: 0.00704225 | AD43: 0.00176056 | AE43: 0.00440141 | AF43: 0.00528169 | AG43: 0.00440141 | AH43: 0.01056338 | AI43: 0.00704225 | AJ43: 0.00704225 | AK43: 0.00528169 | AL43: 0.00440141 | AM43: 0.00352113 | AN43: 0.00528169 | AO43: 0.00264085 | AP43: 0.00440141 | AQ43: 0.00352113 | AR43: 0.01056338 | AS43: 0.00352113 | AT43: 0.00440141 | AU43: 0.00704225 | AV43: 0.00616197 | AW43: 0.00880282 | AX43: 0.00440141 | AY43: 0.00264085 | AZ43: 0.00704225 | BA43: 0.00880282 | BB43: 0.00528169 | BC43: 0.00616197 | BD43: 0.00616197 | BE43: 0.00440141 | BF43: 0.00528169 | BG43: 0.00528169 | BH43: 0.00616197 | BI43: 0.00176056
I44: POR | M44: 0.00010051 | N44: 0.00020102 | O44: 0 | P44: 0 | Q44: 0 | R44: 0 | S44: 0 | T44: 0 | U44: 0 | V44: 0 | W44: 0 | X44: 0 | Y44: 0 | Z44: 0 | AA44: 0 | AB44: 0 | AC44: 0 | AD44: 0 | AE44: 0 | AF44: 0 | AG44: 0.00088028 | AH44: 0 | AI44: 0 | AJ44: 0 | AK44: 0 | AL44: 0 | AM44: 0 | AN44: 0 | AO44: 0.00088028 | AP44: 0 | AQ44: 0 | AR44: 0 | AS44: 0 | AT44: 0 | AU44: 0 | AV44: 0 | AW44: 0 | AX44: 0 | AY44: 0 | AZ44: 0 | BA44: 0 | BB44: 0 | BC44: 0 | BD44: 0 | BE44: 0 | BF44: 0 | BG44: 0 | BH44: 0 | BI44: 0
I45: OS | M45: 0.0055498 | N45: 0.0110996 | O45: 0.00704225 | P45: 0.00792254 | Q45: 0.00704225 | R45: 0.00704225 | S45: 0.00880282 | T45: 0.00528169 | U45: 0.00440141 | V45: 0.00616197 | W45: 0.00792254 | X45: 0.00440141 | Y45: 0.00792254 | Z45: 0.00264085 | AA45: 0.01232394 | AB45: 0.01056338 | AC45: 0.00440141 | AD45: 0.00528169 | AE45: 0.00352113 | AF45: 0.00704225 | AG45: 0.00352113 | AH45: 0.00704225 | AI45: 0.00528169 | AJ45: 0.00440141 | AK45: 0.01056338 | AL45: 0.00440141 | AM45: 0.00440141 | AN45: 0.00440141 | AO45: 0.00264085 | AP45: 0.00528169 | AQ45: 0.00352113 | AR45: 0.00880282 | AS45: 0.00616197 | AT45: 0.00792254 | AU45: 0.00352113 | AV45: 0.00528169 | AW45: 0.00880282 | AX45: 0.00528169 | AY45: 0.00440141 | AZ45: 0.00616197 | BA45: 0.00704225 | BB45: 0.00792254 | BC45: 0.0096831 | BD45: 0.0096831 | BE45: 0.00616197 | BF45: 0.00616197 | BG45: 0.00528169 | BH45: 0.00440141 | BI45: 0.00264085
I46: OC | M46: 0 | N46: 0 | O46: 0 | P46: 0 | Q46: 0 | R46: 0 | S46: 0 | T46: 0 | U46: 0 | V46: 0 | W46: 0 | X46: 0 | Y46: 0 | Z46: 0 | AA46: 0 | AB46: 0 | AC46: 0 | AD46: 0 | AE46: 0 | AF46: 0 | AG46: 0 | AH46: 0 | AI46: 0 | AJ46: 0 | AK46: 0 | AL46: 0 | AM46: 0 | AN46: 0 | AO46: 0 | AP46: 0 | AQ46: 0 | AR46: 0 | AS46: 0 | AT46: 0 | AU46: 0 | AV46: 0 | AW46: 0 | AX46: 0 | AY46: 0 | AZ46: 0 | BA46: 0 | BB46: 0 | BC46: 0 | BD46: 0 | BE46: 0 | BF46: 0 | BG46: 0 | BH46: 0 | BI46: 0
A47: 2025-10-27-2025-11-02 | J47: 47
A48: Order | B48: Item | C48: Bin | D48: Test program | E48: Test voltage | F48: Fail Type | G48: Fail Type | H48: q'ty | I48: % | J48: >10% | K48: >avg*2 | L48: Max | M48: Avg % | N48: Highlight %
A49: TOP | B49: PASS BIN | D49: PASS BIN | F49: PASS BIN | G49: PASS BIN | H49: 45952 | I49: 0.8607 | M49: 0.85350733 | N49: wafer_count=930 | O49: 0.83538732 | P49: 0.83626761 | Q49: 0.84419014 | R49: 0.84419014 | S49: 0.8459507 | T49: 0.84771127 | U49: 0.84771127 | V49: 0.84859155 | W49: 0.85123239 | X49: 0.85123239 | Y49: 0.85123239 | Z49: 0.85123239 | AA49: 0.85211268 | AB49: 0.85299296 | AC49: 0.85475352 | AD49: 0.8556338 | AE49: 0.85651408 | AF49: 0.85651408 | AG49: 0.85651408 | AH49: 0.85739437 | AI49: 0.85915493 | AJ49: 0.86003521 | AK49: 0.86003521 | AL49: 0.86003521 | AM49: 0.86003521 | AN49: 0.86003521 | AO49: 0.86091549 | AP49: 0.86179577 | AQ49: 0.86179577 | AR49: 0.86443662 | AS49: 0.86443662 | AT49: 0.8653169 | AU49: 0.8653169 | AV49: 0.86707746 | AW49: 0.86707746 | AX49: 0.86795775 | AY49: 0.86971831 | AZ49: 0.86971831 | BA49: 0.87235915 | BB49: 0.87411972 | BC49: 0.87676056 | BD49: 0.87764085 | BE49: 0.87852113 | BF49: 0.87852113 | BG49: 0.87940141 | BH49: 0.88204225 | BI49: 0.88908451
A50: TOP | B50: PASS BIN | C50: 1 | D50: PASS BIN | F50: PASS BIN | G50: PASS BIN | H50: 45952 | I50: 0.86065328 | J50: 47 | K50: 0 | L50: 0.88908451 | M50: 0.85350733 | N50: 1.7070147 | O50: 0.83538732 | P50: 0.83626761 | Q50: 0.84419014 | R50: 0.84419014 | S50: 0.8459507 | T50: 0.84771127 | U50: 0.84771127 | V50: 0.84859155 | W50: 0.85123239 | X50: 0.85123239 | Y50: 0.85123239 | Z50: 0.85123239 | AA50: 0.85211268 | AB50: 0.85299296 | AC50: 0.85475352 | AD50: 0.8556338 | AE50: 0.85651408 | AF50: 0.85651408 | AG50: 0.85651408 | AH50: 0.85739437 | AI50: 0.85915493 | AJ50: 0.86003521 | AK50: 0.86003521 | AL50: 0.86003521 | AM50: 0.86003521 | AN50: 0.86003521 | AO50: 0.86091549 | AP50: 0.86179577 | AQ50: 0.86179577 | AR50: 0.86443662 | AS50: 0.86443662 | AT50: 0.8653169 | AU50: 0.8653169 | AV50: 0.86707746 | AW50: 0.86707746 | AX50: 0.86795775 | AY50: 0.86971831 | AZ50: 0.86971831 | BA50: 0.87235915 | BB50: 0.87411972 | BC50: 0.87676056 | BD50: 0.87764085 | BE50: 0.87852113 | BF50: 0.87852113 | BG50: 0.87940141 | BH50: 0.88204225 | BI50: 0.88908451
A51: TOP1 | B51: BIN24:cp_mode2_saf_comp_24ns | C51: 24 | D51: cp_mode2_saf_comp_24ns | E51: 0.88V | F51: SAF | G51: SCAN | H51: 1495 | I51: 0.02800045 | J51: 0 | K51: 0 | L51: 0.037852113 | M51: 0.02804009 | N51: 0.05608018 | O51: 0.03080986 | P51: 0.02200704 | Q51: 0.02112676 | R51: 0.03785211 | S51: 0.03433099 | T51: 0.0290493 | U51: 0.03785211 | V51: 0.03257042 | W51: 0.0290493 | X51: 0.02024648 | Y51: 0.02992958 | Z51: 0.03433099 | AA51: 0.02288732 | AB51: 0.02112676 | AC51: 0.03697183 | AD51: 0.0290493 | AE51: 0.03609155 | AF51: 0.02112676 | AG51: 0.02816901 | AH51: 0.02288732 | AI51: 0.02640845 | AJ51: 0.0290493 | AK51: 0.0334507 | AL51: 0.02288732 | AM51: 0.03257042 | AN51: 0.02728873 | AO51: 0.0290493 | AP51: 0.0290493 | AQ51: 0.03433099 | AR51: 0.02376761 | AS51: 0.02288732 | AT51: 0.02552817 | AU51: 0.03080986 | AV51: 0.02288732 | AW51: 0.03433099 | AX51: 0.02640845 | AY51: 0.02112676 | AZ51: 0.03080986 | BA51: 0.02640845 | BB51: 0.02464789 | BC51: 0.01672535 | BD51: 0.02552817 | BE51: 0.0290493 | BF51: 0.03169014 | BG51: 0.03169014 | BH51: 0.02552817 | BI51: 0.02464789
A52: TOP2 | B52: BIN105:all_bist_mp_gpu_HV | C52: 105 | D52: all_bist_mp_gpu_HV | E52: 0.88V | F52: BIST_HV | G52: BIST | H52: 1263 | I52: 0.02365523 | J52: 0 | K52: 0 | L52: 0.037852113 | M52: 0.02470812 | N52: 0.04941624 | O52: 0.01408451 | P52: 0.03785211 | Q52: 0.02288732 | R52: 0.01760563 | S52: 0.01760563 | T52: 0.02992958 | U52: 0.02992958 | V52: 0.01584507 | W52: 0.01496479 | X52: 0.02816901 | Y52: 0.02640845 | Z52: 0.0290493 | AA52: 0.02728873 | AB52: 0.03697183 | AC52: 0.02464789 | AD52: 0.03169014 | AE52: 0.02288732 | AF52: 0.03080986 | AG52: 0.02552817 | AH52: 0.0290493 | AI52: 0.02816901 | AJ52: 0.02112676 | AK52: 0.02464789 | AL52: 0.02200704 | AM52: 0.02376761 | AN52: 0.02112676 | AO52: 0.0290493 | AP52: 0.02112676 | AQ52: 0.02024648 | AR52: 0.02112676 | AS52: 0.02552817 | AT52: 0.03169014 | AU52: 0.02376761 | AV52: 0.02112676 | AW52: 0.02552817 | AX52: 0.02552817 | AY52: 0.01672535 | AZ52: 0.02992958 | BA52: 0.03169014 | BB52: 0.02112676 | BC52: 0.02464789 | BD52: 0.01848592 | BE52: 0.00880282 | BF52: 0.01584507 | BG52: 0.01496479 | BH52: 0.01232394 | BI52: 0.01848592
A53: TOP3 | B53: BIN26:cp_mode3_saf_comp_VT | C53: 26 | D53: cp_mode3_saf_comp_VT | E53: 0.88V | F53: SAF | G53: SCAN | H53: 1138 | I53: 0.02131405 | J53: 0 | K53: 0 | L53: 0.035211268 | M53: 0.02324221 | N53: 0.04648442 | O53: 0.02816901 | P53: 0.02552817 | Q53: 0.02288732 | R53: 0.02552817 | S53: 0.02112676 | T53: 0.02112676 | U53: 0.03521127 | V53: 0.0290493 | W53: 0.02288732 | X53: 0.01672535 | Y53: 0.02288732 | Z53: 0.02552817 | AA53: 0.02464789 | AB53: 0.01672535 | AC53: 0.01848592 | AD53: 0.02024648 | AE53: 0.02376761 | AF53: 0.02024648 | AG53: 0.02640845 | AH53: 0.02464789 | AI53: 0.01760563 | AJ53: 0.02024648 | AK53: 0.01408451 | AL53: 0.02200704 | AM53: 0.02200704 | AN53: 0.02552817 | AO53: 0.01584507 | AP53: 0.02288732 | AQ53: 0.02728873 | AR53: 0.0193662 | AS53: 0.01672535 | AT53: 0.02200704 | AU53: 0.02112676 | AV53: 0.02552817 | AW53: 0.01408451 | AX53: 0.02552817 | AY53: 0.02552817 | AZ53: 0.01584507 | BA53: 0.01144366 | BB53: 0.02024648 | BC53: 0.01496479 | BD53: 0.01672535 | BE53: 0.02464789 | BF53: 0.0193662 | BG53: 0.0193662 | BH53: 0.01408451 | BI53: 0.01584507
A54: TOP4 | B54: BIN22:cp_mode1_saf_comp | C54: 22 | D54: cp_mode1_saf_comp | E54: 0.88V | F54: SAF | G54: SCAN | H54: 569 | I54: 0.01065703 | J54: 0 | K54: 0 | L54: 0.016725352 | M54: 0.0116742 | N54: 0.0233484 | O54: 0.01584507 | P54: 0.01144366 | Q54: 0.01408451 | R54: 0.00792254 | S54: 0.01056338 | T54: 0.01320423 | U54: 0.00616197 | V54: 0.00704225 | W54: 0.0096831 | X54: 0.00704225 | Y54: 0.01056338 | Z54: 0.01144366 | AA54: 0.00792254 | AB54: 0.00616197 | AC54: 0.01144366 | AD54: 0.01496479 | AE54: 0.00880282 | AF54: 0.00704225 | AG54: 0.0096831 | AH54: 0.01672535 | AI54: 0.00792254 | AJ54: 0.0096831 | AK54: 0.01056338 | AL54: 0.01232394 | AM54: 0.00880282 | AN54: 0.01408451 | AO54: 0.01408451 | AP54: 0.01672535 | AQ54: 0.01408451 | AR54: 0.00792254 | AS54: 0.0096831 | AT54: 0.00528169 | AU54: 0.01584507 | AV54: 0.01056338 | AW54: 0.01232394 | AX54: 0.00880282 | AY54: 0.01144366 | AZ54: 0.01232394 | BA54: 0.01056338 | BB54: 0.01144366 | BC54: 0.00880282 | BD54: 0.01056338 | BE54: 0.00704225 | BF54: 0.00528169 | BG54: 0.01320423 | BH54: 0.01496479 | BI54: 0.00880282
A55: TOP5 | B55: BIN20:cp_mode0_saf_comp | C55: 20 | D55: cp_mode0_saf_comp | E55: 0.88V | F55: SAF | G55: SCAN | H55: 524 | I55: 0.0098142 | J55: 0 | K55: 1 | L55: 0.018485915 | M55: 0.00923354 | N55: 0.01846708 | O55: 0.00880282 | P55: 0.0096831 | Q55: 0.00528169 | R55: 0.01408451 | S55: 0.00792254 | T55: 0.01144366 | U55: 0.00880282 | V55: 0.01848592 | W55: 0.00704225 | X55: 0.0096831 | Y55: 0.00792254 | Z55: 0.01232394 | AA55: 0.01496479 | AB55: 0.01408451 | AC55: 0.00704225 | AD55: 0.00792254 | AE55: 0.01056338 | AF55: 0.01056338 | AG55: 0.00704225 | AH55: 0.00264085 | AI55: 0.00704225 | AJ55: 0.00792254 | AK55: 0.00880282 | AL55: 0.01408451 | AM55: 0.01056338 | AN55: 0.01672535 | AO55: 0.01496479 | AP55: 0.01144366 | AQ55: 0.0096831 | AR55: 0.00880282 | AS55: 0.00704225 | AT55: 0.00616197 | AU55: 0.01232394 | AV55: 0.00792254 | AW55: 0.00704225 | AX55: 0.01408451 | AY55: 0.0096831 | AZ55: 0.00440141 | BA55: 0.01056338 | BB55: 0.00704225 | BC55: 0.00352113 | BD55: 0.01144366 | BE55: 0.01232394 | BF55: 0.01232394 | BG55: 0.01232394 | BH55: 0.01056338 | BI55: 0.00616197
A56: TOP6 | B56: BIN113:all_bist_mp_gpu_LV | C56: 113 | D56: all_bist_mp_gpu_LV | E56: VID | F56: BIST_LV | G56: BIST | H56: 365 | I56: 0.00683623 | J56: 0 | K56: 2 | L56: 0.020246479 | M56: 0.00858024 | N56: 0.01716048 | O56: 0.01408451 | P56: 0.00792254 | Q56: 0.01144366 | R56: 0.0096831 | S56: 0.02024648 | T56: 0.00352113 | U56: 0.00264085 | V56: 0.00176056 | W56: 0.01760563 | X56: 0.01232394 | Y56: 0.00880282 | Z56: 0.00440141 | AA56: 0.00880282 | AB56: 0.00792254 | AC56: 0.0096831 | AD56: 0.0096831 | AE56: 0.00528169 | AF56: 0.00880282 | AG56: 0.00264085 | AH56: 0.0096831 | AI56: 0.01320423 | AJ56: 0.01144366 | AK56: 0.00352113 | AL56: 0.00792254 | AM56: 0.00088028 | AN56: 0.00352113 | AO56: 0.00088028 | AP56: 0.00440141 | AQ56: 0.00616197 | AR56: 0.01496479 | AS56: 0.01584507 | AT56: 0.00880282 | AU56: 0.00264085 | AV56: 0.00440141 | AW56: 0.00440141 | AX56: 0.00704225 | AY56: 0.00264085 | AZ56: 0.00440141 | BA56: 0.00792254 | BB56: 0.00176056 | BC56: 0.00352113 | BD56: 0.00704225 | BE56: 0.00088028 | BF56: 0.00176056 | BG56: 0.00176056 | BH56: 0.00088028 | BI56: 0.00176056
