Workbook

Sheet Summary_RTD
A1: 20250714~20250720 | B1: CP/FT | C1: Total IC | D1: Throughput | E1: Yield | G1: 20250714~20250720 | H1: CP/FT | I1: RTD No. | K1: Total IC | L1: Throughput | M1: Yield
A2: RL6982 Merlin9 | B2: CP | C2: 371989 | D2: 334478 | E2: 0.8992 | G2: RL6982 Merlin9 | H2: CP | I2: RL6982 | K2: 371989 | L2: 334478 | M2: 0.8992
B3: FT1 | C3: 244130 | D3: 242948 | E3: 0.9952 | H3: FT1 | I3: RTD2875QDA_TA01 | K3: 104745 | L3: 104233 | M3: 0.9951
A4: RL6963 Mac8q | B4: CP | C4: 230626 | D4: 205871 | E4: 0.8927 | I4: RTD2875QDA_HD_TA01 | K4: 38172 | L4: 37976 | M4: 0.9949
B5: FT1 | C5: 138569 | D5: 137585 | E5: 0.9929 | I5: RTD2874MDA_HD_TA01 | K5: 60589 | L5: 60317 | M5: 0.9955
B6: FT2 | C6: 77922 | D6: 77889 | E6: 0.9996 | I6: RTD2874MDA_TA01 | K6: 40624 | L6: 40422 | M6: 0.995
A7: RL6896 Dante | B7: CP | C7: 0 | D7: 0 | G7: RL6963 Mac8q | H7: CP | I7: RL6963 | K7: 230626 | L7: 205871 | M7: 0.8927
B8: FT1 | C8: 3374 | D8: 3366 | E8: 0.9976 | H8: FT1 | I8: RTD2851FCA_TA01 | K8: 2324 | L8: 2312 | M8: 0.9948
A9: RL6866 Mac8p | B9: CP | C9: 0 | D9: 0 | I9: RTD2841FLW_TA01 | K9: 120533 | L9: 119861 | M9: 0.9944
A10: RL6856 Merlin8 | B10: CP | C10: 114736 | D10: 96527 | E10: 0.8413 | I10: RTD2864FLV_TA01 | K10: 15712 | L10: 15412 | M10: 0.9809
B11: FT1 | C11: 59007 | D11: 58519 | E11: 0.9917 | H11: FT2 | I11: RTD2841FLW | K11: 77922 | L11: 77889 | M11: 0.9996
B12: FT2 | C12: 13950 | D12: 13946 | E12: 0.9997 | G12: RL6896 Dante | H12: CP | I12: RL6896 | K12: 0 | L12: 0
A13: RL6750 H5C2 | B13: CP | C13: 4806 | D13: 3871 | E13: 0.8055 | H13: FT1 | I13: AXD2801VPF | K13: 3374 | L13: 3366 | M13: 0.9976
A14: RL6748 Merlin7 | B14: CP | C14: 0 | D14: 0 | G14: RL6866 Mac8p | H14: CP | I14: RL6866 | K14: 0 | L14: 0
B15: FT1 | C15: 253329 | D15: 252395 | E15: 0.9963 | G15: RL6856 Merlin8 | H15: CP | I15: RL6856 | K15: 114736 | L15: 96527 | M15: 0.8413
B16: FT2 | C16: 0 | D16: 0 | H16: FT1 | I16: RTD2885PDM_FT1_TA01 | K16: 59007 | L16: 58519 | M16: 0.9917
A17: RL6746 MIO | B17: CP | C17: 314430 | D17: 312463 | E17: 0.9937 | H17: FT2 | I17: RTD2885PDM | K17: 13950 | L17: 13946 | M17: 0.9997
A18: RL6708 Bridge | B18: CP | C18: 0 | D18: 0 | G18: RL6750 H5C2 | H18: CP | I18: RL6750 | K18: 4806 | L18: 3871 | M18: 0.8055
B19: FT1 | C19: 7344 | D19: 7340 | E19: 0.9995 | G19: RL6748 Merlin7 | H19: CP | I19: RL6748 | K19: 0 | L19: 0
A20: RL6681 ATSC3 | B20: CP | C20: 0 | D20: 0 | H20: FT1 | I20: RTD2885NCK_SC | K20: 1263 | L20: 1263 | M20: 1
B21: FT1 | C21: 9016 | D21: 9000 | E21: 0.9982 | I21: RTD2875PSA_SC_TA01 | K21: 126002 | L21: 125729 | M21: 0.9978
A22: RL6672 Merlin6 | B22: CP | C22: 0 | D22: 0 | I22: RTD2885CSP_SC_TA01 | K22: 3402 | L22: 3386 | M22: 0.9953
B23: FT1 | C23: 0 | D23: 0 | I23: RTD2875PSP_SC_TA01 | K23: 115060 | L23: 114424 | M23: 0.9945
B24: FT2 | C24: 0 | D24: 0 | I24: RTD2875PNJ_SND_TA01 | K24: 7602 | L24: 7593 | M24: 0.9988
A25: RL6641 Mac7p | B25: CP | C25: 258289 | D25: 232966 | E25: 0.902 | G25: RL6746 MIO | H25: CP | I25: RL6746 | K25: 314430 | L25: 312463 | M25: 0.9937
B26: FT1 | C26: 0 | D26: 0 | G26: RL6708 Bridge | H26: CP | I26: RL6708 | K26: 0 | L26: 0
A27: RL6617 Merlin5 | B27: CP | C27: 26928 | D27: 23965 | E27: 0.89 | H27: FT1 | I27: RTD2800RR | K27: 7344 | L27: 7340 | M27: 0.9995
B28: FT1 | C28: 0 | D28: 0 | G28: RL6681 ATSC3 | H28: CP | I28: RL6681 | K28: 0 | L28: 0
B29: FT2 | C29: 0 | D29: 0 | H29: FT1 | I29: RTD2813 | K29: 9016 | L29: 9000 | M29: 0.9982
G30: RL6672 Merlin6 | H30: CP | I30: RL6672 | K30: 0 | L30: 0
G31: RL6641 Mac7p | H31: CP | I31: RL6641 | K31: 258289 | L31: 232966 | M31: 0.902
G32: RL6617 Merlin5 | H32: CP | I32: RL6617 | K32: 26928 | L32: 23965 | M32: 0.89

Sheet Top_all
A1: Project | B1: CP/FT | C1: RTD No. | E1: ECN Ver. | G1: summary | H1: Y25_W29 | J1: Top1 | K1: Top2 | L1: Top3 | M1: Top4 | N1: Top5 | O1: Top6 | P1: Top7 | Q1: Top8 | R1: Top9 | S1: Top10 | Y1: Project | Z1: CP/FT | AA1: RTD No. | AC1: ECN Ver. | AD1: Total IC | AE1: Throughput | AF1: Yield | AG1: Top1 | AH1: Top2 | AI1: Top3 | AJ1: Top4 | AK1: Top5 | AL1: Top6 | AM1: Top7 | AN1: Top8 | AO1: Top9 | AP1: Top10
A2: RL6982 Merlin9 | B2: CP | C2: RL6982 | E2: V03 | F2: Total IC | G2: 371989 | H2: 371989 | I2: Test item | J2: cp_mode2_saf_spc30_comp | K2: cp_mode3_saf_comp | L2: all_bist_wo_ETN_HV | M2: cp_mode1_saf_comp | N2: cp_mode0_saf_comp | O2: SCPU_L3_BISR_HV | P2: scpu_bist_all_1p2_HV | Q2: all_bisr_drf_mp_BISR_HV | R2: PowerShort | S2: EJTAG_GPU_BIST_HV | Y2: RL6982 Merlin9 | Z2: CP | AA2: RL6982 | AC2: V03 | AD2: 371989 | AE2: 334478 | AF2: 0.8992 | AG2: cp_mode2_saf_spc30_comp(9383ea,2.52%) | AH2: cp_mode3_saf_comp(5976ea,1.61%) | AI2: all_bist_wo_ETN_HV(5215ea,1.40%) | AJ2: cp_mode1_saf_comp(3561ea,0.96%) | AK2: cp_mode0_saf_comp(3136ea,0.84%) | AL2: SCPU_L3_BISR_HV(1467ea,0.39%) | AM2: scpu_bist_all_1p2_HV(1032ea,0.28%) | AN2: all_bisr_drf_mp_BISR_HV(850ea,0.23%) | AO2: PowerShort(776ea,0.21%) | AP2: EJTAG_GPU_BIST_HV(546ea,0.15%)
F3: Throughput | G3: 334478 | H3: 334478 | I3: q'ty | J3: 9383 | K3: 5976 | L3: 5215 | M3: 3561 | N3: 3136 | O3: 1467 | P3: 1032 | Q3: 850 | R3: 776 | S3: 546 | Z3: FT1 | AA3: RTD2875QDA_TA01 | AC3: V02 | AD3: 104745 | AE3: 104233 | AF3: 0.9951 | AG3: DDR4_2G_3000_SS_FRC_ZQp5p(123ea,0.12%) | AH3: DDR4_2G_3000_SS_single_RW_FT(110ea,0.11%) | AI3: FW_other(96ea,0.09%) | AJ3: OS_500uA(46ea,0.04%) | AK3: USB2_disconnect_mea(36ea,0.03%) | AL3: all_bisr_drf(14ea,0.01%) | AM3: PowerShort(14ea,0.01%) | AN3: HDMI20_250M_mm(10ea,0.01%) | AO3: FW_MULTI_CORE_TEST(8ea,0.01%) | AP3: scpu_bist_all_1p2_HV(6ea,0.01%)
F4: Yield | G4: 0.8992 | H4: 0.8992 | I4: % | J4: 0.0252 | K4: 0.0161 | L4: 0.014 | M4: 0.0096 | N4: 0.0084 | O4: 0.0039 | P4: 0.0028 | Q4: 0.0023 | R4: 0.0021 | S4: 0.0015 | Z4: FT1 | AA4: RTD2875QDA_HD_TA01 | AC4: V02 | AD4: 38172 | AE4: 37976 | AF4: 0.9949 | AG4: DDR4_2G_3000_SS_FRC_ZQp5p(54ea,0.14%) | AH4: DDR4_2G_3000_SS_single_RW_FT(46ea,0.12%) | AI4: FW_other(40ea,0.10%) | AJ4: OS_500uA(18ea,0.05%) | AK4: PowerShort(7ea,0.02%) | AL4: all_bisr_drf(6ea,0.02%) | AM4: Wire_Bond_Leak(4ea,0.01%) | AN4: scpu_bist_all_1p2_HV(4ea,0.01%) | AO4: IDDQ(4ea,0.01%) | AP4: FW_VE(2ea,0.01%)
B5: FT1 | C5: RTD2875QDA_TA01 | E5: V02 | F5: Total IC | G5: 104745 | H5: 104745 | I5: Test item | J5: DDR4_2G_3000_SS_FRC_ZQp5p | K5: DDR4_2G_3000_SS_single_RW_FT | L5: FW_other | M5: OS_500uA | N5: USB2_disconnect_mea | O5: all_bisr_drf | P5: PowerShort | Q5: HDMI20_250M_mm | R5: FW_MULTI_CORE_TEST | S5: scpu_bist_all_1p2_HV | Z5: FT1 | AA5: RTD2874MDA_HD_TA01 | AC5: V02 | AD5: 60589 | AE5: 60317 | AF5: 0.9955 | AG5: FW_other(75ea,0.12%) | AH5: DDR4_2G_3000_SS_FRC_ZQp5p(64ea,0.11%) | AI5: DDR4_2G_3000_SS_single_RW_FT(50ea,0.08%) | AJ5: all_bisr_drf(8ea,0.01%) | AK5: Wire_Bond_Leak(8ea,0.01%) | AL5: FW_MULTI_CORE_TEST(7ea,0.01%) | AM5: OS_500uA(5ea,0.01%) | AN5: PowerShort(5ea,0.01%) | AO5: scpu_bist_all_1p2_HV(5ea,0.01%) | AP5: scpu_bisr_bist_drf(4ea,0.01%)
F6: Throughput | G6: 104233 | H6: 104233 | I6: q'ty | J6: 123 | K6: 110 | L6: 96 | M6: 46 | N6: 36 | O6: 14 | P6: 14 | Q6: 10 | R6: 8 | S6: 6 | Z6: FT1 | AA6: RTD2874MDA_TA01 | AC6: V02 | AD6: 40624 | AE6: 40422 | AF6: 0.995 | AG6: FW_other(59ea,0.15%) | AH6: DDR4_2G_3000_SS_single_RW_FT(45ea,0.11%) | AI6: DDR4_2G_3000_SS_FRC_ZQp5p(40ea,0.10%) | AJ6: USB2_disconnect_mea(14ea,0.03%) | AK6: all_bisr_drf(5ea,0.01%) | AL6: FW_VE(5ea,0.01%) | AM6: FW_MULTI_CORE_TEST(4ea,0.01%) | AN6: OS_500uA(3ea,0.01%) | AO6: EFUSE_ReadAll_CRC(3ea,0.01%) | AP6: Wire_Bond_Leak(2ea,0.00%)
F7: Yield | G7: 0.9951 | H7: 0.9951 | I7: % | J7: 0.0012 | K7: 0.0011 | L7: 0.0009 | M7: 0.0004 | N7: 0.0003 | O7: 0.0001 | P7: 0.0001 | Q7: 0.0001 | R7: 0.0001 | S7: 0.0001 | Y7: RL6963 Mac8q | Z7: CP | AA7: RL6963 | AC7: V07 | AD7: 230626 | AE7: 205871 | AF7: 0.8927 | AG7: cp_mode1_saf_comp_B(5354ea,2.32%) | AH7: IDD(5138ea,2.23%) | AI7: cp_mode0_saf_comp(3165ea,1.37%) | AJ7: cp_mode2_saf_comp_B(2620ea,1.14%) | AK7: all_bist_m_0217_p1_BIST_LDOoff_OC700_HV(1995ea,0.87%) | AL7: Core<=180mA&SCPU<120mA(877ea,0.38%) | AM7: cp_mode1_tdf_cov70_comp_HV(697ea,0.30%) | AN7: PowerShort(515ea,0.22%) | AO7: os(430ea,0.19%) | AP7: Core 160~180&scpu 100~120(337ea,0.15%)
B8: FT1 | C8: RTD2875QDA_HD_TA01 | E8: V02 | F8: Total IC | G8: 38172 | H8: 38172 | I8: Test item | J8: DDR4_2G_3000_SS_FRC_ZQp5p | K8: DDR4_2G_3000_SS_single_RW_FT | L8: FW_other | M8: OS_500uA | N8: PowerShort | O8: all_bisr_drf | P8: Wire_Bond_Leak | Q8: scpu_bist_all_1p2_HV | R8: IDDQ | S8: FW_VE | Z8: FT1 | AA8: RTD2851FCA_TA01 | AC8: V10 | AD8: 2324 | AE8: 2312 | AF8: 0.9948 | AG8: PIF_LVDS_FT(10ea,0.43%) | AH8: FW_other(1ea,0.04%) | AI8: FW_HDMI_4K60(1ea,0.04%)
F9: Throughput | G9: 37976 | H9: 37976 | I9: q'ty | J9: 54 | K9: 46 | L9: 40 | M9: 18 | N9: 7 | O9: 6 | P9: 4 | Q9: 4 | R9: 4 | S9: 2 | Z9: FT1 | AA9: RTD2841FLW_TA01 | AC9: V10 | AD9: 120533 | AE9: 119861 | AF9: 0.9944 | AG9: FW_other(223ea,0.19%) | AH9: os(94ea,0.08%) | AI9: D4_2666M_FRC_4K60_uhd_LB_FT(73ea,0.06%) | AJ9: FW_HDMI_4K60(63ea,0.05%) | AK9: all_bist_m_0217_p1_BIST_LDOon_HV(49ea,0.04%) | AL9: power_short_EOT(35ea,0.03%) | AM9: power_short(22ea,0.02%) | AN9: FW_HDMI_480P(16ea,0.01%) | AO9: all_bist_m_0217_p5_scpu_bist_LDOon_HV(12ea,0.01%) | AP9: PIF_LVDS_FT(8ea,0.01%)
F10: Yield | G10: 0.9949 | H10: 0.9949 | I10: % | J10: 0.0014 | K10: 0.0012 | L10: 0.001 | M10: 0.0005 | N10: 0.0002 | O10: 0.0002 | P10: 0.0001 | Q10: 0.0001 | R10: 0.0001 | S10: 0.0001 | Z10: FT1 | AA10: RTD2864FLV_TA01 | AC10: V09 | AD10: 15712 | AE10: 15412 | AF10: 0.9809 | AG10: FW_other(242ea,1.54%) | AH10: FW_EMMC(16ea,0.10%) | AI10: FW_HDMI_4K60(15ea,0.10%) | AJ10: D4_2666M_FRC_4K60_uhd_LB_FT(4ea,0.03%) | AK10: OS(4ea,0.03%) | AL10: FW_Multi_core_test_1(2ea,0.01%) | AM10: all_bist_m_0217_p1_BIST_LDOon_HV(2ea,0.01%) | AN10: IFD_FT01(2ea,0.01%) | AO10: FW_SPI_NAND(2ea,0.01%) | AP10: FW_USB(1ea,0.01%)
B11: FT1 | C11: RTD2874MDA_HD_TA01 | E11: V02 | F11: Total IC | G11: 60589 | H11: 60589 | I11: Test item | J11: FW_other | K11: DDR4_2G_3000_SS_FRC_ZQp5p | L11: DDR4_2G_3000_SS_single_RW_FT | M11: all_bisr_drf | N11: Wire_Bond_Leak | O11: FW_MULTI_CORE_TEST | P11: OS_500uA | Q11: PowerShort | R11: scpu_bist_all_1p2_HV | S11: scpu_bisr_bist_drf | Z11: FT2 | AA11: RTD2841FLW | AC11: V01 | AD11: 77922 | AE11: 77889 | AF11: 0.9996 | AG11: USB2_Swing(13ea,0.02%) | AH11: Wire_bond_leak(11ea,0.01%) | AI11: IDDQ(7ea,0.01%) | AJ11: Chip_ID_B(1ea,0.00%) | AK11: por(1ea,0.00%)
F12: Throughput | G12: 60317 | H12: 60317 | I12: q'ty | J12: 75 | K12: 64 | L12: 50 | M12: 8 | N12: 8 | O12: 7 | P12: 5 | Q12: 5 | R12: 5 | S12: 4 | Y12: RL6896 Dante | Z12: FT1 | AA12: AXD2801VPF | AC12: V08 | AD12: 3374 | AE12: 3366 | AF12: 0.9976 | AG12: HDMI2p1_12g_TX_check_Done_Result(7ea,0.21%) | AH12: HDMI2p0_6G_RX(1ea,0.03%)
F13: Yield | G13: 0.9955 | H13: 0.9955 | I13: % | J13: 0.0012 | K13: 0.0011 | L13: 0.0008 | M13: 0.0001 | N13: 0.0001 | O13: 0.0001 | P13: 0.0001 | Q13: 0.0001 | R13: 0.0001 | S13: 0.0001 | Y13: RL6856 Merlin8 | Z13: CP | AA13: RL6856 | AC13: V10 | AD13: 114736 | AE13: 96527 | AF13: 0.8413 | AG13: cp_mode2_saf_comp_24ns(3504ea,3.05%) | AH13: all_bist_mp_gpu_HV(2739ea,2.39%) | AI13: cp_mode3_saf_comp_VT(2707ea,2.36%) | AJ13: cp_mode1_saf_comp(1430ea,1.25%) | AK13: cp_mode0_saf_comp(1170ea,1.02%) | AL13: all_bist_mp_gpu_LV(1091ea,0.95%) | AM13: IDD(680ea,0.59%) | AN13: power_short(487ea,0.42%) | AO13: os(436ea,0.38%) | AP13: core_scpu_power_IDD_spec(427ea,0.37%)
B14: FT1 | C14: RTD2874MDA_TA01 | E14: V02 | F14: Total IC | G14: 40624 | H14: 40624 | I14: Test item | J14: FW_other | K14: DDR4_2G_3000_SS_single_RW_FT | L14: DDR4_2G_3000_SS_FRC_ZQp5p | M14: USB2_disconnect_mea | N14: all_bisr_drf | O14: FW_VE | P14: FW_MULTI_CORE_TEST | Q14: OS_500uA | R14: EFUSE_ReadAll_CRC | S14: Wire_Bond_Leak | Z14: FT1 | AA14: RTD2885PDM_FT1_TA01 | AC14: V06 | AD14: 59007 | AE14: 58519 | AF14: 0.9917 | AG14: FW_M8(196ea,0.33%) | AH14: HDMI_12G(100ea,0.17%) | AI14: DDR_single_RW_D4(49ea,0.08%) | AJ14: DDR_ZQ_P(37ea,0.06%) | AK14: VDC01_FT01_SNR(21ea,0.04%) | AL14: Power_Short(20ea,0.03%) | AM14: IFD_FT01(18ea,0.03%) | AN14: set-error-bin(12ea,0.02%) | AO14: IFD_FT02(8ea,0.01%) | AP14: OS_500uA(7ea,0.01%)
F15: Throughput | G15: 40422 | H15: 40422 | I15: q'ty | J15: 59 | K15: 45 | L15: 40 | M15: 14 | N15: 5 | O15: 5 | P15: 4 | Q15: 3 | R15: 3 | S15: 2 | Z15: FT2 | AA15: RTD2885PDM | AC15: V04 | AD15: 13950 | AE15: 13946 | AF15: 0.9997 | AG15: OS(4ea,0.03%)
F16: Yield | G16: 0.995 | H16: 0.995 | I16: % | J16: 0.0015 | K16: 0.0011 | L16: 0.001 | M16: 0.0003 | N16: 0.0001 | O16: 0.0001 | P16: 0.0001 | Q16: 0.0001 | R16: 0.0001 | S16: 0 | Y16: RL6750 H5C2 | Z16: CP | AA16: RL6750 | AC16: V03 | AD16: 4806 | AE16: 3871 | AF16: 0.8055 | AG16: SAF_mode0_spc20_comp_211220165909_HV(153ea,3.18%) | AH16: SAF_mode1_comp_211080048_HV(147ea,3.06%) | AI16: all_bist_HV(142ea,2.95%) | AJ16: IDDQ(87ea,1.81%) | AK16: OS_500uA(72ea,1.50%) | AL16: SAF_mode2_comp_2111080208_HV(71ea,1.48%) | AM16: Power_Short(64ea,1.33%) | AN16: PIF_PP(63ea,1.31%) | AO16: all_bisr_drf(27ea,0.56%) | AP16: TDF_mode1_wo_vby1_occ_dnr_lp25_stage1_25_g5_spc20_comp_220110132151_LV(17ea,0.35%)
A17: RL6963 Mac8q | B17: CP | C17: RL6963 | E17: V07 | F17: Total IC | G17: 230626 | H17: 230626 | I17: Test item | J17: cp_mode1_saf_comp_B | K17: IDD | L17: cp_mode0_saf_comp | M17: cp_mode2_saf_comp_B | N17: all_bist_m_0217_p1_BIST_LDOoff_OC700_HV | O17: Core<=180mA&SCPU<120mA | P17: cp_mode1_tdf_cov70_comp_HV | Q17: PowerShort | R17: os | S17: Core 160~180&scpu 100~120 | Y17: RL6748 Merlin7 | Z17: FT1 | AA17: RTD2885NCK_SC | AC17: V16 | AD17: 1263 | AE17: 1263 | AF17: 1
F18: Throughput | G18: 205871 | H18: 205871 | I18: q'ty | J18: 5354 | K18: 5138 | L18: 3165 | M18: 2620 | N18: 1995 | O18: 877 | P18: 697 | Q18: 515 | R18: 430 | S18: 337 | Z18: FT1 | AA18: RTD2875PSA_SC_TA01 | AC18: V12 | AD18: 126002 | AE18: 125729 | AF18: 0.9978 | AG18: FW_other(136ea,0.11%) | AH18: OS_500uA(41ea,0.03%) | AI18: HDMI20_1p5G(17ea,0.01%) | AJ18: HDMI20_6G_VB(13ea,0.01%) | AK18: USB_squelch_trim(7ea,0.01%) | AL18: FW_VDC_PQ(6ea,0.00%) | AM18: FW_MTEST(5ea,0.00%) | AN18: FW_ETN(5ea,0.00%) | AO18: OS_2mA(5ea,0.00%) | AP18: FW_MD_Domain(5ea,0.00%)
F19: Yield | G19: 0.8927 | H19: 0.8927 | I19: % | J19: 0.0232 | K19: 0.0223 | L19: 0.0137 | M19: 0.0114 | N19: 0.0087 | O19: 0.0038 | P19: 0.003 | Q19: 0.0022 | R19: 0.0019 | S19: 0.0015 | Z19: FT1 | AA19: RTD2885CSP_SC_TA01 | AC19: V12 | AD19: 3402 | AE19: 3386 | AF19: 0.9953 | AG19: (3386ea,99.53%) | AH19: (7ea,0.21%) | AI19: (6ea,0.18%) | AJ19: (2ea,0.06%) | AK19: (1ea,0.03%) | AM19: (3402ea,100.00%)
B20: FT1 | C20: RTD2851FCA_TA01 | E20: V10 | F20: Total IC | G20: 2324 | H20: 2324 | I20: Test item | J20: PIF_LVDS_FT | K20: FW_other | L20: FW_HDMI_4K60 | Z20: FT1 | AA20: RTD2875PSP_SC_TA01 | AC20: V12 | AD20: 115060 | AE20: 114424 | AF20: 0.9945 | AG20: FW_other(380ea,0.33%) | AH20: OS_500uA(72ea,0.06%) | AI20: FW_MD_Domain(62ea,0.05%) | AJ20: HDMI20_6G_VB(34ea,0.03%) | AK20: Power_Short(13ea,0.01%) | AL20: OS_2mA(13ea,0.01%) | AM20: FW_VDC_PQ(12ea,0.01%) | AN20: FW_ETN(9ea,0.01%) | AO20: USB_squelch_trim(7ea,0.01%) | AP20: FW_MTEST(4ea,0.00%)
F21: Throughput | G21: 2312 | H21: 2312 | I21: q'ty | J21: 10 | K21: 1 | L21: 1 | Z21: FT1 | AA21: RTD2875PNJ_SND_TA01 | AC21: V12 | AD21: 7602 | AE21: 7593 | AF21: 0.9988 | AG21: (7593ea,99.88%) | AH21: (5ea,0.07%) | AI21: (1ea,0.01%) | AJ21: (1ea,0.01%) | AK21: (1ea,0.01%) | AL21: (1ea,0.01%) | AN21: (7602ea,100.00%)
F22: Yield | G22: 0.9948 | H22: 0.9948 | I22: % | J22: 0.0043 | K22: 0.0004 | L22: 0.0004 | Y22: RL6746 MIO | Z22: CP | AA22: RL6746 | AC22: V02 | AD22: 314430 | AE22: 312463 | AF22: 0.9937 | AG22: scan_saf_intl_NV_mode0(1104ea,0.35%) | AH22: chip_id_20201231(344ea,0.11%) | AI22: svad_bist_mp_LV_20210126(327ea,0.10%) | AJ22: open_short_500ua_20210205(56ea,0.02%) | AK22: idd_100_20210225(40ea,0.01%) | AL22: mio_iso_spi_sync_sd_regrw_27M(35ea,0.01%) | AM22: scan_tdf_comp_HV_mode0(12ea,0.00%) | AN22: gpio_03_gpi_read_gpo_20210202(10ea,0.00%) | AO22: scan_bf_comp_NV_mode0(9ea,0.00%) | AP22: gpio_05_gpi_l_leakage_20210202(7ea,0.00%)
B23: FT1 | C23: RTD2841FLW_TA01 | E23: V10 | F23: Total IC | G23: 120533 | H23: 120533 | I23: Test item | J23: FW_other | K23: os | L23: D4_2666M_FRC_4K60_uhd_LB_FT | M23: FW_HDMI_4K60 | N23: all_bist_m_0217_p1_BIST_LDOon_HV | O23: power_short_EOT | P23: power_short | Q23: FW_HDMI_480P | R23: all_bist_m_0217_p5_scpu_bist_LDOon_HV | S23: PIF_LVDS_FT | Y23: RL6708 Bridge | Z23: FT1 | AA23: RTD2800RR | AC23: V07 | AD23: 7344 | AE23: 7340 | AF23: 0.9995 | AG23: os_RX_vb(2ea,0.03%) | AH23: power_short_rx(1ea,0.01%) | AI23: iRealOne_12G_RX(1ea,0.01%)
F24: Throughput | G24: 119861 | H24: 119861 | I24: q'ty | J24: 223 | K24: 94 | L24: 73 | M24: 63 | N24: 49 | O24: 35 | P24: 22 | Q24: 16 | R24: 12 | S24: 8 | Y24: RL6681 ATSC3 | Z24: FT1 | AA24: RTD2813 | AC24: V01 | AD24: 9016 | AE24: 9000 | AF24: 0.9982 | AG24: open_short_2ma_220121(7ea,0.08%) | AH24: open_short_500ua_220121(5ea,0.06%) | AI24: atsc_IFD_FT02_ramp_12b(2ea,0.02%) | AJ24: wire_bond_leakage(1ea,0.01%) | AK24: atsc_IFD_FT01_12b(1ea,0.01%)
F25: Yield | G25: 0.9944 | H25: 0.9944 | I25: % | J25: 0.0019 | K25: 0.0008 | L25: 0.0006 | M25: 0.0005 | N25: 0.0004 | O25: 0.0003 | P25: 0.0002 | Q25: 0.0001 | R25: 0.0001 | S25: 0.0001 | Y25: RL6641 Mac7p | Z25: CP | AA25: RL6641 | AC25: V16 | AD25: 258289 | AE25: 232966 | AF25: 0.902 | AG25: all_bist_etn_HV(5125ea,1.98%) | AH25: cp_saf_mode2_comp_30_dummy_pattern_s2(4648ea,1.80%) | AI25: cp_saf_mode0_comp_tmax2_B_cut_s2(3029ea,1.17%) | AJ25: cp_saf_mode1_comp_tmax2_B_cut_s2(2606ea,1.01%) | AK25: IDD(2448ea,0.95%) | AL25: cp_saf_mode6_comp_tmax2_B_cut_s2(2068ea,0.80%) | AM25: PowerShort(1184ea,0.46%) | AN25: cp_tdf_mode2_comp_30_dummy_pattern_LV_s2(542ea,0.21%) | AO25: scpu_bist_all_mode_shr_delay2_SCPU1150_HV(457ea,0.18%) | AP25: GPU_DEC_OPEN_HV(396ea,0.15%)
B26: FT1 | C26: RTD2864FLV_TA01 | E26: V09 | F26: Total IC | G26: 15712 | H26: 15712 | I26: Test item | J26: FW_other | K26: FW_EMMC | L26: FW_HDMI_4K60 | M26: D4_2666M_FRC_4K60_uhd_LB_FT | N26: OS | O26: FW_Multi_core_test_1 | P26: all_bist_m_0217_p1_BIST_LDOon_HV | Q26: IFD_FT01 | R26: FW_SPI_NAND | S26: FW_USB | Y26: RL6617 Merlin5 | Z26: CP | AA26: RL6617 | AC26: V42 | AD26: 26928 | AE26: 23965 | AF26: 0.89 | AG26: cp_saf_mode0_comp_period_slow_HV(571ea,2.12%) | AH26: cp_saf_mode2_comp_period_slow_HV(562ea,2.09%) | AI26: all_bist_mp_HV(555ea,2.06%) | AJ26: cp_saf_mode1_comp_period_slow_HV(395ea,1.47%) | AK26: cp_tdf_mode0_1_comp_period_slow_LV(121ea,0.45%) | AL26: cp_tdf_mode0_0_mask_MBFF_1bit_0_comp_period_slow_LV(108ea,0.40%) | AM26: power_short(108ea,0.40%) | AN26: cp_tdf_mode2_comp_period_slow_LV(63ea,0.23%) | AO26: mln5_all_bisr_drf_mp_HV_LV(41ea,0.15%) | AP26: cp_saf_mode3_comp_period_slow_HV(39ea,0.14%)
F27: Throughput | G27: 15412 | H27: 15412 | I27: q'ty | J27: 242 | K27: 16 | L27: 15 | M27: 4 | N27: 4 | O27: 2 | P27: 2 | Q27: 2 | R27: 2 | S27: 1
F28: Yield | G28: 0.9809 | H28: 0.9809 | I28: % | J28: 0.0154 | K28: 0.001 | L28: 0.001 | M28: 0.0003 | N28: 0.0003 | O28: 0.0001 | P28: 0.0001 | Q28: 0.0001 | R28: 0.0001 | S28: 0.0001
B29: FT2 | C29: RTD2841FLW | E29: V01 | F29: Total IC | G29: 77922 | H29: 77922 | I29: Test item | J29: USB2_Swing | K29: Wire_bond_leak | L29: IDDQ | M29: Chip_ID_B | N29: por
F30: Throughput | G30: 77889 | H30: 77889 | I30: q'ty | J30: 13 | K30: 11 | L30: 7 | M30: 1 | N30: 1
F31: Yield | G31: 0.9996 | H31: 0.9996 | I31: % | J31: 0.0002 | K31: 0.0001 | L31: 0.0001 | M31: 0 | N31: 0
A32: RL6896 Dante | B32: FT1 | C32: AXD2801VPF | E32: V08 | F32: Total IC | G32: 3374 | H32: 3374 | I32: Test item | J32: HDMI2p1_12g_TX_check_Done_Result | K32: HDMI2p0_6G_RX
F33: Throughput | G33: 3366 | H33: 3366 | I33: q'ty | J33: 7 | K33: 1
F34: Yield | G34: 0.9976 | H34: 0.9976 | I34: % | J34: 0.0021 | K34: 0.0003
A35: RL6856 Merlin8 | B35: CP | C35: RL6856 | E35: V10 | F35: Total IC | G35: 114736 | H35: 114736 | I35: Test item | J35: cp_mode2_saf_comp_24ns | K35: all_bist_mp_gpu_HV | L35: cp_mode3_saf_comp_VT | M35: cp_mode1_saf_comp | N35: cp_mode0_saf_comp | O35: all_bist_mp_gpu_LV | P35: IDD | Q35: power_short | R35: os | S35: core_scpu_power_IDD_spec
F36: Throughput | G36: 96527 | H36: 96527 | I36: q'ty | J36: 3504 | K36: 2739 | L36: 2707 | M36: 1430 | N36: 1170 | O36: 1091 | P36: 680 | Q36: 487 | R36: 436 | S36: 427
F37: Yield | G37: 0.8413 | H37: 0.8413 | I37: % | J37: 0.0305 | K37: 0.0239 | L37: 0.0236 | M37: 0.0125 | N37: 0.0102 | O37: 0.0095 | P37: 0.0059 | Q37: 0.0042 | R37: 0.0038 | S37: 0.0037
B38: FT1 | C38: RTD2885PDM_FT1_TA01 | E38: V06 | F38: Total IC | G38: 59007 | H38: 59007 | I38: Test item | J38: FW_M8 | K38: HDMI_12G | L38: DDR_single_RW_D4 | M38: DDR_ZQ_P | N38: VDC01_FT01_SNR | O38: Power_Short | P38: IFD_FT01 | Q38: set-error-bin | R38: IFD_FT02 | S38: OS_500uA
F39: Throughput | G39: 58519 | H39: 58519 | I39: q'ty | J39: 196 | K39: 100 | L39: 49 | M39: 37 | N39: 21 | O39: 20 | P39: 18 | Q39: 12 | R39: 8 | S39: 7
F40: Yield | G40: 0.9917 | H40: 0.9917 | I40: % | J40: 0.0033 | K40: 0.0017 | L40: 0.0008 | M40: 0.0006 | N40: 0.0004 | O40: 0.0003 | P40: 0.0003 | Q40: 0.0002 | R40: 0.0001 | S40: 0.0001
B41: FT2 | C41: RTD2885PDM | E41: V04 | F41: Total IC | G41: 13950 | H41: 13950 | I41: Test item | J41: OS
F42: Throughput | G42: 13946 | H42: 13946 | I42: q'ty | J42: 4
F43: Yield | G43: 0.9997 | H43: 0.9997 | I43: % | J43: 0.0003
A44: RL6750 H5C2 | B44: CP | C44: RL6750 | E44: V03 | F44: Total IC | G44: 4806 | H44: 4806 | I44: Test item | J44: SAF_mode0_spc20_comp_211220165909_HV | K44: SAF_mode1_comp_211080048_HV | L44: all_bist_HV | M44: IDDQ | N44: OS_500uA | O44: SAF_mode2_comp_2111080208_HV | P44: Power_Short | Q44: PIF_PP | R44: all_bisr_drf | S44: TDF_mode1_wo_vby1_occ_dnr_lp25_stage1_25_g5_spc20_comp_220110132151_LV
F45: Throughput | G45: 3871 | H45: 3871 | I45: q'ty | J45: 153 | K45: 147 | L45: 142 | M45: 87 | N45: 72 | O45: 71 | P45: 64 | Q45: 63 | R45: 27 | S45: 17
F46: Yield | G46: 0.8055 | H46: 0.8055 | I46: % | J46: 0.0318 | K46: 0.0306 | L46: 0.0295 | M46: 0.0181 | N46: 0.015 | O46: 0.0148 | P46: 0.0133 | Q46: 0.0131 | R46: 0.0056 | S46: 0.0035
A47: RL6748 Merlin7 | B47: FT1 | C47: RTD2885NCK_SC | E47: V16 | F47: Total IC | G47: 1263 | H47: 1263 | I47: Test item
F48: Throughput | G48: 1263 | H48: 1263 | I48: q'ty
F49: Yield | G49: 1 | H49: 1 | I49: %
B50: FT1 | C50: RTD2875PSA_SC_TA01 | E50: V12 | F50: Total IC | G50: 126002 | H50: 126002 | I50: Test item | J50: FW_other | K50: OS_500uA | L50: HDMI20_1p5G | M50: HDMI20_6G_VB | N50: USB_squelch_trim | O50: FW_VDC_PQ | P50: FW_MTEST | Q50: FW_ETN | R50: OS_2mA | S50: FW_MD_Domain
F51: Throughput | G51: 125729 | H51: 125729 | I51: q'ty | J51: 136 | K51: 41 | L51: 17 | M51: 13 | N51: 7 | O51: 6 | P51: 5 | Q51: 5 | R51: 5 | S51: 5
F52: Yield | G52: 0.9978 | H52: 0.9978 | I52: % | J52: 0.0011 | K52: 0.0003 | L52: 0.0001 | M52: 0.0001 | N52: 0.0001 | O52: 0 | P52: 0 | Q52: 0 | R52: 0 | S52: 0
B53: FT1 | C53: RTD2885CSP_SC_TA01 | E53: V12 | F53: Total IC | G53: 3402 | H53: 3402 | I53: Test item
F54: Throughput | G54: 3386 | H54: 3386 | I54: q'ty | J54: 3386 | K54: 7 | L54: 6 | M54: 2 | N54: 1 | P54: 3402
F55: Yield | G55: 0.9953 | H55: 0.9953 | I55: % | J55: 0.9953 | K55: 0.0021 | L55: 0.0018 | M55: 0.0006 | N55: 0.0003 | P55: 1
B56: FT1 | C56: RTD2875PSP_SC_TA01 | E56: V12 | F56: Total IC | G56: 115060 | H56: 115060 | I56: Test item | J56: FW_other | K56: OS_500uA | L56: FW_MD_Domain | M56: HDMI20_6G_VB | N56: Power_Short | O56: OS_2mA | P56: FW_VDC_PQ | Q56: FW_ETN | R56: USB_squelch_trim | S56: FW_MTEST
F57: Throughput | G57: 114424 | H57: 114424 | I57: q'ty | J57: 380 | K57: 72 | L57: 62 | M57: 34 | N57: 13 | O57: 13 | P57: 12 | Q57: 9 | R57: 7 | S57: 4
F58: Yield | G58: 0.9945 | H58: 0.9945 | I58: % | J58: 0.0033 | K58: 0.0006 | L58: 0.0005 | M58: 0.0003 | N58: 0.0001 | O58: 0.0001 | P58: 0.0001 | Q58: 0.0001 | R58: 0.0001 | S58: 0
B59: FT1 | C59: RTD2875PNJ_SND_TA01 | E59: V12 | F59: Total IC | G59: 7602 | H59: 7602 | I59: Test item
F60: Throughput | G60: 7593 | H60: 7593 | I60: q'ty | J60: 7593 | K60: 5 | L60: 1 | M60: 1 | N60: 1 | O60: 1 | Q60: 7602
F61: Yield | G61: 0.9988 | H61: 0.9988 | I61: % | J61: 0.9988 | K61: 0.0007 | L61: 0.0001 | M61: 0.0001 | N61: 0.0001 | O61: 0.0001 | Q61: 1
A62: RL6746 MIO | B62: CP | C62: RL6746 | E62: V02 | F62: Total IC | G62: 314430 | H62: 314430 | I62: Test item | J62: scan_saf_intl_NV_mode0 | K62: chip_id_20201231 | L62: svad_bist_mp_LV_20210126 | M62: open_short_500ua_20210205 | N62: idd_100_20210225 | O62: mio_iso_spi_sync_sd_regrw_27M | P62: scan_tdf_comp_HV_mode0 | Q62: gpio_03_gpi_read_gpo_20210202 | R62: scan_bf_comp_NV_mode0 | S62: gpio_05_gpi_l_leakage_20210202
F63: Throughput | G63: 312463 | H63: 312463 | I63: q'ty | J63: 1104 | K63: 344 | L63: 327 | M63: 56 | N63: 40 | O63: 35 | P63: 12 | Q63: 10 | R63: 9 | S63: 7
F64: Yield | G64: 0.9937 | H64: 0.9937 | I64: % | J64: 0.0035 | K64: 0.0011 | L64: 0.001 | M64: 0.0002 | N64: 0.0001 | O64: 0.0001 | P64: 0 | Q64: 0 | R64: 0 | S64: 0
A65: RL6708 Bridge | B65: FT1 | C65: RTD2800RR | E65: V07 | F65: Total IC | G65: 7344 | H65: 7344 | I65: Test item | J65: os_RX_vb | K65: power_short_rx | L65: iRealOne_12G_RX
F66: Throughput | G66: 7340 | H66: 7340 | I66: q'ty | J66: 2 | K66: 1 | L66: 1
F67: Yield | G67: 0.9995 | H67: 0.9995 | I67: % | J67: 0.0003 | K67: 0.0001 | L67: 0.0001
A68: RL6681 ATSC3 | B68: FT1 | C68: RTD2813 | E68: V01 | F68: Total IC | G68: 9016 | H68: 9016 | I68: Test item | J68: open_short_2ma_220121 | K68: open_short_500ua_220121 | L68: atsc_IFD_FT02_ramp_12b | M68: wire_bond_leakage | N68: atsc_IFD_FT01_12b
F69: Throughput | G69: 9000 | H69: 9000 | I69: q'ty | J69: 7 | K69: 5 | L69: 2 | M69: 1 | N69: 1
F70: Yield | G70: 0.9982 | H70: 0.9982 | I70: % | J70: 0.0008 | K70: 0.0006 | L70: 0.0002 | M70: 0.0001 | N70: 0.0001
A71: RL6641 Mac7p | B71: CP | C71: RL6641 | E71: V16 | F71: Total IC | G71: 258289 | H71: 258289 | I71: Test item | J71: all_bist_etn_HV | K71: cp_saf_mode2_comp_30_dummy_pattern_s2 | L71: cp_saf_mode0_comp_tmax2_B_cut_s2 | M71: cp_saf_mode1_comp_tmax2_B_cut_s2 | N71: IDD | O71: cp_saf_mode6_comp_tmax2_B_cut_s2 | P71: PowerShort | Q71: cp_tdf_mode2_comp_30_dummy_pattern_LV_s2 | R71: scpu_bist_all_mode_shr_delay2_SCPU1150_HV | S71: GPU_DEC_OPEN_HV
F72: Throughput | G72: 232966 | H72: 232966 | I72: q'ty | J72: 5125 | K72: 4648 | L72: 3029 | M72: 2606 | N72: 2448 | O72: 2068 | P72: 1184 | Q72: 542 | R72: 457 | S72: 396
F73: Yield | G73: 0.902 | H73: 0.902 | I73: % | J73: 0.0198 | K73: 0.018 | L73: 0.0117 | M73: 0.0101 | N73: 0.0095 | O73: 0.008 | P73: 0.0046 | Q73: 0.0021 | R73: 0.0018 | S73: 0.0015
A74: RL6617 Merlin5 | B74: CP | C74: RL6617 | E74: V42 | F74: Total IC | G74: 26928 | H74: 26928 | I74: Test item | J74: cp_saf_mode0_comp_period_slow_HV | K74: cp_saf_mode2_comp_period_slow_HV | L74: all_bist_mp_HV | M74: cp_saf_mode1_comp_period_slow_HV | N74: cp_tdf_mode0_1_comp_period_slow_LV | O74: cp_tdf_mode0_0_mask_MBFF_1bit_0_comp_period_slow_LV | P74: power_short | Q74: cp_tdf_mode2_comp_period_slow_LV | R74: mln5_all_bisr_drf_mp_HV_LV | S74: cp_saf_mode3_comp_period_slow_HV
F75: Throughput | G75: 23965 | H75: 23965 | I75: q'ty | J75: 571 | K75: 562 | L75: 555 | M75: 395 | N75: 121 | O75: 108 | P75: 108 | Q75: 63 | R75: 41 | S75: 39
F76: Yield | G76: 0.89 | H76: 0.89 | I76: % | J76: 0.0212 | K76: 0.0209 | L76: 0.0206 | M76: 0.0147 | N76: 0.0045 | O76: 0.004 | P76: 0.004 | Q76: 0.0023 | R76: 0.0015 | S76: 0.0014

Sheet RL6982_HD_TA01_V03_summary_raw
A1: 1 | B1: PASS BIN | C1: 334478 | D1: 0.8992 | N1: Project | O1: RL6982 | P1: RL6982 | Q1: RL6982 | R1: RL6982 | S1: RL6982 | T1: RL6982 | U1: RL6982 | V1: RL6982 | W1: RL6982 | X1: RL6982 | Y1: RL6982 | Z1: RL6982 | AA1: RL6982 | AB1: RL6982 | AC1: RL6982 | AD1: RL6982 | AE1: RL6982 | AF1: RL6982 | AG1: RL6982 | AH1: RL6982 | AI1: RL6982 | AJ1: RL6982 | AK1: RL6982 | AL1: RL6982 | AM1: RL6982 | AN1: RL6982 | AO1: RL6982 | AP1: RL6982 | AQ1: RL6982 | AR1: RL6982 | AS1: RL6982 | AT1: RL6982 | AU1: RL6982 | AV1: RL6982 | AW1: RL6982 | AX1: RL6982 | AY1: RL6982 | AZ1: RL6982 | BA1: RL6982 | BB1: RL6982 | BC1: RL6982 | BD1: RL6982 | BE1: RL6982 | BF1: RL6982 | BG1: RL6982 | BH1: RL6982 | BI1: RL6982 | BJ1: RL6982 | BK1: RL6982 | BL1: RL6982 | BM1: RL6982 | BN1: RL6982 | BO1: RL6982 | BP1: RL6982 | BQ1: RL6982 | BR1: RL6982 | BS1: RL6982 | BT1: RL6982 | BU1: RL6982 | BV1: RL6982 | BW1: RL6982 | BX1: RL6982 | BY1: RL6982 | BZ1: RL6982 | CA1: RL6982 | CB1: RL6982 | CC1: RL6982 | CD1: RL6982 | CE1: RL6982 | CF1: RL6982 | CG1: RL6982 | CH1: RL6982 | CI1: RL6982 | CJ1: RL6982 | CK1: RL6982 | CL1: RL6982 | CM1: RL6982 | CN1: RL6982 | CO1: RL6982 | CP1: RL6982 | CQ1: RL6982 | CR1: RL6982 | CS1: RL6982 | CT1: RL6982 | CU1: RL6982 | CV1: RL6982 | CW1: RL6982 | CX1: RL6982 | CY1: RL6982 | CZ1: RL6982 | DA1: RL6982 | DB1: RL6982 | DC1: RL6982 | DD1: RL6982 | DE1: RL6982 | DF1: RL6982 | DG1: RL6982 | DH1: RL6982 | DI1: RL6982 | DJ1: RL6982 | DK1: RL6982 | DL1: RL6982 | DM1: RL6982 | DN1: RL6982 | DO1: RL6982 | DP1: RL6982 | DQ1: RL6982 | DR1: RL6982 | DS1: RL6982 | DT1: RL6982 | DU1: RL6982 | DV1: RL6982 | DW1: RL6982 | DX1: RL6982 | DY1: RL6982 | DZ1: RL6982 | EA1: RL6982 | EB1: RL6982 | EC1: RL6982 | ED1: RL6982 | EE1: RL6982 | EF1: RL6982 | EG1: RL6982 | EH1: RL6982 | EI1: RL6982 | EJ1: RL6982 | EK1: RL6982 | EL1: RL6982 | EM1: RL6982 | EN1: RL6982 | EO1: RL6982 | EP1: RL6982 | EQ1: RL6982 | ER1: RL6982 | ES1: RL6982 | ET1: RL6982 | EU1: RL6982 | EV1: RL6982 | EW1: RL6982 | EX1: RL6982 | EY1: RL6982 | EZ1: RL6982 | FA1: RL6982 | FB1: RL6982 | FC1: RL6982 | FD1: RL6982 | FE1: RL6982 | FF1: RL6982 | FG1: RL6982 | FH1: RL6982 | FI1: RL6982 | FJ1: RL6982 | FK1: RL6982 | FL1: RL6982 | FM1: RL6982 | FN1: RL6982 | FO1: RL6982 | FP1: RL6982 | FQ1: RL6982 | FR1: RL6982 | FS1: RL6982 | FT1: RL6982 | FU1: RL6982 | FV1: RL6982 | FW1: RL6982 | FX1: RL6982 | FY1: RL6982 | FZ1: RL6982 | GA1: RL6982 | GB1: RL6982 | GC1: RL6982 | GD1: RL6982 | GE1: RL6982 | GF1: RL6982 | GG1: RL6982 | GH1: RL6982 | GI1: RL6982 | GJ1: RL6982 | GK1: RL6982 | GL1: RL6982 | GM1: RL6982 | GN1: RL6982 | GO1: RL6982 | GP1: RL6982 | GQ1: RL6982 | GR1: RL6982 | GS1: RL6982 | GT1: RL6982 | GU1: RL6982 | GV1: RL6982 | GW1: RL6982 | GX1: RL6982 | GY1: RL6982 | GZ1: RL6982 | HA1: RL6982 | HB1: RL6982 | HC1: RL6982 | HD1: RL6982 | HE1: RL6982 | HF1: RL6982 | HG1: RL6982 | HH1: RL6982 | HI1: RL6982 | HJ1: RL6982 | HK1: RL6982 | HL1: RL6982 | HM1: RL6982 | HN1: RL6982 | HO1: RL6982 | HP1: RL6982 | HQ1: RL6982 | HR1: RL6982 | HS1: RL6982 | HT1: RL6982 | HU1: RL6982 | HV1: RL6982 | HW1: RL6982 | HX1: RL6982 | HY1: RL6982 | HZ1: RL6982 | IA1: RL6982 | IB1: RL6982 | IC1: RL6982 | ID1: RL6982 | IE1: RL6982 | IF1: RL6982 | IG1: RL6982 | IH1: RL6982 | II1: RL6982 | IJ1: RL6982 | IK1: RL6982 | IL1: RL6982 | IM1: RL6982 | IN1: RL6982 | IO1: RL6982 | IP1: RL6982 | IQ1: RL6982 | IR1: RL6982 | IS1: RL6982 | IT1: RL6982 | IU1: RL6982 | IV1: RL6982 | IW1: RL6982 | IX1: RL6982 | IY1: RL6982 | IZ1: RL6982 | JA1: RL6982 | JB1: RL6982 | JC1: RL6982 | JD1: RL6982 | JE1: RL6982 | JF1: RL6982 | JG1: RL6982 | JH1: RL6982 | JI1: RL6982 | JJ1: RL6982 | JK1: RL6982 | JL1: RL6982 | JM1: RL6982 | JN1: RL6982 | JO1: RL6982 | JP1: RL6982 | JQ1: RL6982 | JR1: RL6982 | JS1: RL6982 | JT1: RL6982 | JU1: RL6982 | JV1: RL6982 | JW1: RL6982 | JX1: RL6982 | JY1: RL6982 | JZ1: RL6982 | KA1: RL6982 | KB1: RL6982 | KC1: RL6982 | KD1: RL6982 | KE1: RL6982 | KF1: RL6982 | KG1: RL6982 | KH1: RL6982 | KI1: RL6982 | KJ1: RL6982 | KK1: RL6982 | KL1: RL6982 | KM1: RL6982 | KN1: RL6982 | KO1: RL6982 | KP1: RL6982 | KQ1: RL6982 | KR1: RL6982 | KS1: RL6982 | KT1: RL6982 | KU1: RL6982 | KV1: RL6982 | KW1: RL6982 | KX1: RL6982 | KY1: RL6982 | KZ1: RL6982 | LA1: RL6982 | LB1: RL6982 | LC1: RL6982 | LD1: RL6982 | LE1: RL6982 | LF1: RL6982 | LG1: RL6982 | LH1: RL6982 | LI1: RL6982 | LJ1: RL6982 | LK1: RL6982 | LL1: RL6982 | LM1: RL6982 | LN1: RL6982 | LO1: RL6982 | LP1: RL6982 | LQ1: RL6982 | LR1: RL6982 | LS1: RL6982 | LT1: RL6982 | LU1: RL6982 | LV1: RL6982 | LW1: RL6982 | LX1: RL6982 | LY1: RL6982 | LZ1: RL6982 | MA1: RL6982 | MB1: RL6982 | MC1: RL6982 | MD1: RL6982 | ME1: RL6982 | MF1: RL6982 | MG1: RL6982 | MH1: RL6982 | MI1: RL6982 | MJ1: RL6982 | MK1: RL6982 | ML1: RL6982 | MM1: RL6982 | MN1: RL6982 | MO1: RL6982 | MP1: RL6982 | MQ1: RL6982 | MR1: RL6982
A2: Top_all | B2: BIN1 | C2: 334478 | D2: 0.8992 | N2: Product | O2: RL6982 | P2: RL6982 | Q2: RL6982 | R2: RL6982 | S2: RL6982 | T2: RL6982 | U2: RL6982 | V2: RL6982 | W2: RL6982 | X2: RL6982 | Y2: RL6982 | Z2: RL6982 | AA2: RL6982 | AB2: RL6982 | AC2: RL6982 | AD2: RL6982 | AE2: RL6982 | AF2: RL6982 | AG2: RL6982 | AH2: RL6982 | AI2: RL6982 | AJ2: RL6982 | AK2: RL6982 | AL2: RL6982 | AM2: RL6982 | AN2: RL6982 | AO2: RL6982 | AP2: RL6982 | AQ2: RL6982 | AR2: RL6982 | AS2: RL6982 | AT2: RL6982 | AU2: RL6982 | AV2: RL6982 | AW2: RL6982 | AX2: RL6982 | AY2: RL6982 | AZ2: RL6982 | BA2: RL6982 | BB2: RL6982 | BC2: RL6982 | BD2: RL6982 | BE2: RL6982 | BF2: RL6982 | BG2: RL6982 | BH2: RL6982 | BI2: RL6982 | BJ2: RL6982 | BK2: RL6982 | BL2: RL6982 | BM2: RL6982 | BN2: RL6982 | BO2: RL6982 | BP2: RL6982 | BQ2: RL6982 | BR2: RL6982 | BS2: RL6982 | BT2: RL6982 | BU2: RL6982 | BV2: RL6982 | BW2: RL6982 | BX2: RL6982 | BY2: RL6982 | BZ2: RL6982 | CA2: RL6982 | CB2: RL6982 | CC2: RL6982 | CD2: RL6982 | CE2: RL6982 | CF2: RL6982 | CG2: RL6982 | CH2: RL6982 | CI2: RL6982 | CJ2: RL6982 | CK2: RL6982 | CL2: RL6982 | CM2: RL6982 | CN2: RL6982 | CO2: RL6982 | CP2: RL6982 | CQ2: RL6982 | CR2: RL6982 | CS2: RL6982 | CT2: RL6982 | CU2: RL6982 | CV2: RL6982 | CW2: RL6982 | CX2: RL6982 | CY2: RL6982 | CZ2: RL6982 | DA2: RL6982 | DB2: RL6982 | DC2: RL6982 | DD2: RL6982 | DE2: RL6982 | DF2: RL6982 | DG2: RL6982 | DH2: RL6982 | DI2: RL6982 | DJ2: RL6982 | DK2: RL6982 | DL2: RL6982 | DM2: RL6982 | DN2: RL6982 | DO2: RL6982 | DP2: RL6982 | DQ2: RL6982 | DR2: RL6982 | DS2: RL6982 | DT2: RL6982 | DU2: RL6982 | DV2: RL6982 | DW2: RL6982 | DX2: RL6982 | DY2: RL6982 | DZ2: RL6982 | EA2: RL6982 | EB2: RL6982 | EC2: RL6982 | ED2: RL6982 | EE2: RL6982 | EF2: RL6982 | EG2: RL6982 | EH2: RL6982 | EI2: RL6982 | EJ2: RL6982 | EK2: RL6982 | EL2: RL6982 | EM2: RL6982 | EN2: RL6982 | EO2: RL6982 | EP2: RL6982 | EQ2: RL6982 | ER2: RL6982 | ES2: RL6982 | ET2: RL6982 | EU2: RL6982 | EV2: RL6982 | EW2: RL6982 | EX2: RL6982 | EY2: RL6982 | EZ2: RL6982 | FA2: RL6982 | FB2: RL6982 | FC2: RL6982 | FD2: RL6982 | FE2: RL6982 | FF2: RL6982 | FG2: RL6982 | FH2: RL6982 | FI2: RL6982 | FJ2: RL6982 | FK2: RL6982 | FL2: RL6982 | FM2: RL6982 | FN2: RL6982 | FO2: RL6982 | FP2: RL6982 | FQ2: RL6982 | FR2: RL6982 | FS2: RL6982 | FT2: RL6982 | FU2: RL6982 | FV2: RL6982 | FW2: RL6982 | FX2: RL6982 | FY2: RL6982 | FZ2: RL6982 | GA2: RL6982 | GB2: RL6982 | GC2: RL6982 | GD2: RL6982 | GE2: RL6982 | GF2: RL6982 | GG2: RL6982 | GH2: RL6982 | GI2: RL6982 | GJ2: RL6982 | GK2: RL6982 | GL2: RL6982 | GM2: RL6982 | GN2: RL6982 | GO2: RL6982 | GP2: RL6982 | GQ2: RL6982 | GR2: RL6982 | GS2: RL6982 | GT2: RL6982 | GU2: RL6982 | GV2: RL6982 | GW2: RL6982 | GX2: RL6982 | GY2: RL6982 | GZ2: RL6982 | HA2: RL6982 | HB2: RL6982 | HC2: RL6982 | HD2: RL6982 | HE2: RL6982 | HF2: RL6982 | HG2: RL6982 | HH2: RL6982 | HI2: RL6982 | HJ2: RL6982 | HK2: RL6982 | HL2: RL6982 | HM2: RL6982 | HN2: RL6982 | HO2: RL6982 | HP2: RL6982 | HQ2: RL6982 | HR2: RL6982 | HS2: RL6982 | HT2: RL6982 | HU2: RL6982 | HV2: RL6982 | HW2: RL6982 | HX2: RL6982 | HY2: RL6982 | HZ2: RL6982 | IA2: RL6982 | IB2: RL6982 | IC2: RL6982 | ID2: RL6982 | IE2: RL6982 | IF2: RL6982 | IG2: RL6982 | IH2: RL6982 | II2: RL6982 | IJ2: RL6982 | IK2: RL6982 | IL2: RL6982 | IM2: RL6982 | IN2: RL6982 | IO2: RL6982 | IP2: RL6982 | IQ2: RL6982 | IR2: RL6982 | IS2: RL6982 | IT2: RL6982 | IU2: RL6982 | IV2: RL6982 | IW2: RL6982 | IX2: RL6982 | IY2: RL6982 | IZ2: RL6982 | JA2: RL6982 | JB2: RL6982 | JC2: RL6982 | JD2: RL6982 | JE2: RL6982 | JF2: RL6982 | JG2: RL6982 | JH2: RL6982 | JI2: RL6982 | JJ2: RL6982 | JK2: RL6982 | JL2: RL6982 | JM2: RL6982 | JN2: RL6982 | JO2: RL6982 | JP2: RL6982 | JQ2: RL6982 | JR2: RL6982 | JS2: RL6982 | JT2: RL6982 | JU2: RL6982 | JV2: RL6982 | JW2: RL6982 | JX2: RL6982 | JY2: RL6982 | JZ2: RL6982 | KA2: RL6982 | KB2: RL6982 | KC2: RL6982 | KD2: RL6982 | KE2: RL6982 | KF2: RL6982 | KG2: RL6982 | KH2: RL6982 | KI2: RL6982 | KJ2: RL6982 | KK2: RL6982 | KL2: RL6982 | KM2: RL6982 | KN2: RL6982 | KO2: RL6982 | KP2: RL6982 | KQ2: RL6982 | KR2: RL6982 | KS2: RL6982 | KT2: RL6982 | KU2: RL6982 | KV2: RL6982 | KW2: RL6982 | KX2: RL6982 | KY2: RL6982 | KZ2: RL6982 | LA2: RL6982 | LB2: RL6982 | LC2: RL6982 | LD2: RL6982 | LE2: RL6982 | LF2: RL6982 | LG2: RL6982 | LH2: RL6982 | LI2: RL6982 | LJ2: RL6982 | LK2: RL6982 | LL2: RL6982 | LM2: RL6982 | LN2: RL6982 | LO2: RL6982 | LP2: RL6982 | LQ2: RL6982 | LR2: RL6982 | LS2: RL6982 | LT2: RL6982 | LU2: RL6982 | LV2: RL6982 | LW2: RL6982 | LX2: RL6982 | LY2: RL6982 | LZ2: RL6982 | MA2: RL6982 | MB2: RL6982 | MC2: RL6982 | MD2: RL6982 | ME2: RL6982 | MF2: RL6982 | MG2: RL6982 | MH2: RL6982 | MI2: RL6982 | MJ2: RL6982 | MK2: RL6982 | ML2: RL6982 | MM2: RL6982 | MN2: RL6982 | MO2: RL6982 | MP2: RL6982 | MQ2: RL6982 | MR2: RL6982
B3: OTHER | C3: 418 | D3: 0.0011 | N3: Short Lot ID | O3: P7A34 | P3: P7A20 | Q3: P7CC9 | R3: P7A30 | S3: P7A29 | T3: P7AQ4 | U3: P7A29 | V3: P7A64 | W3: P7A46 | X3: P7A68 | Y3: P7A34 | Z3: P7A64 | AA3: P7A57 | AB3: P7A64 | AC3: P7AQ4 | AD3: P7A32 | AE3: P7AQ5 | AF3: P7A64 | AG3: P7A46 | AH3: P7A29 | AI3: P7A29 | AJ3: P7A68 | AK3: P7A64 | AL3: P7A66 | AM3: P7A34 | AN3: P7A68 | AO3: P7A46 | AP3: P7CM6 | AQ3: P7AQ5 | AR3: P7A50 | AS3: P7A53 | AT3: P7AQ6 | AU3: P7A27 | AV3: P7AQ5 | AW3: P7A68 | AX3: P7A29 | AY3: P7A53 | AZ3: P7A50 | BA3: P7A50 | BB3: P7A27 | BC3: P7A57 | BD3: P7A64 | BE3: P7A64 | BF3: P7A34 | BG3: P7A68 | BH3: P7A64 | BI3: P7A57 | BJ3: P7A41 | BK3: P7A57 | BL3: P7A41 | BM3: P7A50 | BN3: P7A29 | BO3: P7AQ5 | BP3: P7A29 | BQ3: P7A30 | BR3: P7A68 | BS3: P7A57 | BT3: P7A27 | BU3: P7A41 | BV3: P7A50 | BW3: P7A46 | BX3: P7A68 | BY3: P7A32 | BZ3: P7A57 | CA3: P7A64 | CB3: P7A35 | CC3: P7A35 | CD3: P7A41 | CE3: P7A57 | CF3: P7A41 | CG3: P7A41 | CH3: P7A57 | CI3: P7A27 | CJ3: P7A68 | CK3: P7A29 | CL3: P7A27 | CM3: P7A50 | CN3: P7A57 | CO3: P7A20 | CP3: P7A68 | CQ3: P7A57 | CR3: P7A57 | CS3: P7A57 | CT3: P7A30 | CU3: P7A35 | CV3: P7A46 | CW3: P7A68 | CX3: P7A53 | CY3: P7A46 | CZ3: P7A68 | DA3: P7A29 | DB3: P7A53 | DC3: P7A29 | DD3: P7A57 | DE3: P7A27 | DF3: P7A46 | DG3: P7A57 | DH3: P7A50 | DI3: P7A57 | DJ3: P7A30 | DK3: P7A30 | DL3: P7A68 | DM3: P7A30 | DN3: P7A64 | DO3: P7A41 | DP3: P7A35 | DQ3: P7A50 | DR3: P7CC9 | DS3: P7A34 | DT3: P7A57 | DU3: P7A53 | DV3: P7A34 | DW3: P7A68 | DX3: P7A53 | DY3: P7A41 | DZ3: P7A46 | EA3: P7A64 | EB3: P7AQ5 | EC3: P7AQ4 | ED3: P7A68 | EE3: P7AQ6 | EF3: P7A64 | EG3: P7A29 | EH3: P7A61 | EI3: P7A46 | EJ3: P7A64 | EK3: P7A50 | EL3: P7A57 | EM3: P7A53 | EN3: P7A53 | EO3: P7AQ6 | EP3: P7A34 | EQ3: P7A29 | ER3: P7A64 | ES3: P7A53 | ET3: P7A68 | EU3: P7A68 | EV3: P7A34 | EW3: P7AQ5 | EX3: P7A46 | EY3: P7A57 | EZ3: P7A46 | FA3: P7A29 | FB3: P7A68 | FC3: P7A34 | FD3: P7A46 | FE3: P7A29 | FF3: P7A30 | FG3: P7A30 | FH3: P7A53 | FI3: P7A57 | FJ3: P7A29 | FK3: P7A34 | FL3: P7A41 | FM3: P7A53 | FN3: P7A34 | FO3: P7AQ5 | FP3: P7A46 | FQ3: P7A50 | FR3: P7A35 | FS3: P7A46 | FT3: P7A41 | FU3: P7A46 | FV3: P7A29 | FW3: P7A46 | FX3: P7AQ6 | FY3: P7A53 | FZ3: P7A68 | GA3: P7A53 | GB3: P7A50 | GC3: P7AQ4 | GD3: P7A35 | GE3: P7A64 | GF3: P7A27 | GG3: P7A69 | GH3: P7A64 | GI3: P7A46 | GJ3: P7A50 | GK3: P7A53 | GL3: P7A41 | GM3: P7A53 | GN3: P7A34 | GO3: P7A35 | GP3: P7A34 | GQ3: P7A64 | GR3: P7A35 | GS3: P7A34 | GT3: P7A58 | GU3: P7AQ6 | GV3: P7A41 | GW3: P7A34 | GX3: P7A46 | GY3: P7A46 | GZ3: P7A53 | HA3: P7A53 | HB3: P7A20 | HC3: P7A64 | HD3: P7A30 | HE3: P7AQ5 | HF3: P7AQ5 | HG3: P7A46 | HH3: P7A64 | HI3: P7A53 | HJ3: P7AQ6 | HK3: P7AQ4 | HL3: P7A41 | HM3: P7A57 | HN3: P7A50 | HO3: P7A29 | HP3: P7A50 | HQ3: P7A34 | HR3: P7A50 | HS3: P7AQ6 | HT3: P7A41 | HU3: P7A34 | HV3: P7A68 | HW3: P7A64 | HX3: P7A57 | HY3: P7A68 | HZ3: P7A35 | IA3: P7AQ6 | IB3: P7A50 | IC3: P7A27 | ID3: P7A30 | IE3: P7AQ4 | IF3: P7A35 | IG3: P7A68 | IH3: P7A46 | II3: P7A53 | IJ3: P7AQ4 | IK3: P7A20 | IL3: P7A53 | IM3: P7A46 | IN3: P7A29 | IO3: P7A41 | IP3: P7A68 | IQ3: P7A57 | IR3: P7A35 | IS3: P7AQ5 | IT3: P7A35 | IU3: P7A35 | IV3: P7AQ5 | IW3: P7A29 | IX3: P7A41 | IY3: P7A30 | IZ3: P7A29 | JA3: P7A64 | JB3: P7A57 | JC3: P7A41 | JD3: P7A34 | JE3: P7A20 | JF3: P7CC9 | JG3: P7AQ6 | JH3: P7A46 | JI3: P7A70 | JJ3: P7A53 | JK3: P7A50 | JL3: P7A50 | JM3: P7A53 | JN3: P7AQ4 | JO3: P7A61 | JP3: P7A34 | JQ3: P7A53 | JR3: P7A41 | JS3: P7A34 | JT3: P7A46 | JU3: P7A57 | JV3: P7AQ6 | JW3: P7CC9 | JX3: P7A68 | JY3: P7A29 | JZ3: P7CC9 | KA3: P7A27 | KB3: P7A29 | KC3: P7A35 | KD3: P7A25 | KE3: P7CC9 | KF3: P7A35 | KG3: P7AQ5 | KH3: P7AQ4 | KI3: P7A35 | KJ3: P7A30 | KK3: P7A68 | KL3: P7A50 | KM3: P7A50 | KN3: P7A34 | KO3: P7AQ6 | KP3: P7A35 | KQ3: P7A35 | KR3: P7A53 | KS3: P7AQ4 | KT3: P7A30 | KU3: P7A27 | KV3: P7A50 | KW3: P7AQ5 | KX3: P7A68 | KY3: P7AQ6 | KZ3: P7AQ4 | LA3: P7A50 | LB3: P7A27 | LC3: P7CC9 | LD3: P7AQ4 | LE3: P7AQ4 | LF3: P7A27 | LG3: P7AQ4 | LH3: P7A50 | LI3: P7A53 | LJ3: P7A34 | LK3: P7A29 | LL3: P7AQ4 | LM3: P7A34 | LN3: P7A35 | LO3: P7A57 | LP3: P7A27 | LQ3: P7A34 | LR3: P7A27 | LS3: P7A64 | LT3: P7A41 | LU3: P7AQ4 | LV3: P7A35 | LW3: P7A27 | LX3: P7A46 | LY3: P7AQ4 | LZ3: P7AQ4 | MA3: P7AQ4 | MB3: P7A27 | MC3: P7AQ4 | MD3: P7A27 | ME3: P7AQ5 | MF3: P7A50 | MG3: P7A50 | MH3: P7A30 | MI3: P7A27 | MJ3: P7A65 | MK3: P7AQ6 | ML3: P7A27 | MM3: P7AQ4 | MN3: P7AQ4 | MO3: P7A27 | MP3: P7A20 | MQ3: P7A27 | MR3: P7A27
B4: OS | C4: 1289 | D4: 0.0035 | N4: Lot ID | O4: P7A34 | P4: P7A20 | Q4: P7CC9 | R4: P7A30 | S4: P7A29 | T4: P7AQ4 | U4: P7A29 | V4: P7A64 | W4: P7A46 | X4: P7A68 | Y4: P7A34 | Z4: P7A64 | AA4: P7A57 | AB4: P7A64 | AC4: P7AQ4 | AD4: P7A32 | AE4: P7AQ5 | AF4: P7A64 | AG4: P7A46 | AH4: P7A29 | AI4: P7A29 | AJ4: P7A68 | AK4: P7A64 | AL4: P7A66 | AM4: P7A34 | AN4: P7A68 | AO4: P7A46 | AP4: P7CM6 | AQ4: P7AQ5 | AR4: P7A50 | AS4: P7A53 | AT4: P7AQ6 | AU4: P7A27 | AV4: P7AQ5 | AW4: P7A68 | AX4: P7A29 | AY4: P7A53 | AZ4: P7A50 | BA4: P7A50 | BB4: P7A27 | BC4: P7A57 | BD4: P7A64 | BE4: P7A64 | BF4: P7A34 | BG4: P7A68 | BH4: P7A64 | BI4: P7A57 | BJ4: P7A41 | BK4: P7A57 | BL4: P7A41 | BM4: P7A50 | BN4: P7A29 | BO4: P7AQ5 | BP4: P7A29 | BQ4: P7A30 | BR4: P7A68 | BS4: P7A57 | BT4: P7A27 | BU4: P7A41 | BV4: P7A50 | BW4: P7A46 | BX4: P7A68 | BY4: P7A32 | BZ4: P7A57 | CA4: P7A64 | CB4: P7A35 | CC4: P7A35 | CD4: P7A41 | CE4: P7A57 | CF4: P7A41 | CG4: P7A41 | CH4: P7A57 | CI4: P7A27 | CJ4: P7A68 | CK4: P7A29 | CL4: P7A27 | CM4: P7A50 | CN4: P7A57 | CO4: P7A20 | CP4: P7A68 | CQ4: P7A57 | CR4: P7A57 | CS4: P7A57 | CT4: P7A30 | CU4: P7A35 | CV4: P7A46 | CW4: P7A68 | CX4: P7A53 | CY4: P7A46 | CZ4: P7A68 | DA4: P7A29 | DB4: P7A53 | DC4: P7A29 | DD4: P7A57 | DE4: P7A27 | DF4: P7A46 | DG4: P7A57 | DH4: P7A50 | DI4: P7A57 | DJ4: P7A30 | DK4: P7A30 | DL4: P7A68 | DM4: P7A30 | DN4: P7A64 | DO4: P7A41 | DP4: P7A35 | DQ4: P7A50 | DR4: P7CC9 | DS4: P7A34 | DT4: P7A57 | DU4: P7A53 | DV4: P7A34 | DW4: P7A68 | DX4: P7A53 | DY4: P7A41 | DZ4: P7A46 | EA4: P7A64 | EB4: P7AQ5 | EC4: P7AQ4 | ED4: P7A68 | EE4: P7AQ6 | EF4: P7A64 | EG4: P7A29 | EH4: P7A61 | EI4: P7A46 | EJ4: P7A64 | EK4: P7A50 | EL4: P7A57 | EM4: P7A53 | EN4: P7A53 | EO4: P7AQ6 | EP4: P7A34 | EQ4: P7A29 | ER4: P7A64 | ES4: P7A53 | ET4: P7A68 | EU4: P7A68 | EV4: P7A34 | EW4: P7AQ5 | EX4: P7A46 | EY4: P7A57 | EZ4: P7A46 | FA4: P7A29 | FB4: P7A68 | FC4: P7A34 | FD4: P7A46 | FE4: P7A29 | FF4: P7A30 | FG4: P7A30 | FH4: P7A53 | FI4: P7A57 | FJ4: P7A29 | FK4: P7A34 | FL4: P7A41 | FM4: P7A53 | FN4: P7A34 | FO4: P7AQ5 | FP4: P7A46 | FQ4: P7A50 | FR4: P7A35 | FS4: P7A46 | FT4: P7A41 | FU4: P7A46 | FV4: P7A29 | FW4: P7A46 | FX4: P7AQ6 | FY4: P7A53 | FZ4: P7A68 | GA4: P7A53 | GB4: P7A50 | GC4: P7AQ4 | GD4: P7A35 | GE4: P7A64 | GF4: P7A27 | GG4: P7A69 | GH4: P7A64 | GI4: P7A46 | GJ4: P7A50 | GK4: P7A53 | GL4: P7A41 | GM4: P7A53 | GN4: P7A34 | GO4: P7A35 | GP4: P7A34 | GQ4: P7A64 | GR4: P7A35 | GS4: P7A34 | GT4: P7A58 | GU4: P7AQ6 | GV4: P7A41 | GW4: P7A34 | GX4: P7A46 | GY4: P7A46 | GZ4: P7A53 | HA4: P7A53 | HB4: P7A20 | HC4: P7A64 | HD4: P7A30 | HE4: P7AQ5 | HF4: P7AQ5 | HG4: P7A46 | HH4: P7A64 | HI4: P7A53 | HJ4: P7AQ6 | HK4: P7AQ4 | HL4: P7A41 | HM4: P7A57 | HN4: P7A50 | HO4: P7A29 | HP4: P7A50 | HQ4: P7A34 | HR4: P7A50 | HS4: P7AQ6 | HT4: P7A41 | HU4: P7A34 | HV4: P7A68 | HW4: P7A64 | HX4: P7A57 | HY4: P7A68 | HZ4: P7A35 | IA4: P7AQ6 | IB4: P7A50 | IC4: P7A27 | ID4: P7A30 | IE4: P7AQ4 | IF4: P7A35 | IG4: P7A68 | IH4: P7A46 | II4: P7A53 | IJ4: P7AQ4 | IK4: P7A20 | IL4: P7A53 | IM4: P7A46 | IN4: P7A29 | IO4: P7A41 | IP4: P7A68 | IQ4: P7A57 | IR4: P7A35 | IS4: P7AQ5 | IT4: P7A35 | IU4: P7A35 | IV4: P7AQ5 | IW4: P7A29 | IX4: P7A41 | IY4: P7A30 | IZ4: P7A29 | JA4: P7A64 | JB4: P7A57 | JC4: P7A41 | JD4: P7A34 | JE4: P7A20 | JF4: P7CC9 | JG4: P7AQ6 | JH4: P7A46 | JI4: P7A70 | JJ4: P7A53 | JK4: P7A50 | JL4: P7A50 | JM4: P7A53 | JN4: P7AQ4 | JO4: P7A61 | JP4: P7A34 | JQ4: P7A53 | JR4: P7A41 | JS4: P7A34 | JT4: P7A46 | JU4: P7A57 | JV4: P7AQ6 | JW4: P7CC9 | JX4: P7A68 | JY4: P7A29 | JZ4: P7CC9 | KA4: P7A27 | KB4: P7A29 | KC4: P7A35 | KD4: P7A25 | KE4: P7CC9 | KF4: P7A35 | KG4: P7AQ5 | KH4: P7AQ4 | KI4: P7A35 | KJ4: P7A30 | KK4: P7A68 | KL4: P7A50 | KM4: P7A50 | KN4: P7A34 | KO4: P7AQ6 | KP4: P7A35 | KQ4: P7A35 | KR4: P7A53 | KS4: P7AQ4 | KT4: P7A30 | KU4: P7A27 | KV4: P7A50 | KW4: P7AQ5 | KX4: P7A68 | KY4: P7AQ6 | KZ4: P7AQ4 | LA4: P7A50 | LB4: P7A27 | LC4: P7CC9 | LD4: P7AQ4 | LE4: P7AQ4 | LF4: P7A27 | LG4: P7AQ4 | LH4: P7A50 | LI4: P7A53 | LJ4: P7A34 | LK4: P7A29 | LL4: P7AQ4 | LM4: P7A34 | LN4: P7A35 | LO4: P7A57 | LP4: P7A27 | LQ4: P7A34 | LR4: P7A27 | LS4: P7A64 | LT4: P7A41 | LU4: P7AQ4 | LV4: P7A35 | LW4: P7A27 | LX4: P7A46 | LY4: P7AQ4 | LZ4: P7AQ4 | MA4: P7AQ4 | MB4: P7A27 | MC4: P7AQ4 | MD4: P7A27 | ME4: P7AQ5 | MF4: P7A50 | MG4: P7A50 | MH4: P7A30 | MI4: P7A27 | MJ4: P7A65 | MK4: P7AQ6 | ML4: P7A27 | MM4: P7AQ4 | MN4: P7AQ4 | MO4: P7A27 | MP4: P7A20 | MQ4: P7A27 | MR4: P7A27
B5: SD | C5: 896 | D5: 0.0024 | N5: Wafer ID | O5: MAR870-11C1 | P5: MAS247-22B7 | Q5: MAR887-17G7 | R5: MAR868-13A7 | S5: MAR757-11F4 | T5: MAR875-02G7 | U5: MAR757-04B2 | V5: MAR892-18F0 | W5: MAR874-20B0 | X5: MAR896-11F2 | Y5: MAR870-14A2 | Z5: MAR892-20F0 | AA5: MAR884-25E3 | AB5: MAR892-04F1 | AC5: MAR875-23D5 | AD5: MAR869-25G4 | AE5: MAR886-09G1 | AF5: MAR892-05E4 | AG5: MAR874-19A3 | AH5: MAR757-25F3 | AI5: MAR757-01D1 | AJ5: MAR896-16C1 | AK5: MAR892-13A6 | AL5: MAR894-16A4 | AM5: MAR870-02G4 | AN5: MAR896-10F7 | AO5: MAR874-17B5 | AP5: MAS255-08F5 | AQ5: MAR886-06A5 | AR5: MAR878-10B7 | AS5: MAR881-06A2 | AT5: MAR891-01C4 | AU5: MAR756-02F3 | AV5: MAR886-12F4 | AW5: MAR896-14D3 | AX5: MAR757-22H2 | AY5: MAR881-14D7 | AZ5: MAR878-03F0 | BA5: MAR878-16F4 | BB5: MAR756-24B4 | BC5: MAR884-15C0 | BD5: MAR892-22D6 | BE5: MAR892-17F5 | BF5: MAR870-20F1 | BG5: MAR896-18A7 | BH5: MAR892-09C0 | BI5: MAR884-24F0 | BJ5: MAR872-19G1 | BK5: MAR884-16B3 | BL5: MAR872-23E7 | BM5: MAR878-25B1 | BN5: MAR757-07G6 | BO5: MAR886-18B6 | BP5: MAR757-08G1 | BQ5: MAR868-14A2 | BR5: MAR896-08F7 | BS5: MAR884-02B4 | BT5: MAR756-11B0 | BU5: MAR872-15B2 | BV5: MAR878-02F5 | BW5: MAR874-13E1 | BX5: MAR896-12E5 | BY5: MAR869-22B0 | BZ5: MAR884-01C1 | CA5: MAR892-15G7 | CB5: MAR871-24H1 | CC5: MAR871-06B1 | CD5: MAR872-16A5 | CE5: MAR884-07F6 | CF5: MAR872-22F4 | CG5: MAR872-07F0 | CH5: MAR884-20A1 | CI5: MAR756-25A7 | CJ5: MAR896-05A3 | CK5: MAR757-12E7 | CL5: MAR756-06C7 | CM5: MAR878-24B6 | CN5: MAR884-18A1 | CO5: MAS247-24A5 | CP5: MAR896-23G3 | CQ5: MAR884-08F1 | CR5: MAR884-06G3 | CS5: MAR884-23F5 | CT5: MAR868-22D7 | CU5: MAR871-05B6 | CV5: MAR874-06H2 | CW5: MAR896-17B4 | CX5: MAR881-23G7 | CY5: MAR874-04B1 | CZ5: MAR896-22H0 | DA5: MAR757-09F4 | DB5: MAR881-11F6 | DC5: MAR757-05A5 | DD5: MAR884-21G7 | DE5: MAR756-22C6 | DF5: MAR874-03B6 | DG5: MAR884-09E4 | DH5: MAR878-01G2 | DI5: MAR884-11E4 | DJ5: MAR868-21E4 | DK5: MAR868-06E0 | DL5: MAR896-03B5 | DM5: MAR868-23D2 | DN5: MAR892-10C5 | DO5: MAR872-25D5 | DP5: MAR871-21B5 | DQ5: MAR878-20E2 | DR5: MAR887-18G2 | DS5: MAR870-01H1 | DT5: MAR884-10F1 | DU5: MAR881-03C1 | DV5: MAR870-18F1 | DW5: MAR896-02C2 | DX5: MAR881-15D2 | DY5: MAR872-04G7 | DZ5: MAR874-07G5 | EA5: MAR892-03F6 | EB5: MAR886-05B2 | EC5: MAR875-07D6 | ED5: MAR896-21A2 | EE5: MAR891-04A5 | EF5: MAR892-25B7 | EG5: MAR757-19A4 | EH5: MAR890-24A7 | EI5: MAR874-16C2 | EJ5: MAR892-14A1 | EK5: MAR878-09B2 | EL5: MAR884-04A2 | EM5: MAR881-21A6 | EN5: MAR881-09F6 | EO5: MAR891-13D5 | EP5: MAR870-15H0 | EQ5: MAR757-14D5 | ER5: MAR892-19E3 | ES5: MAR881-04B4 | ET5: MAR896-06H1 | EU5: MAR896-24F6 | EV5: MAR870-16G3 | EW5: MAR886-19B1 | EX5: MAR874-21A3 | EY5: MAR884-03A7 | EZ5: MAR874-12E6 | FA5: MAR757-20B1 | FB5: MAR896-20A7 | FC5: MAR870-08C6 | FD5: MAR874-01D0 | FE5: MAR757-16C3 | FF5: MAR868-05E5 | FG5: MAR868-07D3 | FH5: MAR881-22A1 | FI5: MAR884-14C5 | FJ5: MAR757-06A0 | FK5: MAR870-09C1 | FL5: MAR872-05G2 | FM5: MAR881-25F5 | FN5: MAR870-21E4 | FO5: MAR886-21B1 | FP5: MAR874-22H1 | FQ5: MAR878-05D6 | FR5: MAR871-17C7 | FS5: MAR874-10G0 | FT5: MAR872-08E3 | FU5: MAR874-18B0 | FV5: MAR757-15D0 | FW5: MAR874-14D4 | FX5: MAR891-19H2 | FY5: MAR881-16C5 | FZ5: MAR896-07G4 | GA5: MAR881-01D3 | GB5: MAR878-21D5 | GC5: MAR875-21E7 | GD5: MAR871-20C2 | GE5: MAR892-24C4 | GF5: MAR756-13H1 | GG5: MAR897-25C2 | GH5: MAR892-21E3 | GI5: MAR874-15C7 | GJ5: MAR878-19D5 | GK5: MAR881-20B3 | GL5: MAR872-21G1 | GM5: MAR881-02C6 | GN5: MAR870-10C6 | GO5: MAR871-11G5 | GP5: MAR870-25C0 | GQ5: MAR892-08C5 | GR5: MAR871-08H2 | GS5: MAR870-12B4 | GT5: MAR885-22D3 | GU5: MAR891-18A4 | GV5: MAR872-20G6 | GW5: MAR870-03F7 | GX5: MAR874-23G4 | GY5: MAR874-09F3 | GZ5: MAR881-13E4 | HA5: MAR881-18B3 | HB5: MAS247-16E3 | HC5: MAR892-12B3 | HD5: MAR868-08C6 | HE5: MAR886-01D6 | HF5: MAR886-17C3 | HG5: MAR874-25F2 | HH5: MAR892-06D7 | HI5: MAR881-24G2 | HJ5: MAR891-17B1 | HK5: MAR875-19E7 | HL5: MAR872-12D1 | HM5: MAR884-19G7 | HN5: MAR878-12A5 | HO5: MAR757-18B1 | HP5: MAR878-23C3 | HQ5: MAR870-06E0 | HR5: MAR878-13A0 | HS5: MAR891-11E7 | HT5: MAR872-11D6 | HU5: MAR870-22D7 | HV5: MAR896-09F2 | HW5: MAR892-02G3 | HX5: MAR884-12D7 | HY5: MAR896-13E0 | HZ5: MAR871-25G4 | IA5: MAR891-02B7 | IB5: MAR878-15G1 | IC5: MAR756-21D3 | ID5: MAR868-24C5 | IE5: MAR875-18F4 | IF5: MAR871-23A3 | IG5: MAR896-25F1 | IH5: MAR874-02C3 | II5: MAR881-10G3 | IJ5: MAR875-10D1 | IK5: MAS247-25A0 | IL5: MAR881-08G3 | IM5: MAR874-08G0 | IN5: MAR757-24G0 | IO5: MAR872-18G6 | IP5: MAR896-15C6 | IQ5: MAR884-22G2 | IR5: MAR871-10H2 | IS5: MAR886-03C4 | IT5: MAR871-02D5 | IU5: MAR871-04C3 | IV5: MAR886-02D1 | IW5: MAR757-10G1 | IX5: MAR872-13C4 | IY5: MAR868-16G3 | IZ5: MAR757-21A4 | JA5: MAR892-11C0 | JB5: MAR884-17A6 | JC5: MAR872-24E2 | JD5: MAR870-23D2 | JE5: MAS247-01F1 | JF5: MAR887-10D7 | JG5: MAR891-20A4 | JH5: MAR874-11F3 | JI5: MAS256-16G3 | JJ5: MAR881-19A6 | JK5: MAR878-06D1 | JL5: MAR878-18E2 | JM5: MAR881-05A7 | JN5: MAR875-22E2 | JO5: MAR890-08B0 | JP5: MAR870-19E4 | JQ5: MAR881-07H0 | JR5: MAR872-14B7 | JS5: MAR870-17F6 | JT5: MAR874-24F7 | JU5: MAR884-05H0 | JV5: MAR891-12E2 | JW5: MAR887-02A2 | JX5: MAR896-01C7 | JY5: MAR757-23G5 | JZ5: MAR887-01A7 | KA5: MAR756-20E0 | KB5: MAR757-13E2 | KC5: MAR871-03D0 | KD5: MAR754-13F4 | KE5: MAR887-03H0 | KF5: MAR871-01E2 | KG5: MAR886-20B6 | KH5: MAR875-03G2 | KI5: MAR871-07A4 | KJ5: MAR868-25C0 | KK5: MAR896-19A2 | KL5: MAR878-04E3 | KM5: MAR878-17E7 | KN5: MAR870-04F2 | KO5: MAR891-09E7 | KP5: MAR871-22B0 | KQ5: MAR871-19B5 | KR5: MAR881-17C0 | KS5: MAR875-01A1 | KT5: MAR868-15H0 | KU5: MAR756-16F2 | KV5: MAR878-22D0 | KW5: MAR886-04B7 | KX5: MAR896-04B0 | KY5: MAR891-10F4 | KZ5: MAR875-24D0 | LA5: MAR878-07C4 | LB5: MAR756-03E6 | LC5: MAR887-09D2 | LD5: MAR875-05F0 | LE5: MAR875-20F4 | LF5: MAR756-08B5 | LG5: MAR875-04F5 | LH5: MAR878-11B2 | LI5: MAR881-12F1 | LJ5: MAR870-24C5 | LK5: MAR757-17B6 | LL5: MAR875-11C4 | LM5: MAR870-07D3 | LN5: MAR871-18C2 | LO5: MAR884-13D2 | LP5: MAR756-23C1 | LQ5: MAR870-05E5 | LR5: MAR756-18E0 | LS5: MAR892-01H0 | LT5: MAR872-06F5 | LU5: MAR875-06E3 | LV5: MAR871-09G5 | LW5: MAR756-14G4 | LX5: MAR874-05A4 | LY5: MAR875-15A0 | LZ5: MAR875-13B2 | MA5: MAR875-17G1 | MB5: MAR756-19D3 | MC5: MAR875-09C4 | MD5: MAR756-10B5 | ME5: MAR886-22A4 | MF5: MAR878-14G6 | MG5: MAR878-08B7 | MH5: MAR868-19E4 | MI5: MAR756-12A3 | MJ5: MAR893-24H0 | MK5: MAR891-03B2 | ML5: MAR756-07C2 | MM5: MAR875-12B7 | MN5: MAR875-08D1 | MO5: MAR756-15F7 | MP5: MAS247-23B2 | MQ5: MAR756-05D4 | MR5: MAR756-04E1
B6: POR | C6: 35 | D6: 0.0001 | N6: Wafer NO. | O6: 11 | P6: 22 | Q6: 17 | R6: 13 | S6: 11 | T6: 2 | U6: 4 | V6: 18 | W6: 20 | X6: 11 | Y6: 14 | Z6: 20 | AA6: 25 | AB6: 4 | AC6: 23 | AD6: 25 | AE6: 9 | AF6: 5 | AG6: 19 | AH6: 25 | AI6: 1 | AJ6: 16 | AK6: 13 | AL6: 16 | AM6: 2 | AN6: 10 | AO6: 17 | AP6: 8 | AQ6: 6 | AR6: 10 | AS6: 6 | AT6: 1 | AU6: 2 | AV6: 12 | AW6: 14 | AX6: 22 | AY6: 14 | AZ6: 3 | BA6: 16 | BB6: 24 | BC6: 15 | BD6: 22 | BE6: 17 | BF6: 20 | BG6: 18 | BH6: 9 | BI6: 24 | BJ6: 19 | BK6: 16 | BL6: 23 | BM6: 25 | BN6: 7 | BO6: 18 | BP6: 8 | BQ6: 14 | BR6: 8 | BS6: 2 | BT6: 11 | BU6: 15 | BV6: 2 | BW6: 13 | BX6: 12 | BY6: 22 | BZ6: 1 | CA6: 15 | CB6: 24 | CC6: 6 | CD6: 16 | CE6: 7 | CF6: 22 | CG6: 7 | CH6: 20 | CI6: 25 | CJ6: 5 | CK6: 12 | CL6: 6 | CM6: 24 | CN6: 18 | CO6: 24 | CP6: 23 | CQ6: 8 | CR6: 6 | CS6: 23 | CT6: 22 | CU6: 5 | CV6: 6 | CW6: 17 | CX6: 23 | CY6: 4 | CZ6: 22 | DA6: 9 | DB6: 11 | DC6: 5 | DD6: 21 | DE6: 22 | DF6: 3 | DG6: 9 | DH6: 1 | DI6: 11 | DJ6: 21 | DK6: 6 | DL6: 3 | DM6: 23 | DN6: 10 | DO6: 25 | DP6: 21 | DQ6: 20 | DR6: 18 | DS6: 1 | DT6: 10 | DU6: 3 | DV6: 18 | DW6: 2 | DX6: 15 | DY6: 4 | DZ6: 7 | EA6: 3 | EB6: 5 | EC6: 7 | ED6: 21 | EE6: 4 | EF6: 25 | EG6: 19 | EH6: 24 | EI6: 16 | EJ6: 14 | EK6: 9 | EL6: 4 | EM6: 21 | EN6: 9 | EO6: 13 | EP6: 15 | EQ6: 14 | ER6: 19 | ES6: 4 | ET6: 6 | EU6: 24 | EV6: 16 | EW6: 19 | EX6: 21 | EY6: 3 | EZ6: 12 | FA6: 20 | FB6: 20 | FC6: 8 | FD6: 1 | FE6: 16 | FF6: 5 | FG6: 7 | FH6: 22 | FI6: 14 | FJ6: 6 | FK6: 9 | FL6: 5 | FM6: 25 | FN6: 21 | FO6: 21 | FP6: 22 | FQ6: 5 | FR6: 17 | FS6: 10 | FT6: 8 | FU6: 18 | FV6: 15 | FW6: 14 | FX6: 19 | FY6: 16 | FZ6: 7 | GA6: 1 | GB6: 21 | GC6: 21 | GD6: 20 | GE6: 24 | GF6: 13 | GG6: 25 | GH6: 21 | GI6: 15 | GJ6: 19 | GK6: 20 | GL6: 21 | GM6: 2 | GN6: 10 | GO6: 11 | GP6: 25 | GQ6: 8 | GR6: 8 | GS6: 12 | GT6: 22 | GU6: 18 | GV6: 20 | GW6: 3 | GX6: 23 | GY6: 9 | GZ6: 13 | HA6: 18 | HB6: 16 | HC6: 12 | HD6: 8 | HE6: 1 | HF6: 17 | HG6: 25 | HH6: 6 | HI6: 24 | HJ6: 17 | HK6: 19 | HL6: 12 | HM6: 19 | HN6: 12 | HO6: 18 | HP6: 23 | HQ6: 6 | HR6: 13 | HS6: 11 | HT6: 11 | HU6: 22 | HV6: 9 | HW6: 2 | HX6: 12 | HY6: 13 | HZ6: 25 | IA6: 2 | IB6: 15 | IC6: 21 | ID6: 24 | IE6: 18 | IF6: 23 | IG6: 25 | IH6: 2 | II6: 10 | IJ6: 10 | IK6: 25 | IL6: 8 | IM6: 8 | IN6: 24 | IO6: 18 | IP6: 15 | IQ6: 22 | IR6: 10 | IS6: 3 | IT6: 2 | IU6: 4 | IV6: 2 | IW6: 10 | IX6: 13 | IY6: 16 | IZ6: 21 | JA6: 11 | JB6: 17 | JC6: 24 | JD6: 23 | JE6: 1 | JF6: 10 | JG6: 20 | JH6: 11 | JI6: 16 | JJ6: 19 | JK6: 6 | JL6: 18 | JM6: 5 | JN6: 22 | JO6: 8 | JP6: 19 | JQ6: 7 | JR6: 14 | JS6: 17 | JT6: 24 | JU6: 5 | JV6: 12 | JW6: 2 | JX6: 1 | JY6: 23 | JZ6: 1 | KA6: 20 | KB6: 13 | KC6: 3 | KD6: 13 | KE6: 3 | KF6: 1 | KG6: 20 | KH6: 3 | KI6: 7 | KJ6: 25 | KK6: 19 | KL6: 4 | KM6: 17 | KN6: 4 | KO6: 9 | KP6: 22 | KQ6: 19 | KR6: 17 | KS6: 1 | KT6: 15 | KU6: 16 | KV6: 22 | KW6: 4 | KX6: 4 | KY6: 10 | KZ6: 24 | LA6: 7 | LB6: 3 | LC6: 9 | LD6: 5 | LE6: 20 | LF6: 8 | LG6: 4 | LH6: 11 | LI6: 12 | LJ6: 24 | LK6: 17 | LL6: 11 | LM6: 7 | LN6: 18 | LO6: 13 | LP6: 23 | LQ6: 5 | LR6: 18 | LS6: 1 | LT6: 6 | LU6: 6 | LV6: 9 | LW6: 14 | LX6: 5 | LY6: 15 | LZ6: 13 | MA6: 17 | MB6: 19 | MC6: 9 | MD6: 10 | ME6: 22 | MF6: 14 | MG6: 8 | MH6: 19 | MI6: 12 | MJ6: 24 | MK6: 3 | ML6: 7 | MM6: 12 | MN6: 8 | MO6: 15 | MP6: 23 | MQ6: 5 | MR6: 4
B7: IDD | C7: 256 | D7: 0.0007 | N7: Re-Test | O7: 6 | P7: 3 | Q7: 1 | R7: 2 | S7: 2 | T7: 4 | U7: 1 | V7: 1 | W7: 2 | X7: 1 | Y7: 6 | Z7: 1 | AA7: 1 | AB7: 1 | AC7: 1 | AD7: 2 | AE7: 1 | AF7: 1 | AG7: 2 | AH7: 1 | AI7: 1 | AJ7: 1 | AK7: 2 | AL7: 7 | AM7: 1 | AN7: 1 | AO7: 1 | AP7: 1 | AQ7: 2 | AR7: 1 | AS7: 1 | AT7: 1 | AU7: 6 | AV7: 3 | AW7: 2 | AX7: 1 | AY7: 1 | AZ7: 1 | BA7: 3 | BB7: 1 | BC7: 1 | BD7: 1 | BE7: 2 | BF7: 1 | BG7: 1 | BH7: 1 | BI7: 1 | BJ7: 1 | BK7: 1 | BL7: 1 | BM7: 2 | BN7: 1 | BO7: 2 | BP7: 1 | BQ7: 1 | BR7: 1 | BS7: 1 | BT7: 1 | BU7: 1 | BV7: 1 | BW7: 1 | BX7: 3 | BY7: 4 | BZ7: 1 | CA7: 1 | CB7: 1 | CC7: 1 | CD7: 1 | CE7: 1 | CF7: 1 | CG7: 1 | CH7: 8 | CI7: 1 | CJ7: 1 | CK7: 1 | CL7: 1 | CM7: 1 | CN7: 5 | CO7: 1 | CP7: 2 | CQ7: 8 | CR7: 1 | CS7: 1 | CT7: 1 | CU7: 1 | CV7: 1 | CW7: 1 | CX7: 1 | CY7: 1 | CZ7: 1 | DA7: 1 | DB7: 2 | DC7: 1 | DD7: 1 | DE7: 2 | DF7: 3 | DG7: 2 | DH7: 3 | DI7: 4 | DJ7: 1 | DK7: 1 | DL7: 1 | DM7: 3 | DN7: 1 | DO7: 1 | DP7: 1 | DQ7: 1 | DR7: 1 | DS7: 1 | DT7: 1 | DU7: 1 | DV7: 1 | DW7: 3 | DX7: 1 | DY7: 1 | DZ7: 1 | EA7: 1 | EB7: 1 | EC7: 1 | ED7: 1 | EE7: 1 | EF7: 1 | EG7: 1 | EH7: 2 | EI7: 1 | EJ7: 1 | EK7: 2 | EL7: 1 | EM7: 1 | EN7: 1 | EO7: 1 | EP7: 1 | EQ7: 1 | ER7: 1 | ES7: 1 | ET7: 1 | EU7: 1 | EV7: 1 | EW7: 1 | EX7: 1 | EY7: 1 | EZ7: 2 | FA7: 1 | FB7: 3 | FC7: 1 | FD7: 1 | FE7: 2 | FF7: 1 | FG7: 1 | FH7: 1 | FI7: 1 | FJ7: 1 | FK7: 1 | FL7: 1 | FM7: 1 | FN7: 1 | FO7: 1 | FP7: 1 | FQ7: 4 | FR7: 1 | FS7: 3 | FT7: 1 | FU7: 8 | FV7: 4 | FW7: 3 | FX7: 2 | FY7: 1 | FZ7: 1 | GA7: 1 | GB7: 2 | GC7: 1 | GD7: 1 | GE7: 1 | GF7: 1 | GG7: 2 | GH7: 1 | GI7: 1 | GJ7: 1 | GK7: 1 | GL7: 1 | GM7: 4 | GN7: 1 | GO7: 4 | GP7: 1 | GQ7: 1 | GR7: 1 | GS7: 1 | GT7: 5 | GU7: 1 | GV7: 6 | GW7: 3 | GX7: 1 | GY7: 1 | GZ7: 1 | HA7: 1 | HB7: 1 | HC7: 1 | HD7: 1 | HE7: 1 | HF7: 1 | HG7: 1 | HH7: 1 | HI7: 1 | HJ7: 1 | HK7: 2 | HL7: 2 | HM7: 1 | HN7: 2 | HO7: 1 | HP7: 1 | HQ7: 1 | HR7: 1 | HS7: 1 | HT7: 1 | HU7: 1 | HV7: 1 | HW7: 1 | HX7: 2 | HY7: 1 | HZ7: 3 | IA7: 1 | IB7: 1 | IC7: 1 | ID7: 1 | IE7: 1 | IF7: 1 | IG7: 1 | IH7: 1 | II7: 1 | IJ7: 3 | IK7: 2 | IL7: 1 | IM7: 1 | IN7: 1 | IO7: 1 | IP7: 2 | IQ7: 1 | IR7: 1 | IS7: 1 | IT7: 1 | IU7: 1 | IV7: 1 | IW7: 1 | IX7: 1 | IY7: 1 | IZ7: 1 | JA7: 1 | JB7: 1 | JC7: 1 | JD7: 1 | JE7: 1 | JF7: 1 | JG7: 1 | JH7: 1 | JI7: 5 | JJ7: 1 | JK7: 1 | JL7: 1 | JM7: 1 | JN7: 1 | JO7: 1 | JP7: 1 | JQ7: 1 | JR7: 1 | JS7: 1 | JT7: 3 | JU7: 5 | JV7: 1 | JW7: 1 | JX7: 1 | JY7: 1 | JZ7: 1 | KA7: 1 | KB7: 1 | KC7: 1 | KD7: 9 | KE7: 1 | KF7: 1 | KG7: 1 | KH7: 1 | KI7: 1 | KJ7: 1 | KK7: 1 | KL7: 1 | KM7: 1 | KN7: 1 | KO7: 1 | KP7: 1 | KQ7: 1 | KR7: 1 | KS7: 1 | KT7: 1 | KU7: 4 | KV7: 1 | KW7: 1 | KX7: 1 | KY7: 1 | KZ7: 1 | LA7: 1 | LB7: 1 | LC7: 1 | LD7: 1 | LE7: 2 | LF7: 1 | LG7: 2 | LH7: 1 | LI7: 1 | LJ7: 1 | LK7: 1 | LL7: 4 | LM7: 1 | LN7: 1 | LO7: 1 | LP7: 1 | LQ7: 1 | LR7: 1 | LS7: 1 | LT7: 2 | LU7: 1 | LV7: 1 | LW7: 2 | LX7: 1 | LY7: 1 | LZ7: 3 | MA7: 1 | MB7: 1 | MC7: 1 | MD7: 1 | ME7: 1 | MF7: 2 | MG7: 1 | MH7: 5 | MI7: 1 | MJ7: 2 | MK7: 1 | ML7: 1 | MM7: 1 | MN7: 3 | MO7: 1 | MP7: 1 | MQ7: 1 | MR7: 1
B8: OTP | C8: 19 | D8: 0.0001 | N8: ProbeCard | O8: RL6982-PC-22 | P8: RL6982-PC-11 | Q8: RL6982-PC-09 | R8: RL6982-PC-01 | S8: RL6982-PC-18 | T8: RL6982-PC-08 | U8: RL6982-PC-18 | V8: RL6982-PC-07 | W8: RL6982-PC-16 | X8: RL6982-PC-01 | Y8: RL6982-PC-22 | Z8: RL6982-PC-07 | AA8: RL6982-PC-08 | AB8: RL6982-PC-20 | AC8: RL6982-PC-11 | AD8: RL6982-PC-11 | AE8: RL6982-PC-23 | AF8: RL6982-PC-20 | AG8: RL6982-PC-11 | AH8: RL6982-PC-20 | AI8: RL6982-PC-18 | AJ8: RL6982-PC-01 | AK8: RL6982-PC-01 | AL8: RL6982-PC-07 | AM8: RL6982-PC-09 | AN8: RL6982-PC-01 | AO8: RL6982-PC-16 | AP8: RL6982-PC-17 | AQ8: RL6982-PC-20 | AR8: RL6982-PC-08 | AS8: RL6982-PC-14 | AT8: RL6982-PC-19 | AU8: RL6982-PC-09 | AV8: RL6982-PC-23 | AW8: RL6982-PC-01 | AX8: RL6982-PC-20 | AY8: RL6982-PC-19 | AZ8: RL6982-PC-11 | BA8: RL6982-PC-08 | BB8: RL6982-PC-17 | BC8: RL6982-PC-02 | BD8: RL6982-PC-07 | BE8: RL6982-PC-01 | BF8: RL6982-PC-23 | BG8: RL6982-PC-14 | BH8: RL6982-PC-01 | BI8: RL6982-PC-08 | BJ8: RL6982-PC-12 | BK8: RL6982-PC-02 | BL8: RL6982-PC-11 | BM8: RL6982-PC-17 | BN8: RL6982-PC-18 | BO8: RL6982-PC-07 | BP8: RL6982-PC-18 | BQ8: RL6982-PC-01 | BR8: RL6982-PC-07 | BS8: RL6982-PC-18 | BT8: RL6982-PC-08 | BU8: RL6982-PC-22 | BV8: RL6982-PC-11 | BW8: RL6982-PC-19 | BX8: RL6982-PC-01 | BY8: RL6982-PC-17 | BZ8: RL6982-PC-18 | CA8: RL6982-PC-01 | CB8: RL6982-PC-09 | CC8: RL6982-PC-23 | CD8: RL6982-PC-22 | CE8: RL6982-PC-18 | CF8: RL6982-PC-11 | CG8: RL6982-PC-19 | CH8: RL6982-PC-08 | CI8: RL6982-PC-17 | CJ8: RL6982-PC-07 | CK8: RL6982-PC-02 | CL8: RL6982-PC-09 | CM8: RL6982-PC-17 | CN8: RL6982-PC-08 | CO8: RL6982-PC-20 | CP8: RL6982-PC-14 | CQ8: RL6982-PC-18 | CR8: RL6982-PC-18 | CS8: RL6982-PC-08 | CT8: RL6982-PC-23 | CU8: RL6982-PC-23 | CV8: RL6982-PC-18 | CW8: RL6982-PC-14 | CX8: RL6982-PC-06 | CY8: RL6982-PC-18 | CZ8: RL6982-PC-14 | DA8: RL6982-PC-06 | DB8: RL6982-PC-19 | DC8: RL6982-PC-18 | DD8: RL6982-PC-08 | DE8: RL6982-PC-06 | DF8: RL6982-PC-18 | DG8: RL6982-PC-02 | DH8: RL6982-PC-11 | DI8: RL6982-PC-02 | DJ8: RL6982-PC-23 | DK8: RL6982-PC-14 | DL8: RL6982-PC-07 | DM8: RL6982-PC-23 | DN8: RL6982-PC-01 | DO8: RL6982-PC-11 | DP8: RL6982-PC-09 | DQ8: RL6982-PC-17 | DR8: RL6982-PC-09 | DS8: RL6982-PC-09 | DT8: RL6982-PC-02 | DU8: RL6982-PC-14 | DV8: RL6982-PC-23 | DW8: RL6982-PC-07 | DX8: RL6982-PC-19 | DY8: RL6982-PC-19 | DZ8: RL6982-PC-18 | EA8: RL6982-PC-20 | EB8: RL6982-PC-20 | EC8: RL6982-PC-17 | ED8: RL6982-PC-14 | EE8: RL6982-PC-19 | EF8: RL6982-PC-07 | EG8: RL6982-PC-20 | EH8: RL6982-PC-02 | EI8: RL6982-PC-19 | EJ8: RL6982-PC-01 | EK8: RL6982-PC-08 | EL8: RL6982-PC-18 | EM8: RL6982-PC-06 | EN8: RL6982-PC-19 | EO8: RL6982-PC-01 | EP8: RL6982-PC-22 | EQ8: RL6982-PC-02 | ER8: RL6982-PC-07 | ES8: RL6982-PC-14 | ET8: RL6982-PC-07 | EU8: RL6982-PC-14 | EV8: RL6982-PC-22 | EW8: RL6982-PC-07 | EX8: RL6982-PC-16 | EY8: RL6982-PC-18 | EZ8: RL6982-PC-19 | FA8: RL6982-PC-20 | FB8: RL6982-PC-14 | FC8: RL6982-PC-09 | FD8: RL6982-PC-18 | FE8: RL6982-PC-06 | FF8: RL6982-PC-14 | FG8: RL6982-PC-14 | FH8: RL6982-PC-06 | FI8: RL6982-PC-02 | FJ8: RL6982-PC-18 | FK8: RL6982-PC-22 | FL8: RL6982-PC-19 | FM8: RL6982-PC-06 | FN8: RL6982-PC-23 | FO8: RL6982-PC-07 | FP8: RL6982-PC-16 | FQ8: RL6982-PC-11 | FR8: RL6982-PC-09 | FS8: RL6982-PC-19 | FT8: RL6982-PC-19 | FU8: RL6982-PC-16 | FV8: RL6982-PC-06 | FW8: RL6982-PC-19 | FX8: RL6982-PC-14 | FY8: RL6982-PC-19 | FZ8: RL6982-PC-07 | GA8: RL6982-PC-14 | GB8: RL6982-PC-17 | GC8: RL6982-PC-11 | GD8: RL6982-PC-09 | GE8: RL6982-PC-07 | GF8: RL6982-PC-08 | GG8: RL6982-PC-06 | GH8: RL6982-PC-07 | GI8: RL6982-PC-19 | GJ8: RL6982-PC-17 | GK8: RL6982-PC-06 | GL8: RL6982-PC-11 | GM8: RL6982-PC-14 | GN8: RL6982-PC-22 | GO8: RL6982-PC-22 | GP8: RL6982-PC-23 | GQ8: RL6982-PC-20 | GR8: RL6982-PC-23 | GS8: RL6982-PC-22 | GT8: RL6982-PC-07 | GU8: RL6982-PC-14 | GV8: RL6982-PC-11 | GW8: RL6982-PC-09 | GX8: RL6982-PC-16 | GY8: RL6982-PC-19 | GZ8: RL6982-PC-19 | HA8: RL6982-PC-06 | HB8: RL6982-PC-07 | HC8: RL6982-PC-01 | HD8: RL6982-PC-14 | HE8: RL6982-PC-20 | HF8: RL6982-PC-07 | HG8: RL6982-PC-16 | HH8: RL6982-PC-20 | HI8: RL6982-PC-06 | HJ8: RL6982-PC-14 | HK8: RL6982-PC-11 | HL8: RL6982-PC-22 | HM8: RL6982-PC-08 | HN8: RL6982-PC-08 | HO8: RL6982-PC-20 | HP8: RL6982-PC-17 | HQ8: RL6982-PC-09 | HR8: RL6982-PC-08 | HS8: RL6982-PC-01 | HT8: RL6982-PC-22 | HU8: RL6982-PC-23 | HV8: RL6982-PC-01 | HW8: RL6982-PC-20 | HX8: RL6982-PC-02 | HY8: RL6982-PC-01 | HZ8: RL6982-PC-09 | IA8: RL6982-PC-19 | IB8: RL6982-PC-08 | IC8: RL6982-PC-17 | ID8: RL6982-PC-23 | IE8: RL6982-PC-11 | IF8: RL6982-PC-09 | IG8: RL6982-PC-14 | IH8: RL6982-PC-18 | II8: RL6982-PC-19 | IJ8: RL6982-PC-16 | IK8: RL6982-PC-20 | IL8: RL6982-PC-14 | IM8: RL6982-PC-18 | IN8: RL6982-PC-20 | IO8: RL6982-PC-12 | IP8: RL6982-PC-01 | IQ8: RL6982-PC-08 | IR8: RL6982-PC-22 | IS8: RL6982-PC-20 | IT8: RL6982-PC-23 | IU8: RL6982-PC-23 | IV8: RL6982-PC-20 | IW8: RL6982-PC-02 | IX8: RL6982-PC-22 | IY8: RL6982-PC-01 | IZ8: RL6982-PC-20 | JA8: RL6982-PC-01 | JB8: RL6982-PC-08 | JC8: RL6982-PC-11 | JD8: RL6982-PC-23 | JE8: RL6982-PC-15 | JF8: RL6982-PC-18 | JG8: RL6982-PC-14 | JH8: RL6982-PC-19 | JI8: RL6982-PC-07 | JJ8: RL6982-PC-06 | JK8: RL6982-PC-11 | JL8: RL6982-PC-17 | JM8: RL6982-PC-14 | JN8: RL6982-PC-11 | JO8: RL6982-PC-18 | JP8: RL6982-PC-23 | JQ8: RL6982-PC-14 | JR8: RL6982-PC-22 | JS8: RL6982-PC-23 | JT8: RL6982-PC-16 | JU8: RL6982-PC-18 | JV8: RL6982-PC-01 | JW8: RL6982-PC-06 | JX8: RL6982-PC-07 | JY8: RL6982-PC-20 | JZ8: RL6982-PC-06 | KA8: RL6982-PC-17 | KB8: RL6982-PC-02 | KC8: RL6982-PC-23 | KD8: RL6982-PC-07 | KE8: RL6982-PC-06 | KF8: RL6982-PC-23 | KG8: RL6982-PC-07 | KH8: RL6982-PC-17 | KI8: RL6982-PC-23 | KJ8: RL6982-PC-23 | KK8: RL6982-PC-14 | KL8: RL6982-PC-11 | KM8: RL6982-PC-17 | KN8: RL6982-PC-09 | KO8: RL6982-PC-01 | KP8: RL6982-PC-09 | KQ8: RL6982-PC-09 | KR8: RL6982-PC-06 | KS8: RL6982-PC-17 | KT8: RL6982-PC-01 | KU8: RL6982-PC-07 | KV8: RL6982-PC-17 | KW8: RL6982-PC-20 | KX8: RL6982-PC-07 | KY8: RL6982-PC-01 | KZ8: RL6982-PC-11 | LA8: RL6982-PC-11 | LB8: RL6982-PC-09 | LC8: RL6982-PC-18 | LD8: RL6982-PC-17 | LE8: RL6982-PC-11 | LF8: RL6982-PC-09 | LG8: RL6982-PC-17 | LH8: RL6982-PC-08 | LI8: RL6982-PC-19 | LJ8: RL6982-PC-23 | LK8: RL6982-PC-20 | LL8: RL6982-PC-16 | LM8: RL6982-PC-09 | LN8: RL6982-PC-09 | LO8: RL6982-PC-02 | LP8: RL6982-PC-17 | LQ8: RL6982-PC-09 | LR8: RL6982-PC-17 | LS8: RL6982-PC-20 | LT8: RL6982-PC-19 | LU8: RL6982-PC-17 | LV8: RL6982-PC-22 | LW8: RL6982-PC-08 | LX8: RL6982-PC-18 | LY8: RL6982-PC-16 | LZ8: RL6982-PC-16 | MA8: RL6982-PC-11 | MB8: RL6982-PC-17 | MC8: RL6982-PC-16 | MD8: RL6982-PC-08 | ME8: RL6982-PC-07 | MF8: RL6982-PC-08 | MG8: RL6982-PC-11 | MH8: RL6982-PC-23 | MI8: RL6982-PC-08 | MJ8: RL6982-PC-11 | MK8: RL6982-PC-19 | ML8: RL6982-PC-09 | MM8: RL6982-PC-16 | MN8: RL6982-PC-16 | MO8: RL6982-PC-08 | MP8: RL6982-PC-20 | MQ8: RL6982-PC-09 | MR8: RL6982-PC-09
B9: SCAN | C9: 24952 | D9: 0.0671 | N9: Yield | O9: 0.7169 | P9: 0.7426 | Q9: 0.7748 | R9: 0.83 | S9: 0.8373 | T9: 0.841 | U9: 0.8456 | V9: 0.8539 | W9: 0.8548 | X9: 0.8548 | Y9: 0.8575 | Z9: 0.8621 | AA9: 0.8621 | AB9: 0.8649 | AC9: 0.8649 | AD9: 0.8658 | AE9: 0.8675 | AF9: 0.8686 | AG9: 0.8695 | AH9: 0.8722 | AI9: 0.8732 | AJ9: 0.8741 | AK9: 0.875 | AL9: 0.8759 | AM9: 0.8759 | AN9: 0.8759 | AO9: 0.8768 | AP9: 0.8768 | AQ9: 0.8787 | AR9: 0.8787 | AS9: 0.8787 | AT9: 0.8796 | AU9: 0.8796 | AV9: 0.8798 | AW9: 0.8805 | AX9: 0.8805 | AY9: 0.8814 | AZ9: 0.8814 | BA9: 0.8814 | BB9: 0.8814 | BC9: 0.8814 | BD9: 0.8824 | BE9: 0.8824 | BF9: 0.8824 | BG9: 0.8824 | BH9: 0.8833 | BI9: 0.8833 | BJ9: 0.8842 | BK9: 0.8851 | BL9: 0.8851 | BM9: 0.8851 | BN9: 0.8851 | BO9: 0.8851 | BP9: 0.886 | BQ9: 0.886 | BR9: 0.886 | BS9: 0.886 | BT9: 0.8869 | BU9: 0.8869 | BV9: 0.8869 | BW9: 0.8869 | BX9: 0.8869 | BY9: 0.8879 | BZ9: 0.8879 | CA9: 0.8879 | CB9: 0.8879 | CC9: 0.8879 | CD9: 0.8879 | CE9: 0.8888 | CF9: 0.8888 | CG9: 0.8888 | CH9: 0.8888 | CI9: 0.8897 | CJ9: 0.8897 | CK9: 0.8897 | CL9: 0.8897 | CM9: 0.8897 | CN9: 0.8897 | CO9: 0.8906 | CP9: 0.8906 | CQ9: 0.8915 | CR9: 0.8915 | CS9: 0.8915 | CT9: 0.8915 | CU9: 0.8915 | CV9: 0.8915 | CW9: 0.8915 | CX9: 0.8915 | CY9: 0.8925 | CZ9: 0.8925 | DA9: 0.8925 | DB9: 0.8925 | DC9: 0.8934 | DD9: 0.8934 | DE9: 0.8934 | DF9: 0.8934 | DG9: 0.8934 | DH9: 0.8934 | DI9: 0.8943 | DJ9: 0.8943 | DK9: 0.8943 | DL9: 0.8943 | DM9: 0.8943 | DN9: 0.8943 | DO9: 0.8943 | DP9: 0.8943 | DQ9: 0.8943 | DR9: 0.8952 | DS9: 0.8952 | DT9: 0.8952 | DU9: 0.8961 | DV9: 0.8961 | DW9: 0.8961 | DX9: 0.8961 | DY9: 0.8961 | DZ9: 0.8961 | EA9: 0.8961 | EB9: 0.8961 | EC9: 0.8961 | ED9: 0.8961 | EE9: 0.8961 | EF9: 0.8961 | EG9: 0.8971 | EH9: 0.8971 | EI9: 0.8971 | EJ9: 0.8971 | EK9: 0.8971 | EL9: 0.898 | EM9: 0.898 | EN9: 0.898 | EO9: 0.898 | EP9: 0.898 | EQ9: 0.898 | ER9: 0.898 | ES9: 0.898 | ET9: 0.8989 | EU9: 0.8989 | EV9: 0.8989 | EW9: 0.8989 | EX9: 0.8998 | EY9: 0.8998 | EZ9: 0.8998 | FA9: 0.8998 | FB9: 0.8998 | FC9: 0.8998 | FD9: 0.8998 | FE9: 0.8998 | FF9: 0.8998 | FG9: 0.8998 | FH9: 0.8998 | FI9: 0.8998 | FJ9: 0.9007 | FK9: 0.9007 | FL9: 0.9007 | FM9: 0.9007 | FN9: 0.9007 | FO9: 0.9007 | FP9: 0.9007 | FQ9: 0.9007 | FR9: 0.9007 | FS9: 0.9007 | FT9: 0.9007 | FU9: 0.9007 | FV9: 0.9007 | FW9: 0.9017 | FX9: 0.9017 | FY9: 0.9017 | FZ9: 0.9017 | GA9: 0.9017 | GB9: 0.9017 | GC9: 0.9017 | GD9: 0.9017 | GE9: 0.9017 | GF9: 0.9026 | GG9: 0.9026 | GH9: 0.9026 | GI9: 0.9026 | GJ9: 0.9026 | GK9: 0.9026 | GL9: 0.9026 | GM9: 0.9026 | GN9: 0.9026 | GO9: 0.9026 | GP9: 0.9026 | GQ9: 0.9026 | GR9: 0.9026 | GS9: 0.9026 | GT9: 0.9026 | GU9: 0.9035 | GV9: 0.9035 | GW9: 0.9035 | GX9: 0.9035 | GY9: 0.9035 | GZ9: 0.9035 | HA9: 0.9035 | HB9: 0.9035 | HC9: 0.9035 | HD9: 0.9044 | HE9: 0.9044 | HF9: 0.9044 | HG9: 0.9044 | HH9: 0.9044 | HI9: 0.9044 | HJ9: 0.9044 | HK9: 0.9044 | HL9: 0.9044 | HM9: 0.9044 | HN9: 0.9044 | HO9: 0.9044 | HP9: 0.9044 | HQ9: 0.9044 | HR9: 0.9044 | HS9: 0.9053 | HT9: 0.9053 | HU9: 0.9053 | HV9: 0.9053 | HW9: 0.9053 | HX9: 0.9053 | HY9: 0.9053 | HZ9: 0.9053 | IA9: 0.9053 | IB9: 0.9053 | IC9: 0.9062 | ID9: 0.9062 | IE9: 0.9062 | IF9: 0.9062 | IG9: 0.9062 | IH9: 0.9062 | II9: 0.9062 | IJ9: 0.9062 | IK9: 0.9072 | IL9: 0.9072 | IM9: 0.9072 | IN9: 0.9072 | IO9: 0.9072 | IP9: 0.9072 | IQ9: 0.9072 | IR9: 0.9072 | IS9: 0.9081 | IT9: 0.9081 | IU9: 0.9081 | IV9: 0.9081 | IW9: 0.9081 | IX9: 0.9081 | IY9: 0.9081 | IZ9: 0.9081 | JA9: 0.9081 | JB9: 0.9081 | JC9: 0.9099 | JD9: 0.9099 | JE9: 0.9099 | JF9: 0.9099 | JG9: 0.9099 | JH9: 0.9099 | JI9: 0.9108 | JJ9: 0.9108 | JK9: 0.9108 | JL9: 0.9108 | JM9: 0.9108 | JN9: 0.9108 | JO9: 0.9108 | JP9: 0.9108 | JQ9: 0.9118 | JR9: 0.9118 | JS9: 0.9118 | JT9: 0.9118 | JU9: 0.9118 | JV9: 0.9118 | JW9: 0.9127 | JX9: 0.9127 | JY9: 0.9127 | JZ9: 0.9127 | KA9: 0.9127 | KB9: 0.9136 | KC9: 0.9136 | KD9: 0.9136 | KE9: 0.9136 | KF9: 0.9136 | KG9: 0.9145 | KH9: 0.9145 | KI9: 0.9145 | KJ9: 0.9145 | KK9: 0.9145 | KL9: 0.9145 | KM9: 0.9145 | KN9: 0.9154 | KO9: 0.9154 | KP9: 0.9164 | KQ9: 0.9164 | KR9: 0.9164 | KS9: 0.9164 | KT9: 0.9164 | KU9: 0.9164 | KV9: 0.9164 | KW9: 0.9173 | KX9: 0.9173 | KY9: 0.9173 | KZ9: 0.9173 | LA9: 0.9173 | LB9: 0.9173 | LC9: 0.9173 | LD9: 0.9182 | LE9: 0.9182 | LF9: 0.9191 | LG9: 0.9191 | LH9: 0.92 | LI9: 0.92 | LJ9: 0.92 | LK9: 0.921 | LL9: 0.921 | LM9: 0.9219 | LN9: 0.9219 | LO9: 0.9228 | LP9: 0.9228 | LQ9: 0.9228 | LR9: 0.9228 | LS9: 0.9237 | LT9: 0.9237 | LU9: 0.9237 | LV9: 0.9237 | LW9: 0.9237 | LX9: 0.9246 | LY9: 0.9246 | LZ9: 0.9246 | MA9: 0.9256 | MB9: 0.9256 | MC9: 0.9256 | MD9: 0.9265 | ME9: 0.9265 | MF9: 0.9274 | MG9: 0.9274 | MH9: 0.9274 | MI9: 0.9283 | MJ9: 0.9292 | MK9: 0.9301 | ML9: 0.9301 | MM9: 0.9311 | MN9: 0.9329 | MO9: 0.9329 | MP9: 0.9329 | MQ9: 0.9375 | MR9: 0.9384
B10: BIST | C10: 9537 | D10: 0.0256 | N10: CP | O10: CP1 | P10: CP1 | Q10: CP1 | R10: CP1 | S10: CP1 | T10: CP1 | U10: CP1 | V10: CP1 | W10: CP1 | X10: CP1 | Y10: CP1 | Z10: CP1 | AA10: CP1 | AB10: CP1 | AC10: CP1 | AD10: CP1 | AE10: CP1 | AF10: CP1 | AG10: CP1 | AH10: CP1 | AI10: CP1 | AJ10: CP1 | AK10: CP1 | AL10: CP1 | AM10: CP1 | AN10: CP1 | AO10: CP1 | AP10: CP1 | AQ10: CP1 | AR10: CP1 | AS10: CP1 | AT10: CP1 | AU10: CP1 | AV10: CP1 | AW10: CP1 | AX10: CP1 | AY10: CP1 | AZ10: CP1 | BA10: CP1 | BB10: CP1 | BC10: CP1 | BD10: CP1 | BE10: CP1 | BF10: CP1 | BG10: CP1 | BH10: CP1 | BI10: CP1 | BJ10: CP1 | BK10: CP1 | BL10: CP1 | BM10: CP1 | BN10: CP1 | BO10: CP1 | BP10: CP1 | BQ10: CP1 | BR10: CP1 | BS10: CP1 | BT10: CP1 | BU10: CP1 | BV10: CP1 | BW10: CP1 | BX10: CP1 | BY10: CP1 | BZ10: CP1 | CA10: CP1 | CB10: CP1 | CC10: CP1 | CD10: CP1 | CE10: CP1 | CF10: CP1 | CG10: CP1 | CH10: CP1 | CI10: CP1 | CJ10: CP1 | CK10: CP1 | CL10: CP1 | CM10: CP1 | CN10: CP1 | CO10: CP1 | CP10: CP1 | CQ10: CP1 | CR10: CP1 | CS10: CP1 | CT10: CP1 | CU10: CP1 | CV10: CP1 | CW10: CP1 | CX10: CP1 | CY10: CP1 | CZ10: CP1 | DA10: CP1 | DB10: CP1 | DC10: CP1 | DD10: CP1 | DE10: CP1 | DF10: CP1 | DG10: CP1 | DH10: CP1 | DI10: CP1 | DJ10: CP1 | DK10: CP1 | DL10: CP1 | DM10: CP1 | DN10: CP1 | DO10: CP1 | DP10: CP1 | DQ10: CP1 | DR10: CP1 | DS10: CP1 | DT10: CP1 | DU10: CP1 | DV10: CP1 | DW10: CP1 | DX10: CP1 | DY10: CP1 | DZ10: CP1 | EA10: CP1 | EB10: CP1 | EC10: CP1 | ED10: CP1 | EE10: CP1 | EF10: CP1 | EG10: CP1 | EH10: CP1 | EI10: CP1 | EJ10: CP1 | EK10: CP1 | EL10: CP1 | EM10: CP1 | EN10: CP1 | EO10: CP1 | EP10: CP1 | EQ10: CP1 | ER10: CP1 | ES10: CP1 | ET10: CP1 | EU10: CP1 | EV10: CP1 | EW10: CP1 | EX10: CP1 | EY10: CP1 | EZ10: CP1 | FA10: CP1 | FB10: CP1 | FC10: CP1 | FD10: CP1 | FE10: CP1 | FF10: CP1 | FG10: CP1 | FH10: CP1 | FI10: CP1 | FJ10: CP1 | FK10: CP1 | FL10: CP1 | FM10: CP1 | FN10: CP1 | FO10: CP1 | FP10: CP1 | FQ10: CP1 | FR10: CP1 | FS10: CP1 | FT10: CP1 | FU10: CP1 | FV10: CP1 | FW10: CP1 | FX10: CP1 | FY10: CP1 | FZ10: CP1 | GA10: CP1 | GB10: CP1 | GC10: CP1 | GD10: CP1 | GE10: CP1 | GF10: CP1 | GG10: CP1 | GH10: CP1 | GI10: CP1 | GJ10: CP1 | GK10: CP1 | GL10: CP1 | GM10: CP1 | GN10: CP1 | GO10: CP1 | GP10: CP1 | GQ10: CP1 | GR10: CP1 | GS10: CP1 | GT10: CP1 | GU10: CP1 | GV10: CP1 | GW10: CP1 | GX10: CP1 | GY10: CP1 | GZ10: CP1 | HA10: CP1 | HB10: CP1 | HC10: CP1 | HD10: CP1 | HE10: CP1 | HF10: CP1 | HG10: CP1 | HH10: CP1 | HI10: CP1 | HJ10: CP1 | HK10: CP1 | HL10: CP1 | HM10: CP1 | HN10: CP1 | HO10: CP1 | HP10: CP1 | HQ10: CP1 | HR10: CP1 | HS10: CP1 | HT10: CP1 | HU10: CP1 | HV10: CP1 | HW10: CP1 | HX10: CP1 | HY10: CP1 | HZ10: CP1 | IA10: CP1 | IB10: CP1 | IC10: CP1 | ID10: CP1 | IE10: CP1 | IF10: CP1 | IG10: CP1 | IH10: CP1 | II10: CP1 | IJ10: CP1 | IK10: CP1 | IL10: CP1 | IM10: CP1 | IN10: CP1 | IO10: CP1 | IP10: CP1 | IQ10: CP1 | IR10: CP1 | IS10: CP1 | IT10: CP1 | IU10: CP1 | IV10: CP1 | IW10: CP1 | IX10: CP1 | IY10: CP1 | IZ10: CP1 | JA10: CP1 | JB10: CP1 | JC10: CP1 | JD10: CP1 | JE10: CP1 | JF10: CP1 | JG10: CP1 | JH10: CP1 | JI10: CP1 | JJ10: CP1 | JK10: CP1 | JL10: CP1 | JM10: CP1 | JN10: CP1 | JO10: CP1 | JP10: CP1 | JQ10: CP1 | JR10: CP1 | JS10: CP1 | JT10: CP1 | JU10: CP1 | JV10: CP1 | JW10: CP1 | JX10: CP1 | JY10: CP1 | JZ10: CP1 | KA10: CP1 | KB10: CP1 | KC10: CP1 | KD10: CP1 | KE10: CP1 | KF10: CP1 | KG10: CP1 | KH10: CP1 | KI10: CP1 | KJ10: CP1 | KK10: CP1 | KL10: CP1 | KM10: CP1 | KN10: CP1 | KO10: CP1 | KP10: CP1 | KQ10: CP1 | KR10: CP1 | KS10: CP1 | KT10: CP1 | KU10: CP1 | KV10: CP1 | KW10: CP1 | KX10: CP1 | KY10: CP1 | KZ10: CP1 | LA10: CP1 | LB10: CP1 | LC10: CP1 | LD10: CP1 | LE10: CP1 | LF10: CP1 | LG10: CP1 | LH10: CP1 | LI10: CP1 | LJ10: CP1 | LK10: CP1 | LL10: CP1 | LM10: CP1 | LN10: CP1 | LO10: CP1 | LP10: CP1 | LQ10: CP1 | LR10: CP1 | LS10: CP1 | LT10: CP1 | LU10: CP1 | LV10: CP1 | LW10: CP1 | LX10: CP1 | LY10: CP1 | LZ10: CP1 | MA10: CP1 | MB10: CP1 | MC10: CP1 | MD10: CP1 | ME10: CP1 | MF10: CP1 | MG10: CP1 | MH10: CP1 | MI10: CP1 | MJ10: CP1 | MK10: CP1 | ML10: CP1 | MM10: CP1 | MN10: CP1 | MO10: CP1 | MP10: CP1 | MQ10: CP1 | MR10: CP1
B11: DIC | C11: 101 | D11: 0.0003 | N11: Starttime | O11: 2025-07-18 03:28:05 | P11: 2025-07-14 20:49:25 | Q11: 2025-07-20 10:46:39 | R11: 2025-07-14 21:27:40 | S11: 2025-07-18 02:17:06 | T11: 2025-07-20 19:11:50 | U11: 2025-07-14 14:25:11 | V11: 2025-07-17 01:09:38 | W11: 2025-07-18 12:41:15 | X11: 2025-07-15 13:31:56 | Y11: 2025-07-16 21:03:27 | Z11: 2025-07-17 14:12:44 | AA11: 2025-07-20 11:58:01 | AB11: 2025-07-17 23:02:57 | AC11: 2025-07-20 11:29:34 | AD11: 2025-07-14 17:15:49 | AE11: 2025-07-19 22:40:55 | AF11: 2025-07-18 05:48:07 | AG11: 2025-07-18 19:25:05 | AH11: 2025-07-16 21:27:00 | AI11: 2025-07-14 07:42:15 | AJ11: 2025-07-16 20:13:28 | AK11: 2025-07-19 12:36:21 | AL11: 2025-07-14 12:23:37 | AM11: 2025-07-16 03:49:54 | AN11: 2025-07-15 06:06:55 | AO11: 2025-07-15 12:41:45 | AP11: 2025-07-20 15:32:08 | AQ11: 2025-07-20 14:58:51 | AR11: 2025-07-16 06:33:39 | AS11: 2025-07-18 22:31:27 | AT11: 2025-07-19 19:34:50 | AU11: 2025-07-15 20:12:35 | AV11: 2025-07-20 14:34:18 | AW11: 2025-07-17 03:22:16 | AX11: 2025-07-16 03:14:42 | AY11: 2025-07-18 19:14:06 | AZ11: 2025-07-17 04:01:06 | BA11: 2025-07-17 23:38:02 | BB11: 2025-07-15 10:58:41 | BC11: 2025-07-20 06:12:03 | BD11: 2025-07-18 02:24:24 | BE11: 2025-07-19 12:54:43 | BF11: 2025-07-16 06:54:54 | BG11: 2025-07-15 02:25:26 | BH11: 2025-07-17 04:56:43 | BI11: 2025-07-20 05:54:40 | BJ11: 2025-07-14 01:44:14 | BK11: 2025-07-20 12:29:00 | BL11: 2025-07-15 12:18:55 | BM11: 2025-07-18 07:35:07 | BN11: 2025-07-15 08:49:50 | BO11: 2025-07-19 11:45:40 | BP11: 2025-07-15 14:54:24 | BQ11: 2025-07-13 21:08:09 | BR11: 2025-07-16 15:43:18 | BS11: 2025-07-18 10:02:10 | BT11: 2025-07-14 04:58:02 | BU11: 2025-07-15 03:03:16 | BV11: 2025-07-16 21:47:48 | BW11: 2025-07-16 05:11:38 | BX11: 2025-07-15 19:33:22 | BY11: 2025-07-16 02:58:18 | BZ11: 2025-07-18 03:26:41 | CA11: 2025-07-18 21:02:43 | CB11: 2025-07-19 20:52:00 | CC11: 2025-07-19 03:20:38 | CD11: 2025-07-15 09:54:03 | CE11: 2025-07-19 18:43:33 | CF11: 2025-07-15 06:12:08 | CG11: 2025-07-14 17:39:21 | CH11: 2025-07-19 04:25:29 | CI11: 2025-07-15 16:56:56 | CJ11: 2025-07-15 21:09:48 | CK11: 2025-07-15 00:55:21 | CL11: 2025-07-15 00:52:51 | CM11: 2025-07-18 01:32:58 | CN11: 2025-07-18 14:24:03 | CO11: 2025-07-14 04:13:55 | CP11: 2025-07-17 07:30:52 | CQ11: 2025-07-20 00:51:15 | CR11: 2025-07-19 12:23:52 | CS11: 2025-07-19 23:46:54 | CT11: 2025-07-14 05:53:37 | CU11: 2025-07-18 21:08:57 | CV11: 2025-07-17 06:47:28 | CW11: 2025-07-14 20:12:44 | CX11: 2025-07-19 04:40:06 | CY11: 2025-07-16 18:33:22 | CZ11: 2025-07-15 22:02:05 | DA11: 2025-07-16 19:46:04 | DB11: 2025-07-19 14:06:26 | DC11: 2025-07-14 20:38:24 | DD11: 2025-07-19 11:43:05 | DE11: 2025-07-17 07:01:56 | DF11: 2025-07-16 18:22:57 | DG11: 2025-07-18 13:05:33 | DH11: 2025-07-16 18:22:37 | DI11: 2025-07-19 02:59:56 | DJ11: 2025-07-13 23:50:08 | DK11: 2025-07-14 00:45:54 | DL11: 2025-07-15 09:02:33 | DM11: 2025-07-14 11:56:09 | DN11: 2025-07-17 11:15:31 | DO11: 2025-07-16 00:47:04 | DP11: 2025-07-19 02:33:17 | DQ11: 2025-07-17 00:43:27 | DR11: 2025-07-20 16:55:23 | DS11: 2025-07-15 21:42:01 | DT11: 2025-07-18 20:33:20 | DU11: 2025-07-18 02:58:04 | DV11: 2025-07-15 18:46:42 | DW11: 2025-07-15 02:22:42 | DX11: 2025-07-19 01:17:44 | DY11: 2025-07-13 22:52:46 | DZ11: 2025-07-17 13:01:08 | EA11: 2025-07-17 16:56:09 | EB11: 2025-07-20 08:55:33 | EC11: 2025-07-20 07:56:11 | ED11: 2025-07-15 15:53:42 | EE11: 2025-07-20 14:22:41 | EF11: 2025-07-18 22:12:36 | EG11: 2025-07-15 08:32:55 | EH11: 2025-07-14 00:42:56 | EI11: 2025-07-17 00:15:52 | EJ11: 2025-07-18 14:50:28 | EK11: 2025-07-15 23:37:24 | EL11: 2025-07-18 22:13:11 | EM11: 2025-07-18 15:37:52 | EN11: 2025-07-17 12:40:54 | EO11: 2025-07-20 15:09:26 | EP11: 2025-07-17 08:39:21 | EQ11: 2025-07-15 13:13:27 | ER11: 2025-07-17 07:51:42 | ES11: 2025-07-18 09:01:38 | ET11: 2025-07-16 03:18:25 | EU11: 2025-07-16 10:47:14 | EV11: 2025-07-17 15:43:23 | EW11: 2025-07-19 18:14:03 | EX11: 2025-07-17 03:12:50 | EY11: 2025-07-18 16:05:10 | EZ11: 2025-07-17 07:12:54 | FA11: 2025-07-15 14:54:22 | FB11: 2025-07-17 01:24:33 | FC11: 2025-07-17 18:03:51 | FD11: 2025-07-15 22:44:06 | FE11: 2025-07-17 03:21:45 | FF11: 2025-07-13 18:23:27 | FG11: 2025-07-14 06:49:31 | FH11: 2025-07-18 22:32:38 | FI11: 2025-07-20 00:05:10 | FJ11: 2025-07-15 02:48:05 | FK11: 2025-07-15 16:58:16 | FL11: 2025-07-14 04:53:20 | FM11: 2025-07-19 16:55:54 | FN11: 2025-07-16 13:18:37 | FO11: 2025-07-20 06:31:48 | FP11: 2025-07-17 09:21:17 | FQ11: 2025-07-17 16:18:04 | FR11: 2025-07-18 01:57:55 | FS11: 2025-07-15 13:37:54 | FT11: 2025-07-14 23:49:41 | FU11: 2025-07-16 07:54:52 | FV11: 2025-07-17 02:04:43 | FW11: 2025-07-16 11:14:47 | FX11: 2025-07-20 08:30:01 | FY11: 2025-07-19 07:24:30 | FZ11: 2025-07-16 09:22:49 | GA11: 2025-07-17 12:29:55 | GB11: 2025-07-17 06:51:23 | GC11: 2025-07-19 23:21:49 | GD11: 2025-07-18 20:25:22 | GE11: 2025-07-18 16:03:10 | GF11: 2025-07-14 17:41:24 | GG11: 2025-07-17 08:18:11 | GH11: 2025-07-17 20:18:38 | GI11: 2025-07-16 11:14:47 | GJ11: 2025-07-16 18:12:30 | GK11: 2025-07-18 08:34:29 | GL11: 2025-07-14 23:52:04 | GM11: 2025-07-17 18:44:18 | GN11: 2025-07-16 00:56:01 | GO11: 2025-07-18 20:09:54 | GP11: 2025-07-17 13:51:57 | GQ11: 2025-07-19 01:21:43 | GR11: 2025-07-19 15:32:02 | GS11: 2025-07-16 12:28:14 | GT11: 2025-07-14 05:15:04 | GU11: 2025-07-19 23:43:43 | GV11: 2025-07-16 07:46:08 | GW11: 2025-07-16 10:01:14 | GX11: 2025-07-17 15:53:44 | GY11: 2025-07-15 07:19:45 | GZ11: 2025-07-18 13:11:52 | HA11: 2025-07-17 20:17:48 | HB11: 2025-07-13 22:00:38 | HC11: 2025-07-17 23:40:32 | HD11: 2025-07-14 12:57:29 | HE11: 2025-07-19 08:17:05 | HF11: 2025-07-19 05:22:34 | HG11: 2025-07-18 04:42:45 | HH11: 2025-07-18 13:16:38 | HI11: 2025-07-19 10:51:01 | HJ11: 2025-07-19 17:17:42 | HK11: 2025-07-19 09:20:01 | HL11: 2025-07-14 08:00:48 | HM11: 2025-07-18 14:24:03 | HN11: 2025-07-16 18:49:12 | HO11: 2025-07-15 02:29:06 | HP11: 2025-07-17 19:16:35 | HQ11: 2025-07-17 05:46:40 | HR11: 2025-07-17 01:19:45 | HS11: 2025-07-20 02:44:37 | HT11: 2025-07-13 21:54:15 | HU11: 2025-07-16 19:29:20 | HV11: 2025-07-14 23:58:44 | HW11: 2025-07-17 10:47:01 | HX11: 2025-07-19 09:43:18 | HY11: 2025-07-15 19:33:22 | HZ11: 2025-07-20 02:57:04 | IA11: 2025-07-20 01:49:49 | IB11: 2025-07-17 16:43:54 | IC11: 2025-07-14 16:24:31 | ID11: 2025-07-14 20:57:10 | IE11: 2025-07-19 03:17:16 | IF11: 2025-07-19 14:47:49 | IG11: 2025-07-16 17:29:11 | IH11: 2025-07-16 04:59:41 | II11: 2025-07-17 18:48:14 | IJ11: 2025-07-19 02:22:28 | IK11: 2025-07-14 10:16:55 | IL11: 2025-07-19 10:49:55 | IM11: 2025-07-17 19:08:54 | IN11: 2025-07-16 15:19:39 | IO11: 2025-07-13 19:27:31 | IP11: 2025-07-16 13:52:53 | IQ11: 2025-07-19 17:45:17 | IR11: 2025-07-18 13:23:25 | IS11: 2025-07-19 20:48:10 | IT11: 2025-07-18 02:43:49 | IU11: 2025-07-18 14:58:09 | IV11: 2025-07-19 14:43:51 | IW11: 2025-07-14 12:58:28 | IX11: 2025-07-14 13:56:00 | IY11: 2025-07-14 13:36:19 | IZ11: 2025-07-15 21:07:29 | JA11: 2025-07-17 17:31:08 | JB11: 2025-07-18 08:15:21 | JC11: 2025-07-15 18:31:42 | JD11: 2025-07-17 01:33:24 | JE11: 2025-07-14 00:02:57 | JF11: 2025-07-20 14:44:29 | JG11: 2025-07-20 13:43:20 | JH11: 2025-07-15 20:28:47 | JI11: 2025-07-14 13:24:23 | JJ11: 2025-07-18 02:27:22 | JK11: 2025-07-17 16:18:04 | JL11: 2025-07-16 11:34:30 | JM11: 2025-07-18 15:56:34 | JN11: 2025-07-20 05:24:48 | JO11: 2025-07-13 21:32:01 | JP11: 2025-07-16 00:52:22 | JQ11: 2025-07-19 04:37:18 | JR11: 2025-07-14 20:33:01 | JS11: 2025-07-15 12:34:03 | JT11: 2025-07-17 22:09:00 | JU11: 2025-07-19 07:26:59 | JV11: 2025-07-20 08:57:07 | JW11: 2025-07-20 07:06:56 | JX11: 2025-07-14 20:15:42 | JY11: 2025-07-16 09:14:41 | JZ11: 2025-07-20 00:50:40 | KA11: 2025-07-14 10:06:39 | KB11: 2025-07-15 06:56:06 | KC11: 2025-07-18 08:49:44 | KD11: 2025-07-14 15:05:20 | KE11: 2025-07-20 13:28:02 | KF11: 2025-07-17 20:34:48 | KG11: 2025-07-20 00:19:51 | KH11: 2025-07-19 06:54:51 | KI11: 2025-07-19 09:27:43 | KJ11: 2025-07-15 02:58:52 | KK11: 2025-07-15 08:27:14 | KL11: 2025-07-17 10:02:55 | KM11: 2025-07-16 04:42:59 | KN11: 2025-07-16 17:32:22 | KO11: 2025-07-19 13:52:09 | KP11: 2025-07-19 08:37:25 | KQ11: 2025-07-18 14:14:27 | KR11: 2025-07-17 13:57:44 | KS11: 2025-07-18 15:50:50 | KT11: 2025-07-14 06:28:50 | KU11: 2025-07-16 22:43:28 | KV11: 2025-07-17 13:06:11 | KW11: 2025-07-20 02:50:27 | KX11: 2025-07-15 15:06:01 | KY11: 2025-07-19 20:17:54 | KZ11: 2025-07-20 17:29:16 | LA11: 2025-07-18 06:26:26 | LB11: 2025-07-14 05:46:19 | LC11: 2025-07-20 08:24:24 | LD11: 2025-07-19 19:30:57 | LE11: 2025-07-19 16:20:20 | LF11: 2025-07-15 12:56:34 | LG11: 2025-07-19 13:02:22 | LH11: 2025-07-16 12:42:14 | LI11: 2025-07-18 07:02:09 | LJ11: 2025-07-17 07:45:10 | LK11: 2025-07-14 19:44:28 | LL11: 2025-07-19 09:13:42 | LM11: 2025-07-17 11:55:25 | LN11: 2025-07-18 08:02:57 | LO11: 2025-07-19 17:53:22 | LP11: 2025-07-15 04:51:47 | LQ11: 2025-07-16 23:37:47 | LR11: 2025-07-13 21:19:19 | LS11: 2025-07-17 04:20:44 | LT11: 2025-07-14 11:00:11 | LU11: 2025-07-20 01:49:47 | LV11: 2025-07-18 06:41:52 | LW11: 2025-07-15 00:09:16 | LX11: 2025-07-17 00:33:36 | LY11: 2025-07-20 14:31:17 | LZ11: 2025-07-19 21:57:47 | MA11: 2025-07-18 20:45:07 | MB11: 2025-07-14 04:01:51 | MC11: 2025-07-18 20:10:19 | MD11: 2025-07-13 22:27:21 | ME11: 2025-07-20 12:39:53 | MF11: 2025-07-17 09:52:42 | MG11: 2025-07-18 12:30:46 | MH11: 2025-07-15 09:43:44 | MI11: 2025-07-14 11:19:13 | MJ11: 2025-07-14 19:32:32 | MK11: 2025-07-20 08:13:00 | ML11: 2025-07-15 06:50:06 | MM11: 2025-07-19 15:48:26 | MN11: 2025-07-18 13:43:29 | MO11: 2025-07-15 06:50:02 | MP11: 2025-07-13 22:05:24 | MQ11: 2025-07-14 18:32:56 | MR11: 2025-07-14 11:56:52
B12: OC | C12: 7 | D12: 0 | N12: Endtime | O12: 2025-07-18 05:37:44 | P12: 2025-07-14 22:53:18 | Q12: 2025-07-20 16:52:12 | R12: 2025-07-14 22:45:56 | S12: 2025-07-18 02:34:16 | T12: 2025-07-20 19:23:27 | U12: 2025-07-14 20:35:26 | V12: 2025-07-17 07:48:25 | W12: 2025-07-18 12:58:09 | X12: 2025-07-15 19:29:12 | Y12: 2025-07-17 07:43:30 | Z12: 2025-07-17 20:15:21 | AA12: 2025-07-20 18:05:04 | AB12: 2025-07-18 05:45:04 | AC12: 2025-07-20 17:26:08 | AD12: 2025-07-14 17:26:16 | AE12: 2025-07-20 05:08:39 | AF12: 2025-07-18 13:06:33 | AG12: 2025-07-18 19:46:54 | AH12: 2025-07-17 03:26:22 | AI12: 2025-07-14 14:21:15 | AJ12: 2025-07-17 02:38:28 | AK12: 2025-07-19 12:50:32 | AL12: 2025-07-14 12:23:54 | AM12: 2025-07-16 09:57:56 | AN12: 2025-07-15 13:27:48 | AO12: 2025-07-15 18:46:26 | AP12: 2025-07-20 22:02:51 | AQ12: 2025-07-20 21:16:18 | AR12: 2025-07-16 12:39:29 | AS12: 2025-07-19 04:33:52 | AT12: 2025-07-20 01:47:04 | AU12: 2025-07-15 20:42:49 | AV12: 2025-07-20 19:59:39 | AW12: 2025-07-17 03:51:27 | AX12: 2025-07-16 09:11:40 | AY12: 2025-07-19 01:15:03 | AZ12: 2025-07-17 09:59:43 | BA12: 2025-07-18 07:12:09 | BB12: 2025-07-15 16:54:14 | BC12: 2025-07-20 12:26:01 | BD12: 2025-07-18 08:24:00 | BE12: 2025-07-19 13:11:35 | BF12: 2025-07-16 13:15:57 | BG12: 2025-07-15 08:23:53 | BH12: 2025-07-17 11:11:22 | BI12: 2025-07-20 11:55:02 | BJ12: 2025-07-14 07:41:06 | BK12: 2025-07-20 19:17:29 | BL12: 2025-07-15 18:28:32 | BM12: 2025-07-18 15:11:24 | BN12: 2025-07-15 14:51:26 | BO12: 2025-07-19 18:10:43 | BP12: 2025-07-15 21:05:00 | BQ12: 2025-07-14 03:18:53 | BR12: 2025-07-16 21:42:44 | BS12: 2025-07-18 16:02:12 | BT12: 2025-07-14 11:16:29 | BU12: 2025-07-15 09:51:13 | BV12: 2025-07-17 03:57:55 | BW12: 2025-07-16 11:12:00 | BX12: 2025-07-16 01:49:17 | BY12: 2025-07-16 03:12:58 | BZ12: 2025-07-18 09:59:12 | CA12: 2025-07-19 03:13:13 | CB12: 2025-07-20 02:53:52 | CC12: 2025-07-19 09:25:02 | CD12: 2025-07-15 16:21:25 | CE12: 2025-07-20 00:48:02 | CF12: 2025-07-15 12:15:42 | CG12: 2025-07-14 23:46:56 | CH12: 2025-07-19 11:40:08 | CI12: 2025-07-16 00:11:28 | CJ12: 2025-07-16 03:15:07 | CK12: 2025-07-15 06:53:18 | CL12: 2025-07-15 06:46:48 | CM12: 2025-07-18 07:32:21 | CN12: 2025-07-18 22:05:46 | CO12: 2025-07-14 10:13:56 | CP12: 2025-07-17 10:33:12 | CQ12: 2025-07-20 07:55:54 | CR12: 2025-07-19 18:40:33 | CS12: 2025-07-20 05:51:40 | CT12: 2025-07-14 11:53:32 | CU12: 2025-07-19 03:17:58 | CV12: 2025-07-17 12:58:10 | CW12: 2025-07-15 02:22:02 | CX12: 2025-07-19 10:48:16 | CY12: 2025-07-17 00:30:39 | CZ12: 2025-07-16 04:04:39 | DA12: 2025-07-17 02:01:57 | DB12: 2025-07-19 17:33:09 | DC12: 2025-07-15 02:45:05 | DD12: 2025-07-19 17:42:23 | DE12: 2025-07-17 07:28:08 | DF12: 2025-07-16 18:30:24 | DG12: 2025-07-18 20:30:21 | DH12: 2025-07-16 21:44:39 | DI12: 2025-07-19 09:40:18 | DJ12: 2025-07-14 05:50:58 | DK12: 2025-07-14 06:46:07 | DL12: 2025-07-15 15:02:44 | DM12: 2025-07-14 20:54:30 | DN12: 2025-07-17 17:26:59 | DO12: 2025-07-16 06:46:36 | DP12: 2025-07-19 08:34:18 | DQ12: 2025-07-17 06:43:44 | DR12: 2025-07-20 22:52:45 | DS12: 2025-07-16 03:46:45 | DT12: 2025-07-19 02:56:55 | DU12: 2025-07-18 08:58:12 | DV12: 2025-07-16 00:49:45 | DW12: 2025-07-15 08:59:18 | DX12: 2025-07-19 07:21:47 | DY12: 2025-07-14 04:50:37 | DZ12: 2025-07-17 19:05:55 | EA12: 2025-07-17 22:59:56 | EB12: 2025-07-20 14:55:50 | EC12: 2025-07-20 14:35:13 | ED12: 2025-07-15 21:58:41 | EE12: 2025-07-20 20:20:05 | EF12: 2025-07-19 04:21:26 | EG12: 2025-07-15 14:51:22 | EH12: 2025-07-14 06:51:36 | EI12: 2025-07-17 06:14:54 | EJ12: 2025-07-18 20:58:32 | EK12: 2025-07-16 06:30:55 | EL12: 2025-07-19 04:18:14 | EM12: 2025-07-18 22:29:51 | EN12: 2025-07-17 18:45:32 | EO12: 2025-07-20 21:32:45 | EP12: 2025-07-17 15:40:31 | EQ12: 2025-07-15 19:16:39 | ER12: 2025-07-17 14:09:06 | ES12: 2025-07-18 15:53:06 | ET12: 2025-07-16 09:19:27 | EU12: 2025-07-16 17:25:44 | EV12: 2025-07-17 21:57:00 | EW12: 2025-07-20 00:16:36 | EX12: 2025-07-17 09:17:28 | EY12: 2025-07-18 22:10:10 | EZ12: 2025-07-17 11:51:21 | FA12: 2025-07-15 21:04:29 | FB12: 2025-07-17 07:27:30 | FC12: 2025-07-18 00:28:52 | FD12: 2025-07-16 04:56:41 | FE12: 2025-07-17 06:17:41 | FF12: 2025-07-14 00:40:57 | FG12: 2025-07-14 12:54:08 | FH12: 2025-07-19 04:37:18 | FI12: 2025-07-20 06:09:03 | FJ12: 2025-07-15 08:46:54 | FK12: 2025-07-16 00:53:05 | FL12: 2025-07-14 10:57:25 | FM12: 2025-07-19 23:34:53 | FN12: 2025-07-16 19:26:02 | FO12: 2025-07-20 12:36:36 | FP12: 2025-07-17 15:49:54 | FQ12: 2025-07-18 00:23:17 | FR12: 2025-07-18 07:59:47 | FS12: 2025-07-15 20:26:05 | FT12: 2025-07-15 05:47:50 | FU12: 2025-07-16 07:57:27 | FV12: 2025-07-17 03:18:59 | FW12: 2025-07-16 18:00:47 | FX12: 2025-07-20 13:39:49 | FY12: 2025-07-19 13:40:27 | FZ12: 2025-07-16 15:40:01 | GA12: 2025-07-17 18:40:51 | GB12: 2025-07-17 13:02:35 | GC12: 2025-07-20 05:21:42 | GD12: 2025-07-19 02:30:08 | GE12: 2025-07-18 22:09:18 | GF12: 2025-07-15 00:06:30 | GG12: 2025-07-17 13:29:14 | GH12: 2025-07-18 02:21:06 | GI12: 2025-07-17 00:13:07 | GJ12: 2025-07-17 00:17:23 | GK12: 2025-07-18 15:35:07 | GL12: 2025-07-15 06:08:56 | GM12: 2025-07-18 02:54:37 | GN12: 2025-07-16 07:38:03 | GO12: 2025-07-19 06:45:09 | GP12: 2025-07-17 19:52:27 | GQ12: 2025-07-19 07:21:11 | GR12: 2025-07-19 21:32:33 | GS12: 2025-07-16 18:42:57 | GT12: 2025-07-14 05:15:21 | GU12: 2025-07-20 06:00:15 | GV12: 2025-07-16 12:11:14 | GW12: 2025-07-16 17:29:15 | GX12: 2025-07-17 22:05:08 | GY12: 2025-07-15 13:34:10 | GZ12: 2025-07-18 19:11:20 | HA12: 2025-07-18 02:24:36 | HB12: 2025-07-14 03:57:50 | HC12: 2025-07-18 05:46:03 | HD12: 2025-07-14 19:07:38 | HE12: 2025-07-19 14:40:50 | HF12: 2025-07-19 11:42:21 | HG12: 2025-07-18 10:48:02 | HH12: 2025-07-18 19:18:04 | HI12: 2025-07-19 16:53:07 | HJ12: 2025-07-19 23:40:16 | HK12: 2025-07-19 16:17:09 | HL12: 2025-07-14 13:52:53 | HM12: 2025-07-19 04:21:53 | HN12: 2025-07-17 01:16:29 | HO12: 2025-07-15 08:29:55 | HP12: 2025-07-18 01:30:15 | HQ12: 2025-07-17 11:52:17 | HR12: 2025-07-17 07:21:51 | HS12: 2025-07-20 08:52:57 | HT12: 2025-07-14 04:46:16 | HU12: 2025-07-17 01:30:46 | HV12: 2025-07-15 06:02:48 | HW12: 2025-07-17 16:53:09 | HX12: 2025-07-19 17:50:22 | HY12: 2025-07-16 08:05:05 | HZ12: 2025-07-20 10:08:09 | IA12: 2025-07-20 08:10:16 | IB12: 2025-07-17 22:49:27 | IC12: 2025-07-14 22:46:56 | ID12: 2025-07-15 02:56:09 | IE12: 2025-07-19 09:16:54 | IF12: 2025-07-19 20:48:50 | IG12: 2025-07-17 00:37:43 | IH12: 2025-07-16 11:07:44 | II12: 2025-07-18 00:52:11 | IJ12: 2025-07-19 09:10:04 | IK12: 2025-07-14 16:56:53 | IL12: 2025-07-19 16:56:23 | IM12: 2025-07-18 01:17:21 | IN12: 2025-07-16 21:24:00 | IO12: 2025-07-14 01:40:35 | IP12: 2025-07-16 20:09:19 | IQ12: 2025-07-19 23:43:56 | IR12: 2025-07-18 20:06:42 | IS12: 2025-07-20 02:47:25 | IT12: 2025-07-18 08:46:58 | IU12: 2025-07-18 21:06:19 | IV12: 2025-07-19 20:45:08 | IW12: 2025-07-14 19:12:19 | IX12: 2025-07-14 20:30:08 | IY12: 2025-07-14 19:50:08 | IZ12: 2025-07-16 03:11:40 | JA12: 2025-07-17 23:36:24 | JB12: 2025-07-18 14:21:09 | JC12: 2025-07-16 00:43:58 | JD12: 2025-07-17 07:42:30 | JE12: 2025-07-14 06:17:57 | JF12: 2025-07-20 21:44:35 | JG12: 2025-07-20 19:52:36 | JH12: 2025-07-16 02:28:51 | JI12: 2025-07-14 14:02:27 | JJ12: 2025-07-18 08:31:40 | JK12: 2025-07-18 06:23:18 | JL12: 2025-07-16 17:39:57 | JM12: 2025-07-18 22:28:04 | JN12: 2025-07-20 11:26:23 | JO12: 2025-07-14 03:43:23 | JP12: 2025-07-16 06:52:11 | JQ12: 2025-07-19 10:46:29 | JR12: 2025-07-15 03:00:09 | JS12: 2025-07-15 18:44:03 | JT12: 2025-07-18 04:38:54 | JU12: 2025-07-19 12:20:43 | JV12: 2025-07-20 15:05:17 | JW12: 2025-07-20 13:23:54 | JX12: 2025-07-15 02:19:23 | JY12: 2025-07-16 15:16:38 | JZ12: 2025-07-20 07:03:46 | KA12: 2025-07-14 16:21:47 | KB12: 2025-07-15 13:10:42 | KC12: 2025-07-18 14:55:28 | KD12: 2025-07-14 19:20:14 | KE12: 2025-07-20 19:33:47 | KF12: 2025-07-18 02:41:07 | KG12: 2025-07-20 06:28:27 | KH12: 2025-07-19 12:59:37 | KI12: 2025-07-19 15:29:22 | KJ12: 2025-07-15 09:00:21 | KK12: 2025-07-15 14:34:01 | KL12: 2025-07-17 16:14:57 | KM12: 2025-07-16 10:52:13 | KN12: 2025-07-16 23:34:39 | KO12: 2025-07-19 20:13:47 | KP12: 2025-07-19 14:44:39 | KQ12: 2025-07-18 20:22:17 | KR12: 2025-07-17 20:14:59 | KS12: 2025-07-18 22:29:04 | KT12: 2025-07-14 13:32:06 | KU12: 2025-07-16 23:24:35 | KV12: 2025-07-17 19:13:50 | KW12: 2025-07-20 08:52:31 | KX12: 2025-07-15 21:06:30 | KY12: 2025-07-20 02:40:27 | KZ12: 2025-07-20 23:30:35 | LA12: 2025-07-18 12:27:39 | LB12: 2025-07-14 11:51:38 | LC12: 2025-07-20 14:41:29 | LD12: 2025-07-20 01:46:49 | LE12: 2025-07-19 23:16:54 | LF12: 2025-07-15 18:57:32 | LG12: 2025-07-19 19:28:14 | LH12: 2025-07-16 18:46:27 | LI12: 2025-07-18 13:09:11 | LJ12: 2025-07-17 13:49:17 | LK12: 2025-07-15 02:26:02 | LL12: 2025-07-19 15:44:49 | LM12: 2025-07-17 18:00:41 | LN12: 2025-07-18 14:11:17 | LO12: 2025-07-20 00:02:09 | LP12: 2025-07-15 10:55:56 | LQ12: 2025-07-17 05:43:31 | LR12: 2025-07-14 03:59:09 | LS12: 2025-07-17 10:43:59 | LT12: 2025-07-14 17:36:40 | LU12: 2025-07-20 07:53:28 | LV12: 2025-07-18 13:20:23 | LW12: 2025-07-15 06:47:17 | LX12: 2025-07-17 06:40:48 | LY12: 2025-07-20 21:48:28 | LZ12: 2025-07-20 04:35:15 | MA12: 2025-07-19 03:14:03 | MB12: 2025-07-14 10:03:55 | MC12: 2025-07-19 02:18:51 | MD12: 2025-07-14 04:55:19 | ME12: 2025-07-20 18:51:47 | MF12: 2025-07-17 16:41:08 | MG12: 2025-07-18 18:36:23 | MH12: 2025-07-15 10:18:41 | MI12: 2025-07-14 17:38:42 | MJ12: 2025-07-14 19:42:09 | MK12: 2025-07-20 14:19:56 | ML12: 2025-07-15 12:53:27 | MM12: 2025-07-19 21:54:08 | MN12: 2025-07-18 20:06:41 | MO12: 2025-07-15 14:28:32 | MP12: 2025-07-14 04:10:53 | MQ12: 2025-07-15 00:49:43 | MR12: 2025-07-14 18:09:08
A13: 1 | B13: PASS BIN | C13: 334478 | D13: 0.8992 | E13: PASS BIN | N13: Week | O13: 202529 | P13: 202529 | Q13: 202529 | R13: 202529 | S13: 202529 | T13: 202529 | U13: 202529 | V13: 202529 | W13: 202529 | X13: 202529 | Y13: 202529 | Z13: 202529 | AA13: 202529 | AB13: 202529 | AC13: 202529 | AD13: 202529 | AE13: 202529 | AF13: 202529 | AG13: 202529 | AH13: 202529 | AI13: 202529 | AJ13: 202529 | AK13: 202529 | AL13: 202529 | AM13: 202529 | AN13: 202529 | AO13: 202529 | AP13: 202529 | AQ13: 202529 | AR13: 202529 | AS13: 202529 | AT13: 202529 | AU13: 202529 | AV13: 202529 | AW13: 202529 | AX13: 202529 | AY13: 202529 | AZ13: 202529 | BA13: 202529 | BB13: 202529 | BC13: 202529 | BD13: 202529 | BE13: 202529 | BF13: 202529 | BG13: 202529 | BH13: 202529 | BI13: 202529 | BJ13: 202529 | BK13: 202529 | BL13: 202529 | BM13: 202529 | BN13: 202529 | BO13: 202529 | BP13: 202529 | BQ13: 202529 | BR13: 202529 | BS13: 202529 | BT13: 202529 | BU13: 202529 | BV13: 202529 | BW13: 202529 | BX13: 202529 | BY13: 202529 | BZ13: 202529 | CA13: 202529 | CB13: 202529 | CC13: 202529 | CD13: 202529 | CE13: 202529 | CF13: 202529 | CG13: 202529 | CH13: 202529 | CI13: 202529 | CJ13: 202529 | CK13: 202529 | CL13: 202529 | CM13: 202529 | CN13: 202529 | CO13: 202529 | CP13: 202529 | CQ13: 202529 | CR13: 202529 | CS13: 202529 | CT13: 202529 | CU13: 202529 | CV13: 202529 | CW13: 202529 | CX13: 202529 | CY13: 202529 | CZ13: 202529 | DA13: 202529 | DB13: 202529 | DC13: 202529 | DD13: 202529 | DE13: 202529 | DF13: 202529 | DG13: 202529 | DH13: 202529 | DI13: 202529 | DJ13: 202529 | DK13: 202529 | DL13: 202529 | DM13: 202529 | DN13: 202529 | DO13: 202529 | DP13: 202529 | DQ13: 202529 | DR13: 202529 | DS13: 202529 | DT13: 202529 | DU13: 202529 | DV13: 202529 | DW13: 202529 | DX13: 202529 | DY13: 202529 | DZ13: 202529 | EA13: 202529 | EB13: 202529 | EC13: 202529 | ED13: 202529 | EE13: 202529 | EF13: 202529 | EG13: 202529 | EH13: 202529 | EI13: 202529 | EJ13: 202529 | EK13: 202529 | EL13: 202529 | EM13: 202529 | EN13: 202529 | EO13: 202529 | EP13: 202529 | EQ13: 202529 | ER13: 202529 | ES13: 202529 | ET13: 202529 | EU13: 202529 | EV13: 202529 | EW13: 202529 | EX13: 202529 | EY13: 202529 | EZ13: 202529 | FA13: 202529 | FB13: 202529 | FC13: 202529 | FD13: 202529 | FE13: 202529 | FF13: 202529 | FG13: 202529 | FH13: 202529 | FI13: 202529 | FJ13: 202529 | FK13: 202529 | FL13: 202529 | FM13: 202529 | FN13: 202529 | FO13: 202529 | FP13: 202529 | FQ13: 202529 | FR13: 202529 | FS13: 202529 | FT13: 202529 | FU13: 202529 | FV13: 202529 | FW13: 202529 | FX13: 202529 | FY13: 202529 | FZ13: 202529 | GA13: 202529 | GB13: 202529 | GC13: 202529 | GD13: 202529 | GE13: 202529 | GF13: 202529 | GG13: 202529 | GH13: 202529 | GI13: 202529 | GJ13: 202529 | GK13: 202529 | GL13: 202529 | GM13: 202529 | GN13: 202529 | GO13: 202529 | GP13: 202529 | GQ13: 202529 | GR13: 202529 | GS13: 202529 | GT13: 202529 | GU13: 202529 | GV13: 202529 | GW13: 202529 | GX13: 202529 | GY13: 202529 | GZ13: 202529 | HA13: 202529 | HB13: 202529 | HC13: 202529 | HD13: 202529 | HE13: 202529 | HF13: 202529 | HG13: 202529 | HH13: 202529 | HI13: 202529 | HJ13: 202529 | HK13: 202529 | HL13: 202529 | HM13: 202529 | HN13: 202529 | HO13: 202529 | HP13: 202529 | HQ13: 202529 | HR13: 202529 | HS13: 202529 | HT13: 202529 | HU13: 202529 | HV13: 202529 | HW13: 202529 | HX13: 202529 | HY13: 202529 | HZ13: 202529 | IA13: 202529 | IB13: 202529 | IC13: 202529 | ID13: 202529 | IE13: 202529 | IF13: 202529 | IG13: 202529 | IH13: 202529 | II13: 202529 | IJ13: 202529 | IK13: 202529 | IL13: 202529 | IM13: 202529 | IN13: 202529 | IO13: 202529 | IP13: 202529 | IQ13: 202529 | IR13: 202529 | IS13: 202529 | IT13: 202529 | IU13: 202529 | IV13: 202529 | IW13: 202529 | IX13: 202529 | IY13: 202529 | IZ13: 202529 | JA13: 202529 | JB13: 202529 | JC13: 202529 | JD13: 202529 | JE13: 202529 | JF13: 202529 | JG13: 202529 | JH13: 202529 | JI13: 202529 | JJ13: 202529 | JK13: 202529 | JL13: 202529 | JM13: 202529 | JN13: 202529 | JO13: 202529 | JP13: 202529 | JQ13: 202529 | JR13: 202529 | JS13: 202529 | JT13: 202529 | JU13: 202529 | JV13: 202529 | JW13: 202529 | JX13: 202529 | JY13: 202529 | JZ13: 202529 | KA13: 202529 | KB13: 202529 | KC13: 202529 | KD13: 202529 | KE13: 202529 | KF13: 202529 | KG13: 202529 | KH13: 202529 | KI13: 202529 | KJ13: 202529 | KK13: 202529 | KL13: 202529 | KM13: 202529 | KN13: 202529 | KO13: 202529 | KP13: 202529 | KQ13: 202529 | KR13: 202529 | KS13: 202529 | KT13: 202529 | KU13: 202529 | KV13: 202529 | KW13: 202529 | KX13: 202529 | KY13: 202529 | KZ13: 202529 | LA13: 202529 | LB13: 202529 | LC13: 202529 | LD13: 202529 | LE13: 202529 | LF13: 202529 | LG13: 202529 | LH13: 202529 | LI13: 202529 | LJ13: 202529 | LK13: 202529 | LL13: 202529 | LM13: 202529 | LN13: 202529 | LO13: 202529 | LP13: 202529 | LQ13: 202529 | LR13: 202529 | LS13: 202529 | LT13: 202529 | LU13: 202529 | LV13: 202529 | LW13: 202529 | LX13: 202529 | LY13: 202529 | LZ13: 202529 | MA13: 202529 | MB13: 202529 | MC13: 202529 | MD13: 202529 | ME13: 202529 | MF13: 202529 | MG13: 202529 | MH13: 202529 | MI13: 202529 | MJ13: 202529 | MK13: 202529 | ML13: 202529 | MM13: 202529 | MN13: 202529 | MO13: 202529 | MP13: 202529 | MQ13: 202529 | MR13: 202529
B14: BIN1 | C14: 334478 | D14: 0.8992 | E14: PASS BIN | N14: Month | O14: 2025-07 | P14: 2025-07 | Q14: 2025-07 | R14: 2025-07 | S14: 2025-07 | T14: 2025-07 | U14: 2025-07 | V14: 2025-07 | W14: 2025-07 | X14: 2025-07 | Y14: 2025-07 | Z14: 2025-07 | AA14: 2025-07 | AB14: 2025-07 | AC14: 2025-07 | AD14: 2025-07 | AE14: 2025-07 | AF14: 2025-07 | AG14: 2025-07 | AH14: 2025-07 | AI14: 2025-07 | AJ14: 2025-07 | AK14: 2025-07 | AL14: 2025-07 | AM14: 2025-07 | AN14: 2025-07 | AO14: 2025-07 | AP14: 2025-07 | AQ14: 2025-07 | AR14: 2025-07 | AS14: 2025-07 | AT14: 2025-07 | AU14: 2025-07 | AV14: 2025-07 | AW14: 2025-07 | AX14: 2025-07 | AY14: 2025-07 | AZ14: 2025-07 | BA14: 2025-07 | BB14: 2025-07 | BC14: 2025-07 | BD14: 2025-07 | BE14: 2025-07 | BF14: 2025-07 | BG14: 2025-07 | BH14: 2025-07 | BI14: 2025-07 | BJ14: 2025-07 | BK14: 2025-07 | BL14: 2025-07 | BM14: 2025-07 | BN14: 2025-07 | BO14: 2025-07 | BP14: 2025-07 | BQ14: 2025-07 | BR14: 2025-07 | BS14: 2025-07 | BT14: 2025-07 | BU14: 2025-07 | BV14: 2025-07 | BW14: 2025-07 | BX14: 2025-07 | BY14: 2025-07 | BZ14: 2025-07 | CA14: 2025-07 | CB14: 2025-07 | CC14: 2025-07 | CD14: 2025-07 | CE14: 2025-07 | CF14: 2025-07 | CG14: 2025-07 | CH14: 2025-07 | CI14: 2025-07 | CJ14: 2025-07 | CK14: 2025-07 | CL14: 2025-07 | CM14: 2025-07 | CN14: 2025-07 | CO14: 2025-07 | CP14: 2025-07 | CQ14: 2025-07 | CR14: 2025-07 | CS14: 2025-07 | CT14: 2025-07 | CU14: 2025-07 | CV14: 2025-07 | CW14: 2025-07 | CX14: 2025-07 | CY14: 2025-07 | CZ14: 2025-07 | DA14: 2025-07 | DB14: 2025-07 | DC14: 2025-07 | DD14: 2025-07 | DE14: 2025-07 | DF14: 2025-07 | DG14: 2025-07 | DH14: 2025-07 | DI14: 2025-07 | DJ14: 2025-07 | DK14: 2025-07 | DL14: 2025-07 | DM14: 2025-07 | DN14: 2025-07 | DO14: 2025-07 | DP14: 2025-07 | DQ14: 2025-07 | DR14: 2025-07 | DS14: 2025-07 | DT14: 2025-07 | DU14: 2025-07 | DV14: 2025-07 | DW14: 2025-07 | DX14: 2025-07 | DY14: 2025-07 | DZ14: 2025-07 | EA14: 2025-07 | EB14: 2025-07 | EC14: 2025-07 | ED14: 2025-07 | EE14: 2025-07 | EF14: 2025-07 | EG14: 2025-07 | EH14: 2025-07 | EI14: 2025-07 | EJ14: 2025-07 | EK14: 2025-07 | EL14: 2025-07 | EM14: 2025-07 | EN14: 2025-07 | EO14: 2025-07 | EP14: 2025-07 | EQ14: 2025-07 | ER14: 2025-07 | ES14: 2025-07 | ET14: 2025-07 | EU14: 2025-07 | EV14: 2025-07 | EW14: 2025-07 | EX14: 2025-07 | EY14: 2025-07 | EZ14: 2025-07 | FA14: 2025-07 | FB14: 2025-07 | FC14: 2025-07 | FD14: 2025-07 | FE14: 2025-07 | FF14: 2025-07 | FG14: 2025-07 | FH14: 2025-07 | FI14: 2025-07 | FJ14: 2025-07 | FK14: 2025-07 | FL14: 2025-07 | FM14: 2025-07 | FN14: 2025-07 | FO14: 2025-07 | FP14: 2025-07 | FQ14: 2025-07 | FR14: 2025-07 | FS14: 2025-07 | FT14: 2025-07 | FU14: 2025-07 | FV14: 2025-07 | FW14: 2025-07 | FX14: 2025-07 | FY14: 2025-07 | FZ14: 2025-07 | GA14: 2025-07 | GB14: 2025-07 | GC14: 2025-07 | GD14: 2025-07 | GE14: 2025-07 | GF14: 2025-07 | GG14: 2025-07 | GH14: 2025-07 | GI14: 2025-07 | GJ14: 2025-07 | GK14: 2025-07 | GL14: 2025-07 | GM14: 2025-07 | GN14: 2025-07 | GO14: 2025-07 | GP14: 2025-07 | GQ14: 2025-07 | GR14: 2025-07 | GS14: 2025-07 | GT14: 2025-07 | GU14: 2025-07 | GV14: 2025-07 | GW14: 2025-07 | GX14: 2025-07 | GY14: 2025-07 | GZ14: 2025-07 | HA14: 2025-07 | HB14: 2025-07 | HC14: 2025-07 | HD14: 2025-07 | HE14: 2025-07 | HF14: 2025-07 | HG14: 2025-07 | HH14: 2025-07 | HI14: 2025-07 | HJ14: 2025-07 | HK14: 2025-07 | HL14: 2025-07 | HM14: 2025-07 | HN14: 2025-07 | HO14: 2025-07 | HP14: 2025-07 | HQ14: 2025-07 | HR14: 2025-07 | HS14: 2025-07 | HT14: 2025-07 | HU14: 2025-07 | HV14: 2025-07 | HW14: 2025-07 | HX14: 2025-07 | HY14: 2025-07 | HZ14: 2025-07 | IA14: 2025-07 | IB14: 2025-07 | IC14: 2025-07 | ID14: 2025-07 | IE14: 2025-07 | IF14: 2025-07 | IG14: 2025-07 | IH14: 2025-07 | II14: 2025-07 | IJ14: 2025-07 | IK14: 2025-07 | IL14: 2025-07 | IM14: 2025-07 | IN14: 2025-07 | IO14: 2025-07 | IP14: 2025-07 | IQ14: 2025-07 | IR14: 2025-07 | IS14: 2025-07 | IT14: 2025-07 | IU14: 2025-07 | IV14: 2025-07 | IW14: 2025-07 | IX14: 2025-07 | IY14: 2025-07 | IZ14: 2025-07 | JA14: 2025-07 | JB14: 2025-07 | JC14: 2025-07 | JD14: 2025-07 | JE14: 2025-07 | JF14: 2025-07 | JG14: 2025-07 | JH14: 2025-07 | JI14: 2025-07 | JJ14: 2025-07 | JK14: 2025-07 | JL14: 2025-07 | JM14: 2025-07 | JN14: 2025-07 | JO14: 2025-07 | JP14: 2025-07 | JQ14: 2025-07 | JR14: 2025-07 | JS14: 2025-07 | JT14: 2025-07 | JU14: 2025-07 | JV14: 2025-07 | JW14: 2025-07 | JX14: 2025-07 | JY14: 2025-07 | JZ14: 2025-07 | KA14: 2025-07 | KB14: 2025-07 | KC14: 2025-07 | KD14: 2025-07 | KE14: 2025-07 | KF14: 2025-07 | KG14: 2025-07 | KH14: 2025-07 | KI14: 2025-07 | KJ14: 2025-07 | KK14: 2025-07 | KL14: 2025-07 | KM14: 2025-07 | KN14: 2025-07 | KO14: 2025-07 | KP14: 2025-07 | KQ14: 2025-07 | KR14: 2025-07 | KS14: 2025-07 | KT14: 2025-07 | KU14: 2025-07 | KV14: 2025-07 | KW14: 2025-07 | KX14: 2025-07 | KY14: 2025-07 | KZ14: 2025-07 | LA14: 2025-07 | LB14: 2025-07 | LC14: 2025-07 | LD14: 2025-07 | LE14: 2025-07 | LF14: 2025-07 | LG14: 2025-07 | LH14: 2025-07 | LI14: 2025-07 | LJ14: 2025-07 | LK14: 2025-07 | LL14: 2025-07 | LM14: 2025-07 | LN14: 2025-07 | LO14: 2025-07 | LP14: 2025-07 | LQ14: 2025-07 | LR14: 2025-07 | LS14: 2025-07 | LT14: 2025-07 | LU14: 2025-07 | LV14: 2025-07 | LW14: 2025-07 | LX14: 2025-07 | LY14: 2025-07 | LZ14: 2025-07 | MA14: 2025-07 | MB14: 2025-07 | MC14: 2025-07 | MD14: 2025-07 | ME14: 2025-07 | MF14: 2025-07 | MG14: 2025-07 | MH14: 2025-07 | MI14: 2025-07 | MJ14: 2025-07 | MK14: 2025-07 | ML14: 2025-07 | MM14: 2025-07 | MN14: 2025-07 | MO14: 2025-07 | MP14: 2025-07 | MQ14: 2025-07 | MR14: 2025-07
B15: OTHER | C15: 418 | D15: 0.0011 | E15: OTHER | N15: Program | O15: RL6982_HD_TA01 | P15: RL6982_HD_TA01 | Q15: RL6982_HD_TA01 | R15: RL6982_HD_TA01 | S15: RL6982_HD_TA01 | T15: RL6982_HD_TA01 | U15: RL6982_HD_TA01 | V15: RL6982_HD_TA01 | W15: RL6982_HD_TA01 | X15: RL6982_HD_TA01 | Y15: RL6982_HD_TA01 | Z15: RL6982_HD_TA01 | AA15: RL6982_HD_TA01 | AB15: RL6982_HD_TA01 | AC15: RL6982_HD_TA01 | AD15: RL6982_HD_TA01 | AE15: RL6982_HD_TA01 | AF15: RL6982_HD_TA01 | AG15: RL6982_HD_TA01 | AH15: RL6982_HD_TA01 | AI15: RL6982_HD_TA01 | AJ15: RL6982_HD_TA01 | AK15: RL6982_HD_TA01 | AL15: RL6982_HD_TA01 | AM15: RL6982_HD_TA01 | AN15: RL6982_HD_TA01 | AO15: RL6982_HD_TA01 | AP15: RL6982_HD_TA01 | AQ15: RL6982_HD_TA01 | AR15: RL6982_HD_TA01 | AS15: RL6982_HD_TA01 | AT15: RL6982_HD_TA01 | AU15: RL6982_HD_TA01 | AV15: RL6982_HD_TA01 | AW15: RL6982_HD_TA01 | AX15: RL6982_HD_TA01 | AY15: RL6982_HD_TA01 | AZ15: RL6982_HD_TA01 | BA15: RL6982_HD_TA01 | BB15: RL6982_HD_TA01 | BC15: RL6982_HD_TA01 | BD15: RL6982_HD_TA01 | BE15: RL6982_HD_TA01 | BF15: RL6982_HD_TA01 | BG15: RL6982_HD_TA01 | BH15: RL6982_HD_TA01 | BI15: RL6982_HD_TA01 | BJ15: RL6982_HD_TA01 | BK15: RL6982_HD_TA01 | BL15: RL6982_HD_TA01 | BM15: RL6982_HD_TA01 | BN15: RL6982_HD_TA01 | BO15: RL6982_HD_TA01 | BP15: RL6982_HD_TA01 | BQ15: RL6982_HD_TA01 | BR15: RL6982_HD_TA01 | BS15: RL6982_HD_TA01 | BT15: RL6982_HD_TA01 | BU15: RL6982_HD_TA01 | BV15: RL6982_HD_TA01 | BW15: RL6982_HD_TA01 | BX15: RL6982_HD_TA01 | BY15: RL6982_HD_TA01 | BZ15: RL6982_HD_TA01 | CA15: RL6982_HD_TA01 | CB15: RL6982_HD_TA01 | CC15: RL6982_HD_TA01 | CD15: RL6982_HD_TA01 | CE15: RL6982_HD_TA01 | CF15: RL6982_HD_TA01 | CG15: RL6982_HD_TA01 | CH15: RL6982_HD_TA01 | CI15: RL6982_HD_TA01 | CJ15: RL6982_HD_TA01 | CK15: RL6982_HD_TA01 | CL15: RL6982_HD_TA01 | CM15: RL6982_HD_TA01 | CN15: RL6982_HD_TA01 | CO15: RL6982_HD_TA01 | CP15: RL6982_HD_TA01 | CQ15: RL6982_HD_TA01 | CR15: RL6982_HD_TA01 | CS15: RL6982_HD_TA01 | CT15: RL6982_HD_TA01 | CU15: RL6982_HD_TA01 | CV15: RL6982_HD_TA01 | CW15: RL6982_HD_TA01 | CX15: RL6982_HD_TA01 | CY15: RL6982_HD_TA01 | CZ15: RL6982_HD_TA01 | DA15: RL6982_HD_TA01 | DB15: RL6982_HD_TA01 | DC15: RL6982_HD_TA01 | DD15: RL6982_HD_TA01 | DE15: RL6982_HD_TA01 | DF15: RL6982_HD_TA01 | DG15: RL6982_HD_TA01 | DH15: RL6982_HD_TA01 | DI15: RL6982_HD_TA01 | DJ15: RL6982_HD_TA01 | DK15: RL6982_HD_TA01 | DL15: RL6982_HD_TA01 | DM15: RL6982_HD_TA01 | DN15: RL6982_HD_TA01 | DO15: RL6982_HD_TA01 | DP15: RL6982_HD_TA01 | DQ15: RL6982_HD_TA01 | DR15: RL6982_HD_TA01 | DS15: RL6982_HD_TA01 | DT15: RL6982_HD_TA01 | DU15: RL6982_HD_TA01 | DV15: RL6982_HD_TA01 | DW15: RL6982_HD_TA01 | DX15: RL6982_HD_TA01 | DY15: RL6982_HD_TA01 | DZ15: RL6982_HD_TA01 | EA15: RL6982_HD_TA01 | EB15: RL6982_HD_TA01 | EC15: RL6982_HD_TA01 | ED15: RL6982_HD_TA01 | EE15: RL6982_HD_TA01 | EF15: RL6982_HD_TA01 | EG15: RL6982_HD_TA01 | EH15: RL6982_HD_TA01 | EI15: RL6982_HD_TA01 | EJ15: RL6982_HD_TA01 | EK15: RL6982_HD_TA01 | EL15: RL6982_HD_TA01 | EM15: RL6982_HD_TA01 | EN15: RL6982_HD_TA01 | EO15: RL6982_HD_TA01 | EP15: RL6982_HD_TA01 | EQ15: RL6982_HD_TA01 | ER15: RL6982_HD_TA01 | ES15: RL6982_HD_TA01 | ET15: RL6982_HD_TA01 | EU15: RL6982_HD_TA01 | EV15: RL6982_HD_TA01 | EW15: RL6982_HD_TA01 | EX15: RL6982_HD_TA01 | EY15: RL6982_HD_TA01 | EZ15: RL6982_HD_TA01 | FA15: RL6982_HD_TA01 | FB15: RL6982_HD_TA01 | FC15: RL6982_HD_TA01 | FD15: RL6982_HD_TA01 | FE15: RL6982_HD_TA01 | FF15: RL6982_HD_TA01 | FG15: RL6982_HD_TA01 | FH15: RL6982_HD_TA01 | FI15: RL6982_HD_TA01 | FJ15: RL6982_HD_TA01 | FK15: RL6982_HD_TA01 | FL15: RL6982_HD_TA01 | FM15: RL6982_HD_TA01 | FN15: RL6982_HD_TA01 | FO15: RL6982_HD_TA01 | FP15: RL6982_HD_TA01 | FQ15: RL6982_HD_TA01 | FR15: RL6982_HD_TA01 | FS15: RL6982_HD_TA01 | FT15: RL6982_HD_TA01 | FU15: RL6982_HD_TA01 | FV15: RL6982_HD_TA01 | FW15: RL6982_HD_TA01 | FX15: RL6982_HD_TA01 | FY15: RL6982_HD_TA01 | FZ15: RL6982_HD_TA01 | GA15: RL6982_HD_TA01 | GB15: RL6982_HD_TA01 | GC15: RL6982_HD_TA01 | GD15: RL6982_HD_TA01 | GE15: RL6982_HD_TA01 | GF15: RL6982_HD_TA01 | GG15: RL6982_HD_TA01 | GH15: RL6982_HD_TA01 | GI15: RL6982_HD_TA01 | GJ15: RL6982_HD_TA01 | GK15: RL6982_HD_TA01 | GL15: RL6982_HD_TA01 | GM15: RL6982_HD_TA01 | GN15: RL6982_HD_TA01 | GO15: RL6982_HD_TA01 | GP15: RL6982_HD_TA01 | GQ15: RL6982_HD_TA01 | GR15: RL6982_HD_TA01 | GS15: RL6982_HD_TA01 | GT15: RL6982_HD_TA01 | GU15: RL6982_HD_TA01 | GV15: RL6982_HD_TA01 | GW15: RL6982_HD_TA01 | GX15: RL6982_HD_TA01 | GY15: RL6982_HD_TA01 | GZ15: RL6982_HD_TA01 | HA15: RL6982_HD_TA01 | HB15: RL6982_HD_TA01 | HC15: RL6982_HD_TA01 | HD15: RL6982_HD_TA01 | HE15: RL6982_HD_TA01 | HF15: RL6982_HD_TA01 | HG15: RL6982_HD_TA01 | HH15: RL6982_HD_TA01 | HI15: RL6982_HD_TA01 | HJ15: RL6982_HD_TA01 | HK15: RL6982_HD_TA01 | HL15: RL6982_HD_TA01 | HM15: RL6982_HD_TA01 | HN15: RL6982_HD_TA01 | HO15: RL6982_HD_TA01 | HP15: RL6982_HD_TA01 | HQ15: RL6982_HD_TA01 | HR15: RL6982_HD_TA01 | HS15: RL6982_HD_TA01 | HT15: RL6982_HD_TA01 | HU15: RL6982_HD_TA01 | HV15: RL6982_HD_TA01 | HW15: RL6982_HD_TA01 | HX15: RL6982_HD_TA01 | HY15: RL6982_HD_TA01 | HZ15: RL6982_HD_TA01 | IA15: RL6982_HD_TA01 | IB15: RL6982_HD_TA01 | IC15: RL6982_HD_TA01 | ID15: RL6982_HD_TA01 | IE15: RL6982_HD_TA01 | IF15: RL6982_HD_TA01 | IG15: RL6982_HD_TA01 | IH15: RL6982_HD_TA01 | II15: RL6982_HD_TA01 | IJ15: RL6982_HD_TA01 | IK15: RL6982_HD_TA01 | IL15: RL6982_HD_TA01 | IM15: RL6982_HD_TA01 | IN15: RL6982_HD_TA01 | IO15: RL6982_HD_TA01 | IP15: RL6982_HD_TA01 | IQ15: RL6982_HD_TA01 | IR15: RL6982_HD_TA01 | IS15: RL6982_HD_TA01 | IT15: RL6982_HD_TA01 | IU15: RL6982_HD_TA01 | IV15: RL6982_HD_TA01 | IW15: RL6982_HD_TA01 | IX15: RL6982_HD_TA01 | IY15: RL6982_HD_TA01 | IZ15: RL6982_HD_TA01 | JA15: RL6982_HD_TA01 | JB15: RL6982_HD_TA01 | JC15: RL6982_HD_TA01 | JD15: RL6982_HD_TA01 | JE15: RL6982_HD_TA01 | JF15: RL6982_HD_TA01 | JG15: RL6982_HD_TA01 | JH15: RL6982_HD_TA01 | JI15: RL6982_HD_TA01 | JJ15: RL6982_HD_TA01 | JK15: RL6982_HD_TA01 | JL15: RL6982_HD_TA01 | JM15: RL6982_HD_TA01 | JN15: RL6982_HD_TA01 | JO15: RL6982_HD_TA01 | JP15: RL6982_HD_TA01 | JQ15: RL6982_HD_TA01 | JR15: RL6982_HD_TA01 | JS15: RL6982_HD_TA01 | JT15: RL6982_HD_TA01 | JU15: RL6982_HD_TA01 | JV15: RL6982_HD_TA01 | JW15: RL6982_HD_TA01 | JX15: RL6982_HD_TA01 | JY15: RL6982_HD_TA01 | JZ15: RL6982_HD_TA01 | KA15: RL6982_HD_TA01 | KB15: RL6982_HD_TA01 | KC15: RL6982_HD_TA01 | KD15: RL6982_HD_TA01 | KE15: RL6982_HD_TA01 | KF15: RL6982_HD_TA01 | KG15: RL6982_HD_TA01 | KH15: RL6982_HD_TA01 | KI15: RL6982_HD_TA01 | KJ15: RL6982_HD_TA01 | KK15: RL6982_HD_TA01 | KL15: RL6982_HD_TA01 | KM15: RL6982_HD_TA01 | KN15: RL6982_HD_TA01 | KO15: RL6982_HD_TA01 | KP15: RL6982_HD_TA01 | KQ15: RL6982_HD_TA01 | KR15: RL6982_HD_TA01 | KS15: RL6982_HD_TA01 | KT15: RL6982_HD_TA01 | KU15: RL6982_HD_TA01 | KV15: RL6982_HD_TA01 | KW15: RL6982_HD_TA01 | KX15: RL6982_HD_TA01 | KY15: RL6982_HD_TA01 | KZ15: RL6982_HD_TA01 | LA15: RL6982_HD_TA01 | LB15: RL6982_HD_TA01 | LC15: RL6982_HD_TA01 | LD15: RL6982_HD_TA01 | LE15: RL6982_HD_TA01 | LF15: RL6982_HD_TA01 | LG15: RL6982_HD_TA01 | LH15: RL6982_HD_TA01 | LI15: RL6982_HD_TA01 | LJ15: RL6982_HD_TA01 | LK15: RL6982_HD_TA01 | LL15: RL6982_HD_TA01 | LM15: RL6982_HD_TA01 | LN15: RL6982_HD_TA01 | LO15: RL6982_HD_TA01 | LP15: RL6982_HD_TA01 | LQ15: RL6982_HD_TA01 | LR15: RL6982_HD_TA01 | LS15: RL6982_HD_TA01 | LT15: RL6982_HD_TA01 | LU15: RL6982_HD_TA01 | LV15: RL6982_HD_TA01 | LW15: RL6982_HD_TA01 | LX15: RL6982_HD_TA01 | LY15: RL6982_HD_TA01 | LZ15: RL6982_HD_TA01 | MA15: RL6982_HD_TA01 | MB15: RL6982_HD_TA01 | MC15: RL6982_HD_TA01 | MD15: RL6982_HD_TA01 | ME15: RL6982_HD_TA01 | MF15: RL6982_HD_TA01 | MG15: RL6982_HD_TA01 | MH15: RL6982_HD_TA01 | MI15: RL6982_HD_TA01 | MJ15: RL6982_HD_TA01 | MK15: RL6982_HD_TA01 | ML15: RL6982_HD_TA01 | MM15: RL6982_HD_TA01 | MN15: RL6982_HD_TA01 | MO15: RL6982_HD_TA01 | MP15: RL6982_HD_TA01 | MQ15: RL6982_HD_TA01 | MR15: RL6982_HD_TA01
B16: OS | C16: 1289 | D16: 0.0035 | E16: OS | N16: Version(ECN) | O16: RL6982_HD_TA01_V03 | P16: RL6982_HD_TA01_V03 | Q16: RL6982_HD_TA01_V03 | R16: RL6982_HD_TA01_V03 | S16: RL6982_HD_TA01_V03 | T16: RL6982_HD_TA01_V03 | U16: RL6982_HD_TA01_V03 | V16: RL6982_HD_TA01_V03 | W16: RL6982_HD_TA01_V03 | X16: RL6982_HD_TA01_V03 | Y16: RL6982_HD_TA01_V03 | Z16: RL6982_HD_TA01_V03 | AA16: RL6982_HD_TA01_V03 | AB16: RL6982_HD_TA01_V03 | AC16: RL6982_HD_TA01_V03 | AD16: RL6982_HD_TA01_V03 | AE16: RL6982_HD_TA01_V03 | AF16: RL6982_HD_TA01_V03 | AG16: RL6982_HD_TA01_V03 | AH16: RL6982_HD_TA01_V03 | AI16: RL6982_HD_TA01_V03 | AJ16: RL6982_HD_TA01_V03 | AK16: RL6982_HD_TA01_V03 | AL16: RL6982_HD_TA01_V03 | AM16: RL6982_HD_TA01_V03 | AN16: RL6982_HD_TA01_V03 | AO16: RL6982_HD_TA01_V03 | AP16: RL6982_HD_TA01_V03 | AQ16: RL6982_HD_TA01_V03 | AR16: RL6982_HD_TA01_V03 | AS16: RL6982_HD_TA01_V03 | AT16: RL6982_HD_TA01_V03 | AU16: RL6982_HD_TA01_V03 | AV16: RL6982_HD_TA01_V03 | AW16: RL6982_HD_TA01_V03 | AX16: RL6982_HD_TA01_V03 | AY16: RL6982_HD_TA01_V03 | AZ16: RL6982_HD_TA01_V03 | BA16: RL6982_HD_TA01_V03 | BB16: RL6982_HD_TA01_V03 | BC16: RL6982_HD_TA01_V03 | BD16: RL6982_HD_TA01_V03 | BE16: RL6982_HD_TA01_V03 | BF16: RL6982_HD_TA01_V03 | BG16: RL6982_HD_TA01_V03 | BH16: RL6982_HD_TA01_V03 | BI16: RL6982_HD_TA01_V03 | BJ16: RL6982_HD_TA01_V03 | BK16: RL6982_HD_TA01_V03 | BL16: RL6982_HD_TA01_V03 | BM16: RL6982_HD_TA01_V03 | BN16: RL6982_HD_TA01_V03 | BO16: RL6982_HD_TA01_V03 | BP16: RL6982_HD_TA01_V03 | BQ16: RL6982_HD_TA01_V03 | BR16: RL6982_HD_TA01_V03 | BS16: RL6982_HD_TA01_V03 | BT16: RL6982_HD_TA01_V03 | BU16: RL6982_HD_TA01_V03 | BV16: RL6982_HD_TA01_V03 | BW16: RL6982_HD_TA01_V03 | BX16: RL6982_HD_TA01_V03 | BY16: RL6982_HD_TA01_V03 | BZ16: RL6982_HD_TA01_V03 | CA16: RL6982_HD_TA01_V03 | CB16: RL6982_HD_TA01_V03 | CC16: RL6982_HD_TA01_V03 | CD16: RL6982_HD_TA01_V03 | CE16: RL6982_HD_TA01_V03 | CF16: RL6982_HD_TA01_V03 | CG16: RL6982_HD_TA01_V03 | CH16: RL6982_HD_TA01_V03 | CI16: RL6982_HD_TA01_V03 | CJ16: RL6982_HD_TA01_V03 | CK16: RL6982_HD_TA01_V03 | CL16: RL6982_HD_TA01_V03 | CM16: RL6982_HD_TA01_V03 | CN16: RL6982_HD_TA01_V03 | CO16: RL6982_HD_TA01_V03 | CP16: RL6982_HD_TA01_V03 | CQ16: RL6982_HD_TA01_V03 | CR16: RL6982_HD_TA01_V03 | CS16: RL6982_HD_TA01_V03 | CT16: RL6982_HD_TA01_V03 | CU16: RL6982_HD_TA01_V03 | CV16: RL6982_HD_TA01_V03 | CW16: RL6982_HD_TA01_V03 | CX16: RL6982_HD_TA01_V03 | CY16: RL6982_HD_TA01_V03 | CZ16: RL6982_HD_TA01_V03 | DA16: RL6982_HD_TA01_V03 | DB16: RL6982_HD_TA01_V03 | DC16: RL6982_HD_TA01_V03 | DD16: RL6982_HD_TA01_V03 | DE16: RL6982_HD_TA01_V03 | DF16: RL6982_HD_TA01_V03 | DG16: RL6982_HD_TA01_V03 | DH16: RL6982_HD_TA01_V03 | DI16: RL6982_HD_TA01_V03 | DJ16: RL6982_HD_TA01_V03 | DK16: RL6982_HD_TA01_V03 | DL16: RL6982_HD_TA01_V03 | DM16: RL6982_HD_TA01_V03 | DN16: RL6982_HD_TA01_V03 | DO16: RL6982_HD_TA01_V03 | DP16: RL6982_HD_TA01_V03 | DQ16: RL6982_HD_TA01_V03 | DR16: RL6982_HD_TA01_V03 | DS16: RL6982_HD_TA01_V03 | DT16: RL6982_HD_TA01_V03 | DU16: RL6982_HD_TA01_V03 | DV16: RL6982_HD_TA01_V03 | DW16: RL6982_HD_TA01_V03 | DX16: RL6982_HD_TA01_V03 | DY16: RL6982_HD_TA01_V03 | DZ16: RL6982_HD_TA01_V03 | EA16: RL6982_HD_TA01_V03 | EB16: RL6982_HD_TA01_V03 | EC16: RL6982_HD_TA01_V03 | ED16: RL6982_HD_TA01_V03 | EE16: RL6982_HD_TA01_V03 | EF16: RL6982_HD_TA01_V03 | EG16: RL6982_HD_TA01_V03 | EH16: RL6982_HD_TA01_V03 | EI16: RL6982_HD_TA01_V03 | EJ16: RL6982_HD_TA01_V03 | EK16: RL6982_HD_TA01_V03 | EL16: RL6982_HD_TA01_V03 | EM16: RL6982_HD_TA01_V03 | EN16: RL6982_HD_TA01_V03 | EO16: RL6982_HD_TA01_V03 | EP16: RL6982_HD_TA01_V03 | EQ16: RL6982_HD_TA01_V03 | ER16: RL6982_HD_TA01_V03 | ES16: RL6982_HD_TA01_V03 | ET16: RL6982_HD_TA01_V03 | EU16: RL6982_HD_TA01_V03 | EV16: RL6982_HD_TA01_V03 | EW16: RL6982_HD_TA01_V03 | EX16: RL6982_HD_TA01_V03 | EY16: RL6982_HD_TA01_V03 | EZ16: RL6982_HD_TA01_V03 | FA16: RL6982_HD_TA01_V03 | FB16: RL6982_HD_TA01_V03 | FC16: RL6982_HD_TA01_V03 | FD16: RL6982_HD_TA01_V03 | FE16: RL6982_HD_TA01_V03 | FF16: RL6982_HD_TA01_V03 | FG16: RL6982_HD_TA01_V03 | FH16: RL6982_HD_TA01_V03 | FI16: RL6982_HD_TA01_V03 | FJ16: RL6982_HD_TA01_V03 | FK16: RL6982_HD_TA01_V03 | FL16: RL6982_HD_TA01_V03 | FM16: RL6982_HD_TA01_V03 | FN16: RL6982_HD_TA01_V03 | FO16: RL6982_HD_TA01_V03 | FP16: RL6982_HD_TA01_V03 | FQ16: RL6982_HD_TA01_V03 | FR16: RL6982_HD_TA01_V03 | FS16: RL6982_HD_TA01_V03 | FT16: RL6982_HD_TA01_V03 | FU16: RL6982_HD_TA01_V03 | FV16: RL6982_HD_TA01_V03 | FW16: RL6982_HD_TA01_V03 | FX16: RL6982_HD_TA01_V03 | FY16: RL6982_HD_TA01_V03 | FZ16: RL6982_HD_TA01_V03 | GA16: RL6982_HD_TA01_V03 | GB16: RL6982_HD_TA01_V03 | GC16: RL6982_HD_TA01_V03 | GD16: RL6982_HD_TA01_V03 | GE16: RL6982_HD_TA01_V03 | GF16: RL6982_HD_TA01_V03 | GG16: RL6982_HD_TA01_V03 | GH16: RL6982_HD_TA01_V03 | GI16: RL6982_HD_TA01_V03 | GJ16: RL6982_HD_TA01_V03 | GK16: RL6982_HD_TA01_V03 | GL16: RL6982_HD_TA01_V03 | GM16: RL6982_HD_TA01_V03 | GN16: RL6982_HD_TA01_V03 | GO16: RL6982_HD_TA01_V03 | GP16: RL6982_HD_TA01_V03 | GQ16: RL6982_HD_TA01_V03 | GR16: RL6982_HD_TA01_V03 | GS16: RL6982_HD_TA01_V03 | GT16: RL6982_HD_TA01_V03 | GU16: RL6982_HD_TA01_V03 | GV16: RL6982_HD_TA01_V03 | GW16: RL6982_HD_TA01_V03 | GX16: RL6982_HD_TA01_V03 | GY16: RL6982_HD_TA01_V03 | GZ16: RL6982_HD_TA01_V03 | HA16: RL6982_HD_TA01_V03 | HB16: RL6982_HD_TA01_V03 | HC16: RL6982_HD_TA01_V03 | HD16: RL6982_HD_TA01_V03 | HE16: RL6982_HD_TA01_V03 | HF16: RL6982_HD_TA01_V03 | HG16: RL6982_HD_TA01_V03 | HH16: RL6982_HD_TA01_V03 | HI16: RL6982_HD_TA01_V03 | HJ16: RL6982_HD_TA01_V03 | HK16: RL6982_HD_TA01_V03 | HL16: RL6982_HD_TA01_V03 | HM16: RL6982_HD_TA01_V03 | HN16: RL6982_HD_TA01_V03 | HO16: RL6982_HD_TA01_V03 | HP16: RL6982_HD_TA01_V03 | HQ16: RL6982_HD_TA01_V03 | HR16: RL6982_HD_TA01_V03 | HS16: RL6982_HD_TA01_V03 | HT16: RL6982_HD_TA01_V03 | HU16: RL6982_HD_TA01_V03 | HV16: RL6982_HD_TA01_V03 | HW16: RL6982_HD_TA01_V03 | HX16: RL6982_HD_TA01_V03 | HY16: RL6982_HD_TA01_V03 | HZ16: RL6982_HD_TA01_V03 | IA16: RL6982_HD_TA01_V03 | IB16: RL6982_HD_TA01_V03 | IC16: RL6982_HD_TA01_V03 | ID16: RL6982_HD_TA01_V03 | IE16: RL6982_HD_TA01_V03 | IF16: RL6982_HD_TA01_V03 | IG16: RL6982_HD_TA01_V03 | IH16: RL6982_HD_TA01_V03 | II16: RL6982_HD_TA01_V03 | IJ16: RL6982_HD_TA01_V03 | IK16: RL6982_HD_TA01_V03 | IL16: RL6982_HD_TA01_V03 | IM16: RL6982_HD_TA01_V03 | IN16: RL6982_HD_TA01_V03 | IO16: RL6982_HD_TA01_V03 | IP16: RL6982_HD_TA01_V03 | IQ16: RL6982_HD_TA01_V03 | IR16: RL6982_HD_TA01_V03 | IS16: RL6982_HD_TA01_V03 | IT16: RL6982_HD_TA01_V03 | IU16: RL6982_HD_TA01_V03 | IV16: RL6982_HD_TA01_V03 | IW16: RL6982_HD_TA01_V03 | IX16: RL6982_HD_TA01_V03 | IY16: RL6982_HD_TA01_V03 | IZ16: RL6982_HD_TA01_V03 | JA16: RL6982_HD_TA01_V03 | JB16: RL6982_HD_TA01_V03 | JC16: RL6982_HD_TA01_V03 | JD16: RL6982_HD_TA01_V03 | JE16: RL6982_HD_TA01_V03 | JF16: RL6982_HD_TA01_V03 | JG16: RL6982_HD_TA01_V03 | JH16: RL6982_HD_TA01_V03 | JI16: RL6982_HD_TA01_V03 | JJ16: RL6982_HD_TA01_V03 | JK16: RL6982_HD_TA01_V03 | JL16: RL6982_HD_TA01_V03 | JM16: RL6982_HD_TA01_V03 | JN16: RL6982_HD_TA01_V03 | JO16: RL6982_HD_TA01_V03 | JP16: RL6982_HD_TA01_V03 | JQ16: RL6982_HD_TA01_V03 | JR16: RL6982_HD_TA01_V03 | JS16: RL6982_HD_TA01_V03 | JT16: RL6982_HD_TA01_V03 | JU16: RL6982_HD_TA01_V03 | JV16: RL6982_HD_TA01_V03 | JW16: RL6982_HD_TA01_V03 | JX16: RL6982_HD_TA01_V03 | JY16: RL6982_HD_TA01_V03 | JZ16: RL6982_HD_TA01_V03 | KA16: RL6982_HD_TA01_V03 | KB16: RL6982_HD_TA01_V03 | KC16: RL6982_HD_TA01_V03 | KD16: RL6982_HD_TA01_V03 | KE16: RL6982_HD_TA01_V03 | KF16: RL6982_HD_TA01_V03 | KG16: RL6982_HD_TA01_V03 | KH16: RL6982_HD_TA01_V03 | KI16: RL6982_HD_TA01_V03 | KJ16: RL6982_HD_TA01_V03 | KK16: RL6982_HD_TA01_V03 | KL16: RL6982_HD_TA01_V03 | KM16: RL6982_HD_TA01_V03 | KN16: RL6982_HD_TA01_V03 | KO16: RL6982_HD_TA01_V03 | KP16: RL6982_HD_TA01_V03 | KQ16: RL6982_HD_TA01_V03 | KR16: RL6982_HD_TA01_V03 | KS16: RL6982_HD_TA01_V03 | KT16: RL6982_HD_TA01_V03 | KU16: RL6982_HD_TA01_V03 | KV16: RL6982_HD_TA01_V03 | KW16: RL6982_HD_TA01_V03 | KX16: RL6982_HD_TA01_V03 | KY16: RL6982_HD_TA01_V03 | KZ16: RL6982_HD_TA01_V03 | LA16: RL6982_HD_TA01_V03 | LB16: RL6982_HD_TA01_V03 | LC16: RL6982_HD_TA01_V03 | LD16: RL6982_HD_TA01_V03 | LE16: RL6982_HD_TA01_V03 | LF16: RL6982_HD_TA01_V03 | LG16: RL6982_HD_TA01_V03 | LH16: RL6982_HD_TA01_V03 | LI16: RL6982_HD_TA01_V03 | LJ16: RL6982_HD_TA01_V03 | LK16: RL6982_HD_TA01_V03 | LL16: RL6982_HD_TA01_V03 | LM16: RL6982_HD_TA01_V03 | LN16: RL6982_HD_TA01_V03 | LO16: RL6982_HD_TA01_V03 | LP16: RL6982_HD_TA01_V03 | LQ16: RL6982_HD_TA01_V03 | LR16: RL6982_HD_TA01_V03 | LS16: RL6982_HD_TA01_V03 | LT16: RL6982_HD_TA01_V03 | LU16: RL6982_HD_TA01_V03 | LV16: RL6982_HD_TA01_V03 | LW16: RL6982_HD_TA01_V03 | LX16: RL6982_HD_TA01_V03 | LY16: RL6982_HD_TA01_V03 | LZ16: RL6982_HD_TA01_V03 | MA16: RL6982_HD_TA01_V03 | MB16: RL6982_HD_TA01_V03 | MC16: RL6982_HD_TA01_V03 | MD16: RL6982_HD_TA01_V03 | ME16: RL6982_HD_TA01_V03 | MF16: RL6982_HD_TA01_V03 | MG16: RL6982_HD_TA01_V03 | MH16: RL6982_HD_TA01_V03 | MI16: RL6982_HD_TA01_V03 | MJ16: RL6982_HD_TA01_V03 | MK16: RL6982_HD_TA01_V03 | ML16: RL6982_HD_TA01_V03 | MM16: RL6982_HD_TA01_V03 | MN16: RL6982_HD_TA01_V03 | MO16: RL6982_HD_TA01_V03 | MP16: RL6982_HD_TA01_V03 | MQ16: RL6982_HD_TA01_V03 | MR16: RL6982_HD_TA01_V03
B17: HDMI | C17: 8 | D17: 0 | E17: SD | N17: Pass Die | O17: 780 | P17: 808 | Q17: 843 | R17: 903 | S17: 911 | T17: 915 | U17: 920 | V17: 929 | W17: 930 | X17: 930 | Y17: 933 | Z17: 938 | AA17: 938 | AB17: 941 | AC17: 941 | AD17: 942 | AE17: 943 | AF17: 945 | AG17: 946 | AH17: 949 | AI17: 950 | AJ17: 951 | AK17: 952 | AL17: 953 | AM17: 953 | AN17: 953 | AO17: 954 | AP17: 954 | AQ17: 956 | AR17: 956 | AS17: 956 | AT17: 957 | AU17: 957 | AV17: 864 | AW17: 958 | AX17: 958 | AY17: 959 | AZ17: 959 | BA17: 959 | BB17: 959 | BC17: 959 | BD17: 960 | BE17: 960 | BF17: 960 | BG17: 960 | BH17: 961 | BI17: 961 | BJ17: 962 | BK17: 963 | BL17: 963 | BM17: 963 | BN17: 963 | BO17: 963 | BP17: 964 | BQ17: 964 | BR17: 964 | BS17: 964 | BT17: 965 | BU17: 965 | BV17: 965 | BW17: 965 | BX17: 965 | BY17: 966 | BZ17: 966 | CA17: 966 | CB17: 966 | CC17: 966 | CD17: 966 | CE17: 967 | CF17: 967 | CG17: 967 | CH17: 967 | CI17: 968 | CJ17: 968 | CK17: 968 | CL17: 968 | CM17: 968 | CN17: 968 | CO17: 969 | CP17: 969 | CQ17: 970 | CR17: 970 | CS17: 970 | CT17: 970 | CU17: 970 | CV17: 970 | CW17: 970 | CX17: 970 | CY17: 971 | CZ17: 971 | DA17: 971 | DB17: 971 | DC17: 972 | DD17: 972 | DE17: 972 | DF17: 972 | DG17: 972 | DH17: 972 | DI17: 973 | DJ17: 973 | DK17: 973 | DL17: 973 | DM17: 973 | DN17: 973 | DO17: 973 | DP17: 973 | DQ17: 973 | DR17: 974 | DS17: 974 | DT17: 974 | DU17: 975 | DV17: 975 | DW17: 975 | DX17: 975 | DY17: 975 | DZ17: 975 | EA17: 975 | EB17: 975 | EC17: 975 | ED17: 975 | EE17: 975 | EF17: 975 | EG17: 976 | EH17: 976 | EI17: 976 | EJ17: 976 | EK17: 976 | EL17: 977 | EM17: 977 | EN17: 977 | EO17: 977 | EP17: 977 | EQ17: 977 | ER17: 977 | ES17: 977 | ET17: 978 | EU17: 978 | EV17: 978 | EW17: 978 | EX17: 979 | EY17: 979 | EZ17: 979 | FA17: 979 | FB17: 979 | FC17: 979 | FD17: 979 | FE17: 979 | FF17: 979 | FG17: 979 | FH17: 979 | FI17: 979 | FJ17: 980 | FK17: 980 | FL17: 980 | FM17: 980 | FN17: 980 | FO17: 980 | FP17: 980 | FQ17: 980 | FR17: 980 | FS17: 980 | FT17: 980 | FU17: 980 | FV17: 980 | FW17: 981 | FX17: 981 | FY17: 981 | FZ17: 981 | GA17: 981 | GB17: 981 | GC17: 981 | GD17: 981 | GE17: 981 | GF17: 982 | GG17: 982 | GH17: 982 | GI17: 982 | GJ17: 982 | GK17: 982 | GL17: 982 | GM17: 982 | GN17: 982 | GO17: 982 | GP17: 982 | GQ17: 982 | GR17: 982 | GS17: 982 | GT17: 982 | GU17: 983 | GV17: 983 | GW17: 983 | GX17: 983 | GY17: 983 | GZ17: 983 | HA17: 983 | HB17: 983 | HC17: 983 | HD17: 984 | HE17: 984 | HF17: 984 | HG17: 984 | HH17: 984 | HI17: 984 | HJ17: 984 | HK17: 984 | HL17: 984 | HM17: 984 | HN17: 984 | HO17: 984 | HP17: 984 | HQ17: 984 | HR17: 984 | HS17: 985 | HT17: 985 | HU17: 985 | HV17: 985 | HW17: 985 | HX17: 985 | HY17: 985 | HZ17: 985 | IA17: 985 | IB17: 985 | IC17: 986 | ID17: 986 | IE17: 986 | IF17: 986 | IG17: 986 | IH17: 986 | II17: 986 | IJ17: 986 | IK17: 987 | IL17: 987 | IM17: 987 | IN17: 987 | IO17: 987 | IP17: 987 | IQ17: 987 | IR17: 987 | IS17: 988 | IT17: 988 | IU17: 988 | IV17: 988 | IW17: 988 | IX17: 988 | IY17: 988 | IZ17: 988 | JA17: 988 | JB17: 988 | JC17: 990 | JD17: 990 | JE17: 990 | JF17: 990 | JG17: 990 | JH17: 990 | JI17: 991 | JJ17: 991 | JK17: 991 | JL17: 991 | JM17: 991 | JN17: 991 | JO17: 991 | JP17: 991 | JQ17: 992 | JR17: 992 | JS17: 992 | JT17: 992 | JU17: 992 | JV17: 992 | JW17: 993 | JX17: 993 | JY17: 993 | JZ17: 993 | KA17: 993 | KB17: 994 | KC17: 994 | KD17: 994 | KE17: 994 | KF17: 994 | KG17: 995 | KH17: 995 | KI17: 995 | KJ17: 995 | KK17: 995 | KL17: 995 | KM17: 995 | KN17: 996 | KO17: 996 | KP17: 997 | KQ17: 997 | KR17: 997 | KS17: 997 | KT17: 997 | KU17: 997 | KV17: 997 | KW17: 998 | KX17: 998 | KY17: 998 | KZ17: 998 | LA17: 998 | LB17: 998 | LC17: 998 | LD17: 999 | LE17: 999 | LF17: 1000 | LG17: 1000 | LH17: 1001 | LI17: 1001 | LJ17: 1001 | LK17: 1002 | LL17: 1002 | LM17: 1003 | LN17: 1003 | LO17: 1004 | LP17: 1004 | LQ17: 1004 | LR17: 1004 | LS17: 1005 | LT17: 1005 | LU17: 1005 | LV17: 1005 | LW17: 1005 | LX17: 1006 | LY17: 1006 | LZ17: 1006 | MA17: 1007 | MB17: 1007 | MC17: 1007 | MD17: 1008 | ME17: 1008 | MF17: 1009 | MG17: 1009 | MH17: 1009 | MI17: 1010 | MJ17: 1011 | MK17: 1012 | ML17: 1012 | MM17: 1013 | MN17: 1015 | MO17: 1015 | MP17: 1015 | MQ17: 1020 | MR17: 1021
B18: SD_OTHER | C18: 122 | D18: 0.0003 | E18: SD | N18: Total Die | O18: 1088 | P18: 1088 | Q18: 1088 | R18: 1088 | S18: 1088 | T18: 1088 | U18: 1088 | V18: 1088 | W18: 1088 | X18: 1088 | Y18: 1088 | Z18: 1088 | AA18: 1088 | AB18: 1088 | AC18: 1088 | AD18: 1088 | AE18: 1087 | AF18: 1088 | AG18: 1088 | AH18: 1088 | AI18: 1088 | AJ18: 1088 | AK18: 1088 | AL18: 1088 | AM18: 1088 | AN18: 1088 | AO18: 1088 | AP18: 1088 | AQ18: 1088 | AR18: 1088 | AS18: 1088 | AT18: 1088 | AU18: 1088 | AV18: 982 | AW18: 1088 | AX18: 1088 | AY18: 1088 | AZ18: 1088 | BA18: 1088 | BB18: 1088 | BC18: 1088 | BD18: 1088 | BE18: 1088 | BF18: 1088 | BG18: 1088 | BH18: 1088 | BI18: 1088 | BJ18: 1088 | BK18: 1088 | BL18: 1088 | BM18: 1088 | BN18: 1088 | BO18: 1088 | BP18: 1088 | BQ18: 1088 | BR18: 1088 | BS18: 1088 | BT18: 1088 | BU18: 1088 | BV18: 1088 | BW18: 1088 | BX18: 1088 | BY18: 1088 | BZ18: 1088 | CA18: 1088 | CB18: 1088 | CC18: 1088 | CD18: 1088 | CE18: 1088 | CF18: 1088 | CG18: 1088 | CH18: 1088 | CI18: 1088 | CJ18: 1088 | CK18: 1088 | CL18: 1088 | CM18: 1088 | CN18: 1088 | CO18: 1088 | CP18: 1088 | CQ18: 1088 | CR18: 1088 | CS18: 1088 | CT18: 1088 | CU18: 1088 | CV18: 1088 | CW18: 1088 | CX18: 1088 | CY18: 1088 | CZ18: 1088 | DA18: 1088 | DB18: 1088 | DC18: 1088 | DD18: 1088 | DE18: 1088 | DF18: 1088 | DG18: 1088 | DH18: 1088 | DI18: 1088 | DJ18: 1088 | DK18: 1088 | DL18: 1088 | DM18: 1088 | DN18: 1088 | DO18: 1088 | DP18: 1088 | DQ18: 1088 | DR18: 1088 | DS18: 1088 | DT18: 1088 | DU18: 1088 | DV18: 1088 | DW18: 1088 | DX18: 1088 | DY18: 1088 | DZ18: 1088 | EA18: 1088 | EB18: 1088 | EC18: 1088 | ED18: 1088 | EE18: 1088 | EF18: 1088 | EG18: 1088 | EH18: 1088 | EI18: 1088 | EJ18: 1088 | EK18: 1088 | EL18: 1088 | EM18: 1088 | EN18: 1088 | EO18: 1088 | EP18: 1088 | EQ18: 1088 | ER18: 1088 | ES18: 1088 | ET18: 1088 | EU18: 1088 | EV18: 1088 | EW18: 1088 | EX18: 1088 | EY18: 1088 | EZ18: 1088 | FA18: 1088 | FB18: 1088 | FC18: 1088 | FD18: 1088 | FE18: 1088 | FF18: 1088 | FG18: 1088 | FH18: 1088 | FI18: 1088 | FJ18: 1088 | FK18: 1088 | FL18: 1088 | FM18: 1088 | FN18: 1088 | FO18: 1088 | FP18: 1088 | FQ18: 1088 | FR18: 1088 | FS18: 1088 | FT18: 1088 | FU18: 1088 | FV18: 1088 | FW18: 1088 | FX18: 1088 | FY18: 1088 | FZ18: 1088 | GA18: 1088 | GB18: 1088 | GC18: 1088 | GD18: 1088 | GE18: 1088 | GF18: 1088 | GG18: 1088 | GH18: 1088 | GI18: 1088 | GJ18: 1088 | GK18: 1088 | GL18: 1088 | GM18: 1088 | GN18: 1088 | GO18: 1088 | GP18: 1088 | GQ18: 1088 | GR18: 1088 | GS18: 1088 | GT18: 1088 | GU18: 1088 | GV18: 1088 | GW18: 1088 | GX18: 1088 | GY18: 1088 | GZ18: 1088 | HA18: 1088 | HB18: 1088 | HC18: 1088 | HD18: 1088 | HE18: 1088 | HF18: 1088 | HG18: 1088 | HH18: 1088 | HI18: 1088 | HJ18: 1088 | HK18: 1088 | HL18: 1088 | HM18: 1088 | HN18: 1088 | HO18: 1088 | HP18: 1088 | HQ18: 1088 | HR18: 1088 | HS18: 1088 | HT18: 1088 | HU18: 1088 | HV18: 1088 | HW18: 1088 | HX18: 1088 | HY18: 1088 | HZ18: 1088 | IA18: 1088 | IB18: 1088 | IC18: 1088 | ID18: 1088 | IE18: 1088 | IF18: 1088 | IG18: 1088 | IH18: 1088 | II18: 1088 | IJ18: 1088 | IK18: 1088 | IL18: 1088 | IM18: 1088 | IN18: 1088 | IO18: 1088 | IP18: 1088 | IQ18: 1088 | IR18: 1088 | IS18: 1088 | IT18: 1088 | IU18: 1088 | IV18: 1088 | IW18: 1088 | IX18: 1088 | IY18: 1088 | IZ18: 1088 | JA18: 1088 | JB18: 1088 | JC18: 1088 | JD18: 1088 | JE18: 1088 | JF18: 1088 | JG18: 1088 | JH18: 1088 | JI18: 1088 | JJ18: 1088 | JK18: 1088 | JL18: 1088 | JM18: 1088 | JN18: 1088 | JO18: 1088 | JP18: 1088 | JQ18: 1088 | JR18: 1088 | JS18: 1088 | JT18: 1088 | JU18: 1088 | JV18: 1088 | JW18: 1088 | JX18: 1088 | JY18: 1088 | JZ18: 1088 | KA18: 1088 | KB18: 1088 | KC18: 1088 | KD18: 1088 | KE18: 1088 | KF18: 1088 | KG18: 1088 | KH18: 1088 | KI18: 1088 | KJ18: 1088 | KK18: 1088 | KL18: 1088 | KM18: 1088 | KN18: 1088 | KO18: 1088 | KP18: 1088 | KQ18: 1088 | KR18: 1088 | KS18: 1088 | KT18: 1088 | KU18: 1088 | KV18: 1088 | KW18: 1088 | KX18: 1088 | KY18: 1088 | KZ18: 1088 | LA18: 1088 | LB18: 1088 | LC18: 1088 | LD18: 1088 | LE18: 1088 | LF18: 1088 | LG18: 1088 | LH18: 1088 | LI18: 1088 | LJ18: 1088 | LK18: 1088 | LL18: 1088 | LM18: 1088 | LN18: 1088 | LO18: 1088 | LP18: 1088 | LQ18: 1088 | LR18: 1088 | LS18: 1088 | LT18: 1088 | LU18: 1088 | LV18: 1088 | LW18: 1088 | LX18: 1088 | LY18: 1088 | LZ18: 1088 | MA18: 1088 | MB18: 1088 | MC18: 1088 | MD18: 1088 | ME18: 1088 | MF18: 1088 | MG18: 1088 | MH18: 1088 | MI18: 1088 | MJ18: 1088 | MK18: 1088 | ML18: 1088 | MM18: 1088 | MN18: 1088 | MO18: 1088 | MP18: 1088 | MQ18: 1088 | MR18: 1088
B19: PLL | C19: 254 | D19: 0.0007 | E19: SD | I19: PASS BIN | M19: 0.90175015 | N19: 1.8035003 | O19: 0.71691176 | P19: 0.74264706 | Q19: 0.77481618 | R19: 0.82996324 | S19: 0.83731618 | T19: 0.84099265 | U19: 0.84558824 | V19: 0.85386029 | W19: 0.85477941 | X19: 0.85477941 | Y19: 0.85753676 | Z19: 0.86213235 | AA19: 0.86213235 | AB19: 0.86488971 | AC19: 0.86488971 | AD19: 0.86580882 | AE19: 0.8675253 | AF19: 0.86856618 | AG19: 0.86948529 | AH19: 0.87224265 | AI19: 0.87316176 | AJ19: 0.87408088 | AK19: 0.875 | AL19: 0.87591912 | AM19: 0.87591912 | AN19: 0.87591912 | AO19: 0.87683824 | AP19: 0.87683824 | AQ19: 0.87867647 | AR19: 0.87867647 | AS19: 0.87867647 | AT19: 0.87959559 | AU19: 0.87959559 | AV19: 0.87983707 | AW19: 0.88051471 | AX19: 0.88051471 | AY19: 0.88143382 | AZ19: 0.88143382 | BA19: 0.88143382 | BB19: 0.88143382 | BC19: 0.88143382 | BD19: 0.88235294 | BE19: 0.88235294 | BF19: 0.88235294 | BG19: 0.88235294 | BH19: 0.88327206 | BI19: 0.88327206 | BJ19: 0.88419118 | BK19: 0.88511029 | BL19: 0.88511029 | BM19: 0.88511029 | BN19: 0.88511029 | BO19: 0.88511029 | BP19: 0.88602941 | BQ19: 0.88602941 | BR19: 0.88602941 | BS19: 0.88602941 | BT19: 0.88694853 | BU19: 0.88694853 | BV19: 0.88694853 | BW19: 0.88694853 | BX19: 0.88694853 | BY19: 0.88786765 | BZ19: 0.88786765 | CA19: 0.88786765 | CB19: 0.88786765 | CC19: 0.88786765 | CD19: 0.88786765 | CE19: 0.88878676 | CF19: 0.88878676 | CG19: 0.88878676 | CH19: 0.88878676 | CI19: 0.88970588 | CJ19: 0.88970588 | CK19: 0.88970588 | CL19: 0.88970588 | CM19: 0.88970588 | CN19: 0.88970588 | CO19: 0.890625 | CP19: 0.890625 | CQ19: 0.89154412 | CR19: 0.89154412 | CS19: 0.89154412 | CT19: 0.89154412 | CU19: 0.89154412 | CV19: 0.89154412 | CW19: 0.89154412 | CX19: 0.89154412 | CY19: 0.89246324 | CZ19: 0.89246324 | DA19: 0.89246324 | DB19: 0.89246324 | DC19: 0.89338235 | DD19: 0.89338235 | DE19: 0.89338235 | DF19: 0.89338235 | DG19: 0.89338235 | DH19: 0.89338235 | DI19: 0.89430147 | DJ19: 0.89430147 | DK19: 0.89430147 | DL19: 0.89430147 | DM19: 0.89430147 | DN19: 0.89430147 | DO19: 0.89430147 | DP19: 0.89430147 | DQ19: 0.89430147 | DR19: 0.89522059 | DS19: 0.89522059 | DT19: 0.89522059 | DU19: 0.89613971 | DV19: 0.89613971 | DW19: 0.89613971 | DX19: 0.89613971 | DY19: 0.89613971 | DZ19: 0.89613971 | EA19: 0.89613971 | EB19: 0.89613971 | EC19: 0.89613971 | ED19: 0.89613971 | EE19: 0.89613971 | EF19: 0.89613971 | EG19: 0.89705882 | EH19: 0.89705882 | EI19: 0.89705882 | EJ19: 0.89705882 | EK19: 0.89705882 | EL19: 0.89797794 | EM19: 0.89797794 | EN19: 0.89797794 | EO19: 0.89797794 | EP19: 0.89797794 | EQ19: 0.89797794 | ER19: 0.89797794 | ES19: 0.89797794 | ET19: 0.89889706 | EU19: 0.89889706 | EV19: 0.89889706 | EW19: 0.89889706 | EX19: 0.89981618 | EY19: 0.89981618 | EZ19: 0.89981618 | FA19: 0.89981618 | FB19: 0.89981618 | FC19: 0.89981618 | FD19: 0.89981618 | FE19: 0.89981618 | FF19: 0.89981618 | FG19: 0.89981618 | FH19: 0.89981618 | FI19: 0.89981618 | FJ19: 0.90073529 | FK19: 0.90073529 | FL19: 0.90073529 | FM19: 0.90073529 | FN19: 0.90073529 | FO19: 0.90073529 | FP19: 0.90073529 | FQ19: 0.90073529 | FR19: 0.90073529 | FS19: 0.90073529 | FT19: 0.90073529 | FU19: 0.90073529 | FV19: 0.90073529 | FW19: 0.90165441 | FX19: 0.90165441 | FY19: 0.90165441 | FZ19: 0.90165441 | GA19: 0.90165441 | GB19: 0.90165441 | GC19: 0.90165441 | GD19: 0.90165441 | GE19: 0.90165441 | GF19: 0.90257353 | GG19: 0.90257353 | GH19: 0.90257353 | GI19: 0.90257353 | GJ19: 0.90257353 | GK19: 0.90257353 | GL19: 0.90257353 | GM19: 0.90257353 | GN19: 0.90257353 | GO19: 0.90257353 | GP19: 0.90257353 | GQ19: 0.90257353 | GR19: 0.90257353 | GS19: 0.90257353 | GT19: 0.90257353 | GU19: 0.90349265 | GV19: 0.90349265 | GW19: 0.90349265 | GX19: 0.90349265 | GY19: 0.90349265 | GZ19: 0.90349265 | HA19: 0.90349265 | HB19: 0.90349265 | HC19: 0.90349265 | HD19: 0.90441176 | HE19: 0.90441176 | HF19: 0.90441176 | HG19: 0.90441176 | HH19: 0.90441176 | HI19: 0.90441176 | HJ19: 0.90441176 | HK19: 0.90441176 | HL19: 0.90441176 | HM19: 0.90441176 | HN19: 0.90441176 | HO19: 0.90441176 | HP19: 0.90441176 | HQ19: 0.90441176 | HR19: 0.90441176 | HS19: 0.90533088 | HT19: 0.90533088 | HU19: 0.90533088 | HV19: 0.90533088 | HW19: 0.90533088 | HX19: 0.90533088 | HY19: 0.90533088 | HZ19: 0.90533088 | IA19: 0.90533088 | IB19: 0.90533088 | IC19: 0.90625 | ID19: 0.90625 | IE19: 0.90625 | IF19: 0.90625 | IG19: 0.90625 | IH19: 0.90625 | II19: 0.90625 | IJ19: 0.90625 | IK19: 0.90716912 | IL19: 0.90716912 | IM19: 0.90716912 | IN19: 0.90716912 | IO19: 0.90716912 | IP19: 0.90716912 | IQ19: 0.90716912 | IR19: 0.90716912 | IS19: 0.90808824 | IT19: 0.90808824 | IU19: 0.90808824 | IV19: 0.90808824 | IW19: 0.90808824 | IX19: 0.90808824 | IY19: 0.90808824 | IZ19: 0.90808824 | JA19: 0.90808824 | JB19: 0.90808824 | JC19: 0.90992647 | JD19: 0.90992647 | JE19: 0.90992647 | JF19: 0.90992647 | JG19: 0.90992647 | JH19: 0.90992647 | JI19: 0.91084559 | JJ19: 0.91084559 | JK19: 0.91084559 | JL19: 0.91084559 | JM19: 0.91084559 | JN19: 0.91084559 | JO19: 0.91084559 | JP19: 0.91084559 | JQ19: 0.91176471 | JR19: 0.91176471 | JS19: 0.91176471 | JT19: 0.91176471 | JU19: 0.91176471 | JV19: 0.91176471 | JW19: 0.91268382 | JX19: 0.91268382 | JY19: 0.91268382 | JZ19: 0.91268382 | KA19: 0.91268382 | KB19: 0.91360294 | KC19: 0.91360294 | KD19: 0.91360294 | KE19: 0.91360294 | KF19: 0.91360294 | KG19: 0.91452206 | KH19: 0.91452206 | KI19: 0.91452206 | KJ19: 0.91452206 | KK19: 0.91452206 | KL19: 0.91452206 | KM19: 0.91452206 | KN19: 0.91544118 | KO19: 0.91544118 | KP19: 0.91636029 | KQ19: 0.91636029 | KR19: 0.91636029 | KS19: 0.91636029 | KT19: 0.91636029 | KU19: 0.91636029 | KV19: 0.91636029 | KW19: 0.91727941 | KX19: 0.91727941 | KY19: 0.91727941 | KZ19: 0.91727941 | LA19: 0.91727941 | LB19: 0.91727941 | LC19: 0.91727941 | LD19: 0.91819853 | LE19: 0.91819853 | LF19: 0.91911765 | LG19: 0.91911765 | LH19: 0.92003676 | LI19: 0.92003676 | LJ19: 0.92003676 | LK19: 0.92095588 | LL19: 0.92095588 | LM19: 0.921875 | LN19: 0.921875 | LO19: 0.92279412 | LP19: 0.92279412 | LQ19: 0.92279412 | LR19: 0.92279412 | LS19: 0.92371324 | LT19: 0.92371324 | LU19: 0.92371324 | LV19: 0.92371324 | LW19: 0.92371324 | LX19: 0.92463235 | LY19: 0.92463235 | LZ19: 0.92463235 | MA19: 0.92555147 | MB19: 0.92555147 | MC19: 0.92555147 | MD19: 0.92647059 | ME19: 0.92647059 | MF19: 0.92738971 | MG19: 0.92738971 | MH19: 0.92738971 | MI19: 0.92830882 | MJ19: 0.92922794 | MK19: 0.93014706 | ML19: 0.93014706 | MM19: 0.93106618 | MN19: 0.93290441 | MO19: 0.93290441 | MP19: 0.93290441 | MQ19: 0.9375 | MR19: 0.93841912
B20: LDO | C20: 13 | D20: 0 | E20: SD | I20: OTHER | M20: 0.00095148 | N20: 0.00190296 | O20: 0.00091912 | P20: 0.00183824 | Q20: 0 | R20: 0.00275735 | S20: 0 | T20: 0.00091912 | U20: 0.00183824 | V20: 0 | W20: 0.00091912 | X20: 0.00091912 | Y20: 0.00091912 | Z20: 0.00275735 | AA20: 0.00183824 | AB20: 0.00183824 | AC20: 0 | AD20: 0.00367647 | AE20: 0.00275989 | AF20: 0.00459559 | AG20: 0.00183824 | AH20: 0 | AI20: 0.00091912 | AJ20: 0 | AK20: 0.00091912 | AL20: 0.00367647 | AM20: 0 | AN20: 0 | AO20: 0.00459559 | AP20: 0.00091912 | AQ20: 0.00367647 | AR20: 0.00183824 | AS20: 0 | AT20: 0 | AU20: 0.00091912 | AV20: 0 | AW20: 0.00275735 | AX20: 0.00275735 | AY20: 0.00183824 | AZ20: 0.00183824 | BA20: 0 | BB20: 0 | BC20: 0.00183824 | BD20: 0.00091912 | BE20: 0.00091912 | BF20: 0 | BG20: 0.00091912 | BH20: 0.00091912 | BI20: 0.00183824 | BJ20: 0 | BK20: 0.00275735 | BL20: 0 | BM20: 0.00091912 | BN20: 0.00091912 | BO20: 0.00367647 | BP20: 0.00091912 | BQ20: 0.00091912 | BR20: 0.00091912 | BS20: 0 | BT20: 0 | BU20: 0.00275735 | BV20: 0 | BW20: 0.00091912 | BX20: 0.00091912 | BY20: 0.00367647 | BZ20: 0.00183824 | CA20: 0.00183824 | CB20: 0 | CC20: 0.00091912 | CD20: 0 | CE20: 0.00091912 | CF20: 0 | CG20: 0.00183824 | CH20: 0.00367647 | CI20: 0 | CJ20: 0 | CK20: 0.00183824 | CL20: 0.00275735 | CM20: 0 | CN20: 0.00183824 | CO20: 0.00091912 | CP20: 0.00183824 | CQ20: 0.00275735 | CR20: 0 | CS20: 0.00183824 | CT20: 0.00183824 | CU20: 0.00091912 | CV20: 0.00091912 | CW20: 0.00091912 | CX20: 0 | CY20: 0.00091912 | CZ20: 0 | DA20: 0.00183824 | DB20: 0.00091912 | DC20: 0.00091912 | DD20: 0.00091912 | DE20: 0.00091912 | DF20: 0 | DG20: 0 | DH20: 0.00091912 | DI20: 0 | DJ20: 0.00091912 | DK20: 0 | DL20: 0 | DM20: 0.00091912 | DN20: 0.00367647 | DO20: 0.00183824 | DP20: 0.00091912 | DQ20: 0 | DR20: 0.00091912 | DS20: 0.00091912 | DT20: 0.00183824 | DU20: 0.00091912 | DV20: 0.00091912 | DW20: 0.00091912 | DX20: 0.00183824 | DY20: 0 | DZ20: 0.00275735 | EA20: 0.00275735 | EB20: 0.00091912 | EC20: 0 | ED20: 0.00091912 | EE20: 0.00183824 | EF20: 0.00183824 | EG20: 0 | EH20: 0.00091912 | EI20: 0 | EJ20: 0 | EK20: 0.00275735 | EL20: 0.00091912 | EM20: 0.00367647 | EN20: 0 | EO20: 0 | EP20: 0.00091912 | EQ20: 0.00183824 | ER20: 0.00367647 | ES20: 0 | ET20: 0.00091912 | EU20: 0.00275735 | EV20: 0 | EW20: 0.00183824 | EX20: 0.00275735 | EY20: 0.00091912 | EZ20: 0.00183824 | FA20: 0.00091912 | FB20: 0.00183824 | FC20: 0.00091912 | FD20: 0.00091912 | FE20: 0.00183824 | FF20: 0.00091912 | FG20: 0.00091912 | FH20: 0.00183824 | FI20: 0.00091912 | FJ20: 0.00091912 | FK20: 0 | FL20: 0 | FM20: 0.00367647 | FN20: 0.00091912 | FO20: 0.00183824 | FP20: 0.00183824 | FQ20: 0.00091912 | FR20: 0.00091912 | FS20: 0.00091912 | FT20: 0.00183824 | FU20: 0 | FV20: 0 | FW20: 0.00091912 | FX20: 0.00091912 | FY20: 0.00183824 | FZ20: 0 | GA20: 0 | GB20: 0 | GC20: 0.00091912 | GD20: 0 | GE20: 0.00091912 | GF20: 0 | GG20: 0.00367647 | GH20: 0.00183824 | GI20: 0 | GJ20: 0.00275735 | GK20: 0.00183824 | GL20: 0.00091912 | GM20: 0.00091912 | GN20: 0.00091912 | GO20: 0.00091912 | GP20: 0.00091912 | GQ20: 0.00183824 | GR20: 0.00183824 | GS20: 0.00091912 | GT20: 0.00091912 | GU20: 0.00275735 | GV20: 0.00091912 | GW20: 0 | GX20: 0.00183824 | GY20: 0.00091912 | GZ20: 0.00275735 | HA20: 0 | HB20: 0 | HC20: 0.00183824 | HD20: 0.00183824 | HE20: 0.00183824 | HF20: 0.00275735 | HG20: 0.00091912 | HH20: 0 | HI20: 0.00183824 | HJ20: 0 | HK20: 0.00091912 | HL20: 0.00091912 | HM20: 0.00091912 | HN20: 0 | HO20: 0.00183824 | HP20: 0.00275735 | HQ20: 0 | HR20: 0.00183824 | HS20: 0 | HT20: 0 | HU20: 0.00091912 | HV20: 0.00275735 | HW20: 0.00183824 | HX20: 0.00091912 | HY20: 0.00275735 | HZ20: 0.00091912 | IA20: 0.00183824 | IB20: 0.00183824 | IC20: 0.00183824 | ID20: 0.00091912 | IE20: 0 | IF20: 0.00367647 | IG20: 0.00183824 | IH20: 0.00091912 | II20: 0.00459559 | IJ20: 0 | IK20: 0 | IL20: 0 | IM20: 0.00275735 | IN20: 0 | IO20: 0.00183824 | IP20: 0.00367647 | IQ20: 0 | IR20: 0.00091912 | IS20: 0 | IT20: 0.00091912 | IU20: 0 | IV20: 0.00183824 | IW20: 0.00275735 | IX20: 0.00183824 | IY20: 0 | IZ20: 0.00091912 | JA20: 0.00183824 | JB20: 0.00091912 | JC20: 0.00091912 | JD20: 0.00091912 | JE20: 0.00091912 | JF20: 0.00091912 | JG20: 0 | JH20: 0.00183824 | JI20: 0.00183824 | JJ20: 0.00183824 | JK20: 0.00091912 | JL20: 0.00091912 | JM20: 0.00091912 | JN20: 0.00091912 | JO20: 0.00183824 | JP20: 0 | JQ20: 0.00183824 | JR20: 0.00183824 | JS20: 0.00091912 | JT20: 0 | JU20: 0.00275735 | JV20: 0.00091912 | JW20: 0 | JX20: 0.00183824 | JY20: 0 | JZ20: 0.00091912 | KA20: 0 | KB20: 0.00091912 | KC20: 0 | KD20: 0 | KE20: 0.00091912 | KF20: 0.00367647 | KG20: 0.00091912 | KH20: 0 | KI20: 0.00091912 | KJ20: 0.00091912 | KK20: 0.00183824 | KL20: 0.00091912 | KM20: 0 | KN20: 0.00091912 | KO20: 0.00275735 | KP20: 0.00367647 | KQ20: 0 | KR20: 0.00091912 | KS20: 0 | KT20: 0.00091912 | KU20: 0 | KV20: 0 | KW20: 0.00367647 | KX20: 0.00275735 | KY20: 0.00091912 | KZ20: 0 | LA20: 0.00183824 | LB20: 0.00091912 | LC20: 0 | LD20: 0.00091912 | LE20: 0.00091912 | LF20: 0 | LG20: 0 | LH20: 0.00183824 | LI20: 0 | LJ20: 0.00091912 | LK20: 0.00091912 | LL20: 0.00183824 | LM20: 0 | LN20: 0.00091912 | LO20: 0.00091912 | LP20: 0 | LQ20: 0.00091912 | LR20: 0 | LS20: 0 | LT20: 0.00091912 | LU20: 0.00091912 | LV20: 0.00183824 | LW20: 0 | LX20: 0.00091912 | LY20: 0 | LZ20: 0 | MA20: 0.00183824 | MB20: 0.00091912 | MC20: 0 | MD20: 0 | ME20: 0 | MF20: 0.00091912 | MG20: 0.00091912 | MH20: 0 | MI20: 0 | MJ20: 0.00091912 | MK20: 0 | ML20: 0.00091912 | MM20: 0.00183824 | MN20: 0 | MO20: 0.00183824 | MP20: 0.00091912 | MQ20: 0.00091912 | MR20: 0
B21: DDR | C21: 3 | D21: 0 | E21: SD | I21: OS | M21: 0.00316656 | N21: 0.00633312 | O21: 0.06066176 | P21: 0.00183824 | Q21: 0.00091912 | R21: 0.00275735 | S21: 0.08639706 | T21: 0.02481618 | U21: 0.00367647 | V21: 0.00091912 | W21: 0.01011029 | X21: 0.00367647 | Y21: 0.00275735 | Z21: 0.00091912 | AA21: 0.01102941 | AB21: 0.01102941 | AC21: 0.00091912 | AD21: 0.00367647 | AE21: 0.00091996 | AF21: 0.01102941 | AG21: 0.00551471 | AH21: 0.00551471 | AI21: 0.00183824 | AJ21: 0.00367647 | AK21: 0.00183824 | AL21: 0.01654412 | AM21: 0.00091912 | AN21: 0.00183824 | AO21: 0.00551471 | AP21: 0.00275735 | AQ21: 0.00367647 | AR21: 0.00091912 | AS21: 0.00275735 | AT21: 0.00551471 | AU21: 0.00367647 | AV21: 0.02138493 | AW21: 0.00459559 | AX21: 0.00367647 | AY21: 0.00367647 | AZ21: 0.00643382 | BA21: 0.00643382 | BB21: 0.00275735 | BC21: 0.00367647 | BD21: 0.00275735 | BE21: 0.00183824 | BF21: 0.00275735 | BG21: 0.00183824 | BH21: 0.00183824 | BI21: 0.00459559 | BJ21: 0.00275735 | BK21: 0.00183824 | BL21: 0.00275735 | BM21: 0.00643382 | BN21: 0.00367647 | BO21: 0.00183824 | BP21: 0.00643382 | BQ21: 0.00275735 | BR21: 0.00367647 | BS21: 0.00459559 | BT21: 0.00459559 | BU21: 0.00183824 | BV21: 0.00551471 | BW21: 0.00183824 | BX21: 0.00275735 | BY21: 0.00367647 | BZ21: 0.00091912 | CA21: 0.00367647 | CB21: 0.00367647 | CC21: 0.00459559 | CD21: 0.00367647 | CE21: 0.00091912 | CF21: 0.00459559 | CG21: 0.00459559 | CH21: 0.00367647 | CI21: 0.00183824 | CJ21: 0.00275735 | CK21: 0.00091912 | CL21: 0.00459559 | CM21: 0.00367647 | CN21: 0.01470588 | CO21: 0.00275735 | CP21: 0.00367647 | CQ21: 0.00643382 | CR21: 0.00459559 | CS21: 0.00459559 | CT21: 0.00275735 | CU21: 0.00275735 | CV21: 0.00551471 | CW21: 0.00183824 | CX21: 0.00183824 | CY21: 0.00367647 | CZ21: 0.00275735 | DA21: 0.00183824 | DB21: 0.00275735 | DC21: 0.00091912 | DD21: 0.00275735 | DE21: 0.00091912 | DF21: 0.00275735 | DG21: 0.00275735 | DH21: 0.00091912 | DI21: 0.00091912 | DJ21: 0.00367647 | DK21: 0.00183824 | DL21: 0.00183824 | DM21: 0.00183824 | DN21: 0.00091912 | DO21: 0.00183824 | DP21: 0.00183824 | DQ21: 0.00275735 | DR21: 0.00183824 | DS21: 0.00091912 | DT21: 0.00367647 | DU21: 0.00091912 | DV21: 0.00183824 | DW21: 0.00367647 | DX21: 0.00459559 | DY21: 0.00275735 | DZ21: 0.00367647 | EA21: 0.01011029 | EB21: 0.00827206 | EC21: 0.00735294 | ED21: 0.00091912 | EE21: 0.00367647 | EF21: 0.00367647 | EG21: 0.00367647 | EH21: 0.00091912 | EI21: 0.00367647 | EJ21: 0.00091912 | EK21: 0.00643382 | EL21: 0.00459559 | EM21: 0.00183824 | EN21: 0.00367647 | EO21: 0.00183824 | EP21: 0.00183824 | EQ21: 0.00183824 | ER21: 0 | ES21: 0.00275735 | ET21: 0.00183824 | EU21: 0.00183824 | EV21: 0.00183824 | EW21: 0.00183824 | EX21: 0.00367647 | EY21: 0.00183824 | EZ21: 0.00183824 | FA21: 0.00275735 | FB21: 0.00275735 | FC21: 0.00091912 | FD21: 0.00551471 | FE21: 0.00183824 | FF21: 0.00459559 | FG21: 0.00275735 | FH21: 0.00367647 | FI21: 0.00643382 | FJ21: 0.00551471 | FK21: 0.00183824 | FL21: 0.00183824 | FM21: 0.00183824 | FN21: 0.00091912 | FO21: 0.00367647 | FP21: 0.00275735 | FQ21: 0.00183824 | FR21: 0.00459559 | FS21: 0.00183824 | FT21: 0.00367647 | FU21: 0.00459559 | FV21: 0.00367647 | FW21: 0.00091912 | FX21: 0.00275735 | FY21: 0.00367647 | FZ21: 0.00367647 | GA21: 0.00275735 | GB21: 0.00091912 | GC21: 0.00091912 | GD21: 0.00183824 | GE21: 0.00275735 | GF21: 0.00091912 | GG21: 0.00183824 | GH21: 0 | GI21: 0.00091912 | GJ21: 0.00183824 | GK21: 0.00183824 | GL21: 0.00183824 | GM21: 0.00183824 | GN21: 0.00091912 | GO21: 0.00275735 | GP21: 0.00091912 | GQ21: 0.00643382 | GR21: 0.00183824 | GS21: 0.00275735 | GT21: 0.00551471 | GU21: 0.00367647 | GV21: 0.00275735 | GW21: 0.00183824 | GX21: 0.00367647 | GY21: 0.00459559 | GZ21: 0.00275735 | HA21: 0.00459559 | HB21: 0.00459559 | HC21: 0.00091912 | HD21: 0.00091912 | HE21: 0.00275735 | HF21: 0.00091912 | HG21: 0.00275735 | HH21: 0.01194853 | HI21: 0.00367647 | HJ21: 0.00183824 | HK21: 0.00183824 | HL21: 0.00091912 | HM21: 0.00367647 | HN21: 0.00183824 | HO21: 0.00551471 | HP21: 0.00183824 | HQ21: 0.00183824 | HR21: 0.00091912 | HS21: 0.00551471 | HT21: 0.00183824 | HU21: 0.00183824 | HV21: 0.00183824 | HW21: 0.00827206 | HX21: 0.00459559 | HY21: 0.00367647 | HZ21: 0.00183824 | IA21: 0.00367647 | IB21: 0.00643382 | IC21: 0.00183824 | ID21: 0 | IE21: 0.00091912 | IF21: 0.00459559 | IG21: 0.00367647 | IH21: 0.00275735 | II21: 0.00183824 | IJ21: 0.00183824 | IK21: 0.00367647 | IL21: 0.00275735 | IM21: 0.00367647 | IN21: 0.00643382 | IO21: 0.00367647 | IP21: 0.00183824 | IQ21: 0.01470588 | IR21: 0.00091912 | IS21: 0.00459559 | IT21: 0.00091912 | IU21: 0.00275735 | IV21: 0.00367647 | IW21: 0.00275735 | IX21: 0.00183824 | IY21: 0.00183824 | IZ21: 0.00367647 | JA21: 0.00183824 | JB21: 0.00459559 | JC21: 0.00275735 | JD21: 0.00183824 | JE21: 0.00275735 | JF21: 0.00183824 | JG21: 0.00183824 | JH21: 0.00275735 | JI21: 0.00459559 | JJ21: 0.00275735 | JK21: 0.00367647 | JL21: 0.00183824 | JM21: 0.00275735 | JN21: 0.00275735 | JO21: 0.00827206 | JP21: 0.00183824 | JQ21: 0.00091912 | JR21: 0.00275735 | JS21: 0.00091912 | JT21: 0.00275735 | JU21: 0.00183824 | JV21: 0.00459559 | JW21: 0.00091912 | JX21: 0.00275735 | JY21: 0.00643382 | JZ21: 0.00275735 | KA21: 0.00275735 | KB21: 0.00183824 | KC21: 0.00183824 | KD21: 0.00183824 | KE21: 0.00091912 | KF21: 0.00367647 | KG21: 0 | KH21: 0.00275735 | KI21: 0.00183824 | KJ21: 0.00183824 | KK21: 0.00183824 | KL21: 0.00091912 | KM21: 0.00183824 | KN21: 0.00183824 | KO21: 0.00183824 | KP21: 0.00183824 | KQ21: 0.00275735 | KR21: 0.00091912 | KS21: 0.00091912 | KT21: 0.00091912 | KU21: 0.00275735 | KV21: 0.00367647 | KW21: 0.00367647 | KX21: 0.00551471 | KY21: 0.00183824 | KZ21: 0.00183824 | LA21: 0.00183824 | LB21: 0 | LC21: 0.00275735 | LD21: 0.00091912 | LE21: 0.00091912 | LF21: 0.00091912 | LG21: 0.00091912 | LH21: 0.00459559 | LI21: 0.00183824 | LJ21: 0.00091912 | LK21: 0.00275735 | LL21: 0.00183824 | LM21: 0.00091912 | LN21: 0.00183824 | LO21: 0.00183824 | LP21: 0.00183824 | LQ21: 0.00091912 | LR21: 0.00183824 | LS21: 0.00183824 | LT21: 0.00367647 | LU21: 0.00275735 | LV21: 0.00091912 | LW21: 0.00275735 | LX21: 0.00183824 | LY21: 0.00183824 | LZ21: 0.00275735 | MA21: 0.00091912 | MB21: 0.00091912 | MC21: 0.00091912 | MD21: 0.00275735 | ME21: 0.00183824 | MF21: 0.00183824 | MG21: 0.00367647 | MH21: 0.00275735 | MI21: 0.00183824 | MJ21: 0.00091912 | MK21: 0.00183824 | ML21: 0.00275735 | MM21: 0.00091912 | MN21: 0.00367647 | MO21: 0 | MP21: 0.00183824 | MQ21: 0.00091912 | MR21: 0
B22: EARC | C22: 6 | D22: 0 | E22: SD | I22: HDMI | M22: 1.859e-05 | N22: 3.718e-05 | O22: 0 | P22: 0 | Q22: 0 | R22: 0 | S22: 0 | T22: 0 | U22: 0 | V22: 0 | W22: 0 | X22: 0 | Y22: 0 | Z22: 0 | AA22: 0 | AB22: 0 | AC22: 0 | AD22: 0 | AE22: 0 | AF22: 0 | AG22: 0 | AH22: 0 | AI22: 0 | AJ22: 0 | AK22: 0 | AL22: 0 | AM22: 0 | AN22: 0 | AO22: 0 | AP22: 0 | AQ22: 0 | AR22: 0 | AS22: 0 | AT22: 0 | AU22: 0 | AV22: 0 | AW22: 0 | AX22: 0 | AY22: 0 | AZ22: 0 | BA22: 0 | BB22: 0 | BC22: 0 | BD22: 0 | BE22: 0 | BF22: 0 | BG22: 0 | BH22: 0 | BI22: 0 | BJ22: 0 | BK22: 0 | BL22: 0 | BM22: 0 | BN22: 0 | BO22: 0 | BP22: 0 | BQ22: 0.00091912 | BR22: 0 | BS22: 0 | BT22: 0 | BU22: 0 | BV22: 0 | BW22: 0 | BX22: 0 | BY22: 0 | BZ22: 0 | CA22: 0 | CB22: 0 | CC22: 0 | CD22: 0 | CE22: 0 | CF22: 0 | CG22: 0 | CH22: 0 | CI22: 0 | CJ22: 0 | CK22: 0 | CL22: 0 | CM22: 0 | CN22: 0 | CO22: 0 | CP22: 0 | CQ22: 0 | CR22: 0 | CS22: 0 | CT22: 0 | CU22: 0 | CV22: 0 | CW22: 0 | CX22: 0 | CY22: 0 | CZ22: 0 | DA22: 0 | DB22: 0 | DC22: 0 | DD22: 0 | DE22: 0 | DF22: 0 | DG22: 0 | DH22: 0 | DI22: 0 | DJ22: 0 | DK22: 0 | DL22: 0 | DM22: 0 | DN22: 0 | DO22: 0 | DP22: 0 | DQ22: 0 | DR22: 0 | DS22: 0 | DT22: 0 | DU22: 0 | DV22: 0 | DW22: 0 | DX22: 0 | DY22: 0 | DZ22: 0 | EA22: 0 | EB22: 0 | EC22: 0.00091912 | ED22: 0 | EE22: 0 | EF22: 0 | EG22: 0 | EH22: 0 | EI22: 0 | EJ22: 0 | EK22: 0 | EL22: 0 | EM22: 0 | EN22: 0 | EO22: 0 | EP22: 0 | EQ22: 0 | ER22: 0 | ES22: 0 | ET22: 0 | EU22: 0 | EV22: 0 | EW22: 0 | EX22: 0 | EY22: 0 | EZ22: 0 | FA22: 0 | FB22: 0 | FC22: 0 | FD22: 0 | FE22: 0 | FF22: 0 | FG22: 0 | FH22: 0 | FI22: 0 | FJ22: 0 | FK22: 0 | FL22: 0 | FM22: 0 | FN22: 0 | FO22: 0.00091912 | FP22: 0 | FQ22: 0 | FR22: 0 | FS22: 0 | FT22: 0 | FU22: 0.00091912 | FV22: 0 | FW22: 0 | FX22: 0 | FY22: 0 | FZ22: 0 | GA22: 0 | GB22: 0 | GC22: 0 | GD22: 0 | GE22: 0 | GF22: 0 | GG22: 0 | GH22: 0 | GI22: 0 | GJ22: 0 | GK22: 0 | GL22: 0 | GM22: 0 | GN22: 0 | GO22: 0 | GP22: 0 | GQ22: 0 | GR22: 0 | GS22: 0 | GT22: 0 | GU22: 0 | GV22: 0 | GW22: 0 | GX22: 0 | GY22: 0 | GZ22: 0 | HA22: 0 | HB22: 0 | HC22: 0 | HD22: 0 | HE22: 0 | HF22: 0 | HG22: 0 | HH22: 0 | HI22: 0 | HJ22: 0 | HK22: 0 | HL22: 0 | HM22: 0 | HN22: 0 | HO22: 0 | HP22: 0 | HQ22: 0 | HR22: 0 | HS22: 0 | HT22: 0 | HU22: 0 | HV22: 0 | HW22: 0 | HX22: 0.00091912 | HY22: 0 | HZ22: 0 | IA22: 0 | IB22: 0.00091912 | IC22: 0 | ID22: 0 | IE22: 0 | IF22: 0 | IG22: 0 | IH22: 0 | II22: 0 | IJ22: 0 | IK22: 0 | IL22: 0 | IM22: 0 | IN22: 0 | IO22: 0 | IP22: 0 | IQ22: 0 | IR22: 0 | IS22: 0 | IT22: 0.00091912 | IU22: 0 | IV22: 0 | IW22: 0 | IX22: 0 | IY22: 0 | IZ22: 0 | JA22: 0 | JB22: 0 | JC22: 0 | JD22: 0 | JE22: 0 | JF22: 0 | JG22: 0 | JH22: 0 | JI22: 0 | JJ22: 0 | JK22: 0 | JL22: 0 | JM22: 0.00091912 | JN22: 0 | JO22: 0 | JP22: 0 | JQ22: 0 | JR22: 0 | JS22: 0 | JT22: 0 | JU22: 0 | JV22: 0 | JW22: 0 | JX22: 0 | JY22: 0 | JZ22: 0 | KA22: 0 | KB22: 0 | KC22: 0 | KD22: 0 | KE22: 0 | KF22: 0 | KG22: 0 | KH22: 0 | KI22: 0 | KJ22: 0 | KK22: 0 | KL22: 0 | KM22: 0 | KN22: 0 | KO22: 0 | KP22: 0 | KQ22: 0 | KR22: 0 | KS22: 0 | KT22: 0 | KU22: 0 | KV22: 0 | KW22: 0 | KX22: 0 | KY22: 0 | KZ22: 0 | LA22: 0 | LB22: 0 | LC22: 0 | LD22: 0 | LE22: 0 | LF22: 0 | LG22: 0 | LH22: 0 | LI22: 0 | LJ22: 0 | LK22: 0 | LL22: 0 | LM22: 0 | LN22: 0 | LO22: 0 | LP22: 0 | LQ22: 0 | LR22: 0 | LS22: 0 | LT22: 0 | LU22: 0 | LV22: 0 | LW22: 0 | LX22: 0 | LY22: 0 | LZ22: 0 | MA22: 0 | MB22: 0 | MC22: 0 | MD22: 0 | ME22: 0 | MF22: 0 | MG22: 0 | MH22: 0 | MI22: 0 | MJ22: 0 | MK22: 0 | ML22: 0 | MM22: 0 | MN22: 0 | MO22: 0 | MP22: 0 | MQ22: 0 | MR22: 0
B23: GPIO | C23: 83 | D23: 0.0002 | E23: SD | I23: SD_OTHER | M23: 0.00037977 | N23: 0.00075954 | O23: 0 | P23: 0 | Q23: 0 | R23: 0 | S23: 0 | T23: 0.00183824 | U23: 0 | V23: 0 | W23: 0 | X23: 0 | Y23: 0.00091912 | Z23: 0 | AA23: 0 | AB23: 0.00091912 | AC23: 0 | AD23: 0 | AE23: 0 | AF23: 0.00091912 | AG23: 0 | AH23: 0 | AI23: 0 | AJ23: 0 | AK23: 0 | AL23: 0 | AM23: 0 | AN23: 0.00183824 | AO23: 0 | AP23: 0 | AQ23: 0 | AR23: 0 | AS23: 0 | AT23: 0.00091912 | AU23: 0.00183824 | AV23: 0 | AW23: 0 | AX23: 0 | AY23: 0 | AZ23: 0 | BA23: 0 | BB23: 0 | BC23: 0 | BD23: 0.00183824 | BE23: 0.00091912 | BF23: 0 | BG23: 0 | BH23: 0 | BI23: 0 | BJ23: 0 | BK23: 0.00091912 | BL23: 0 | BM23: 0.00091912 | BN23: 0 | BO23: 0 | BP23: 0.00091912 | BQ23: 0.00091912 | BR23: 0.00183824 | BS23: 0.00091912 | BT23: 0.00183824 | BU23: 0.00091912 | BV23: 0 | BW23: 0 | BX23: 0.00091912 | BY23: 0 | BZ23: 0 | CA23: 0 | CB23: 0 | CC23: 0 | CD23: 0.00091912 | CE23: 0 | CF23: 0 | CG23: 0.00091912 | CH23: 0.00091912 | CI23: 0 | CJ23: 0.00091912 | CK23: 0 | CL23: 0 | CM23: 0 | CN23: 0.00091912 | CO23: 0.00091912 | CP23: 0.00091912 | CQ23: 0.00091912 | CR23: 0 | CS23: 0 | CT23: 0.00091912 | CU23: 0 | CV23: 0.00183824 | CW23: 0 | CX23: 0 | CY23: 0.00183824 | CZ23: 0 | DA23: 0.00459559 | DB23: 0 | DC23: 0 | DD23: 0 | DE23: 0.00091912 | DF23: 0.00091912 | DG23: 0.00091912 | DH23: 0 | DI23: 0 | DJ23: 0.00091912 | DK23: 0 | DL23: 0 | DM23: 0 | DN23: 0 | DO23: 0 | DP23: 0 | DQ23: 0 | DR23: 0 | DS23: 0 | DT23: 0 | DU23: 0 | DV23: 0 | DW23: 0.00091912 | DX23: 0 | DY23: 0 | DZ23: 0 | EA23: 0 | EB23: 0 | EC23: 0 | ED23: 0 | EE23: 0 | EF23: 0.00091912 | EG23: 0 | EH23: 0.00091912 | EI23: 0 | EJ23: 0 | EK23: 0 | EL23: 0 | EM23: 0 | EN23: 0 | EO23: 0.00091912 | EP23: 0 | EQ23: 0 | ER23: 0 | ES23: 0 | ET23: 0 | EU23: 0 | EV23: 0.00091912 | EW23: 0 | EX23: 0.00091912 | EY23: 0.00091912 | EZ23: 0 | FA23: 0 | FB23: 0 | FC23: 0 | FD23: 0 | FE23: 0 | FF23: 0 | FG23: 0 | FH23: 0 | FI23: 0 | FJ23: 0.00091912 | FK23: 0 | FL23: 0.00183824 | FM23: 0 | FN23: 0 | FO23: 0.00183824 | FP23: 0 | FQ23: 0.00091912 | FR23: 0.00091912 | FS23: 0.00091912 | FT23: 0 | FU23: 0 | FV23: 0.00183824 | FW23: 0.00275735 | FX23: 0.00091912 | FY23: 0 | FZ23: 0 | GA23: 0 | GB23: 0 | GC23: 0.00091912 | GD23: 0.00091912 | GE23: 0 | GF23: 0 | GG23: 0 | GH23: 0.00091912 | GI23: 0 | GJ23: 0 | GK23: 0.00183824 | GL23: 0.00091912 | GM23: 0.00091912 | GN23: 0 | GO23: 0.00091912 | GP23: 0 | GQ23: 0 | GR23: 0 | GS23: 0 | GT23: 0.00091912 | GU23: 0 | GV23: 0 | GW23: 0.00091912 | GX23: 0 | GY23: 0 | GZ23: 0 | HA23: 0 | HB23: 0 | HC23: 0.00091912 | HD23: 0 | HE23: 0 | HF23: 0.00183824 | HG23: 0 | HH23: 0 | HI23: 0 | HJ23: 0 | HK23: 0.00091912 | HL23: 0 | HM23: 0.00091912 | HN23: 0 | HO23: 0 | HP23: 0 | HQ23: 0 | HR23: 0 | HS23: 0 | HT23: 0 | HU23: 0 | HV23: 0 | HW23: 0 | HX23: 0.00091912 | HY23: 0.00183824 | HZ23: 0.00091912 | IA23: 0 | IB23: 0 | IC23: 0 | ID23: 0 | IE23: 0 | IF23: 0 | IG23: 0 | IH23: 0 | II23: 0 | IJ23: 0 | IK23: 0.00091912 | IL23: 0 | IM23: 0.00091912 | IN23: 0 | IO23: 0 | IP23: 0.00183824 | IQ23: 0 | IR23: 0 | IS23: 0 | IT23: 0 | IU23: 0.00091912 | IV23: 0 | IW23: 0 | IX23: 0 | IY23: 0 | IZ23: 0 | JA23: 0.00091912 | JB23: 0 | JC23: 0 | JD23: 0 | JE23: 0 | JF23: 0 | JG23: 0 | JH23: 0 | JI23: 0 | JJ23: 0 | JK23: 0.00091912 | JL23: 0 | JM23: 0 | JN23: 0 | JO23: 0.00091912 | JP23: 0 | JQ23: 0.00183824 | JR23: 0 | JS23: 0 | JT23: 0.00459559 | JU23: 0 | JV23: 0.00091912 | JW23: 0 | JX23: 0 | JY23: 0 | JZ23: 0.00091912 | KA23: 0.00091912 | KB23: 0 | KC23: 0 | KD23: 0 | KE23: 0 | KF23: 0 | KG23: 0 | KH23: 0 | KI23: 0 | KJ23: 0 | KK23: 0 | KL23: 0 | KM23: 0 | KN23: 0 | KO23: 0 | KP23: 0 | KQ23: 0.00091912 | KR23: 0 | KS23: 0 | KT23: 0.00091912 | KU23: 0 | KV23: 0 | KW23: 0 | KX23: 0 | KY23: 0 | KZ23: 0 | LA23: 0 | LB23: 0.00183824 | LC23: 0.00091912 | LD23: 0 | LE23: 0.00091912 | LF23: 0.00275735 | LG23: 0 | LH23: 0.00091912 | LI23: 0 | LJ23: 0 | LK23: 0 | LL23: 0.00091912 | LM23: 0 | LN23: 0.00091912 | LO23: 0 | LP23: 0 | LQ23: 0 | LR23: 0 | LS23: 0 | LT23: 0 | LU23: 0 | LV23: 0 | LW23: 0 | LX23: 0 | LY23: 0 | LZ23: 0 | MA23: 0.00091912 | MB23: 0.00183824 | MC23: 0 | MD23: 0 | ME23: 0.00091912 | MF23: 0.00091912 | MG23: 0 | MH23: 0 | MI23: 0 | MJ23: 0 | MK23: 0 | ML23: 0 | MM23: 0 | MN23: 0.00091912 | MO23: 0 | MP23: 0 | MQ23: 0 | MR23: 0
B24: PIF | C24: 45 | D24: 0.0001 | E24: SD | I24: PLL | M24: 0.00042711 | N24: 0.00085422 | O24: 0 | P24: 0 | Q24: 0 | R24: 0.00091912 | S24: 0 | T24: 0 | U24: 0.00091912 | V24: 0.00091912 | W24: 0 | X24: 0 | Y24: 0 | Z24: 0.00091912 | AA24: 0.00091912 | AB24: 0.00275735 | AC24: 0 | AD24: 0 | AE24: 0.00183993 | AF24: 0.00735294 | AG24: 0.00091912 | AH24: 0.01286765 | AI24: 0.00091912 | AJ24: 0 | AK24: 0 | AL24: 0.00091912 | AM24: 0.00091912 | AN24: 0.00091912 | AO24: 0 | AP24: 0.00275735 | AQ24: 0.00643382 | AR24: 0 | AS24: 0 | AT24: 0 | AU24: 0.00183824 | AV24: 0.00407332 | AW24: 0.00551471 | AX24: 0.00827206 | AY24: 0 | AZ24: 0 | BA24: 0 | BB24: 0 | BC24: 0 | BD24: 0 | BE24: 0 | BF24: 0 | BG24: 0.00091912 | BH24: 0 | BI24: 0 | BJ24: 0.00091912 | BK24: 0.00091912 | BL24: 0 | BM24: 0 | BN24: 0 | BO24: 0 | BP24: 0 | BQ24: 0 | BR24: 0.00091912 | BS24: 0.00275735 | BT24: 0 | BU24: 0 | BV24: 0 | BW24: 0 | BX24: 0 | BY24: 0.00091912 | BZ24: 0.00183824 | CA24: 0 | CB24: 0 | CC24: 0 | CD24: 0 | CE24: 0.00091912 | CF24: 0.00091912 | CG24: 0 | CH24: 0.00091912 | CI24: 0.00091912 | CJ24: 0 | CK24: 0 | CL24: 0 | CM24: 0 | CN24: 0 | CO24: 0.00643382 | CP24: 0 | CQ24: 0.00091912 | CR24: 0.00459559 | CS24: 0 | CT24: 0 | CU24: 0 | CV24: 0 | CW24: 0.00091912 | CX24: 0 | CY24: 0.00183824 | CZ24: 0 | DA24: 0 | DB24: 0 | DC24: 0 | DD24: 0 | DE24: 0 | DF24: 0.00091912 | DG24: 0 | DH24: 0 | DI24: 0.00091912 | DJ24: 0 | DK24: 0.00091912 | DL24: 0 | DM24: 0 | DN24: 0 | DO24: 0.00367647 | DP24: 0 | DQ24: 0.00091912 | DR24: 0.00091912 | DS24: 0 | DT24: 0 | DU24: 0 | DV24: 0 | DW24: 0.00091912 | DX24: 0 | DY24: 0 | DZ24: 0 | EA24: 0.00551471 | EB24: 0.00551471 | EC24: 0.00091912 | ED24: 0 | EE24: 0.00091912 | EF24: 0 | EG24: 0.00091912 | EH24: 0.00183824 | EI24: 0 | EJ24: 0.00183824 | EK24: 0 | EL24: 0.00091912 | EM24: 0.00183824 | EN24: 0 | EO24: 0 | EP24: 0 | EQ24: 0 | ER24: 0 | ES24: 0.00091912 | ET24: 0 | EU24: 0 | EV24: 0 | EW24: 0 | EX24: 0 | EY24: 0.00091912 | EZ24: 0 | FA24: 0.00735294 | FB24: 0 | FC24: 0 | FD24: 0.00091912 | FE24: 0 | FF24: 0 | FG24: 0 | FH24: 0.00091912 | FI24: 0 | FJ24: 0.00183824 | FK24: 0 | FL24: 0 | FM24: 0 | FN24: 0.00091912 | FO24: 0 | FP24: 0 | FQ24: 0 | FR24: 0 | FS24: 0.00091912 | FT24: 0.00091912 | FU24: 0 | FV24: 0 | FW24: 0 | FX24: 0.00091912 | FY24: 0.00091912 | FZ24: 0 | GA24: 0 | GB24: 0 | GC24: 0.00459559 | GD24: 0 | GE24: 0 | GF24: 0 | GG24: 0 | GH24: 0 | GI24: 0.00091912 | GJ24: 0.00091912 | GK24: 0 | GL24: 0 | GM24: 0 | GN24: 0 | GO24: 0 | GP24: 0 | GQ24: 0.00183824 | GR24: 0 | GS24: 0 | GT24: 0 | GU24: 0 | GV24: 0 | GW24: 0 | GX24: 0 | GY24: 0 | GZ24: 0 | HA24: 0 | HB24: 0.00091912 | HC24: 0.00091912 | HD24: 0 | HE24: 0.00275735 | HF24: 0 | HG24: 0.00091912 | HH24: 0 | HI24: 0 | HJ24: 0 | HK24: 0.00091912 | HL24: 0 | HM24: 0 | HN24: 0 | HO24: 0.00735294 | HP24: 0.00091912 | HQ24: 0 | HR24: 0 | HS24: 0 | HT24: 0 | HU24: 0.00091912 | HV24: 0 | HW24: 0.00551471 | HX24: 0 | HY24: 0.00091912 | HZ24: 0 | IA24: 0 | IB24: 0 | IC24: 0.00091912 | ID24: 0 | IE24: 0.00091912 | IF24: 0 | IG24: 0 | IH24: 0.00275735 | II24: 0 | IJ24: 0.00091912 | IK24: 0.00551471 | IL24: 0 | IM24: 0.00459559 | IN24: 0.00275735 | IO24: 0 | IP24: 0.00091912 | IQ24: 0 | IR24: 0 | IS24: 0.00275735 | IT24: 0.00091912 | IU24: 0 | IV24: 0.00367647 | IW24: 0 | IX24: 0.00091912 | IY24: 0 | IZ24: 0.00367647 | JA24: 0 | JB24: 0.00091912 | JC24: 0.00183824 | JD24: 0 | JE24: 0.00091912 | JF24: 0 | JG24: 0 | JH24: 0 | JI24: 0 | JJ24: 0 | JK24: 0 | JL24: 0 | JM24: 0 | JN24: 0.00091912 | JO24: 0.00183824 | JP24: 0 | JQ24: 0 | JR24: 0 | JS24: 0 | JT24: 0.00091912 | JU24: 0.00091912 | JV24: 0.00091912 | JW24: 0 | JX24: 0 | JY24: 0.00551471 | JZ24: 0 | KA24: 0 | KB24: 0 | KC24: 0 | KD24: 0 | KE24: 0 | KF24: 0 | KG24: 0 | KH24: 0 | KI24: 0 | KJ24: 0 | KK24: 0 | KL24: 0 | KM24: 0 | KN24: 0 | KO24: 0 | KP24: 0 | KQ24: 0 | KR24: 0 | KS24: 0 | KT24: 0 | KU24: 0.00091912 | KV24: 0 | KW24: 0.00091912 | KX24: 0 | KY24: 0 | KZ24: 0.00275735 | LA24: 0 | LB24: 0.00091912 | LC24: 0 | LD24: 0 | LE24: 0.00183824 | LF24: 0 | LG24: 0 | LH24: 0 | LI24: 0.00183824 | LJ24: 0 | LK24: 0 | LL24: 0 | LM24: 0.00091912 | LN24: 0 | LO24: 0 | LP24: 0 | LQ24: 0 | LR24: 0 | LS24: 0.00183824 | LT24: 0 | LU24: 0 | LV24: 0 | LW24: 0 | LX24: 0.00091912 | LY24: 0 | LZ24: 0 | MA24: 0 | MB24: 0 | MC24: 0 | MD24: 0 | ME24: 0 | MF24: 0 | MG24: 0.00091912 | MH24: 0 | MI24: 0 | MJ24: 0.00091912 | MK24: 0 | ML24: 0 | MM24: 0 | MN24: 0.00091912 | MO24: 0.00091912 | MP24: 0.00367647 | MQ24: 0 | MR24: 0
B25: USB | C25: 362 | D25: 0.001 | E25: SD | I25: LDO | M25: 5.577e-05 | N25: 0.00011154 | O25: 0 | P25: 0 | Q25: 0 | R25: 0 | S25: 0 | T25: 0 | U25: 0 | V25: 0 | W25: 0 | X25: 0 | Y25: 0 | Z25: 0 | AA25: 0 | AB25: 0 | AC25: 0 | AD25: 0 | AE25: 0 | AF25: 0 | AG25: 0 | AH25: 0 | AI25: 0 | AJ25: 0 | AK25: 0 | AL25: 0 | AM25: 0 | AN25: 0 | AO25: 0 | AP25: 0 | AQ25: 0 | AR25: 0 | AS25: 0 | AT25: 0 | AU25: 0 | AV25: 0.00101833 | AW25: 0 | AX25: 0 | AY25: 0 | AZ25: 0 | BA25: 0 | BB25: 0 | BC25: 0 | BD25: 0 | BE25: 0 | BF25: 0 | BG25: 0 | BH25: 0.00091912 | BI25: 0 | BJ25: 0 | BK25: 0 | BL25: 0 | BM25: 0 | BN25: 0 | BO25: 0 | BP25: 0 | BQ25: 0 | BR25: 0 | BS25: 0 | BT25: 0 | BU25: 0 | BV25: 0 | BW25: 0 | BX25: 0 | BY25: 0 | BZ25: 0.00091912 | CA25: 0.00091912 | CB25: 0 | CC25: 0 | CD25: 0 | CE25: 0 | CF25: 0 | CG25: 0 | CH25: 0.00091912 | CI25: 0 | CJ25: 0 | CK25: 0 | CL25: 0 | CM25: 0 | CN25: 0 | CO25: 0 | CP25: 0 | CQ25: 0 | CR25: 0 | CS25: 0 | CT25: 0 | CU25: 0 | CV25: 0 | CW25: 0 | CX25: 0 | CY25: 0 | CZ25: 0 | DA25: 0 | DB25: 0 | DC25: 0 | DD25: 0.00091912 | DE25: 0 | DF25: 0 | DG25: 0 | DH25: 0 | DI25: 0.00091912 | DJ25: 0 | DK25: 0 | DL25: 0 | DM25: 0 | DN25: 0 | DO25: 0 | DP25: 0 | DQ25: 0 | DR25: 0 | DS25: 0 | DT25: 0 | DU25: 0 | DV25: 0 | DW25: 0 | DX25: 0 | DY25: 0 | DZ25: 0 | EA25: 0 | EB25: 0 | EC25: 0 | ED25: 0 | EE25: 0 | EF25: 0 | EG25: 0 | EH25: 0 | EI25: 0 | EJ25: 0 | EK25: 0 | EL25: 0 | EM25: 0 | EN25: 0 | EO25: 0 | EP25: 0 | EQ25: 0 | ER25: 0 | ES25: 0 | ET25: 0 | EU25: 0 | EV25: 0 | EW25: 0 | EX25: 0 | EY25: 0 | EZ25: 0 | FA25: 0 | FB25: 0 | FC25: 0 | FD25: 0 | FE25: 0 | FF25: 0 | FG25: 0 | FH25: 0 | FI25: 0 | FJ25: 0 | FK25: 0 | FL25: 0 | FM25: 0 | FN25: 0 | FO25: 0 | FP25: 0 | FQ25: 0 | FR25: 0 | FS25: 0 | FT25: 0 | FU25: 0 | FV25: 0 | FW25: 0 | FX25: 0 | FY25: 0 | FZ25: 0 | GA25: 0 | GB25: 0 | GC25: 0 | GD25: 0 | GE25: 0 | GF25: 0 | GG25: 0 | GH25: 0.00091912 | GI25: 0 | GJ25: 0 | GK25: 0 | GL25: 0 | GM25: 0 | GN25: 0 | GO25: 0 | GP25: 0 | GQ25: 0.00091912 | GR25: 0 | GS25: 0 | GT25: 0 | GU25: 0 | GV25: 0 | GW25: 0 | GX25: 0 | GY25: 0 | GZ25: 0 | HA25: 0 | HB25: 0 | HC25: 0 | HD25: 0 | HE25: 0 | HF25: 0 | HG25: 0 | HH25: 0 | HI25: 0 | HJ25: 0 | HK25: 0 | HL25: 0 | HM25: 0 | HN25: 0 | HO25: 0 | HP25: 0 | HQ25: 0 | HR25: 0 | HS25: 0 | HT25: 0.00091912 | HU25: 0 | HV25: 0 | HW25: 0 | HX25: 0 | HY25: 0 | HZ25: 0 | IA25: 0 | IB25: 0 | IC25: 0 | ID25: 0 | IE25: 0 | IF25: 0 | IG25: 0 | IH25: 0 | II25: 0 | IJ25: 0 | IK25: 0 | IL25: 0 | IM25: 0 | IN25: 0 | IO25: 0 | IP25: 0 | IQ25: 0 | IR25: 0 | IS25: 0 | IT25: 0 | IU25: 0 | IV25: 0 | IW25: 0 | IX25: 0 | IY25: 0 | IZ25: 0 | JA25: 0 | JB25: 0 | JC25: 0 | JD25: 0 | JE25: 0 | JF25: 0 | JG25: 0 | JH25: 0 | JI25: 0 | JJ25: 0 | JK25: 0 | JL25: 0 | JM25: 0 | JN25: 0 | JO25: 0 | JP25: 0 | JQ25: 0 | JR25: 0 | JS25: 0 | JT25: 0 | JU25: 0 | JV25: 0 | JW25: 0 | JX25: 0 | JY25: 0 | JZ25: 0 | KA25: 0 | KB25: 0 | KC25: 0 | KD25: 0 | KE25: 0 | KF25: 0 | KG25: 0 | KH25: 0 | KI25: 0 | KJ25: 0 | KK25: 0 | KL25: 0 | KM25: 0 | KN25: 0 | KO25: 0 | KP25: 0 | KQ25: 0 | KR25: 0 | KS25: 0 | KT25: 0 | KU25: 0 | KV25: 0 | KW25: 0 | KX25: 0 | KY25: 0 | KZ25: 0 | LA25: 0 | LB25: 0 | LC25: 0 | LD25: 0 | LE25: 0 | LF25: 0 | LG25: 0 | LH25: 0 | LI25: 0 | LJ25: 0 | LK25: 0 | LL25: 0 | LM25: 0 | LN25: 0.00091912 | LO25: 0.00183824 | LP25: 0 | LQ25: 0 | LR25: 0 | LS25: 0 | LT25: 0 | LU25: 0 | LV25: 0 | LW25: 0 | LX25: 0 | LY25: 0 | LZ25: 0 | MA25: 0 | MB25: 0 | MC25: 0 | MD25: 0 | ME25: 0 | MF25: 0 | MG25: 0 | MH25: 0 | MI25: 0 | MJ25: 0 | MK25: 0 | ML25: 0 | MM25: 0 | MN25: 0 | MO25: 0 | MP25: 0 | MQ25: 0 | MR25: 0
B26: POR | C26: 35 | D26: 0.0001 | E26: POR | I26: DDR | M26: 1.556e-05 | N26: 3.112e-05 | O26: 0 | P26: 0 | Q26: 0 | R26: 0 | S26: 0 | T26: 0 | U26: 0 | V26: 0 | W26: 0 | X26: 0 | Y26: 0 | Z26: 0 | AA26: 0 | AB26: 0 | AC26: 0 | AD26: 0 | AE26: 0 | AF26: 0 | AG26: 0 | AH26: 0 | AI26: 0 | AJ26: 0 | AK26: 0 | AL26: 0 | AM26: 0 | AN26: 0 | AO26: 0 | AP26: 0 | AQ26: 0 | AR26: 0 | AS26: 0 | AT26: 0 | AU26: 0 | AV26: 0 | AW26: 0 | AX26: 0 | AY26: 0 | AZ26: 0 | BA26: 0 | BB26: 0 | BC26: 0 | BD26: 0 | BE26: 0 | BF26: 0 | BG26: 0 | BH26: 0 | BI26: 0 | BJ26: 0 | BK26: 0 | BL26: 0 | BM26: 0 | BN26: 0 | BO26: 0 | BP26: 0 | BQ26: 0 | BR26: 0 | BS26: 0 | BT26: 0 | BU26: 0 | BV26: 0 | BW26: 0 | BX26: 0 | BY26: 0 | BZ26: 0 | CA26: 0 | CB26: 0 | CC26: 0 | CD26: 0 | CE26: 0 | CF26: 0 | CG26: 0 | CH26: 0 | CI26: 0 | CJ26: 0 | CK26: 0 | CL26: 0 | CM26: 0 | CN26: 0 | CO26: 0 | CP26: 0 | CQ26: 0 | CR26: 0 | CS26: 0 | CT26: 0 | CU26: 0 | CV26: 0 | CW26: 0 | CX26: 0 | CY26: 0 | CZ26: 0 | DA26: 0 | DB26: 0 | DC26: 0 | DD26: 0 | DE26: 0 | DF26: 0 | DG26: 0 | DH26: 0 | DI26: 0 | DJ26: 0 | DK26: 0 | DL26: 0 | DM26: 0 | DN26: 0 | DO26: 0 | DP26: 0 | DQ26: 0 | DR26: 0 | DS26: 0 | DT26: 0 | DU26: 0 | DV26: 0 | DW26: 0 | DX26: 0 | DY26: 0 | DZ26: 0 | EA26: 0 | EB26: 0 | EC26: 0 | ED26: 0 | EE26: 0 | EF26: 0 | EG26: 0 | EH26: 0 | EI26: 0 | EJ26: 0 | EK26: 0 | EL26: 0 | EM26: 0 | EN26: 0 | EO26: 0 | EP26: 0 | EQ26: 0 | ER26: 0 | ES26: 0 | ET26: 0 | EU26: 0 | EV26: 0 | EW26: 0 | EX26: 0 | EY26: 0 | EZ26: 0 | FA26: 0 | FB26: 0 | FC26: 0 | FD26: 0 | FE26: 0 | FF26: 0 | FG26: 0 | FH26: 0 | FI26: 0 | FJ26: 0 | FK26: 0 | FL26: 0 | FM26: 0 | FN26: 0 | FO26: 0 | FP26: 0 | FQ26: 0 | FR26: 0 | FS26: 0 | FT26: 0 | FU26: 0 | FV26: 0 | FW26: 0 | FX26: 0 | FY26: 0 | FZ26: 0 | GA26: 0 | GB26: 0 | GC26: 0 | GD26: 0 | GE26: 0 | GF26: 0 | GG26: 0 | GH26: 0 | GI26: 0 | GJ26: 0 | GK26: 0 | GL26: 0 | GM26: 0 | GN26: 0 | GO26: 0 | GP26: 0 | GQ26: 0 | GR26: 0 | GS26: 0 | GT26: 0 | GU26: 0 | GV26: 0 | GW26: 0 | GX26: 0 | GY26: 0 | GZ26: 0 | HA26: 0 | HB26: 0 | HC26: 0 | HD26: 0 | HE26: 0 | HF26: 0.00091912 | HG26: 0 | HH26: 0 | HI26: 0 | HJ26: 0 | HK26: 0 | HL26: 0 | HM26: 0 | HN26: 0 | HO26: 0 | HP26: 0 | HQ26: 0 | HR26: 0 | HS26: 0 | HT26: 0 | HU26: 0 | HV26: 0 | HW26: 0 | HX26: 0 | HY26: 0 | HZ26: 0 | IA26: 0 | IB26: 0 | IC26: 0 | ID26: 0 | IE26: 0 | IF26: 0 | IG26: 0 | IH26: 0 | II26: 0 | IJ26: 0 | IK26: 0 | IL26: 0 | IM26: 0 | IN26: 0 | IO26: 0 | IP26: 0 | IQ26: 0 | IR26: 0 | IS26: 0 | IT26: 0 | IU26: 0 | IV26: 0.00091912 | IW26: 0 | IX26: 0 | IY26: 0.00091912 | IZ26: 0 | JA26: 0 | JB26: 0 | JC26: 0 | JD26: 0 | JE26: 0 | JF26: 0 | JG26: 0 | JH26: 0 | JI26: 0 | JJ26: 0 | JK26: 0 | JL26: 0 | JM26: 0 | JN26: 0 | JO26: 0 | JP26: 0 | JQ26: 0 | JR26: 0 | JS26: 0 | JT26: 0 | JU26: 0 | JV26: 0 | JW26: 0 | JX26: 0 | JY26: 0 | JZ26: 0 | KA26: 0 | KB26: 0 | KC26: 0 | KD26: 0 | KE26: 0 | KF26: 0 | KG26: 0 | KH26: 0 | KI26: 0 | KJ26: 0 | KK26: 0 | KL26: 0 | KM26: 0 | KN26: 0 | KO26: 0 | KP26: 0 | KQ26: 0 | KR26: 0 | KS26: 0 | KT26: 0 | KU26: 0 | KV26: 0 | KW26: 0 | KX26: 0 | KY26: 0 | KZ26: 0 | LA26: 0 | LB26: 0 | LC26: 0 | LD26: 0 | LE26: 0 | LF26: 0 | LG26: 0 | LH26: 0 | LI26: 0 | LJ26: 0 | LK26: 0 | LL26: 0 | LM26: 0 | LN26: 0 | LO26: 0 | LP26: 0 | LQ26: 0 | LR26: 0 | LS26: 0 | LT26: 0 | LU26: 0 | LV26: 0 | LW26: 0 | LX26: 0 | LY26: 0 | LZ26: 0 | MA26: 0 | MB26: 0 | MC26: 0 | MD26: 0 | ME26: 0 | MF26: 0 | MG26: 0 | MH26: 0 | MI26: 0 | MJ26: 0 | MK26: 0 | ML26: 0 | MM26: 0 | MN26: 0 | MO26: 0 | MP26: 0 | MQ26: 0 | MR26: 0
B27: IDD | C27: 256 | D27: 0.0007 | E27: IDD | I27: EARC | M27: 1.427e-05 | N27: 2.854e-05 | O27: 0 | P27: 0 | Q27: 0 | R27: 0 | S27: 0 | T27: 0.00091912 | U27: 0 | V27: 0 | W27: 0 | X27: 0 | Y27: 0 | Z27: 0 | AA27: 0 | AB27: 0 | AC27: 0 | AD27: 0 | AE27: 0 | AF27: 0 | AG27: 0 | AH27: 0 | AI27: 0 | AJ27: 0 | AK27: 0 | AL27: 0 | AM27: 0 | AN27: 0 | AO27: 0 | AP27: 0 | AQ27: 0 | AR27: 0 | AS27: 0 | AT27: 0 | AU27: 0 | AV27: 0 | AW27: 0 | AX27: 0 | AY27: 0 | AZ27: 0 | BA27: 0 | BB27: 0 | BC27: 0 | BD27: 0 | BE27: 0 | BF27: 0.00091912 | BG27: 0 | BH27: 0 | BI27: 0.00091912 | BJ27: 0 | BK27: 0 | BL27: 0 | BM27: 0 | BN27: 0 | BO27: 0 | BP27: 0 | BQ27: 0 | BR27: 0 | BS27: 0 | BT27: 0 | BU27: 0 | BV27: 0 | BW27: 0 | BX27: 0 | BY27: 0 | BZ27: 0 | CA27: 0 | CB27: 0 | CC27: 0 | CD27: 0 | CE27: 0 | CF27: 0 | CG27: 0 | CH27: 0 | CI27: 0 | CJ27: 0 | CK27: 0 | CL27: 0 | CM27: 0 | CN27: 0 | CO27: 0 | CP27: 0 | CQ27: 0 | CR27: 0 | CS27: 0 | CT27: 0 | CU27: 0 | CV27: 0 | CW27: 0 | CX27: 0 | CY27: 0 | CZ27: 0 | DA27: 0 | DB27: 0.00091912 | DC27: 0 | DD27: 0 | DE27: 0 | DF27: 0 | DG27: 0 | DH27: 0 | DI27: 0 | DJ27: 0 | DK27: 0 | DL27: 0 | DM27: 0 | DN27: 0 | DO27: 0 | DP27: 0 | DQ27: 0 | DR27: 0 | DS27: 0 | DT27: 0 | DU27: 0 | DV27: 0 | DW27: 0 | DX27: 0 | DY27: 0 | DZ27: 0 | EA27: 0 | EB27: 0 | EC27: 0 | ED27: 0 | EE27: 0 | EF27: 0 | EG27: 0 | EH27: 0 | EI27: 0 | EJ27: 0 | EK27: 0 | EL27: 0 | EM27: 0 | EN27: 0 | EO27: 0 | EP27: 0 | EQ27: 0 | ER27: 0 | ES27: 0 | ET27: 0 | EU27: 0 | EV27: 0 | EW27: 0 | EX27: 0 | EY27: 0 | EZ27: 0 | FA27: 0 | FB27: 0 | FC27: 0 | FD27: 0 | FE27: 0 | FF27: 0 | FG27: 0 | FH27: 0 | FI27: 0 | FJ27: 0 | FK27: 0 | FL27: 0 | FM27: 0 | FN27: 0 | FO27: 0 | FP27: 0 | FQ27: 0 | FR27: 0 | FS27: 0 | FT27: 0 | FU27: 0 | FV27: 0 | FW27: 0 | FX27: 0 | FY27: 0 | FZ27: 0 | GA27: 0 | GB27: 0 | GC27: 0 | GD27: 0 | GE27: 0 | GF27: 0 | GG27: 0 | GH27: 0 | GI27: 0 | GJ27: 0 | GK27: 0 | GL27: 0 | GM27: 0 | GN27: 0 | GO27: 0 | GP27: 0 | GQ27: 0 | GR27: 0 | GS27: 0 | GT27: 0.00091912 | GU27: 0 | GV27: 0 | GW27: 0 | GX27: 0 | GY27: 0 | GZ27: 0 | HA27: 0 | HB27: 0 | HC27: 0 | HD27: 0 | HE27: 0 | HF27: 0 | HG27: 0 | HH27: 0 | HI27: 0 | HJ27: 0 | HK27: 0 | HL27: 0 | HM27: 0 | HN27: 0 | HO27: 0 | HP27: 0 | HQ27: 0 | HR27: 0 | HS27: 0 | HT27: 0 | HU27: 0 | HV27: 0 | HW27: 0 | HX27: 0 | HY27: 0 | HZ27: 0 | IA27: 0 | IB27: 0 | IC27: 0 | ID27: 0 | IE27: 0 | IF27: 0 | IG27: 0 | IH27: 0 | II27: 0 | IJ27: 0 | IK27: 0 | IL27: 0 | IM27: 0 | IN27: 0 | IO27: 0 | IP27: 0 | IQ27: 0 | IR27: 0 | IS27: 0 | IT27: 0 | IU27: 0 | IV27: 0 | IW27: 0 | IX27: 0 | IY27: 0 | IZ27: 0 | JA27: 0 | JB27: 0 | JC27: 0 | JD27: 0 | JE27: 0 | JF27: 0 | JG27: 0 | JH27: 0 | JI27: 0 | JJ27: 0 | JK27: 0 | JL27: 0 | JM27: 0 | JN27: 0 | JO27: 0 | JP27: 0 | JQ27: 0 | JR27: 0 | JS27: 0 | JT27: 0 | JU27: 0 | JV27: 0 | JW27: 0 | JX27: 0 | JY27: 0 | JZ27: 0 | KA27: 0 | KB27: 0 | KC27: 0 | KD27: 0 | KE27: 0 | KF27: 0 | KG27: 0 | KH27: 0 | KI27: 0 | KJ27: 0 | KK27: 0 | KL27: 0 | KM27: 0 | KN27: 0 | KO27: 0 | KP27: 0 | KQ27: 0 | KR27: 0 | KS27: 0 | KT27: 0 | KU27: 0 | KV27: 0 | KW27: 0 | KX27: 0 | KY27: 0 | KZ27: 0 | LA27: 0 | LB27: 0 | LC27: 0 | LD27: 0 | LE27: 0 | LF27: 0 | LG27: 0 | LH27: 0 | LI27: 0 | LJ27: 0 | LK27: 0 | LL27: 0 | LM27: 0 | LN27: 0 | LO27: 0 | LP27: 0 | LQ27: 0 | LR27: 0 | LS27: 0 | LT27: 0 | LU27: 0 | LV27: 0 | LW27: 0 | LX27: 0 | LY27: 0 | LZ27: 0 | MA27: 0 | MB27: 0 | MC27: 0 | MD27: 0 | ME27: 0 | MF27: 0 | MG27: 0 | MH27: 0.00091912 | MI27: 0 | MJ27: 0 | MK27: 0 | ML27: 0 | MM27: 0 | MN27: 0 | MO27: 0 | MP27: 0 | MQ27: 0 | MR27: 0
B28: OTP | C28: 19 | D28: 0.0001 | E28: OTP | I28: GPIO | M28: 0.00022393 | N28: 0.00044786 | O28: 0 | P28: 0.00091912 | Q28: 0 | R28: 0 | S28: 0 | T28: 0 | U28: 0 | V28: 0 | W28: 0 | X28: 0 | Y28: 0.00091912 | Z28: 0.00091912 | AA28: 0.00091912 | AB28: 0 | AC28: 0.00091912 | AD28: 0 | AE28: 0 | AF28: 0.00091912 | AG28: 0 | AH28: 0 | AI28: 0 | AJ28: 0 | AK28: 0 | AL28: 0 | AM28: 0 | AN28: 0 | AO28: 0.00091912 | AP28: 0 | AQ28: 0 | AR28: 0.00091912 | AS28: 0 | AT28: 0 | AU28: 0.00091912 | AV28: 0.00203666 | AW28: 0 | AX28: 0.00091912 | AY28: 0 | AZ28: 0.00091912 | BA28: 0.00091912 | BB28: 0.00091912 | BC28: 0 | BD28: 0.00091912 | BE28: 0 | BF28: 0 | BG28: 0 | BH28: 0.00091912 | BI28: 0.00091912 | BJ28: 0 | BK28: 0 | BL28: 0.00091912 | BM28: 0.00091912 | BN28: 0 | BO28: 0 | BP28: 0 | BQ28: 0.00091912 | BR28: 0 | BS28: 0 | BT28: 0 | BU28: 0 | BV28: 0 | BW28: 0 | BX28: 0 | BY28: 0 | BZ28: 0 | CA28: 0 | CB28: 0 | CC28: 0 | CD28: 0 | CE28: 0 | CF28: 0.00091912 | CG28: 0 | CH28: 0 | CI28: 0 | CJ28: 0.00091912 | CK28: 0 | CL28: 0.00091912 | CM28: 0 | CN28: 0 | CO28: 0 | CP28: 0 | CQ28: 0 | CR28: 0 | CS28: 0.00091912 | CT28: 0 | CU28: 0.00183824 | CV28: 0 | CW28: 0 | CX28: 0 | CY28: 0 | CZ28: 0 | DA28: 0.00183824 | DB28: 0 | DC28: 0.00183824 | DD28: 0 | DE28: 0 | DF28: 0 | DG28: 0 | DH28: 0 | DI28: 0 | DJ28: 0 | DK28: 0 | DL28: 0 | DM28: 0.00091912 | DN28: 0.00091912 | DO28: 0 | DP28: 0 | DQ28: 0 | DR28: 0 | DS28: 0.00091912 | DT28: 0 | DU28: 0 | DV28: 0 | DW28: 0.00091912 | DX28: 0 | DY28: 0 | DZ28: 0.00091912 | EA28: 0 | EB28: 0 | EC28: 0 | ED28: 0 | EE28: 0 | EF28: 0.00091912 | EG28: 0 | EH28: 0 | EI28: 0 | EJ28: 0.00091912 | EK28: 0 | EL28: 0.00091912 | EM28: 0 | EN28: 0 | EO28: 0 | EP28: 0 | EQ28: 0.00091912 | ER28: 0 | ES28: 0 | ET28: 0 | EU28: 0 | EV28: 0 | EW28: 0.00091912 | EX28: 0 | EY28: 0 | EZ28: 0 | FA28: 0 | FB28: 0 | FC28: 0 | FD28: 0.00091912 | FE28: 0 | FF28: 0 | FG28: 0 | FH28: 0 | FI28: 0 | FJ28: 0.00091912 | FK28: 0 | FL28: 0 | FM28: 0.00091912 | FN28: 0 | FO28: 0.00183824 | FP28: 0 | FQ28: 0.00091912 | FR28: 0 | FS28: 0 | FT28: 0 | FU28: 0 | FV28: 0.00091912 | FW28: 0 | FX28: 0.00091912 | FY28: 0 | FZ28: 0 | GA28: 0 | GB28: 0 | GC28: 0 | GD28: 0 | GE28: 0 | GF28: 0 | GG28: 0 | GH28: 0.00091912 | GI28: 0 | GJ28: 0 | GK28: 0 | GL28: 0.00091912 | GM28: 0 | GN28: 0 | GO28: 0 | GP28: 0.00183824 | GQ28: 0.00091912 | GR28: 0 | GS28: 0.00091912 | GT28: 0 | GU28: 0.00091912 | GV28: 0 | GW28: 0 | GX28: 0 | GY28: 0 | GZ28: 0 | HA28: 0 | HB28: 0.00091912 | HC28: 0 | HD28: 0 | HE28: 0 | HF28: 0 | HG28: 0 | HH28: 0 | HI28: 0 | HJ28: 0 | HK28: 0.00091912 | HL28: 0 | HM28: 0 | HN28: 0.00091912 | HO28: 0 | HP28: 0.00091912 | HQ28: 0 | HR28: 0 | HS28: 0 | HT28: 0 | HU28: 0 | HV28: 0 | HW28: 0.00091912 | HX28: 0 | HY28: 0 | HZ28: 0 | IA28: 0 | IB28: 0.00091912 | IC28: 0 | ID28: 0 | IE28: 0 | IF28: 0 | IG28: 0 | IH28: 0 | II28: 0 | IJ28: 0.00091912 | IK28: 0 | IL28: 0 | IM28: 0 | IN28: 0 | IO28: 0 | IP28: 0 | IQ28: 0 | IR28: 0 | IS28: 0 | IT28: 0 | IU28: 0 | IV28: 0 | IW28: 0 | IX28: 0 | IY28: 0 | IZ28: 0 | JA28: 0 | JB28: 0.00091912 | JC28: 0.00091912 | JD28: 0 | JE28: 0 | JF28: 0 | JG28: 0 | JH28: 0 | JI28: 0 | JJ28: 0 | JK28: 0 | JL28: 0 | JM28: 0 | JN28: 0 | JO28: 0 | JP28: 0 | JQ28: 0.00091912 | JR28: 0 | JS28: 0 | JT28: 0 | JU28: 0 | JV28: 0 | JW28: 0 | JX28: 0 | JY28: 0 | JZ28: 0 | KA28: 0 | KB28: 0 | KC28: 0 | KD28: 0 | KE28: 0 | KF28: 0 | KG28: 0 | KH28: 0 | KI28: 0.00183824 | KJ28: 0 | KK28: 0 | KL28: 0 | KM28: 0 | KN28: 0.00091912 | KO28: 0 | KP28: 0.00183824 | KQ28: 0.00091912 | KR28: 0.00091912 | KS28: 0 | KT28: 0.00091912 | KU28: 0 | KV28: 0.00091912 | KW28: 0 | KX28: 0 | KY28: 0 | KZ28: 0 | LA28: 0 | LB28: 0 | LC28: 0 | LD28: 0 | LE28: 0 | LF28: 0.00091912 | LG28: 0 | LH28: 0 | LI28: 0 | LJ28: 0 | LK28: 0 | LL28: 0 | LM28: 0 | LN28: 0 | LO28: 0 | LP28: 0.00091912 | LQ28: 0.00091912 | LR28: 0 | LS28: 0.00091912 | LT28: 0 | LU28: 0 | LV28: 0 | LW28: 0 | LX28: 0 | LY28: 0 | LZ28: 0 | MA28: 0.00091912 | MB28: 0 | MC28: 0 | MD28: 0.00091912 | ME28: 0 | MF28: 0 | MG28: 0.00091912 | MH28: 0 | MI28: 0 | MJ28: 0 | MK28: 0 | ML28: 0.00091912 | MM28: 0 | MN28: 0 | MO28: 0 | MP28: 0 | MQ28: 0 | MR28: 0
B29: SAF | C29: 22649 | D29: 0.0609 | E29: SCAN | I29: PIF | M29: 0.00015152 | N29: 0.00030304 | O29: 0 | P29: 0 | Q29: 0 | R29: 0.00091912 | S29: 0 | T29: 0 | U29: 0 | V29: 0 | W29: 0 | X29: 0.00091912 | Y29: 0 | Z29: 0 | AA29: 0 | AB29: 0.00091912 | AC29: 0 | AD29: 0 | AE29: 0 | AF29: 0 | AG29: 0 | AH29: 0 | AI29: 0 | AJ29: 0 | AK29: 0 | AL29: 0.00091912 | AM29: 0 | AN29: 0 | AO29: 0 | AP29: 0 | AQ29: 0.00091912 | AR29: 0 | AS29: 0 | AT29: 0 | AU29: 0 | AV29: 0 | AW29: 0 | AX29: 0 | AY29: 0 | AZ29: 0 | BA29: 0 | BB29: 0 | BC29: 0.00091912 | BD29: 0.00091912 | BE29: 0 | BF29: 0 | BG29: 0 | BH29: 0.00183824 | BI29: 0 | BJ29: 0 | BK29: 0 | BL29: 0 | BM29: 0 | BN29: 0 | BO29: 0 | BP29: 0 | BQ29: 0 | BR29: 0 | BS29: 0 | BT29: 0 | BU29: 0 | BV29: 0 | BW29: 0 | BX29: 0 | BY29: 0 | BZ29: 0 | CA29: 0 | CB29: 0 | CC29: 0 | CD29: 0 | CE29: 0 | CF29: 0 | CG29: 0 | CH29: 0 | CI29: 0 | CJ29: 0.00091912 | CK29: 0 | CL29: 0 | CM29: 0 | CN29: 0 | CO29: 0 | CP29: 0 | CQ29: 0.00091912 | CR29: 0 | CS29: 0 | CT29: 0.00091912 | CU29: 0 | CV29: 0 | CW29: 0 | CX29: 0 | CY29: 0.00091912 | CZ29: 0 | DA29: 0 | DB29: 0 | DC29: 0 | DD29: 0 | DE29: 0 | DF29: 0 | DG29: 0 | DH29: 0 | DI29: 0 | DJ29: 0 | DK29: 0 | DL29: 0 | DM29: 0.00091912 | DN29: 0 | DO29: 0 | DP29: 0 | DQ29: 0 | DR29: 0 | DS29: 0 | DT29: 0 | DU29: 0 | DV29: 0 | DW29: 0.00091912 | DX29: 0.00091912 | DY29: 0 | DZ29: 0 | EA29: 0 | EB29: 0 | EC29: 0 | ED29: 0 | EE29: 0 | EF29: 0 | EG29: 0 | EH29: 0 | EI29: 0 | EJ29: 0 | EK29: 0 | EL29: 0.00091912 | EM29: 0 | EN29: 0 | EO29: 0 | EP29: 0.00091912 | EQ29: 0 | ER29: 0 | ES29: 0 | ET29: 0 | EU29: 0 | EV29: 0.00091912 | EW29: 0 | EX29: 0 | EY29: 0 | EZ29: 0 | FA29: 0 | FB29: 0 | FC29: 0 | FD29: 0 | FE29: 0 | FF29: 0 | FG29: 0 | FH29: 0 | FI29: 0.00091912 | FJ29: 0 | FK29: 0 | FL29: 0 | FM29: 0 | FN29: 0.00091912 | FO29: 0 | FP29: 0.00091912 | FQ29: 0 | FR29: 0 | FS29: 0 | FT29: 0 | FU29: 0 | FV29: 0 | FW29: 0 | FX29: 0 | FY29: 0 | FZ29: 0 | GA29: 0.00091912 | GB29: 0.00091912 | GC29: 0 | GD29: 0 | GE29: 0 | GF29: 0 | GG29: 0 | GH29: 0 | GI29: 0 | GJ29: 0 | GK29: 0 | GL29: 0 | GM29: 0.00091912 | GN29: 0.00091912 | GO29: 0 | GP29: 0 | GQ29: 0 | GR29: 0 | GS29: 0 | GT29: 0 | GU29: 0 | GV29: 0 | GW29: 0 | GX29: 0.00091912 | GY29: 0 | GZ29: 0 | HA29: 0 | HB29: 0 | HC29: 0 | HD29: 0 | HE29: 0 | HF29: 0 | HG29: 0 | HH29: 0 | HI29: 0 | HJ29: 0 | HK29: 0 | HL29: 0 | HM29: 0.00091912 | HN29: 0 | HO29: 0 | HP29: 0 | HQ29: 0.00091912 | HR29: 0 | HS29: 0 | HT29: 0 | HU29: 0.00091912 | HV29: 0 | HW29: 0 | HX29: 0 | HY29: 0 | HZ29: 0 | IA29: 0 | IB29: 0 | IC29: 0 | ID29: 0 | IE29: 0 | IF29: 0 | IG29: 0 | IH29: 0 | II29: 0 | IJ29: 0.00091912 | IK29: 0 | IL29: 0 | IM29: 0.00091912 | IN29: 0 | IO29: 0 | IP29: 0 | IQ29: 0 | IR29: 0 | IS29: 0 | IT29: 0 | IU29: 0 | IV29: 0 | IW29: 0 | IX29: 0 | IY29: 0 | IZ29: 0 | JA29: 0 | JB29: 0 | JC29: 0 | JD29: 0 | JE29: 0 | JF29: 0.00091912 | JG29: 0.00091912 | JH29: 0 | JI29: 0 | JJ29: 0 | JK29: 0 | JL29: 0 | JM29: 0 | JN29: 0 | JO29: 0 | JP29: 0 | JQ29: 0.00091912 | JR29: 0 | JS29: 0 | JT29: 0.00091912 | JU29: 0 | JV29: 0 | JW29: 0 | JX29: 0 | JY29: 0 | JZ29: 0 | KA29: 0 | KB29: 0 | KC29: 0 | KD29: 0 | KE29: 0 | KF29: 0 | KG29: 0 | KH29: 0.00091912 | KI29: 0.00091912 | KJ29: 0.00091912 | KK29: 0 | KL29: 0.00091912 | KM29: 0 | KN29: 0 | KO29: 0 | KP29: 0.00091912 | KQ29: 0 | KR29: 0 | KS29: 0 | KT29: 0 | KU29: 0 | KV29: 0 | KW29: 0 | KX29: 0 | KY29: 0 | KZ29: 0 | LA29: 0 | LB29: 0 | LC29: 0 | LD29: 0 | LE29: 0.00091912 | LF29: 0 | LG29: 0 | LH29: 0 | LI29: 0 | LJ29: 0 | LK29: 0 | LL29: 0.00091912 | LM29: 0 | LN29: 0 | LO29: 0 | LP29: 0 | LQ29: 0 | LR29: 0 | LS29: 0 | LT29: 0 | LU29: 0 | LV29: 0 | LW29: 0 | LX29: 0.00091912 | LY29: 0 | LZ29: 0 | MA29: 0 | MB29: 0 | MC29: 0 | MD29: 0 | ME29: 0 | MF29: 0 | MG29: 0 | MH29: 0 | MI29: 0.00091912 | MJ29: 0 | MK29: 0 | ML29: 0 | MM29: 0 | MN29: 0 | MO29: 0 | MP29: 0 | MQ29: 0 | MR29: 0
B30: BF | C30: 80 | D30: 0.0002 | E30: SCAN | I30: USB | M30: 0.00108722 | N30: 0.00217444 | O30: 0 | P30: 0 | Q30: 0.00091912 | R30: 0.00275735 | S30: 0 | T30: 0 | U30: 0 | V30: 0.00183824 | W30: 0.00091912 | X30: 0.00091912 | Y30: 0.00091912 | Z30: 0 | AA30: 0.00091912 | AB30: 0.00183824 | AC30: 0 | AD30: 0.00091912 | AE30: 0 | AF30: 0.00091912 | AG30: 0 | AH30: 0.00091912 | AI30: 0.00091912 | AJ30: 0.00091912 | AK30: 0.00275735 | AL30: 0.00091912 | AM30: 0.00183824 | AN30: 0.00183824 | AO30: 0.00091912 | AP30: 0 | AQ30: 0 | AR30: 0.00183824 | AS30: 0.00091912 | AT30: 0.00091912 | AU30: 0 | AV30: 0.00203666 | AW30: 0.00275735 | AX30: 0 | AY30: 0.00091912 | AZ30: 0 | BA30: 0.00183824 | BB30: 0 | BC30: 0 | BD30: 0.00091912 | BE30: 0 | BF30: 0.00091912 | BG30: 0.00183824 | BH30: 0.00275735 | BI30: 0.00183824 | BJ30: 0.00183824 | BK30: 0.00091912 | BL30: 0.00275735 | BM30: 0.00183824 | BN30: 0.00275735 | BO30: 0 | BP30: 0 | BQ30: 0 | BR30: 0 | BS30: 0 | BT30: 0 | BU30: 0 | BV30: 0.00091912 | BW30: 0.00091912 | BX30: 0.00091912 | BY30: 0 | BZ30: 0 | CA30: 0.00091912 | CB30: 0.00275735 | CC30: 0.00091912 | CD30: 0.00183824 | CE30: 0.00275735 | CF30: 0.00091912 | CG30: 0 | CH30: 0.00183824 | CI30: 0 | CJ30: 0.00091912 | CK30: 0 | CL30: 0.00091912 | CM30: 0.00275735 | CN30: 0 | CO30: 0.00091912 | CP30: 0 | CQ30: 0.00091912 | CR30: 0.00091912 | CS30: 0.00091912 | CT30: 0 | CU30: 0.00183824 | CV30: 0.00183824 | CW30: 0 | CX30: 0.00183824 | CY30: 0 | CZ30: 0.00091912 | DA30: 0 | DB30: 0.00091912 | DC30: 0.00183824 | DD30: 0 | DE30: 0 | DF30: 0.00091912 | DG30: 0 | DH30: 0.00183824 | DI30: 0 | DJ30: 0.00091912 | DK30: 0.00091912 | DL30: 0.00183824 | DM30: 0.00183824 | DN30: 0.00183824 | DO30: 0 | DP30: 0.00091912 | DQ30: 0 | DR30: 0.00091912 | DS30: 0 | DT30: 0.00275735 | DU30: 0.00091912 | DV30: 0.00551471 | DW30: 0.00091912 | DX30: 0.00091912 | DY30: 0.00183824 | DZ30: 0.00183824 | EA30: 0.00091912 | EB30: 0 | EC30: 0.00091912 | ED30: 0 | EE30: 0.00275735 | EF30: 0.00091912 | EG30: 0 | EH30: 0.00091912 | EI30: 0.00183824 | EJ30: 0.00183824 | EK30: 0.00091912 | EL30: 0.00183824 | EM30: 0.00091912 | EN30: 0.00091912 | EO30: 0.00367647 | EP30: 0.00183824 | EQ30: 0 | ER30: 0.00183824 | ES30: 0 | ET30: 0.00275735 | EU30: 0.00091912 | EV30: 0.00367647 | EW30: 0.00091912 | EX30: 0.00091912 | EY30: 0.00183824 | EZ30: 0.00091912 | FA30: 0 | FB30: 0.00091912 | FC30: 0 | FD30: 0.00091912 | FE30: 0 | FF30: 0 | FG30: 0 | FH30: 0.00183824 | FI30: 0 | FJ30: 0.00091912 | FK30: 0.00183824 | FL30: 0.00183824 | FM30: 0.00275735 | FN30: 0.00183824 | FO30: 0 | FP30: 0 | FQ30: 0.00091912 | FR30: 0.00091912 | FS30: 0 | FT30: 0 | FU30: 0.00091912 | FV30: 0 | FW30: 0.00183824 | FX30: 0.00091912 | FY30: 0.00183824 | FZ30: 0.00091912 | GA30: 0.00275735 | GB30: 0.00275735 | GC30: 0.00091912 | GD30: 0.00091912 | GE30: 0.00183824 | GF30: 0 | GG30: 0 | GH30: 0 | GI30: 0.00091912 | GJ30: 0.00183824 | GK30: 0 | GL30: 0.00091912 | GM30: 0.00183824 | GN30: 0.00183824 | GO30: 0.00183824 | GP30: 0.00091912 | GQ30: 0 | GR30: 0.00183824 | GS30: 0.00091912 | GT30: 0 | GU30: 0 | GV30: 0.00275735 | GW30: 0 | GX30: 0.00091912 | GY30: 0.00091912 | GZ30: 0.00091912 | HA30: 0 | HB30: 0 | HC30: 0.00091912 | HD30: 0 | HE30: 0.00183824 | HF30: 0.00091912 | HG30: 0 | HH30: 0 | HI30: 0.00091912 | HJ30: 0 | HK30: 0 | HL30: 0.00091912 | HM30: 0.00275735 | HN30: 0.00183824 | HO30: 0.00091912 | HP30: 0 | HQ30: 0.00183824 | HR30: 0.00275735 | HS30: 0 | HT30: 0.00091912 | HU30: 0.00183824 | HV30: 0.00183824 | HW30: 0.00091912 | HX30: 0.00091912 | HY30: 0.00183824 | HZ30: 0.00183824 | IA30: 0.00183824 | IB30: 0.00091912 | IC30: 0.00091912 | ID30: 0 | IE30: 0.00183824 | IF30: 0.00459559 | IG30: 0.00183824 | IH30: 0.00183824 | II30: 0.00091912 | IJ30: 0 | IK30: 0.00091912 | IL30: 0 | IM30: 0 | IN30: 0.00183824 | IO30: 0.00091912 | IP30: 0.00183824 | IQ30: 0.00091912 | IR30: 0.00091912 | IS30: 0 | IT30: 0 | IU30: 0.00183824 | IV30: 0.00091912 | IW30: 0 | IX30: 0.00091912 | IY30: 0 | IZ30: 0.00091912 | JA30: 0.00091912 | JB30: 0.00183824 | JC30: 0.00183824 | JD30: 0 | JE30: 0 | JF30: 0.00183824 | JG30: 0.00091912 | JH30: 0.00367647 | JI30: 0.00367647 | JJ30: 0.00091912 | JK30: 0 | JL30: 0 | JM30: 0 | JN30: 0 | JO30: 0.00091912 | JP30: 0 | JQ30: 0.00183824 | JR30: 0 | JS30: 0 | JT30: 0.00091912 | JU30: 0.00275735 | JV30: 0 | JW30: 0.00091912 | JX30: 0.00091912 | JY30: 0.00275735 | JZ30: 0 | KA30: 0 | KB30: 0 | KC30: 0 | KD30: 0 | KE30: 0.00275735 | KF30: 0 | KG30: 0 | KH30: 0.00275735 | KI30: 0.00091912 | KJ30: 0.00091912 | KK30: 0 | KL30: 0.00091912 | KM30: 0.00275735 | KN30: 0.00091912 | KO30: 0.00091912 | KP30: 0.00183824 | KQ30: 0.00091912 | KR30: 0.00091912 | KS30: 0 | KT30: 0 | KU30: 0.00091912 | KV30: 0 | KW30: 0 | KX30: 0 | KY30: 0.00275735 | KZ30: 0.00091912 | LA30: 0 | LB30: 0.00183824 | LC30: 0.00275735 | LD30: 0.00275735 | LE30: 0 | LF30: 0 | LG30: 0.00091912 | LH30: 0 | LI30: 0.00183824 | LJ30: 0.00183824 | LK30: 0 | LL30: 0.00091912 | LM30: 0 | LN30: 0.00091912 | LO30: 0.00091912 | LP30: 0.00091912 | LQ30: 0.00091912 | LR30: 0.00183824 | LS30: 0 | LT30: 0.00091912 | LU30: 0.00091912 | LV30: 0.00183824 | LW30: 0.00183824 | LX30: 0 | LY30: 0.00275735 | LZ30: 0.00091912 | MA30: 0.00091912 | MB30: 0.00091912 | MC30: 0.00091912 | MD30: 0 | ME30: 0 | MF30: 0 | MG30: 0.00091912 | MH30: 0 | MI30: 0 | MJ30: 0.00091912 | MK30: 0 | ML30: 0.00091912 | MM30: 0.00183824 | MN30: 0.00091912 | MO30: 0 | MP30: 0.00091912 | MQ30: 0 | MR30: 0.00091912
... B37: OC | C37: 7 | D37: 0 | E37: OC | I37: SDD_LV | M37: 0.00041176 | N37: 0.00082352 | O37: 0.01838235 | P37: 0 | Q37: 0.00091912 | R37: 0.00091912 | S37: 0 | T37: 0.00091912 | U37: 0.00091912 | V37: 0 | W37: 0 | X37: 0.00091912 | Y37: 0 | Z37: 0 | AA37: 0 | AB37: 0 | AC37: 0 | AD37: 0.00367647 | AE37: 0.00091996 | AF37: 0 | AG37: 0 | AH37: 0 | AI37: 0 | AJ37: 0 | AK37: 0.00091912 | AL37: 0 | AM37: 0 | AN37: 0.00091912 | AO37: 0 | AP37: 0 | AQ37: 0 | AR37: 0.00183824 | AS37: 0.00183824 | AT37: 0 | AU37: 0 | AV37: 0 | AW37: 0 | AX37: 0.00091912 | AY37: 0 | AZ37: 0 | BA37: 0 | BB37: 0 | BC37: 0 | BD37: 0.00091912 | BE37: 0 | BF37: 0 | BG37: 0 | BH37: 0.00091912 | BI37: 0 | BJ37: 0 | BK37: 0.00091912 | BL37: 0.00091912 | BM37: 0.00091912 | BN37: 0.00091912 | BO37: 0 | BP37: 0.00091912 | BQ37: 0 | BR37: 0.00091912 | BS37: 0.00091912 | BT37: 0 | BU37: 0 | BV37: 0 | BW37: 0.00091912 | BX37: 0.00091912 | BY37: 0.00091912 | BZ37: 0 | CA37: 0 | CB37: 0.00091912 | CC37: 0 | CD37: 0 | CE37: 0 | CF37: 0.00091912 | CG37: 0 | CH37: 0.00091912 | CI37: 0.00183824 | CJ37: 0.00091912 | CK37: 0 | CL37: 0 | CM37: 0.00091912 | CN37: 0 | CO37: 0.00091912 | CP37: 0.00091912 | CQ37: 0 | CR37: 0 | CS37: 0 | CT37: 0.00091912 | CU37: 0 | CV37: 0 | CW37: 0 | CX37: 0.00091912 | CY37: 0 | CZ37: 0 | DA37: 0 | DB37: 0 | DC37: 0 | DD37: 0 | DE37: 0 | DF37: 0 | DG37: 0.00183824 | DH37: 0 | DI37: 0 | DJ37: 0 | DK37: 0.00091912 | DL37: 0 | DM37: 0 | DN37: 0 | DO37: 0 | DP37: 0.00275735 | DQ37: 0 | DR37: 0 | DS37: 0 | DT37: 0 | DU37: 0 | DV37: 0 | DW37: 0 | DX37: 0 | DY37: 0 | DZ37: 0 | EA37: 0 | EB37: 0.00091912 | EC37: 0.00183824 | ED37: 0 | EE37: 0 | EF37: 0.00183824 | EG37: 0.00091912 | EH37: 0.00275735 | EI37: 0 | EJ37: 0 | EK37: 0.00091912 | EL37: 0 | EM37: 0.00091912 | EN37: 0 | EO37: 0.00183824 | EP37: 0 | EQ37: 0.00183824 | ER37: 0.00183824 | ES37: 0.00091912 | ET37: 0.00091912 | EU37: 0 | EV37: 0 | EW37: 0.00091912 | EX37: 0 | EY37: 0 | EZ37: 0 | FA37: 0 | FB37: 0 | FC37: 0.00091912 | FD37: 0 | FE37: 0 | FF37: 0 | FG37: 0 | FH37: 0.00091912 | FI37: 0.00091912 | FJ37: 0.00091912 | FK37: 0 | FL37: 0 | FM37: 0 | FN37: 0.00091912 | FO37: 0 | FP37: 0 | FQ37: 0 | FR37: 0 | FS37: 0 | FT37: 0.00183824 | FU37: 0 | FV37: 0.00275735 | FW37: 0 | FX37: 0 | FY37: 0 | FZ37: 0.00091912 | GA37: 0 | GB37: 0 | GC37: 0 | GD37: 0 | GE37: 0 | GF37: 0.00091912 | GG37: 0 | GH37: 0 | GI37: 0 | GJ37: 0 | GK37: 0 | GL37: 0 | GM37: 0 | GN37: 0 | GO37: 0 | GP37: 0.00091912 | GQ37: 0 | GR37: 0.00091912 | GS37: 0.00091912 | GT37: 0.00091912 | GU37: 0 | GV37: 0 | GW37: 0 | GX37: 0.00091912 | GY37: 0 | GZ37: 0.00091912 | HA37: 0 | HB37: 0 | HC37: 0 | HD37: 0 | HE37: 0 | HF37: 0.00091912 | HG37: 0 | HH37: 0.00091912 | HI37: 0 | HJ37: 0 | HK37: 0.00091912 | HL37: 0.00183824 | HM37: 0 | HN37: 0 | HO37: 0 | HP37: 0 | HQ37: 0.00275735 | HR37: 0 | HS37: 0 | HT37: 0 | HU37: 0.00091912 | HV37: 0 | HW37: 0 | HX37: 0.00091912 | HY37: 0.00091912 | HZ37: 0.00091912 | IA37: 0 | IB37: 0.00091912 | IC37: 0.00091912 | ID37: 0 | IE37: 0 | IF37: 0 | IG37: 0 | IH37: 0 | II37: 0 | IJ37: 0 | IK37: 0.00091912 | IL37: 0 | IM37: 0 | IN37: 0 | IO37: 0 | IP37: 0.00091912 | IQ37: 0 | IR37: 0.00091912 | IS37: 0 | IT37: 0 | IU37: 0 | IV37: 0.00091912 | IW37: 0 | IX37: 0 | IY37: 0.00091912 | IZ37: 0 | JA37: 0.00091912 | JB37: 0.00091912 | JC37: 0 | JD37: 0.00091912 | JE37: 0 | JF37: 0.00091912 | JG37: 0 | JH37: 0 | JI37: 0 | JJ37: 0 | JK37: 0.00183824 | JL37: 0 | JM37: 0 | JN37: 0 | JO37: 0 | JP37: 0.00183824 | JQ37: 0 | JR37: 0 | JS37: 0.00091912 | JT37: 0.00091912 | JU37: 0.00091912 | JV37: 0 | JW37: 0 | JX37: 0 | JY37: 0 | JZ37: 0 | KA37: 0 | KB37: 0 | KC37: 0.00091912 | KD37: 0 | KE37: 0.00183824 | KF37: 0 | KG37: 0 | KH37: 0.00091912 | KI37: 0.00091912 | KJ37: 0 | KK37: 0 | KL37: 0 | KM37: 0 | KN37: 0.00091912 | KO37: 0.00091912 | KP37: 0 | KQ37: 0 | KR37: 0 | KS37: 0 | KT37: 0.00091912 | KU37: 0.00091912 | KV37: 0 | KW37: 0 | KX37: 0 | KY37: 0 | KZ37: 0.00091912 | LA37: 0.00091912 | LB37: 0 | LC37: 0 | LD37: 0 | LE37: 0.00091912 | LF37: 0.00091912 | LG37: 0.00091912 | LH37: 0 | LI37: 0 | LJ37: 0 | LK37: 0 | LL37: 0.00459559 | LM37: 0.00183824 | LN37: 0 | LO37: 0 | LP37: 0 | LQ37: 0 | LR37: 0 | LS37: 0 | LT37: 0.00091912 | LU37: 0 | LV37: 0.00091912 | LW37: 0 | LX37: 0 | LY37: 0.00091912 | LZ37: 0 | MA37: 0.00091912 | MB37: 0 | MC37: 0 | MD37: 0 | ME37: 0 | MF37: 0.00091912 | MG37: 0 | MH37: 0.00091912 | MI37: 0.00091912 | MJ37: 0.00091912 | MK37: 0 | ML37: 0 | MM37: 0 | MN37: 0.00091912 | MO37: 0 | MP37: 0 | MQ37: 0 | MR37: 0
I38: TDF_LV | M38: 0.00123377 | N38: 0.00246754 | O38: 0.03216912 | P38: 0 | Q38: 0.00183824 | R38: 0.00367647 | S38: 0.00091912 | T38: 0.00091912 | U38: 0 | V38: 0.00183824 | W38: 0 | X38: 0.00275735 | Y38: 0.00183824 | Z38: 0 | AA38: 0.00183824 | AB38: 0.00091912 | AC38: 0.00275735 | AD38: 0.00091912 | AE38: 0.00091996 | AF38: 0.00275735 | AG38: 0.00091912 | AH38: 0 | AI38: 0 | AJ38: 0.00091912 | AK38: 0 | AL38: 0 | AM38: 0.00643382 | AN38: 0 | AO38: 0.00183824 | AP38: 0.00091912 | AQ38: 0.00091912 | AR38: 0.00275735 | AS38: 0.00091912 | AT38: 0.00183824 | AU38: 0.00091912 | AV38: 0.00203666 | AW38: 0 | AX38: 0.00091912 | AY38: 0.00091912 | AZ38: 0.00275735 | BA38: 0.00275735 | BB38: 0.00367647 | BC38: 0.00091912 | BD38: 0.00275735 | BE38: 0.00091912 | BF38: 0.00091912 | BG38: 0.00183824 | BH38: 0.00275735 | BI38: 0.00183824 | BJ38: 0.00091912 | BK38: 0.00183824 | BL38: 0 | BM38: 0.00091912 | BN38: 0.00091912 | BO38: 0 | BP38: 0.00183824 | BQ38: 0.00275735 | BR38: 0.00183824 | BS38: 0.00275735 | BT38: 0 | BU38: 0.00275735 | BV38: 0.00275735 | BW38: 0 | BX38: 0.00091912 | BY38: 0.00183824 | BZ38: 0.00091912 | CA38: 0.00091912 | CB38: 0 | CC38: 0.00643382 | CD38: 0.00275735 | CE38: 0 | CF38: 0.00275735 | CG38: 0.00183824 | CH38: 0.00275735 | CI38: 0.00183824 | CJ38: 0.00091912 | CK38: 0 | CL38: 0.00183824 | CM38: 0 | CN38: 0.00275735 | CO38: 0.00551471 | CP38: 0.00091912 | CQ38: 0.00091912 | CR38: 0.00091912 | CS38: 0 | CT38: 0.00091912 | CU38: 0.00275735 | CV38: 0.00091912 | CW38: 0.00275735 | CX38: 0 | CY38: 0.00091912 | CZ38: 0.00275735 | DA38: 0 | DB38: 0 | DC38: 0 | DD38: 0.00091912 | DE38: 0 | DF38: 0.00183824 | DG38: 0 | DH38: 0.00091912 | DI38: 0.00183824 | DJ38: 0.00091912 | DK38: 0.00183824 | DL38: 0 | DM38: 0 | DN38: 0.00091912 | DO38: 0.00091912 | DP38: 0.00183824 | DQ38: 0.00091912 | DR38: 0.00183824 | DS38: 0.00183824 | DT38: 0 | DU38: 0 | DV38: 0.00183824 | DW38: 0.00275735 | DX38: 0.00091912 | DY38: 0.00091912 | DZ38: 0.00091912 | EA38: 0.00091912 | EB38: 0.00091912 | EC38: 0.00183824 | ED38: 0 | EE38: 0.00091912 | EF38: 0.00183824 | EG38: 0.00183824 | EH38: 0.00367647 | EI38: 0.00275735 | EJ38: 0.00091912 | EK38: 0.00183824 | EL38: 0.00091912 | EM38: 0 | EN38: 0.00091912 | EO38: 0.00091912 | EP38: 0.00091912 | EQ38: 0.00091912 | ER38: 0.00183824 | ES38: 0 | ET38: 0.00091912 | EU38: 0.00183824 | EV38: 0.00091912 | EW38: 0.00091912 | EX38: 0.00183824 | EY38: 0.00091912 | EZ38: 0.00091912 | FA38: 0 | FB38: 0 | FC38: 0 | FD38: 0.00183824 | FE38: 0.00275735 | FF38: 0.00183824 | FG38: 0.00275735 | FH38: 0.00459559 | FI38: 0.00091912 | FJ38: 0.00091912 | FK38: 0.00275735 | FL38: 0.00183824 | FM38: 0.00091912 | FN38: 0.00091912 | FO38: 0 | FP38: 0.00091912 | FQ38: 0.00183824 | FR38: 0.00367647 | FS38: 0 | FT38: 0.00183824 | FU38: 0.00275735 | FV38: 0.00091912 | FW38: 0.00275735 | FX38: 0.00091912 | FY38: 0.00091912 | FZ38: 0 | GA38: 0.00183824 | GB38: 0 | GC38: 0.00091912 | GD38: 0 | GE38: 0.00367647 | GF38: 0 | GG38: 0.00183824 | GH38: 0 | GI38: 0.00091912 | GJ38: 0 | GK38: 0.00091912 | GL38: 0.00183824 | GM38: 0.00091912 | GN38: 0 | GO38: 0.00183824 | GP38: 0.00367647 | GQ38: 0 | GR38: 0 | GS38: 0.00091912 | GT38: 0.00091912 | GU38: 0 | GV38: 0.00275735 | GW38: 0.00275735 | GX38: 0 | GY38: 0.00091912 | GZ38: 0.00091912 | HA38: 0 | HB38: 0 | HC38: 0.00183824 | HD38: 0.00091912 | HE38: 0 | HF38: 0.00091912 | HG38: 0.00183824 | HH38: 0.00091912 | HI38: 0.00091912 | HJ38: 0.00183824 | HK38: 0.00091912 | HL38: 0 | HM38: 0.00275735 | HN38: 0.00183824 | HO38: 0.00091912 | HP38: 0.00091912 | HQ38: 0.00183824 | HR38: 0.00091912 | HS38: 0.00091912 | HT38: 0 | HU38: 0.00459559 | HV38: 0 | HW38: 0.00183824 | HX38: 0 | HY38: 0.00183824 | HZ38: 0 | IA38: 0.00183824 | IB38: 0.00091912 | IC38: 0.00091912 | ID38: 0 | IE38: 0 | IF38: 0.00091912 | IG38: 0 | IH38: 0 | II38: 0.00091912 | IJ38: 0.00367647 | IK38: 0.00091912 | IL38: 0.00091912 | IM38: 0 | IN38: 0.00091912 | IO38: 0.00183824 | IP38: 0.00091912 | IQ38: 0.00091912 | IR38: 0 | IS38: 0.00275735 | IT38: 0.00367647 | IU38: 0.00091912 | IV38: 0 | IW38: 0.00091912 | IX38: 0.00275735 | IY38: 0 | IZ38: 0.00183824 | JA38: 0 | JB38: 0 | JC38: 0.00183824 | JD38: 0.00275735 | JE38: 0 | JF38: 0 | JG38: 0.00183824 | JH38: 0 | JI38: 0.00091912 | JJ38: 0.00183824 | JK38: 0.00091912 | JL38: 0.00091912 | JM38: 0.00183824 | JN38: 0.00091912 | JO38: 0 | JP38: 0.00275735 | JQ38: 0 | JR38: 0 | JS38: 0.00183824 | JT38: 0 | JU38: 0.00091912 | JV38: 0.00091912 | JW38: 0 | JX38: 0 | JY38: 0 | JZ38: 0 | KA38: 0 | KB38: 0.00091912 | KC38: 0.00091912 | KD38: 0.00091912 | KE38: 0.00091912 | KF38: 0 | KG38: 0.00091912 | KH38: 0.00183824 | KI38: 0.00091912 | KJ38: 0.00183824 | KK38: 0 | KL38: 0.00091912 | KM38: 0.00091912 | KN38: 0.00183824 | KO38: 0.00091912 | KP38: 0.00183824 | KQ38: 0.00091912 | KR38: 0 | KS38: 0.00183824 | KT38: 0.00091912 | KU38: 0.00091912 | KV38: 0 | KW38: 0 | KX38: 0 | KY38: 0.00275735 | KZ38: 0 | LA38: 0.00091912 | LB38: 0.00183824 | LC38: 0 | LD38: 0.00183824 | LE38: 0.00091912 | LF38: 0.00091912 | LG38: 0.00183824 | LH38: 0.00091912 | LI38: 0.00091912 | LJ38: 0.00183824 | LK38: 0.00091912 | LL38: 0.00367647 | LM38: 0.00275735 | LN38: 0.00091912 | LO38: 0.00183824 | LP38: 0 | LQ38: 0 | LR38: 0 | LS38: 0 | LT38: 0 | LU38: 0.00091912 | LV38: 0 | LW38: 0.00091912 | LX38: 0.00275735 | LY38: 0.00183824 | LZ38: 0 | MA38: 0.00091912 | MB38: 0 | MC38: 0 | MD38: 0.00183824 | ME38: 0 | MF38: 0 | MG38: 0.00275735 | MH38: 0.00091912 | MI38: 0 | MJ38: 0.00091912 | MK38: 0 | ML38: 0 | MM38: 0.00091912 | MN38: 0 | MO38: 0.00183824 | MP38: 0 | MQ38: 0 | MR38: 0.00183824
