Workbook

Sheet Summary_RTD
A1: 20250728~20250803 | B1: CP/FT | C1: Total IC | D1: Throughput | E1: Yield | G1: 20250728~20250803 | H1: CP/FT | I1: RTD No. | K1: Total IC | L1: Throughput | M1: Yield
A2: RL6982 Merlin9 | B2: CP | C2: 448147 | D2: 401507 | E2: 0.8959 | G2: RL6982 Merlin9 | H2: CP | I2: RL6982 | K2: 448147 | L2: 401507 | M2: 0.8959
B3: FT1 | C3: 360336 | D3: 358677 | E3: 0.9954 | H3: FT1 | I3: RTD2875QDA_HD_TA01 | K3: 104240 | L3: 103717 | M3: 0.995
A4: RL6963 Mac8q | B4: CP | C4: 41932 | D4: 37722 | E4: 0.8996 | I4: RTD2875QDA_TA01 | K4: 256096 | L4: 254960 | M4: 0.9956
B5: FT1 | C5: 131349 | D5: 130770 | E5: 0.9956 | G5: RL6963 Mac8q | H5: CP | I5: RL6963 | K5: 41932 | L5: 37722 | M5: 0.8996
B6: FT2 | C6: 137095 | D6: 136588 | E6: 0.9963 | H6: FT1 | I6: RTD2841FLW_TA01 | K6: 37220 | L6: 37133 | M6: 0.9977
A7: RL6896 Dante | B7: CP | C7: 0 | D7: 0 | I7: RTD2864FLV_TA01 | K7: 73231 | L7: 72862 | M7: 0.995
B8: FT1 | C8: 0 | D8: 0 | I8: RTD2851FCA_TA01 | K8: 20898 | L8: 20775 | M8: 0.9941
A9: RL6866 Mac8p | B9: CP | C9: 0 | D9: 0 | H9: FT2 | I9: RTD2841FLW | K9: 137095 | L9: 136588 | M9: 0.9963
A10: RL6856 Merlin8 | B10: CP | C10: 104512 | D10: 87433 | E10: 0.8366 | G10: RL6896 Dante | H10: CP | I10: RL6896 | K10: 0 | L10: 0
B11: FT1 | C11: 49452 | D11: 49080 | E11: 0.9925 | G11: RL6866 Mac8p | H11: CP | I11: RL6866 | K11: 0 | L11: 0
B12: FT2 | C12: 42038 | D12: 41932 | E12: 0.9975 | G12: RL6856 Merlin8 | H12: CP | I12: RL6856 | K12: 104512 | L12: 87433 | M12: 0.8366
A13: RL6750 H5C2 | B13: CP | C13: 0 | D13: 0 | H13: FT1 | I13: RTD2886NSS_SC_FT1_TA01 | K13: 16631 | L13: 16565 | M13: 0.996
A14: RL6748 Merlin7 | B14: CP | C14: 100806 | D14: 86516 | E14: 0.8582 | I14: RTD2885PDM_FT1_TA01 | K14: 32821 | L14: 32515 | M14: 0.9907
B15: FT1 | C15: 240177 | D15: 239333 | E15: 0.9965 | H15: FT2 | I15: RTD2885PDM | K15: 12464 | L15: 12463 | M15: 0.9999
B16: FT2 | C16: 41864 | D16: 41813 | E16: 0.9988 | I16: RTD2818AWA_SC_FT2_TA01 | K16: 4627 | L16: 4556 | M16: 0.9847
A17: RL6746 MIO | B17: CP | C17: 0 | D17: 0 | I17: RTD2886NSP_SC_FT2_TA01 | K17: 24947 | L17: 24913 | M17: 0.9986
A18: RL6708 Bridge | B18: CP | C18: 0 | D18: 0 | G18: RL6750 H5C2 | H18: CP | I18: RL6750 | K18: 0 | L18: 0
B19: FT1 | C19: 7324 | D19: 7319 | E19: 0.9993 | G19: RL6748 Merlin7 | H19: CP | I19: RL6748 | K19: 100806 | L19: 86516 | M19: 0.8582
A20: RL6681 ATSC3 | B20: CP | C20: 0 | D20: 0 | H20: FT1 | I20: RTD2875NDB_LC_TA01 | K20: 33982 | L20: 33831 | M20: 0.9956
B21: FT1 | C21: 0 | D21: 0 | I21: RTD2875PSA_SC_TA01 | K21: 37935 | L21: 37835 | M21: 0.9974
A22: RL6672 Merlin6 | B22: CP | C22: 0 | D22: 0 | I22: RTD2874WDA_SC_TA01 | K22: 13200 | L22: 13154 | M22: 0.9965
B23: FT1 | C23: 3648 | D23: 3610 | E23: 0.9896 | I23: RTD2875PSP_SC_TA01 | K23: 65214 | L23: 64969 | M23: 0.9962
B24: FT2 | C24: 803 | D24: 803 | E24: 1 | I24: RTD2875PZK_SC_TA01 | K24: 24541 | L24: 24517 | M24: 0.999
A25: RL6641 Mac7p | B25: CP | C25: 131384 | D25: 119500 | E25: 0.9095 | I25: RTD2875NAA_SC_TA01 | K25: 9210 | L25: 9155 | M25: 0.994
B26: FT1 | C26: 47439 | D26: 47069 | E26: 0.9922 | I26: RTD2875NDA_LC_TA01 | K26: 14381 | L26: 14312 | M26: 0.9952
A27: RL6617 Merlin5 | B27: CP | C27: 0 | D27: 0 | I27: RTD2875PNJ_SND_TA01 | K27: 11906 | L27: 11850 | M27: 0.9953
B28: FT1 | C28: 13306 | D28: 13267 | E28: 0.9971 | I28: RTD2875PCK_SC_TA01 | K28: 29808 | L28: 29710 | M28: 0.9967
B29: FT2 | C29: 0 | D29: 0 | H29: FT2 | I29: RTD2875NDB_C_FT2 | K29: 5255 | L29: 5255 | M29: 1
I30: RTD2875_C_FT2 | K30: 36609 | L30: 36558 | M30: 0.9986
G31: RL6746 MIO | H31: CP | I31: RL6746 | K31: 0 | L31: 0
G32: RL6708 Bridge | H32: CP | I32: RL6708 | K32: 0 | L32: 0
H33: FT1 | I33: RTD2800TR | K33: 7324 | L33: 7319 | M33: 0.9993
G34: RL6681 ATSC3 | H34: CP | I34: RL6681 | K34: 0 | L34: 0
G35: RL6672 Merlin6 | H35: CP | I35: RL6672 | K35: 0 | L35: 0
H36: FT1 | I36: RTD2873ASR_HVC | J36: Sony DDR4(2G/三星) | K36: 811 | L36: 803 | M36: 0.9901
I37: RTD2873ASS_HVF | K37: 2837 | L37: 2807 | M37: 0.9894
H38: FT2 | I38: RTD2875SF_SONY_FT2 | J38: Sony FT2 | K38: 803 | L38: 803 | M38: 1
G39: RL6641 Mac7p | H39: CP | I39: RL6641 | K39: 131384 | L39: 119500 | M39: 0.9095
H40: FT1 | I40: RTD2851ASS_PS | K40: 763 | L40: 758 | M40: 0.9934
I41: RTD2841ASS_PS_TA01 | K41: 24508 | L41: 24291 | M41: 0.9911
I42: RTD2841ACM_PS_TA01 | K42: 18926 | L42: 18834 | M42: 0.9951
I43: RTD2841ACS_PS_TA01 | K43: 3242 | L43: 3186 | M43: 0.9827
G44: RL6617 Merlin5 | H44: CP | I44: RL6617 | K44: 0 | L44: 0
H45: FT1 | I45: RTD2851MCJSB | K45: 13306 | L45: 13267 | M45: 0.9971

Sheet Top_all
A1: Project | B1: CP/FT | C1: RTD No. | E1: ECN Ver. | G1: summary | H1: Y25_W31 | J1: Top1 | K1: Top2 | L1: Top3 | M1: Top4 | N1: Top5 | O1: Top6 | P1: Top7 | Q1: Top8 | R1: Top9 | S1: Top10 | Y1: Project | Z1: CP/FT | AA1: RTD No. | AC1: ECN Ver. | AD1: Total IC | AE1: Throughput | AF1: Yield | AG1: Top1 | AH1: Top2 | AI1: Top3 | AJ1: Top4 | AK1: Top5 | AL1: Top6 | AM1: Top7 | AN1: Top8 | AO1: Top9 | AP1: Top10
A2: RL6982 Merlin9 | B2: CP | C2: RL6982 | E2: V03 | F2: Total IC | G2: 448147 | H2: 448147 | I2: Test item | J2: cp_mode2_saf_spc30_comp | K2: cp_mode3_saf_comp | L2: all_bist_wo_ETN_HV | M2: cp_mode1_saf_comp | N2: cp_mode0_saf_comp | O2: SCPU_L3_BISR_HV | P2: scpu_bist_all_1p2_HV | Q2: PowerShort | R2: all_bisr_drf_mp_BISR_HV | S2: EJTAG_GPU_BIST_HV | Y2: RL6982 Merlin9 | Z2: CP | AA2: RL6982 | AC2: V03 | AD2: 448147 | AE2: 401507 | AF2: 0.8959 | AG2: cp_mode2_saf_spc30_comp(12155ea,2.71%) | AH2: cp_mode3_saf_comp(7552ea,1.69%) | AI2: all_bist_wo_ETN_HV(6088ea,1.36%) | AJ2: cp_mode1_saf_comp(4526ea,1.01%) | AK2: cp_mode0_saf_comp(4160ea,0.93%) | AL2: SCPU_L3_BISR_HV(1726ea,0.39%) | AM2: scpu_bist_all_1p2_HV(1120ea,0.25%) | AN2: PowerShort(1120ea,0.25%) | AO2: all_bisr_drf_mp_BISR_HV(957ea,0.21%) | AP2: EJTAG_GPU_BIST_HV(677ea,0.15%)
F3: Throughput | G3: 401507 | H3: 401507 | I3: q'ty | J3: 12155 | K3: 7552 | L3: 6088 | M3: 4526 | N3: 4160 | O3: 1726 | P3: 1120 | Q3: 1120 | R3: 957 | S3: 677 | Z3: FT1 | AA3: RTD2875QDA_HD_TA01 | AC3: V02 | AD3: 82997 | AE3: 82572 | AF3: 0.9949 | AG3: DDR4_2G_3000_SS_single_RW_FT(121ea,0.15%) | AH3: DDR4_2G_3000_SS_FRC_ZQp5p(72ea,0.09%) | AI3: OS_500uA(50ea,0.06%) | AJ3: FW_other(50ea,0.06%) | AK3: USB2_disconnect_mea(39ea,0.05%) | AL3: PowerShort(15ea,0.02%) | AM3: IDDQ(15ea,0.02%) | AN3: FW_MULTI_CORE_TEST(10ea,0.01%) | AO3: all_bisr_drf(8ea,0.01%) | AP3: Wire_Bond_Leak(7ea,0.01%)
F4: Yield | G4: 0.8959 | H4: 0.8959 | I4: % | J4: 0.0271 | K4: 0.0169 | L4: 0.0136 | M4: 0.0101 | N4: 0.0093 | O4: 0.0039 | P4: 0.0025 | Q4: 0.0025 | R4: 0.0021 | S4: 0.0015 | Z4: FT1 | AA4: RTD2875QDA_TA01 | AC4: V03 | AD4: 155493 | AE4: 154909 | AF4: 0.9962 | AG4: DDR4_2G_3000_SS_single_RW_FT(154ea,0.10%) | AH4: FW_other(118ea,0.08%) | AI4: DDR4_2G_3000_SS_FRC_ZQp5p(98ea,0.06%) | AJ4: OS_500uA(43ea,0.03%) | AK4: VDC02_FT02_SNR(19ea,0.01%) | AL4: all_bisr_drf(17ea,0.01%) | AM4: scpu_bist_all_1p2_HV(16ea,0.01%) | AN4: IFD_FT03_IADC_ramp(13ea,0.01%) | AO4: PowerShort(10ea,0.01%) | AP4: USB2_disconnect_mea(9ea,0.01%)
B5: FT1 | C5: RTD2875QDA_HD_TA01 | E5: V02 | F5: Total IC | G5: 82997 | H5: 82997 | I5: Test item | J5: DDR4_2G_3000_SS_single_RW_FT | K5: DDR4_2G_3000_SS_FRC_ZQp5p | L5: OS_500uA | M5: FW_other | N5: USB2_disconnect_mea | O5: PowerShort | P5: IDDQ | Q5: FW_MULTI_CORE_TEST | R5: all_bisr_drf | S5: Wire_Bond_Leak | Z5: FT1 | AA5: RTD2875QDA_TA01 | AC5: V02 | AD5: 100603 | AE5: 100051 | AF5: 0.9945 | AG5: DDR4_2G_3000_SS_single_RW_FT(176ea,0.17%) | AH5: DDR4_2G_3000_SS_FRC_ZQp5p(106ea,0.11%) | AI5: FW_other(81ea,0.08%) | AJ5: OS_500uA(67ea,0.07%) | AK5: USB2_disconnect_mea(44ea,0.04%) | AL5: PowerShort(25ea,0.02%) | AM5: Wire_Bond_Leak(9ea,0.01%) | AN5: ETN_TX_MDI(6ea,0.01%) | AO5: all_bisr_drf(5ea,0.00%) | AP5: HDMI20_250M_mm(4ea,0.00%)
F6: Throughput | G6: 82572 | H6: 82572 | I6: q'ty | J6: 121 | K6: 72 | L6: 50 | M6: 50 | N6: 39 | O6: 15 | P6: 15 | Q6: 10 | R6: 8 | S6: 7 | Z6: FT1 | AA6: RTD2875QDA_HD_TA01 | AC6: V03 | AD6: 21243 | AE6: 21145 | AF6: 0.9954 | AG6: DDR4_2G_3000_SS_single_RW_FT(34ea,0.16%) | AH6: DDR4_2G_3000_SS_FRC_ZQp5p(26ea,0.12%) | AI6: FW_other(11ea,0.05%) | AJ6: USB2_disconnect_mea(6ea,0.03%) | AK6: OS_500uA(5ea,0.02%) | AL6: PowerShort(5ea,0.02%) | AM6: all_bisr_drf(3ea,0.01%) | AN6: Wire_Bond_Leak(2ea,0.01%) | AO6: FW_MULTI_CORE_TEST(1ea,0.00%) | AP6: PIF_LVDS_FT(1ea,0.00%)
F7: Yield | G7: 0.9949 | H7: 0.9949 | I7: % | J7: 0.0015 | K7: 0.0009 | L7: 0.0006 | M7: 0.0006 | N7: 0.0005 | O7: 0.0002 | P7: 0.0002 | Q7: 0.0001 | R7: 0.0001 | S7: 0.0001 | Y7: RL6963 Mac8q | Z7: CP | AA7: RL6963 | AC7: V07 | AD7: 41932 | AE7: 37722 | AF7: 0.8996 | AG7: cp_mode1_saf_comp_B(1043ea,2.49%) | AH7: cp_mode0_saf_comp(683ea,1.63%) | AI7: cp_mode2_saf_comp_B(499ea,1.19%) | AJ7: all_bist_m_0217_p1_BIST_LDOoff_OC700_HV(394ea,0.94%) | AK7: cp_mode1_tdf_cov70_comp_HV(220ea,0.52%) | AL7: mac8p_scpu_bisr_bist_drf_etn_phy_LV_only_drf_0214(178ea,0.42%) | AM7: IDD(167ea,0.40%) | AN7: os(96ea,0.23%) | AO7: PowerShort(88ea,0.21%) | AP7: cp_mode2_tdf_mask_dp14_dpll_plp25_Bcut_cov70_comp_HV(69ea,0.16%)
B8: FT1 | C8: RTD2875QDA_TA01 | E8: V03 | F8: Total IC | G8: 155493 | H8: 155493 | I8: Test item | J8: DDR4_2G_3000_SS_single_RW_FT | K8: FW_other | L8: DDR4_2G_3000_SS_FRC_ZQp5p | M8: OS_500uA | N8: VDC02_FT02_SNR | O8: all_bisr_drf | P8: scpu_bist_all_1p2_HV | Q8: IFD_FT03_IADC_ramp | R8: PowerShort | S8: USB2_disconnect_mea | Z8: FT1 | AA8: RTD2841FLW_TA01 | AC8: V10 | AD8: 37220 | AE8: 37133 | AF8: 0.9977 | AG8: FW_other(24ea,0.06%) | AH8: all_bist_m_0217_p1_BIST_LDOon_HV(19ea,0.05%) | AI8: all_bist_m_0217_p5_scpu_bist_LDOon_HV(6ea,0.02%) | AJ8: FW_HDMI_4K60(6ea,0.02%) | AK8: D4_2666M_FRC_4K60_uhd_LB_FT(4ea,0.01%) | AL8: os(3ea,0.01%) | AM8: power_short(3ea,0.01%) | AN8: FW_Multi_core_test_1(3ea,0.01%) | AO8: ETN_MLT3(3ea,0.01%) | AP8: SCPU_BISR_HV(2ea,0.01%)
F9: Throughput | G9: 154909 | H9: 154909 | I9: q'ty | J9: 154 | K9: 118 | L9: 98 | M9: 43 | N9: 19 | O9: 17 | P9: 16 | Q9: 13 | R9: 10 | S9: 9 | Z9: FT1 | AA9: RTD2864FLV_TA01 | AC9: V10 | AD9: 73231 | AE9: 72862 | AF9: 0.995 | AG9: FW_other(143ea,0.20%) | AH9: FW_HDMI_4K60(61ea,0.08%) | AI9: D4_2666M_FRC_4K60_uhd_LB_FT(38ea,0.05%) | AJ9: os(26ea,0.04%) | AK9: all_bist_m_0217_p1_BIST_LDOon_HV(22ea,0.03%) | AL9: ETN_MLT3(15ea,0.02%) | AM9: PIF_LVDS_FT(12ea,0.02%) | AN9: power_short(8ea,0.01%) | AO9: PIF_PP_FT_780M(4ea,0.01%) | AP9: IFD_FT02(4ea,0.01%)
F10: Yield | G10: 0.9962 | H10: 0.9962 | I10: % | J10: 0.001 | K10: 0.0008 | L10: 0.0006 | M10: 0.0003 | N10: 0.0001 | O10: 0.0001 | P10: 0.0001 | Q10: 0.0001 | R10: 0.0001 | S10: 0.0001 | Z10: FT1 | AA10: RTD2851FCA_TA01 | AC10: V10 | AD10: 20898 | AE10: 20775 | AF10: 0.9941 | AG10: FW_other(43ea,0.21%) | AH10: FW_HDMI_4K60(24ea,0.11%) | AI10: PIF_LVDS_FT(12ea,0.06%) | AJ10: D4_2666M_FRC_4K60_uhd_LB_FT(11ea,0.05%) | AK10: all_bist_m_0217_p1_BIST_LDOon_HV(5ea,0.02%) | AL10: FW_EMMC(3ea,0.01%) | AM10: os(3ea,0.01%) | AN10: power_short(3ea,0.01%) | AO10: IFD_FT02(2ea,0.01%) | AP10: IFD_FT03_IADC_ramp(2ea,0.01%)
B11: FT1 | C11: RTD2875QDA_TA01 | E11: V02 | F11: Total IC | G11: 100603 | H11: 100603 | I11: Test item | J11: DDR4_2G_3000_SS_single_RW_FT | K11: DDR4_2G_3000_SS_FRC_ZQp5p | L11: FW_other | M11: OS_500uA | N11: USB2_disconnect_mea | O11: PowerShort | P11: Wire_Bond_Leak | Q11: ETN_TX_MDI | R11: all_bisr_drf | S11: HDMI20_250M_mm | Z11: FT2 | AA11: RTD2841FLW | AC11: V01 | AD11: 137095 | AE11: 136588 | AF11: 0.9963 | AG11: USB2_Swing(323ea,0.24%) | AH11: IDDQ(171ea,0.12%) | AI11: USB2_Disconnect_trim(6ea,0.00%) | AJ11: Chip_ID_B(4ea,0.00%) | AK11: Wire_bond_leak(3ea,0.00%)
F12: Throughput | G12: 100051 | H12: 100051 | I12: q'ty | J12: 176 | K12: 106 | L12: 81 | M12: 67 | N12: 44 | O12: 25 | P12: 9 | Q12: 6 | R12: 5 | S12: 4 | Y12: RL6856 Merlin8 | Z12: CP | AA12: RL6856 | AC12: V10 | AD12: 104512 | AE12: 87433 | AF12: 0.8366 | AG12: cp_mode2_saf_comp_24ns(3191ea,3.05%) | AH12: cp_mode3_saf_comp_VT(2640ea,2.53%) | AI12: all_bist_mp_gpu_HV(2618ea,2.50%) | AJ12: cp_mode1_saf_comp(1249ea,1.20%) | AK12: cp_mode0_saf_comp(1143ea,1.09%) | AL12: all_bist_mp_gpu_LV(1136ea,1.09%) | AM12: IDD(754ea,0.72%) | AN12: power_short(543ea,0.52%) | AO12: core_scpu_power_IDD_spec(416ea,0.40%) | AP12: cp_mode3_tdf_c5_comp_HV_24ns(329ea,0.31%)
F13: Yield | G13: 0.9945 | H13: 0.9945 | I13: % | J13: 0.0017 | K13: 0.0011 | L13: 0.0008 | M13: 0.0007 | N13: 0.0004 | O13: 0.0002 | P13: 0.0001 | Q13: 0.0001 | R13: 0 | S13: 0 | Z13: FT1 | AA13: RTD2886NSS_SC_FT1_TA01 | AC13: V08 | AD13: 16631 | AE13: 16565 | AF13: 0.996 | AG13: FW_USB(36ea,0.22%) | AH13: ddr_single_rw(8ea,0.05%) | AI13: FW_MEMC(5ea,0.03%) | AJ13: FW_VE(4ea,0.02%) | AK13: IDDQ(3ea,0.02%) | AL13: ddr_FRC_CN_n5percent(2ea,0.01%) | AM13: Power_Short(2ea,0.01%) | AN13: FW_ETN(1ea,0.01%) | AO13: Thermal_IDD_comp_4K(1ea,0.01%) | AP13: set-error-bin(1ea,0.01%)
B14: FT1 | C14: RTD2875QDA_HD_TA01 | E14: V03 | F14: Total IC | G14: 21243 | H14: 21243 | I14: Test item | J14: DDR4_2G_3000_SS_single_RW_FT | K14: DDR4_2G_3000_SS_FRC_ZQp5p | L14: FW_other | M14: USB2_disconnect_mea | N14: OS_500uA | O14: PowerShort | P14: all_bisr_drf | Q14: Wire_Bond_Leak | R14: FW_MULTI_CORE_TEST | S14: PIF_LVDS_FT | Z14: FT1 | AA14: RTD2885PDM_FT1_TA01 | AC14: V06 | AD14: 32821 | AE14: 32515 | AF14: 0.9907 | AG14: FW_M8(164ea,0.50%) | AH14: HDMI_12G(63ea,0.19%) | AI14: DDR_single_RW_D4(30ea,0.09%) | AJ14: VDC01_FT01_SNR(14ea,0.04%) | AK14: Power_Short(10ea,0.03%) | AL14: DDR_ZQ_P(8ea,0.02%) | AM14: set-error-bin(5ea,0.02%) | AN14: IDDQ(2ea,0.01%) | AO14: HDMI_0p25G(2ea,0.01%) | AP14: OS_500uA(2ea,0.01%)
F15: Throughput | G15: 21145 | H15: 21145 | I15: q'ty | J15: 34 | K15: 26 | L15: 11 | M15: 6 | N15: 5 | O15: 5 | P15: 3 | Q15: 2 | R15: 1 | S15: 1 | Z15: FT2 | AA15: RTD2885PDM | AC15: V04 | AD15: 12464 | AE15: 12463 | AF15: 0.9999 | AG15: USB2_Swing(1ea,0.01%)
F16: Yield | G16: 0.9954 | H16: 0.9954 | I16: % | J16: 0.0016 | K16: 0.0012 | L16: 0.0005 | M16: 0.0003 | N16: 0.0002 | O16: 0.0002 | P16: 0.0001 | Q16: 0.0001 | R16: 0 | S16: 0 | Z16: FT2 | AA16: RTD2818AWA_SC_FT2_TA01 | AC16: V03 | AD16: 4627 | AE16: 4556 | AF16: 0.9847 | AG16: DPRX_AUX_TX_Z0(66ea,1.43%) | AH16: USB2_Disconnect_trim(5ea,0.11%)
A17: RL6963 Mac8q | B17: CP | C17: RL6963 | E17: V07 | F17: Total IC | G17: 41932 | H17: 41932 | I17: Test item | J17: cp_mode1_saf_comp_B | K17: cp_mode0_saf_comp | L17: cp_mode2_saf_comp_B | M17: all_bist_m_0217_p1_BIST_LDOoff_OC700_HV | N17: cp_mode1_tdf_cov70_comp_HV | O17: mac8p_scpu_bisr_bist_drf_etn_phy_LV_only_drf_0214 | P17: IDD | Q17: os | R17: PowerShort | S17: cp_mode2_tdf_mask_dp14_dpll_plp25_Bcut_cov70_comp_HV | Z17: FT2 | AA17: RTD2886NSP_SC_FT2_TA01 | AC17: V04 | AD17: 24947 | AE17: 24913 | AF17: 0.9986 | AG17: USB2_Disconnect_trim(31ea,0.12%) | AH17: Wire_bond_leak(1ea,0.00%) | AI17: OS_2mA(1ea,0.00%) | AJ17: USB2_Squelch_trim(1ea,0.00%)
F18: Throughput | G18: 37722 | H18: 37722 | I18: q'ty | J18: 1043 | K18: 683 | L18: 499 | M18: 394 | N18: 220 | O18: 178 | P18: 167 | Q18: 96 | R18: 88 | S18: 69 | Y18: RL6748 Merlin7 | Z18: CP | AA18: RL6748 | AC18: V25 | AD18: 100806 | AE18: 86516 | AF18: 0.8582 | AG18: all_bist_mp_scpu_all_bist_1106_CLK144_GPU_ETN_HV(2879ea,2.86%) | AH18: cp_mode0_saf_0to90_comp_C(2762ea,2.74%) | AI18: cp_mode2_saf_0to90_comp_C_slow(1982ea,1.97%) | AJ18: cp_mode1_saf_0to90_comp_C(1288ea,1.28%) | AK18: IDD(1214ea,1.20%) | AL18: cp_mode0_0_tdf_lp8_cat_comp_C_LV(790ea,0.78%) | AM18: cp_mode0_2_sdd_se0_a75_lp14_dsu_lp28_cat_cs1013_comp_LV(563ea,0.56%) | AN18: PowerShort(424ea,0.42%) | AO18: OTP_iddq_rtk(274ea,0.27%) | AP18: cp_mode0_tdf_se0_l3mcp_ttr_cov70_comp_HV(252ea,0.25%)
F19: Yield | G19: 0.8996 | H19: 0.8996 | I19: % | J19: 0.0249 | K19: 0.0163 | L19: 0.0119 | M19: 0.0094 | N19: 0.0052 | O19: 0.0042 | P19: 0.004 | Q19: 0.0023 | R19: 0.0021 | S19: 0.0016 | Z19: FT1 | AA19: RTD2875NDB_LC_TA01 | AC19: V25 | AD19: 33982 | AE19: 33831 | AF19: 0.9956 | AG19: DDR_1p5GB_FRC_HV_1st(84ea,0.25%) | AH19: OS_500uA(19ea,0.06%) | AI19: HDMI20_6G_VB(12ea,0.04%) | AJ19: HDMI20_1p5G(7ea,0.02%) | AK19: DDR_1p5GB_MD(3ea,0.01%) | AL19: Power_Short(3ea,0.01%) | AM19: FW_MD_Domain(3ea,0.01%) | AN19: DDR_1p5GB_FRC_LV(3ea,0.01%) | AO19: IDDQ(3ea,0.01%) | AP19: FW_M7(2ea,0.01%)
B20: FT1 | C20: RTD2841FLW_TA01 | E20: V10 | F20: Total IC | G20: 37220 | H20: 37220 | I20: Test item | J20: FW_other | K20: all_bist_m_0217_p1_BIST_LDOon_HV | L20: all_bist_m_0217_p5_scpu_bist_LDOon_HV | M20: FW_HDMI_4K60 | N20: D4_2666M_FRC_4K60_uhd_LB_FT | O20: os | P20: power_short | Q20: FW_Multi_core_test_1 | R20: ETN_MLT3 | S20: SCPU_BISR_HV | Z20: FT1 | AA20: RTD2875PSA_SC_TA01 | AC20: V12 | AD20: 37935 | AE20: 37835 | AF20: 0.9974 | AG20: FW_other(47ea,0.12%) | AH20: HDMI20_6G_VB(12ea,0.03%) | AI20: OS_500uA(9ea,0.02%) | AJ20: HDMI20_1p5G(8ea,0.02%) | AK20: FW_VDC_PQ(4ea,0.01%) | AL20: FW_ETN(4ea,0.01%) | AM20: FW_MTEST(3ea,0.01%) | AN20: BB_FT01(2ea,0.01%) | AO20: USB_disconnect_trim(2ea,0.01%) | AP20: FW_MEMC(2ea,0.01%)
F21: Throughput | G21: 37133 | H21: 37133 | I21: q'ty | J21: 24 | K21: 19 | L21: 6 | M21: 6 | N21: 4 | O21: 3 | P21: 3 | Q21: 3 | R21: 3 | S21: 2 | Z21: FT1 | AA21: RTD2874WDA_SC_TA01 | AC21: V25 | AD21: 13200 | AE21: 13154 | AF21: 0.9965 | AG21: DDR_1p5GB_FRC_HV_1st(20ea,0.15%) | AH21: OS_500uA(8ea,0.06%) | AI21: Power_Short(3ea,0.02%) | AJ21: POR(2ea,0.02%) | AK21: BB_FT01(2ea,0.02%) | AL21: HDMI20_6G_VB(2ea,0.02%) | AM21: HDMI20_1p5G(2ea,0.02%) | AN21: FW_MD_Domain(2ea,0.02%) | AO21: DDR_1p5GB_MD(1ea,0.01%) | AP21: ETN_TX_FT0(1ea,0.01%)
F22: Yield | G22: 0.9977 | H22: 0.9977 | I22: % | J22: 0.0006 | K22: 0.0005 | L22: 0.0002 | M22: 0.0002 | N22: 0.0001 | O22: 0.0001 | P22: 0.0001 | Q22: 0.0001 | R22: 0.0001 | S22: 0.0001 | Z22: FT1 | AA22: RTD2875PSP_SC_TA01 | AC22: V12 | AD22: 65214 | AE22: 64969 | AF22: 0.9962 | AG22: FW_other(94ea,0.14%) | AH22: FW_VDC_PQ(39ea,0.06%) | AI22: FW_MD_Domain(29ea,0.04%) | AJ22: OS_500uA(23ea,0.04%) | AK22: USB_squelch_trim(17ea,0.03%) | AL22: HDMI20_6G_VB(9ea,0.01%) | AM22: OS_2mA(7ea,0.01%) | AN22: Power_Short(6ea,0.01%) | AO22: FW_VE_Encode(3ea,0.00%) | AP22: BB_FT01(2ea,0.00%)
B23: FT1 | C23: RTD2864FLV_TA01 | E23: V10 | F23: Total IC | G23: 73231 | H23: 73231 | I23: Test item | J23: FW_other | K23: FW_HDMI_4K60 | L23: D4_2666M_FRC_4K60_uhd_LB_FT | M23: os | N23: all_bist_m_0217_p1_BIST_LDOon_HV | O23: ETN_MLT3 | P23: PIF_LVDS_FT | Q23: power_short | R23: PIF_PP_FT_780M | S23: IFD_FT02 | Z23: FT1 | AA23: RTD2875PZK_SC_TA01 | AC23: V12 | AD23: 24541 | AE23: 24517 | AF23: 0.999 | AG23: FW_other(7ea,0.03%) | AH23: HDMI20_6G_VB(4ea,0.02%) | AI23: OS_500uA(3ea,0.01%) | AJ23: HDMI20_1p5G(3ea,0.01%) | AK23: FW_MTEST(2ea,0.01%) | AL23: FW_VE_Encode(2ea,0.01%) | AM23: FW_USB(1ea,0.00%) | AN23: Power_Short(1ea,0.00%) | AO23: FW_VDC_PQ(1ea,0.00%)
F24: Throughput | G24: 72862 | H24: 72862 | I24: q'ty | J24: 143 | K24: 61 | L24: 38 | M24: 26 | N24: 22 | O24: 15 | P24: 12 | Q24: 8 | R24: 4 | S24: 4 | Z24: FT1 | AA24: RTD2875NAA_SC_TA01 | AC24: V25 | AD24: 9210 | AE24: 9155 | AF24: 0.994 | AG24: DDR_1p5GB_FRC_HV_1st(19ea,0.21%) | AH24: VDC03_FT02_INL_DNL(12ea,0.13%) | AI24: OS_500uA(11ea,0.12%) | AJ24: atsc_IFD_FT02_ramp_12b(3ea,0.03%) | AK24: FW_USB(2ea,0.02%) | AL24: atsc_IFD_FT01_12b(1ea,0.01%) | AM24: HDMI20_1p5G(1ea,0.01%) | AN24: HDMI20_6G_VB(1ea,0.01%) | AO24: IDDQ(1ea,0.01%) | AP24: VDC01_FT01_SNR(1ea,0.01%)
F25: Yield | G25: 0.995 | H25: 0.995 | I25: % | J25: 0.002 | K25: 0.0008 | L25: 0.0005 | M25: 0.0004 | N25: 0.0003 | O25: 0.0002 | P25: 0.0002 | Q25: 0.0001 | R25: 0.0001 | S25: 0.0001 | Z25: FT1 | AA25: RTD2875NDA_LC_TA01 | AC25: V25 | AD25: 14381 | AE25: 14312 | AF25: 0.9952 | AG25: DDR_1p5GB_FRC_HV_1st(27ea,0.19%) | AH25: FW_VDC_PQ(9ea,0.06%) | AI25: HDMI20_6G_VB(4ea,0.03%) | AJ25: OS_500uA(4ea,0.03%) | AK25: DDR_1p5GB_MD(4ea,0.03%) | AL25: FW_M7(3ea,0.02%) | AM25: Power_Short(3ea,0.02%) | AN25: USB_squelch_trim(3ea,0.02%) | AO25: wafer_info(3ea,0.02%) | AP25: FW_MD_Domain(2ea,0.01%)
B26: FT1 | C26: RTD2851FCA_TA01 | E26: V10 | F26: Total IC | G26: 20898 | H26: 20898 | I26: Test item | J26: FW_other | K26: FW_HDMI_4K60 | L26: PIF_LVDS_FT | M26: D4_2666M_FRC_4K60_uhd_LB_FT | N26: all_bist_m_0217_p1_BIST_LDOon_HV | O26: FW_EMMC | P26: os | Q26: power_short | R26: IFD_FT02 | S26: IFD_FT03_IADC_ramp | Z26: FT1 | AA26: RTD2875PNJ_SND_TA01 | AC26: V12 | AD26: 11906 | AE26: 11850 | AF26: 0.9953 | AG26: FW_other(17ea,0.14%) | AH26: OS_2mA(11ea,0.09%) | AI26: OS_500uA(8ea,0.07%) | AJ26: HDMI20_6G_VB(5ea,0.04%) | AK26: USB_squelch_trim(3ea,0.03%) | AL26: FW_USB(3ea,0.03%) | AM26: USB_disconnect_trim(3ea,0.03%) | AN26: FW_VE_Encode(2ea,0.02%) | AO26: HDMI20_1p5G(1ea,0.01%) | AP26: ETN_TX_FT0(1ea,0.01%)
F27: Throughput | G27: 20775 | H27: 20775 | I27: q'ty | J27: 43 | K27: 24 | L27: 12 | M27: 11 | N27: 5 | O27: 3 | P27: 3 | Q27: 3 | R27: 2 | S27: 2 | Z27: FT1 | AA27: RTD2875PCK_SC_TA01 | AC27: V12 | AD27: 29808 | AE27: 29710 | AF27: 0.9967 | AG27: FW_other(52ea,0.17%) | AH27: FW_MD_Domain(14ea,0.05%) | AI27: OS_500uA(8ea,0.03%) | AJ27: HDMI20_6G_VB(4ea,0.01%) | AK27: FW_VDE(3ea,0.01%) | AL27: OS_2mA(2ea,0.01%) | AM27: USB_squelch_trim(2ea,0.01%) | AN27: HDMI20_1p5G(2ea,0.01%) | AO27: Power_Short(2ea,0.01%) | AP27: BB_FT01(2ea,0.01%)
F28: Yield | G28: 0.9941 | H28: 0.9941 | I28: % | J28: 0.0021 | K28: 0.0011 | L28: 0.0006 | M28: 0.0005 | N28: 0.0002 | O28: 0.0001 | P28: 0.0001 | Q28: 0.0001 | R28: 0.0001 | S28: 0.0001 | Z28: FT2 | AA28: RTD2875NDB_C_FT2 | AC28: V06 | AD28: 5255 | AE28: 5255 | AF28: 1
B29: FT2 | C29: RTD2841FLW | E29: V01 | F29: Total IC | G29: 137095 | H29: 137095 | I29: Test item | J29: USB2_Swing | K29: IDDQ | L29: USB2_Disconnect_trim | M29: Chip_ID_B | N29: Wire_bond_leak | Z29: FT2 | AA29: RTD2875_C_FT2 | AC29: V07 | AD29: 36609 | AE29: 36558 | AF29: 0.9986 | AG29: PIF_CML_SWING_CAL(45ea,0.12%) | AH29: HDMI_Z0_N(3ea,0.01%) | AI29: por(1ea,0.00%) | AJ29: OTP_PIF_CML_cal(1ea,0.00%) | AK29: HDMI_Z0_P(1ea,0.00%)
F30: Throughput | G30: 136588 | H30: 136588 | I30: q'ty | J30: 323 | K30: 171 | L30: 6 | M30: 4 | N30: 3 | Y30: RL6708 Bridge | Z30: FT1 | AA30: RTD2800TR | AC30: V07 | AD30: 7324 | AE30: 7319 | AF30: 0.9993 | AG30: Vby1_CML_Mode_RX(2ea,0.03%) | AH30: os_TX_vb(2ea,0.03%) | AI30: OTP_IDDQ(1ea,0.01%)
F31: Yield | G31: 0.9963 | H31: 0.9963 | I31: % | J31: 0.0024 | K31: 0.0012 | L31: 0 | M31: 0 | N31: 0 | Y31: RL6672 Merlin6 | Z31: FT1 | AA31: RTD2873ASR_HVC | AB31: Sony DDR4(2G/三星) | AC31: V19 | AD31: 811 | AE31: 803 | AF31: 0.9901 | AG31: FRC_D4_2G_SS_LV(3ea,0.37%) | AH31: MC_D4_2G_SS_HV_1st(3ea,0.37%) | AI31: FW_SCPU_VDDR(1ea,0.12%) | AJ31: HDMI_RX_Z0(1ea,0.12%)
A32: RL6856 Merlin8 | B32: CP | C32: RL6856 | E32: V10 | F32: Total IC | G32: 104512 | H32: 104512 | I32: Test item | J32: cp_mode2_saf_comp_24ns | K32: cp_mode3_saf_comp_VT | L32: all_bist_mp_gpu_HV | M32: cp_mode1_saf_comp | N32: cp_mode0_saf_comp | O32: all_bist_mp_gpu_LV | P32: IDD | Q32: power_short | R32: core_scpu_power_IDD_spec | S32: cp_mode3_tdf_c5_comp_HV_24ns | Z32: FT1 | AA32: RTD2873ASS_HVF | AC32: V20 | AD32: 2837 | AE32: 2807 | AF32: 0.9894 | AG32: MC_D4_1p5G_SS_HV_1st(20ea,0.70%) | AH32: FRC_D4_1p5G_SS_HV(3ea,0.11%) | AI32: IFD_FT02(1ea,0.04%) | AJ32: VDC01_FT01_SNR(1ea,0.04%) | AK32: SIF_FT01(1ea,0.04%) | AL32: HDMI20_4k60_6G_Sony(1ea,0.04%) | AM32: Power_Short(1ea,0.04%) | AN32: FW_EMMC(1ea,0.04%) | AO32: ETN_TX_FT0(1ea,0.04%)
F33: Throughput | G33: 87433 | H33: 87433 | I33: q'ty | J33: 3191 | K33: 2640 | L33: 2618 | M33: 1249 | N33: 1143 | O33: 1136 | P33: 754 | Q33: 543 | R33: 416 | S33: 329 | Z33: FT2 | AA33: RTD2875SF_SONY_FT2 | AB33: Sony FT2 | AC33: V05 | AD33: 803 | AE33: 803 | AF33: 1
F34: Yield | G34: 0.8366 | H34: 0.8366 | I34: % | J34: 0.0305 | K34: 0.0253 | L34: 0.025 | M34: 0.012 | N34: 0.0109 | O34: 0.0109 | P34: 0.0072 | Q34: 0.0052 | R34: 0.004 | S34: 0.0031 | Y34: RL6641 Mac7p | Z34: CP | AA34: RL6641 | AC34: V16 | AD34: 131384 | AE34: 119500 | AF34: 0.9095 | AG34: cp_saf_mode2_comp_30_dummy_pattern_s2(2264ea,1.72%) | AH34: all_bist_etn_HV(2183ea,1.66%) | AI34: cp_saf_mode0_comp_tmax2_B_cut_s2(1734ea,1.32%) | AJ34: cp_saf_mode1_comp_tmax2_B_cut_s2(1308ea,1.00%) | AK34: cp_saf_mode6_comp_tmax2_B_cut_s2(1011ea,0.77%) | AL34: IDD(825ea,0.63%) | AM34: PowerShort(537ea,0.41%) | AN34: cp_tdf_mode2_comp_30_dummy_pattern_LV_s2(271ea,0.21%) | AO34: scpu_bist_all_mode_shr_delay2_SCPU1150_HV(192ea,0.15%) | AP34: GPU_DEC_OPEN_HV(173ea,0.13%)
B35: FT1 | C35: RTD2886NSS_SC_FT1_TA01 | E35: V08 | F35: Total IC | G35: 16631 | H35: 16631 | I35: Test item | J35: FW_USB | K35: ddr_single_rw | L35: FW_MEMC | M35: FW_VE | N35: IDDQ | O35: ddr_FRC_CN_n5percent | P35: Power_Short | Q35: FW_ETN | R35: Thermal_IDD_comp_4K | S35: set-error-bin | Z35: FT1 | AA35: RTD2851ASS_PS | AC35: V25 | AD35: 763 | AE35: 758 | AF35: 0.9934 | AG35: DDR4_FRC_2G_8G8G(5ea,0.66%)
F36: Throughput | G36: 16565 | H36: 16565 | I36: q'ty | J36: 36 | K36: 8 | L36: 5 | M36: 4 | N36: 3 | O36: 2 | P36: 2 | Q36: 1 | R36: 1 | S36: 1 | Z36: FT1 | AA36: RTD2841ASS_PS_TA01 | AC36: V26 | AD36: 24508 | AE36: 24291 | AF36: 0.9911 | AG36: DDR4_FRC_1p5G_8G4G(116ea,0.47%) | AH36: YPP03(19ea,0.08%) | AI36: FW_other(17ea,0.07%) | AJ36: FW_VE (16ea,0.07%) | AK36: FW_MD_DOMAIN (8ea,0.03%) | AL36: FW_ACPU (8ea,0.03%) | AM36: Wire_bond_leak(7ea,0.03%) | AN36: chip_id(4ea,0.02%) | AO36: HDMI_6G(3ea,0.01%) | AP36: VDC01_SNR(3ea,0.01%)
F37: Yield | G37: 0.996 | H37: 0.996 | I37: % | J37: 0.0022 | K37: 0.0005 | L37: 0.0003 | M37: 0.0002 | N37: 0.0002 | O37: 0.0001 | P37: 0.0001 | Q37: 0.0001 | R37: 0.0001 | S37: 0.0001 | Z37: FT1 | AA37: RTD2841ACM_PS_TA01 | AC37: V26 | AD37: 18926 | AE37: 18834 | AF37: 0.9951 | AG37: DDR4_FRC_1G_8G(50ea,0.26%) | AH37: YPP03(10ea,0.05%) | AI37: FW_VE (9ea,0.05%) | AJ37: FW_other(3ea,0.02%) | AK37: FW_ACPU (3ea,0.02%) | AL37: FW_MD_DOMAIN (2ea,0.01%) | AM37: VDC02_DAC_ramp(2ea,0.01%) | AN37: chip_id(2ea,0.01%) | AO37: VDC01_SNR(2ea,0.01%) | AP37: FW_VDE (1ea,0.01%)
B38: FT1 | C38: RTD2885PDM_FT1_TA01 | E38: V06 | F38: Total IC | G38: 32821 | H38: 32821 | I38: Test item | J38: FW_M8 | K38: HDMI_12G | L38: DDR_single_RW_D4 | M38: VDC01_FT01_SNR | N38: Power_Short | O38: DDR_ZQ_P | P38: set-error-bin | Q38: IDDQ | R38: HDMI_0p25G | S38: OS_500uA | Z38: FT1 | AA38: RTD2841ACS_PS_TA01 | AC38: V26 | AD38: 3242 | AE38: 3186 | AF38: 0.9827 | AG38: DDR4_FRC_1p5G_8G4G(31ea,0.96%) | AH38: FW_other(18ea,0.56%) | AI38: FW_ACPU (3ea,0.09%) | AJ38: FW_VE (2ea,0.06%) | AK38: VDC01_SNR(1ea,0.03%) | AL38: YPP03(1ea,0.03%)
F39: Throughput | G39: 32515 | H39: 32515 | I39: q'ty | J39: 164 | K39: 63 | L39: 30 | M39: 14 | N39: 10 | O39: 8 | P39: 5 | Q39: 2 | R39: 2 | S39: 2 | Y39: RL6617 Merlin5 | Z39: FT1 | AA39: RTD2851MCJSB | AC39: V15 | AD39: 13306 | AE39: 13267 | AF39: 0.9971 | AG39: DDR_FRC_NV_NY_part2(16ea,0.12%) | AH39: FW_other(5ea,0.04%) | AI39: HDMI_6G(4ea,0.03%) | AJ39: FW_MD_Domain (4ea,0.03%) | AK39: IDDQ(2ea,0.02%) | AL39: FW_ACPU (2ea,0.02%) | AM39: IDDQ_DDR_standby_NY(1ea,0.01%) | AN39: DDR_FRC_NV_NY_part6(1ea,0.01%) | AO39: FW_VDE (1ea,0.01%) | AP39: OTP_IDD(1ea,0.01%)
F40: Yield | G40: 0.9907 | H40: 0.9907 | I40: % | J40: 0.005 | K40: 0.0019 | L40: 0.0009 | M40: 0.0004 | N40: 0.0003 | O40: 0.0002 | P40: 0.0002 | Q40: 0.0001 | R40: 0.0001 | S40: 0.0001
B41: FT2 | C41: RTD2885PDM | E41: V04 | F41: Total IC | G41: 12464 | H41: 12464 | I41: Test item | J41: USB2_Swing
F42: Throughput | G42: 12463 | H42: 12463 | I42: q'ty | J42: 1
F43: Yield | G43: 0.9999 | H43: 0.9999 | I43: % | J43: 0.0001
B44: FT2 | C44: RTD2818AWA_SC_FT2_TA01 | E44: V03 | F44: Total IC | G44: 4627 | H44: 4627 | I44: Test item | J44: DPRX_AUX_TX_Z0 | K44: USB2_Disconnect_trim
F45: Throughput | G45: 4556 | H45: 4556 | I45: q'ty | J45: 66 | K45: 5
F46: Yield | G46: 0.9847 | H46: 0.9847 | I46: % | J46: 0.0143 | K46: 0.0011
B47: FT2 | C47: RTD2886NSP_SC_FT2_TA01 | E47: V04 | F47: Total IC | G47: 24947 | H47: 24947 | I47: Test item | J47: USB2_Disconnect_trim | K47: Wire_bond_leak | L47: OS_2mA | M47: USB2_Squelch_trim
F48: Throughput | G48: 24913 | H48: 24913 | I48: q'ty | J48: 31 | K48: 1 | L48: 1 | M48: 1
F49: Yield | G49: 0.9986 | H49: 0.9986 | I49: % | J49: 0.0012 | K49: 0 | L49: 0 | M49: 0
A50: RL6748 Merlin7 | B50: CP | C50: RL6748 | E50: V25 | F50: Total IC | G50: 100806 | H50: 100806 | I50: Test item | J50: all_bist_mp_scpu_all_bist_1106_CLK144_GPU_ETN_HV | K50: cp_mode0_saf_0to90_comp_C | L50: cp_mode2_saf_0to90_comp_C_slow | M50: cp_mode1_saf_0to90_comp_C | N50: IDD | O50: cp_mode0_0_tdf_lp8_cat_comp_C_LV | P50: cp_mode0_2_sdd_se0_a75_lp14_dsu_lp28_cat_cs1013_comp_LV | Q50: PowerShort | R50: OTP_iddq_rtk | S50: cp_mode0_tdf_se0_l3mcp_ttr_cov70_comp_HV
F51: Throughput | G51: 86516 | H51: 86516 | I51: q'ty | J51: 2879 | K51: 2762 | L51: 1982 | M51: 1288 | N51: 1214 | O51: 790 | P51: 563 | Q51: 424 | R51: 274 | S51: 252
F52: Yield | G52: 0.8582 | H52: 0.8582 | I52: % | J52: 0.0286 | K52: 0.0274 | L52: 0.0197 | M52: 0.0128 | N52: 0.012 | O52: 0.0078 | P52: 0.0056 | Q52: 0.0042 | R52: 0.0027 | S52: 0.0025
B53: FT1 | C53: RTD2875NDB_LC_TA01 | E53: V25 | F53: Total IC | G53: 33982 | H53: 33982 | I53: Test item | J53: DDR_1p5GB_FRC_HV_1st | K53: OS_500uA | L53: HDMI20_6G_VB | M53: HDMI20_1p5G | N53: DDR_1p5GB_MD | O53: Power_Short | P53: FW_MD_Domain | Q53: DDR_1p5GB_FRC_LV | R53: IDDQ | S53: FW_M7
F54: Throughput | G54: 33831 | H54: 33831 | I54: q'ty | J54: 84 | K54: 19 | L54: 12 | M54: 7 | N54: 3 | O54: 3 | P54: 3 | Q54: 3 | R54: 3 | S54: 2
F55: Yield | G55: 0.9956 | H55: 0.9956 | I55: % | J55: 0.0025 | K55: 0.0006 | L55: 0.0004 | M55: 0.0002 | N55: 0.0001 | O55: 0.0001 | P55: 0.0001 | Q55: 0.0001 | R55: 0.0001 | S55: 0.0001
B56: FT1 | C56: RTD2875PSA_SC_TA01 | E56: V12 | F56: Total IC | G56: 37935 | H56: 37935 | I56: Test item | J56: FW_other | K56: HDMI20_6G_VB | L56: OS_500uA | M56: HDMI20_1p5G | N56: FW_VDC_PQ | O56: FW_ETN | P56: FW_MTEST | Q56: BB_FT01 | R56: USB_disconnect_trim | S56: FW_MEMC
F57: Throughput | G57: 37835 | H57: 37835 | I57: q'ty | J57: 47 | K57: 12 | L57: 9 | M57: 8 | N57: 4 | O57: 4 | P57: 3 | Q57: 2 | R57: 2 | S57: 2
F58: Yield | G58: 0.9974 | H58: 0.9974 | I58: % | J58: 0.0012 | K58: 0.0003 | L58: 0.0002 | M58: 0.0002 | N58: 0.0001 | O58: 0.0001 | P58: 0.0001 | Q58: 0.0001 | R58: 0.0001 | S58: 0.0001
B59: FT1 | C59: RTD2874WDA_SC_TA01 | E59: V25 | F59: Total IC | G59: 13200 | H59: 13200 | I59: Test item | J59: DDR_1p5GB_FRC_HV_1st | K59: OS_500uA | L59: Power_Short | M59: POR | N59: BB_FT01 | O59: HDMI20_6G_VB | P59: HDMI20_1p5G | Q59: FW_MD_Domain | R59: DDR_1p5GB_MD | S59: ETN_TX_FT0
F60: Throughput | G60: 13154 | H60: 13154 | I60: q'ty | J60: 20 | K60: 8 | L60: 3 | M60: 2 | N60: 2 | O60: 2 | P60: 2 | Q60: 2 | R60: 1 | S60: 1
F61: Yield | G61: 0.9965 | H61: 0.9965 | I61: % | J61: 0.0015 | K61: 0.0006 | L61: 0.0002 | M61: 0.0002 | N61: 0.0002 | O61: 0.0002 | P61: 0.0002 | Q61: 0.0002 | R61: 0.0001 | S61: 0.0001
B62: FT1 | C62: RTD2875PSP_SC_TA01 | E62: V12 | F62: Total IC | G62: 65214 | H62: 65214 | I62: Test item | J62: FW_other | K62: FW_VDC_PQ | L62: FW_MD_Domain | M62: OS_500uA | N62: USB_squelch_trim | O62: HDMI20_6G_VB | P62: OS_2mA | Q62: Power_Short | R62: FW_VE_Encode | S62: BB_FT01
F63: Throughput | G63: 64969 | H63: 64969 | I63: q'ty | J63: 94 | K63: 39 | L63: 29 | M63: 23 | N63: 17 | O63: 9 | P63: 7 | Q63: 6 | R63: 3 | S63: 2
F64: Yield | G64: 0.9962 | H64: 0.9962 | I64: % | J64: 0.0014 | K64: 0.0006 | L64: 0.0004 | M64: 0.0004 | N64: 0.0003 | O64: 0.0001 | P64: 0.0001 | Q64: 0.0001 | R64: 0 | S64: 0
B65: FT1 | C65: RTD2875PZK_SC_TA01 | E65: V12 | F65: Total IC | G65: 24541 | H65: 24541 | I65: Test item | J65: FW_other | K65: HDMI20_6G_VB | L65: OS_500uA | M65: HDMI20_1p5G | N65: FW_MTEST | O65: FW_VE_Encode | P65: FW_USB | Q65: Power_Short | R65: FW_VDC_PQ
F66: Throughput | G66: 24517 | H66: 24517 | I66: q'ty | J66: 7 | K66: 4 | L66: 3 | M66: 3 | N66: 2 | O66: 2 | P66: 1 | Q66: 1 | R66: 1
F67: Yield | G67: 0.999 | H67: 0.999 | I67: % | J67: 0.0003 | K67: 0.0002 | L67: 0.0001 | M67: 0.0001 | N67: 0.0001 | O67: 0.0001 | P67: 0 | Q67: 0 | R67: 0
B68: FT1 | C68: RTD2875NAA_SC_TA01 | E68: V25 | F68: Total IC | G68: 9210 | H68: 9210 | I68: Test item | J68: DDR_1p5GB_FRC_HV_1st | K68: VDC03_FT02_INL_DNL | L68: OS_500uA | M68: atsc_IFD_FT02_ramp_12b | N68: FW_USB | O68: atsc_IFD_FT01_12b | P68: HDMI20_1p5G | Q68: HDMI20_6G_VB | R68: IDDQ | S68: VDC01_FT01_SNR
F69: Throughput | G69: 9155 | H69: 9155 | I69: q'ty | J69: 19 | K69: 12 | L69: 11 | M69: 3 | N69: 2 | O69: 1 | P69: 1 | Q69: 1 | R69: 1 | S69: 1
F70: Yield | G70: 0.994 | H70: 0.994 | I70: % | J70: 0.0021 | K70: 0.0013 | L70: 0.0012 | M70: 0.0003 | N70: 0.0002 | O70: 0.0001 | P70: 0.0001 | Q70: 0.0001 | R70: 0.0001 | S70: 0.0001
B71: FT1 | C71: RTD2875NDA_LC_TA01 | E71: V25 | F71: Total IC | G71: 14381 | H71: 14381 | I71: Test item | J71: DDR_1p5GB_FRC_HV_1st | K71: FW_VDC_PQ | L71: HDMI20_6G_VB | M71: OS_500uA | N71: DDR_1p5GB_MD | O71: FW_M7 | P71: Power_Short | Q71: USB_squelch_trim | R71: wafer_info | S71: FW_MD_Domain
F72: Throughput | G72: 14312 | H72: 14312 | I72: q'ty | J72: 27 | K72: 9 | L72: 4 | M72: 4 | N72: 4 | O72: 3 | P72: 3 | Q72: 3 | R72: 3 | S72: 2
F73: Yield | G73: 0.9952 | H73: 0.9952 | I73: % | J73: 0.0019 | K73: 0.0006 | L73: 0.0003 | M73: 0.0003 | N73: 0.0003 | O73: 0.0002 | P73: 0.0002 | Q73: 0.0002 | R73: 0.0002 | S73: 0.0001
B74: FT1 | C74: RTD2875PNJ_SND_TA01 | E74: V12 | F74: Total IC | G74: 11906 | H74: 11906 | I74: Test item | J74: FW_other | K74: OS_2mA | L74: OS_500uA | M74: HDMI20_6G_VB | N74: USB_squelch_trim | O74: FW_USB | P74: USB_disconnect_trim | Q74: FW_VE_Encode | R74: HDMI20_1p5G | S74: ETN_TX_FT0
F75: Throughput | G75: 11850 | H75: 11850 | I75: q'ty | J75: 17 | K75: 11 | L75: 8 | M75: 5 | N75: 3 | O75: 3 | P75: 3 | Q75: 2 | R75: 1 | S75: 1
F76: Yield | G76: 0.9953 | H76: 0.9953 | I76: % | J76: 0.0014 | K76: 0.0009 | L76: 0.0007 | M76: 0.0004 | N76: 0.0003 | O76: 0.0003 | P76: 0.0003 | Q76: 0.0002 | R76: 0.0001 | S76: 0.0001
B77: FT1 | C77: RTD2875PCK_SC_TA01 | E77: V12 | F77: Total IC | G77: 29808 | H77: 29808 | I77: Test item | J77: FW_other | K77: FW_MD_Domain | L77: OS_500uA | M77: HDMI20_6G_VB | N77: FW_VDE | O77: OS_2mA | P77: USB_squelch_trim | Q77: HDMI20_1p5G | R77: Power_Short | S77: BB_FT01
F78: Throughput | G78: 29710 | H78: 29710 | I78: q'ty | J78: 52 | K78: 14 | L78: 8 | M78: 4 | N78: 3 | O78: 2 | P78: 2 | Q78: 2 | R78: 2 | S78: 2
F79: Yield | G79: 0.9967 | H79: 0.9967 | I79: % | J79: 0.0017 | K79: 0.0005 | L79: 0.0003 | M79: 0.0001 | N79: 0.0001 | O79: 0.0001 | P79: 0.0001 | Q79: 0.0001 | R79: 0.0001 | S79: 0.0001
B80: FT2 | C80: RTD2875NDB_C_FT2 | E80: V06 | F80: Total IC | G80: 5255 | H80: 5255 | I80: Test item
F81: Throughput | G81: 5255 | H81: 5255 | I81: q'ty
F82: Yield | G82: 1 | H82: 1 | I82: %
B83: FT2 | C83: RTD2875_C_FT2 | E83: V07 | F83: Total IC | G83: 36609 | H83: 36609 | I83: Test item | J83: PIF_CML_SWING_CAL | K83: HDMI_Z0_N | L83: por | M83: OTP_PIF_CML_cal | N83: HDMI_Z0_P
F84: Throughput | G84: 36558 | H84: 36558 | I84: q'ty | J84: 45 | K84: 3 | L84: 1 | M84: 1 | N84: 1
F85: Yield | G85: 0.9986 | H85: 0.9986 | I85: % | J85: 0.0012 | K85: 0.0001 | L85: 0 | M85: 0 | N85: 0
A86: RL6708 Bridge | B86: FT1 | C86: RTD2800TR | E86: V07 | F86: Total IC | G86: 7324 | H86: 7324 | I86: Test item | J86: Vby1_CML_Mode_RX | K86: os_TX_vb | L86: OTP_IDDQ
F87: Throughput | G87: 7319 | H87: 7319 | I87: q'ty | J87: 2 | K87: 2 | L87: 1
F88: Yield | G88: 0.9993 | H88: 0.9993 | I88: % | J88: 0.0003 | K88: 0.0003 | L88: 0.0001
A89: RL6672 Merlin6 | B89: FT1 | C89: RTD2873ASR_HVC | D89: Sony DDR4(2G/三星) | E89: V19 | F89: Total IC | G89: 811 | H89: 811 | I89: Test item | J89: FRC_D4_2G_SS_LV | K89: MC_D4_2G_SS_HV_1st | L89: FW_SCPU_VDDR | M89: HDMI_RX_Z0
F90: Throughput | G90: 803 | H90: 803 | I90: q'ty | J90: 3 | K90: 3 | L90: 1 | M90: 1
F91: Yield | G91: 0.9901 | H91: 0.9901 | I91: % | J91: 0.0037 | K91: 0.0037 | L91: 0.0012 | M91: 0.0012
B92: FT1 | C92: RTD2873ASS_HVF | E92: V20 | F92: Total IC | G92: 2837 | H92: 2837 | I92: Test item | J92: MC_D4_1p5G_SS_HV_1st | K92: FRC_D4_1p5G_SS_HV | L92: IFD_FT02 | M92: VDC01_FT01_SNR | N92: SIF_FT01 | O92: HDMI20_4k60_6G_Sony | P92: Power_Short | Q92: FW_EMMC | R92: ETN_TX_FT0
F93: Throughput | G93: 2807 | H93: 2807 | I93: q'ty | J93: 20 | K93: 3 | L93: 1 | M93: 1 | N93: 1 | O93: 1 | P93: 1 | Q93: 1 | R93: 1
F94: Yield | G94: 0.9894 | H94: 0.9894 | I94: % | J94: 0.007 | K94: 0.0011 | L94: 0.0004 | M94: 0.0004 | N94: 0.0004 | O94: 0.0004 | P94: 0.0004 | Q94: 0.0004 | R94: 0.0004
B95: FT2 | C95: RTD2875SF_SONY_FT2 | D95: Sony FT2 | E95: V05 | F95: Total IC | G95: 803 | H95: 803 | I95: Test item
F96: Throughput | G96: 803 | H96: 803 | I96: q'ty
F97: Yield | G97: 1 | H97: 1 | I97: %
A98: RL6641 Mac7p | B98: CP | C98: RL6641 | E98: V16 | F98: Total IC | G98: 131384 | H98: 131384 | I98: Test item | J98: cp_saf_mode2_comp_30_dummy_pattern_s2 | K98: all_bist_etn_HV | L98: cp_saf_mode0_comp_tmax2_B_cut_s2 | M98: cp_saf_mode1_comp_tmax2_B_cut_s2 | N98: cp_saf_mode6_comp_tmax2_B_cut_s2 | O98: IDD | P98: PowerShort | Q98: cp_tdf_mode2_comp_30_dummy_pattern_LV_s2 | R98: scpu_bist_all_mode_shr_delay2_SCPU1150_HV | S98: GPU_DEC_OPEN_HV
F99: Throughput | G99: 119500 | H99: 119500 | I99: q'ty | J99: 2264 | K99: 2183 | L99: 1734 | M99: 1308 | N99: 1011 | O99: 825 | P99: 537 | Q99: 271 | R99: 192 | S99: 173
F100: Yield | G100: 0.9095 | H100: 0.9095 | I100: % | J100: 0.0172 | K100: 0.0166 | L100: 0.0132 | M100: 0.01 | N100: 0.0077 | O100: 0.0063 | P100: 0.0041 | Q100: 0.0021 | R100: 0.0015 | S100: 0.0013
...

Sheet RL6982_HD_TA01_V03_summary_raw
A1: 1 | B1: PASS BIN | C1: 401507 | D1: 0.8959 | N1: Project | O1: RL6982 | P1: RL6982 | Q1: RL6982 | R1: RL6982 | S1: RL6982 | T1: RL6982 | U1: RL6982 | V1: RL6982 | W1: RL6982 | X1: RL6982 | Y1: RL6982 | Z1: RL6982 | AA1: RL6982 | AB1: RL6982 | AC1: RL6982 | AD1: RL6982 | AE1: RL6982 | AF1: RL6982 | AG1: RL6982 | AH1: RL6982 | AI1: RL6982 | AJ1: RL6982 | AK1: RL6982 | AL1: RL6982 | AM1: RL6982 | AN1: RL6982 | AO1: RL6982 | AP1: RL6982 | AQ1: RL6982 | AR1: RL6982 | AS1: RL6982 | AT1: RL6982 | AU1: RL6982 | AV1: RL6982 | AW1: RL6982 | AX1: RL6982 | AY1: RL6982 | AZ1: RL6982 | BA1: RL6982 | BB1: RL6982 | BC1: RL6982 | BD1: RL6982 | BE1: RL6982 | BF1: RL6982 | BG1: RL6982 | BH1: RL6982 | BI1: RL6982 | BJ1: RL6982 | BK1: RL6982 | BL1: RL6982 | BM1: RL6982 | BN1: RL6982 | BO1: RL6982 | BP1: RL6982 | BQ1: RL6982 | BR1: RL6982 | BS1: RL6982 | BT1: RL6982 | BU1: RL6982 | BV1: RL6982 | BW1: RL6982 | BX1: RL6982 | BY1: RL6982 | BZ1: RL6982 | CA1: RL6982 | CB1: RL6982 | CC1: RL6982 | CD1: RL6982 | CE1: RL6982 | CF1: RL6982 | CG1: RL6982 | CH1: RL6982 | CI1: RL6982 | CJ1: RL6982 | CK1: RL6982 | CL1: RL6982 | CM1: RL6982 | CN1: RL6982 | CO1: RL6982 | CP1: RL6982 | CQ1: RL6982 | CR1: RL6982 | CS1: RL6982 | CT1: RL6982 | CU1: RL6982 | CV1: RL6982 | CW1: RL6982 | CX1: RL6982 | CY1: RL6982 | CZ1: RL6982 | DA1: RL6982 | DB1: RL6982 | DC1: RL6982 | DD1: RL6982 | DE1: RL6982 | DF1: RL6982 | DG1: RL6982 | DH1: RL6982 | DI1: RL6982 | DJ1: RL6982 | DK1: RL6982 | DL1: RL6982 | DM1: RL6982 | DN1: RL6982 | DO1: RL6982 | DP1: RL6982 | DQ1: RL6982 | DR1: RL6982 | DS1: RL6982 | DT1: RL6982 | DU1: RL6982 | DV1: RL6982 | DW1: RL6982 | DX1: RL6982 | DY1: RL6982 | DZ1: RL6982 | EA1: RL6982 | EB1: RL6982 | EC1: RL6982 | ED1: RL6982 | EE1: RL6982 | EF1: RL6982 | EG1: RL6982 | EH1: RL6982 | EI1: RL6982 | EJ1: RL6982 | EK1: RL6982 | EL1: RL6982 | EM1: RL6982 | EN1: RL6982 | EO1: RL6982 | EP1: RL6982 | EQ1: RL6982 | ER1: RL6982 | ES1: RL6982 | ET1: RL6982 | EU1: RL6982 | EV1: RL6982 | EW1: RL6982 | EX1: RL6982 | EY1: RL6982 | EZ1: RL6982 | FA1: RL6982 | FB1: RL6982 | FC1: RL6982 | FD1: RL6982 | FE1: RL6982 | FF1: RL6982 | FG1: RL6982 | FH1: RL6982 | FI1: RL6982 | FJ1: RL6982 | FK1: RL6982 | FL1: RL6982 | FM1: RL6982 | FN1: RL6982 | FO1: RL6982 | FP1: RL6982 | FQ1: RL6982 | FR1: RL6982 | FS1: RL6982 | FT1: RL6982 | FU1: RL6982 | FV1: RL6982 | FW1: RL6982 | FX1: RL6982 | FY1: RL6982 | FZ1: RL6982 | GA1: RL6982 | GB1: RL6982 | GC1: RL6982 | GD1: RL6982 | GE1: RL6982 | GF1: RL6982 | GG1: RL6982 | GH1: RL6982 | GI1: RL6982 | GJ1: RL6982 | GK1: RL6982 | GL1: RL6982 | GM1: RL6982 | GN1: RL6982 | GO1: RL6982 | GP1: RL6982 | GQ1: RL6982 | GR1: RL6982 | GS1: RL6982 | GT1: RL6982 | GU1: RL6982 | GV1: RL6982 | GW1: RL6982 | GX1: RL6982 | GY1: RL6982 | GZ1: RL6982 | HA1: RL6982 | HB1: RL6982 | HC1: RL6982 | HD1: RL6982 | HE1: RL6982 | HF1: RL6982 | HG1: RL6982 | HH1: RL6982 | HI1: RL6982 | HJ1: RL6982 | HK1: RL6982 | HL1: RL6982 | HM1: RL6982 | HN1: RL6982 | HO1: RL6982 | HP1: RL6982 | HQ1: RL6982 | HR1: RL6982 | HS1: RL6982 | HT1: RL6982 | HU1: RL6982 | HV1: RL6982 | HW1: RL6982 | HX1: RL6982 | HY1: RL6982 | HZ1: RL6982 | IA1: RL6982 | IB1: RL6982 | IC1: RL6982 | ID1: RL6982 | IE1: RL6982 | IF1: RL6982 | IG1: RL6982 | IH1: RL6982 | II1: RL6982 | IJ1: RL6982 | IK1: RL6982 | IL1: RL6982 | IM1: RL6982 | IN1: RL6982 | IO1: RL6982 | IP1: RL6982 | IQ1: RL6982 | IR1: RL6982 | IS1: RL6982 | IT1: RL6982 | IU1: RL6982 | IV1: RL6982 | IW1: RL6982 | IX1: RL6982 | IY1: RL6982 | IZ1: RL6982 | JA1: RL6982 | JB1: RL6982 | JC1: RL6982 | JD1: RL6982 | JE1: RL6982 | JF1: RL6982 | JG1: RL6982 | JH1: RL6982 | JI1: RL6982 | JJ1: RL6982 | JK1: RL6982 | JL1: RL6982 | JM1: RL6982 | JN1: RL6982 | JO1: RL6982 | JP1: RL6982 | JQ1: RL6982 | JR1: RL6982 | JS1: RL6982 | JT1: RL6982 | JU1: RL6982 | JV1: RL6982 | JW1: RL6982 | JX1: RL6982 | JY1: RL6982 | JZ1: RL6982 | KA1: RL6982 | KB1: RL6982 | KC1: RL6982 | KD1: RL6982 | KE1: RL6982 | KF1: RL6982 | KG1: RL6982 | KH1: RL6982 | KI1: RL6982 | KJ1: RL6982 | KK1: RL6982 | KL1: RL6982 | KM1: RL6982 | KN1: RL6982 | KO1: RL6982 | KP1: RL6982 | KQ1: RL6982 | KR1: RL6982 | KS1: RL6982 | KT1: RL6982 | KU1: RL6982 | KV1: RL6982 | KW1: RL6982 | KX1: RL6982 | KY1: RL6982 | KZ1: RL6982 | LA1: RL6982 | LB1: RL6982 | LC1: RL6982 | LD1: RL6982 | LE1: RL6982 | LF1: RL6982 | LG1: RL6982 | LH1: RL6982 | LI1: RL6982 | LJ1: RL6982 | LK1: RL6982 | LL1: RL6982 | LM1: RL6982 | LN1: RL6982 | LO1: RL6982 | LP1: RL6982 | LQ1: RL6982 | LR1: RL6982 | LS1: RL6982 | LT1: RL6982 | LU1: RL6982 | LV1: RL6982 | LW1: RL6982 | LX1: RL6982 | LY1: RL6982 | LZ1: RL6982 | MA1: RL6982 | MB1: RL6982 | MC1: RL6982 | MD1: RL6982 | ME1: RL6982 | MF1: RL6982 | MG1: RL6982 | MH1: RL6982 | MI1: RL6982 | MJ1: RL6982 | MK1: RL6982 | ML1: RL6982 | MM1: RL6982 | MN1: RL6982 | MO1: RL6982 | MP1: RL6982 | MQ1: RL6982 | MR1: RL6982 | MS1: RL6982 | MT1: RL6982 | MU1: RL6982 | MV1: RL6982 | MW1: RL6982 | MX1: RL6982 | MY1: RL6982 | MZ1: RL6982 | NA1: RL6982 | NB1: RL6982 | NC1: RL6982 | ND1: RL6982 | NE1: RL6982 | NF1: RL6982 | NG1: RL6982 | NH1: RL6982 | NI1: RL6982 | NJ1: RL6982 | NK1: RL6982 | NL1: RL6982 | NM1: RL6982 | NN1: RL6982 | NO1: RL6982 | NP1: RL6982 | NQ1: RL6982 | NR1: RL6982 | NS1: RL6982 | NT1: RL6982 | NU1: RL6982 | NV1: RL6982 | NW1: RL6982 | NX1: RL6982 | NY1: RL6982 | NZ1: RL6982 | OA1: RL6982 | OB1: RL6982 | OC1: RL6982 | OD1: RL6982 | OE1: RL6982 | OF1: RL6982 | OG1: RL6982 | OH1: RL6982 | OI1: RL6982 | OJ1: RL6982 | OK1: RL6982 | OL1: RL6982 | OM1: RL6982 | ON1: RL6982 | OO1: RL6982 | OP1: RL6982 | OQ1: RL6982 | OR1: RL6982 | OS1: RL6982 | OT1: RL6982 | OU1: RL6982 | OV1: RL6982 | OW1: RL6982 | OX1: RL6982 | OY1: RL6982 | OZ1: RL6982 | PA1: RL6982 | PB1: RL6982 | PC1: RL6982 | PD1: RL6982 | PE1: RL6982 | PF1: RL6982 | PG1: RL6982 | PH1: RL6982 | PI1: RL6982 | PJ1: RL6982
A2: Top_all | B2: BIN1 | C2: 401507 | D2: 0.8959 | N2: Product | O2: RL6982 | P2: RL6982 | Q2: RL6982 | R2: RL6982 | S2: RL6982 | T2: RL6982 | U2: RL6982 | V2: RL6982 | W2: RL6982 | X2: RL6982 | Y2: RL6982 | Z2: RL6982 | AA2: RL6982 | AB2: RL6982 | AC2: RL6982 | AD2: RL6982 | AE2: RL6982 | AF2: RL6982 | AG2: RL6982 | AH2: RL6982 | AI2: RL6982 | AJ2: RL6982 | AK2: RL6982 | AL2: RL6982 | AM2: RL6982 | AN2: RL6982 | AO2: RL6982 | AP2: RL6982 | AQ2: RL6982 | AR2: RL6982 | AS2: RL6982 | AT2: RL6982 | AU2: RL6982 | AV2: RL6982 | AW2: RL6982 | AX2: RL6982 | AY2: RL6982 | AZ2: RL6982 | BA2: RL6982 | BB2: RL6982 | BC2: RL6982 | BD2: RL6982 | BE2: RL6982 | BF2: RL6982 | BG2: RL6982 | BH2: RL6982 | BI2: RL6982 | BJ2: RL6982 | BK2: RL6982 | BL2: RL6982 | BM2: RL6982 | BN2: RL6982 | BO2: RL6982 | BP2: RL6982 | BQ2: RL6982 | BR2: RL6982 | BS2: RL6982 | BT2: RL6982 | BU2: RL6982 | BV2: RL6982 | BW2: RL6982 | BX2: RL6982 | BY2: RL6982 | BZ2: RL6982 | CA2: RL6982 | CB2: RL6982 | CC2: RL6982 | CD2: RL6982 | CE2: RL6982 | CF2: RL6982 | CG2: RL6982 | CH2: RL6982 | CI2: RL6982 | CJ2: RL6982 | CK2: RL6982 | CL2: RL6982 | CM2: RL6982 | CN2: RL6982 | CO2: RL6982 | CP2: RL6982 | CQ2: RL6982 | CR2: RL6982 | CS2: RL6982 | CT2: RL6982 | CU2: RL6982 | CV2: RL6982 | CW2: RL6982 | CX2: RL6982 | CY2: RL6982 | CZ2: RL6982 | DA2: RL6982 | DB2: RL6982 | DC2: RL6982 | DD2: RL6982 | DE2: RL6982 | DF2: RL6982 | DG2: RL6982 | DH2: RL6982 | DI2: RL6982 | DJ2: RL6982 | DK2: RL6982 | DL2: RL6982 | DM2: RL6982 | DN2: RL6982 | DO2: RL6982 | DP2: RL6982 | DQ2: RL6982 | DR2: RL6982 | DS2: RL6982 | DT2: RL6982 | DU2: RL6982 | DV2: RL6982 | DW2: RL6982 | DX2: RL6982 | DY2: RL6982 | DZ2: RL6982 | EA2: RL6982 | EB2: RL6982 | EC2: RL6982 | ED2: RL6982 | EE2: RL6982 | EF2: RL6982 | EG2: RL6982 | EH2: RL6982 | EI2: RL6982 | EJ2: RL6982 | EK2: RL6982 | EL2: RL6982 | EM2: RL6982 | EN2: RL6982 | EO2: RL6982 | EP2: RL6982 | EQ2: RL6982 | ER2: RL6982 | ES2: RL6982 | ET2: RL6982 | EU2: RL6982 | EV2: RL6982 | EW2: RL6982 | EX2: RL6982 | EY2: RL6982 | EZ2: RL6982 | FA2: RL6982 | FB2: RL6982 | FC2: RL6982 | FD2: RL6982 | FE2: RL6982 | FF2: RL6982 | FG2: RL6982 | FH2: RL6982 | FI2: RL6982 | FJ2: RL6982 | FK2: RL6982 | FL2: RL6982 | FM2: RL6982 | FN2: RL6982 | FO2: RL6982 | FP2: RL6982 | FQ2: RL6982 | FR2: RL6982 | FS2: RL6982 | FT2: RL6982 | FU2: RL6982 | FV2: RL6982 | FW2: RL6982 | FX2: RL6982 | FY2: RL6982 | FZ2: RL6982 | GA2: RL6982 | GB2: RL6982 | GC2: RL6982 | GD2: RL6982 | GE2: RL6982 | GF2: RL6982 | GG2: RL6982 | GH2: RL6982 | GI2: RL6982 | GJ2: RL6982 | GK2: RL6982 | GL2: RL6982 | GM2: RL6982 | GN2: RL6982 | GO2: RL6982 | GP2: RL6982 | GQ2: RL6982 | GR2: RL6982 | GS2: RL6982 | GT2: RL6982 | GU2: RL6982 | GV2: RL6982 | GW2: RL6982 | GX2: RL6982 | GY2: RL6982 | GZ2: RL6982 | HA2: RL6982 | HB2: RL6982 | HC2: RL6982 | HD2: RL6982 | HE2: RL6982 | HF2: RL6982 | HG2: RL6982 | HH2: RL6982 | HI2: RL6982 | HJ2: RL6982 | HK2: RL6982 | HL2: RL6982 | HM2: RL6982 | HN2: RL6982 | HO2: RL6982 | HP2: RL6982 | HQ2: RL6982 | HR2: RL6982 | HS2: RL6982 | HT2: RL6982 | HU2: RL6982 | HV2: RL6982 | HW2: RL6982 | HX2: RL6982 | HY2: RL6982 | HZ2: RL6982 | IA2: RL6982 | IB2: RL6982 | IC2: RL6982 | ID2: RL6982 | IE2: RL6982 | IF2: RL6982 | IG2: RL6982 | IH2: RL6982 | II2: RL6982 | IJ2: RL6982 | IK2: RL6982 | IL2: RL6982 | IM2: RL6982 | IN2: RL6982 | IO2: RL6982 | IP2: RL6982 | IQ2: RL6982 | IR2: RL6982 | IS2: RL6982 | IT2: RL6982 | IU2: RL6982 | IV2: RL6982 | IW2: RL6982 | IX2: RL6982 | IY2: RL6982 | IZ2: RL6982 | JA2: RL6982 | JB2: RL6982 | JC2: RL6982 | JD2: RL6982 | JE2: RL6982 | JF2: RL6982 | JG2: RL6982 | JH2: RL6982 | JI2: RL6982 | JJ2: RL6982 | JK2: RL6982 | JL2: RL6982 | JM2: RL6982 | JN2: RL6982 | JO2: RL6982 | JP2: RL6982 | JQ2: RL6982 | JR2: RL6982 | JS2: RL6982 | JT2: RL6982 | JU2: RL6982 | JV2: RL6982 | JW2: RL6982 | JX2: RL6982 | JY2: RL6982 | JZ2: RL6982 | KA2: RL6982 | KB2: RL6982 | KC2: RL6982 | KD2: RL6982 | KE2: RL6982 | KF2: RL6982 | KG2: RL6982 | KH2: RL6982 | KI2: RL6982 | KJ2: RL6982 | KK2: RL6982 | KL2: RL6982 | KM2: RL6982 | KN2: RL6982 | KO2: RL6982 | KP2: RL6982 | KQ2: RL6982 | KR2: RL6982 | KS2: RL6982 | KT2: RL6982 | KU2: RL6982 | KV2: RL6982 | KW2: RL6982 | KX2: RL6982 | KY2: RL6982 | KZ2: RL6982 | LA2: RL6982 | LB2: RL6982 | LC2: RL6982 | LD2: RL6982 | LE2: RL6982 | LF2: RL6982 | LG2: RL6982 | LH2: RL6982 | LI2: RL6982 | LJ2: RL6982 | LK2: RL6982 | LL2: RL6982 | LM2: RL6982 | LN2: RL6982 | LO2: RL6982 | LP2: RL6982 | LQ2: RL6982 | LR2: RL6982 | LS2: RL6982 | LT2: RL6982 | LU2: RL6982 | LV2: RL6982 | LW2: RL6982 | LX2: RL6982 | LY2: RL6982 | LZ2: RL6982 | MA2: RL6982 | MB2: RL6982 | MC2: RL6982 | MD2: RL6982 | ME2: RL6982 | MF2: RL6982 | MG2: RL6982 | MH2: RL6982 | MI2: RL6982 | MJ2: RL6982 | MK2: RL6982 | ML2: RL6982 | MM2: RL6982 | MN2: RL6982 | MO2: RL6982 | MP2: RL6982 | MQ2: RL6982 | MR2: RL6982 | MS2: RL6982 | MT2: RL6982 | MU2: RL6982 | MV2: RL6982 | MW2: RL6982 | MX2: RL6982 | MY2: RL6982 | MZ2: RL6982 | NA2: RL6982 | NB2: RL6982 | NC2: RL6982 | ND2: RL6982 | NE2: RL6982 | NF2: RL6982 | NG2: RL6982 | NH2: RL6982 | NI2: RL6982 | NJ2: RL6982 | NK2: RL6982 | NL2: RL6982 | NM2: RL6982 | NN2: RL6982 | NO2: RL6982 | NP2: RL6982 | NQ2: RL6982 | NR2: RL6982 | NS2: RL6982 | NT2: RL6982 | NU2: RL6982 | NV2: RL6982 | NW2: RL6982 | NX2: RL6982 | NY2: RL6982 | NZ2: RL6982 | OA2: RL6982 | OB2: RL6982 | OC2: RL6982 | OD2: RL6982 | OE2: RL6982 | OF2: RL6982 | OG2: RL6982 | OH2: RL6982 | OI2: RL6982 | OJ2: RL6982 | OK2: RL6982 | OL2: RL6982 | OM2: RL6982 | ON2: RL6982 | OO2: RL6982 | OP2: RL6982 | OQ2: RL6982 | OR2: RL6982 | OS2: RL6982 | OT2: RL6982 | OU2: RL6982 | OV2: RL6982 | OW2: RL6982 | OX2: RL6982 | OY2: RL6982 | OZ2: RL6982 | PA2: RL6982 | PB2: RL6982 | PC2: RL6982 | PD2: RL6982 | PE2: RL6982 | PF2: RL6982 | PG2: RL6982 | PH2: RL6982 | PI2: RL6982 | PJ2: RL6982
B3: OTHER | C3: 530 | D3: 0.0012 | N3: Short Lot ID | O3: P7FQ9 | P3: P7G70 | Q3: P7EM8 | R3: P7DQ5 | S3: P7EM8 | T3: P7E73 | U3: P7CM4 | V3: P7E95 | W3: P7G70 | X3: P7DN3 | Y3: P7F37 | Z3: P7E95 | AA3: P7EM8 | AB3: P7E95 | AC3: P7FQ9 | AD3: P7GG2 | AE3: P7GG2 | AF3: P7FQ9 | AG3: P7EM9 | AH3: P7FQ9 | AI3: P7CD0 | AJ3: P7E95 | AK3: P7E95 | AL3: P7E74 | AM3: P7E73 | AN3: P7E75 | AO3: P7FQ9 | AP3: P7CM0 | AQ3: P7DQ5 | AR3: P7E75 | AS3: P7E73 | AT3: P7EM8 | AU3: P7FQ9 | AV3: P7E73 | AW3: P7FQ9 | AX3: P7EM9 | AY3: P7E73 | AZ3: P7FQ9 | BA3: P7FQ9 | BB3: P7GG2 | BC3: P7CM4 | BD3: P7GG2 | BE3: P7CM4 | BF3: P7E73 | BG3: P7DQ5 | BH3: P7EM8 | BI3: P7F37 | BJ3: P7GG2 | BK3: P7E95 | BL3: P7DQ0 | BM3: P7E73 | BN3: P7F37 | BO3: P7DN3 | BP3: P7DQ5 | BQ3: P7F37 | BR3: P7DQ2 | BS3: P7FQ9 | BT3: P7DN3 | BU3: P7DN3 | BV3: P7G68 | BW3: P7F37 | BX3: P7DN3 | BY3: P7DQ2 | BZ3: P7E74 | CA3: P7FQ9 | CB3: P7E95 | CC3: P7EM9 | CD3: P7E73 | CE3: P7E95 | CF3: P7E95 | CG3: P7DN3 | CH3: P7E95 | CI3: P7EM9 | CJ3: P7DN3 | CK3: P7E95 | CL3: P7E73 | CM3: P7E73 | CN3: P7E73 | CO3: P7GG1 | CP3: P7DQ5 | CQ3: P7EM8 | CR3: P7DQ5 | CS3: P7CM4 | CT3: P7DQ0 | CU3: P7DQ2 | CV3: P7CM8 | CW3: P7E75 | CX3: P7GG2 | CY3: P7E75 | CZ3: P7DN3 | DA3: P7DQ5 | DB3: P7G70 | DC3: P7DQ3 | DD3: P7CM0 | DE3: P7G70 | DF3: P7DQ5 | DG3: P7DQ0 | DH3: P7DQ3 | DI3: P7DQ2 | DJ3: P7DQ3 | DK3: P7G70 | DL3: P7F37 | DM3: P7F37 | DN3: P7CD0 | DO3: P7DQ3 | DP3: P7G70 | DQ3: P7GG2 | DR3: P7GG2 | DS3: P7E95 | DT3: P7GG2 | DU3: P7FQ9 | DV3: P7E73 | DW3: P7EM8 | DX3: P7GG2 | DY3: P7DQ0 | DZ3: P7DQ2 | EA3: P7DN3 | EB3: P7DQ2 | EC3: P7F37 | ED3: P7GG2 | EE3: P7EM8 | EF3: P7CM0 | EG3: P7F37 | EH3: P7DQ2 | EI3: P7E95 | EJ3: P7E73 | EK3: P7CD1 | EL3: P7DQ3 | EM3: P7F37 | EN3: P7DQ5 | EO3: P7EM9 | EP3: P7GG1 | EQ3: P7G70 | ER3: P7F37 | ES3: P7E74 | ET3: P7FQ9 | EU3: P7F37 | EV3: P7EM9 | EW3: P7DQ3 | EX3: P7E74 | EY3: P7DQ5 | EZ3: P7EM8 | FA3: P7E73 | FB3: P7EM9 | FC3: P7DN3 | FD3: P7CM5 | FE3: P7DQ2 | FF3: P7EM8 | FG3: P7EM8 | FH3: P7G70 | FI3: P7F37 | FJ3: P7FQ9 | FK3: P7A61 | FL3: P7E95 | FM3: P7E73 | FN3: P7F37 | FO3: P7CM8 | FP3: P7DQ5 | FQ3: P7GG1 | FR3: P7E95 | FS3: P7G70 | FT3: P7E95 | FU3: P7E73 | FV3: P7DQ5 | FW3: P7E95 | FX3: P7DQ5 | FY3: P7E74 | FZ3: P7E74 | GA3: P7DQ5 | GB3: P7CD0 | GC3: P7FQ9 | GD3: P7E73 | GE3: P7GG2 | GF3: P7EM9 | GG3: P7DQ0 | GH3: P7DQ2 | GI3: P7G68 | GJ3: P7DN3 | GK3: P7DN3 | GL3: P7EM9 | GM3: P7EM8 | GN3: P7CM4 | GO3: P7E75 | GP3: P7E95 | GQ3: P7EM8 | GR3: P7CD0 | GS3: P7FQ9 | GT3: P7DQ3 | GU3: P7G68 | GV3: P7DQ0 | GW3: P7EM9 | GX3: P7EM9 | GY3: P7DQ0 | GZ3: P7DQ3 | HA3: P7E74 | HB3: P7E74 | HC3: P7FQ9 | HD3: P7DQ2 | HE3: P7E73 | HF3: P7EM9 | HG3: P7E73 | HH3: P7E73 | HI3: P7CD0 | HJ3: P7DQ0 | HK3: P7E75 | HL3: P7DN3 | HM3: P7DQ0 | HN3: P7E75 | HO3: P7DQ0 | HP3: P7E75 | HQ3: P7E75 | HR3: P7FQ9 | HS3: P7DQ2 | HT3: P7EM8 | HU3: P7G70 | HV3: P7DQ0 | HW3: P7FQ9 | HX3: P7EM8 | HY3: P7EM9 | HZ3: P7A61 | IA3: P7CM8 | IB3: P7EM9 | IC3: P7EM8 | ID3: P7E73 | IE3: P7CM0 | IF3: P7E75 | IG3: P7CM5 | IH3: P7DN3 | II3: P7CM0 | IJ3: P7DN3 | IK3: P7CD1 | IL3: P7GG2 | IM3: P7GG2 | IN3: P7G70 | IO3: P7DQ2 | IP3: P7CM0 | IQ3: P7DN3 | IR3: P7EM8 | IS3: P7E95 | IT3: P7E75 | IU3: P7DQ0 | IV3: P7F37 | IW3: P7DQ2 | IX3: P7DQ0 | IY3: P7DQ2 | IZ3: P7E95 | JA3: P7DQ2 | JB3: P7CM8 | JC3: P7FQ9 | JD3: P7CM4 | JE3: P7A61 | JF3: P7CD0 | JG3: P7CD0 | JH3: P7DQ3 | JI3: P7DQ3 | JJ3: P7GG2 | JK3: P7E75 | JL3: P7DQ0 | JM3: P7CM8 | JN3: P7E75 | JO3: P7E74 | JP3: P7E75 | JQ3: P7EM9 | JR3: P7DQ3 | JS3: P7FQ9 | JT3: P7CD0 | JU3: P7EM8 | JV3: P7DQ5 | JW3: P7E74 | JX3: P7CM8 | JY3: P7EM9 | JZ3: P7F37 | KA3: P7CM5 | KB3: P7DQ2 | KC3: P7CD1 | KD3: P7E73 | KE3: P7DN3 | KF3: P7E74 | KG3: P7E75 | KH3: P7GG2 | KI3: P7DN3 | KJ3: P7CM8 | KK3: P7DQ3 | KL3: P7DQ3 | KM3: P7F37 | KN3: P7EM9 | KO3: P7CM8 | KP3: P7DQ3 | KQ3: P7DQ3 | KR3: P7CM8 | KS3: P7F37 | KT3: P7DN3 | KU3: P7DQ3 | KV3: P7E73 | KW3: P7DQ0 | KX3: P7G68 | KY3: P7G70 | KZ3: P7DQ0 | LA3: P7E75 | LB3: P7GG2 | LC3: P7E74 | LD3: P7DQ3 | LE3: P7CM8 | LF3: P7F37 | LG3: P7EM9 | LH3: P7FQ9 | LI3: P7A61 | LJ3: P7EM9 | LK3: P7CM8 | LL3: P7EM8 | LM3: P7DN3 | LN3: P7DQ2 | LO3: P7DQ3 | LP3: P7DQ0 | LQ3: P7DQ5 | LR3: P7F37 | LS3: P7E75 | LT3: P7G68 | LU3: P7EM9 | LV3: P7CD0 | LW3: P7CM8 | LX3: P7DQ0 | LY3: P7E74 | LZ3: P7DQ3 | MA3: P7DN3 | MB3: P7DQ5 | MC3: P7DQ5 | MD3: P7E75 | ME3: P7F37 | MF3: P7E75 | MG3: P7EM9 | MH3: P7DQ3 | MI3: P7CM8 | MJ3: P7E73 | MK3: P7DQ2 | ML3: P7DQ5 | MM3: P7E75 | MN3: P7E95 | MO3: P7CD0 | MP3: P7F37 | MQ3: P7E75 | MR3: P7CD0 | MS3: P7CD1 | MT3: P7DQ2 | MU3: P7E74 | MV3: P7DQ0 | MW3: P7DQ0 | MX3: P7CM4 | MY3: P7FQ9 | MZ3: P7DN3 | NA3: P7CM8 | NB3: P7DN3 | NC3: P7DQ2 | ND3: P7DQ3 | NE3: P7DQ5 | NF3: P7DQ3 | NG3: P7EM8 | NH3: P7G68 | NI3: P7CD0 | NJ3: P7F37 | NK3: P7E73 | NL3: P7CM5 | NM3: P7E74 | NN3: P7CM7 | NO3: P7DQ2 | NP3: P7CD1 | NQ3: P7CM5 | NR3: P7DQ0 | NS3: P7GG1 | NT3: P7DN3 | NU3: P7DQ0 | NV3: P7DQ2 | NW3: P7EM8 | NX3: P7DN3 | NY3: P7DQ3 | NZ3: P7A61 | OA3: P7CD0 | OB3: P7DQ3 | OC3: P7E75 | OD3: P7DQ2 | OE3: P7DQ0 | OF3: P7DQ3 | OG3: P7E75 | OH3: P7E74 | OI3: P7DQ5 | OJ3: P7EM9 | OK3: P7DQ2 | OL3: P7DQ5 | OM3: P7DQ2 | ON3: P7DQ0 | OO3: P7EM8 | OP3: P7CM4 | OQ3: P7FQ9 | OR3: P7GG2 | OS3: P7EM8 | OT3: P7CD0 | OU3: P7DQ5 | OV3: P7DQ0 | OW3: P7CM5 | OX3: P7CM5 | OY3: P7CD0 | OZ3: P7CM8 | PA3: P7EM8 | PB3: P7CM5 | PC3: P7E74 | PD3: P7CD0 | PE3: P7E75 | PF3: P7DQ5 | PG3: P7EM8 | PH3: P7DQ5 | PI3: P7E75 | PJ3: P7CD1
B4: OS | C4: 1666 | D4: 0.0037 | N4: Lot ID | O4: P7FQ9 | P4: P7G70 | Q4: P7EM8 | R4: P7DQ5 | S4: P7EM8 | T4: P7E73 | U4: P7CM4 | V4: P7E95 | W4: P7G70 | X4: P7DN3 | Y4: P7F37 | Z4: P7E95 | AA4: P7EM8 | AB4: P7E95 | AC4: P7FQ9 | AD4: P7GG2 | AE4: P7GG2 | AF4: P7FQ9 | AG4: P7EM9 | AH4: P7FQ9 | AI4: P7CD0 | AJ4: P7E95 | AK4: P7E95 | AL4: P7E74 | AM4: P7E73 | AN4: P7E75 | AO4: P7FQ9 | AP4: P7CM0 | AQ4: P7DQ5 | AR4: P7E75 | AS4: P7E73 | AT4: P7EM8 | AU4: P7FQ9 | AV4: P7E73 | AW4: P7FQ9 | AX4: P7EM9 | AY4: P7E73 | AZ4: P7FQ9 | BA4: P7FQ9 | BB4: P7GG2 | BC4: P7CM4 | BD4: P7GG2 | BE4: P7CM4 | BF4: P7E73 | BG4: P7DQ5 | BH4: P7EM8 | BI4: P7F37 | BJ4: P7GG2 | BK4: P7E95 | BL4: P7DQ0 | BM4: P7E73 | BN4: P7F37 | BO4: P7DN3 | BP4: P7DQ5 | BQ4: P7F37 | BR4: P7DQ2 | BS4: P7FQ9 | BT4: P7DN3 | BU4: P7DN3 | BV4: P7G68 | BW4: P7F37 | BX4: P7DN3 | BY4: P7DQ2 | BZ4: P7E74 | CA4: P7FQ9 | CB4: P7E95 | CC4: P7EM9 | CD4: P7E73 | CE4: P7E95 | CF4: P7E95 | CG4: P7DN3 | CH4: P7E95 | CI4: P7EM9 | CJ4: P7DN3 | CK4: P7E95 | CL4: P7E73 | CM4: P7E73 | CN4: P7E73 | CO4: P7GG1 | CP4: P7DQ5 | CQ4: P7EM8 | CR4: P7DQ5 | CS4: P7CM4 | CT4: P7DQ0 | CU4: P7DQ2 | CV4: P7CM8 | CW4: P7E75 | CX4: P7GG2 | CY4: P7E75 | CZ4: P7DN3 | DA4: P7DQ5 | DB4: P7G70 | DC4: P7DQ3 | DD4: P7CM0 | DE4: P7G70 | DF4: P7DQ5 | DG4: P7DQ0 | DH4: P7DQ3 | DI4: P7DQ2 | DJ4: P7DQ3 | DK4: P7G70 | DL4: P7F37 | DM4: P7F37 | DN4: P7CD0 | DO4: P7DQ3 | DP4: P7G70 | DQ4: P7GG2 | DR4: P7GG2 | DS4: P7E95 | DT4: P7GG2 | DU4: P7FQ9 | DV4: P7E73 | DW4: P7EM8 | DX4: P7GG2 | DY4: P7DQ0 | DZ4: P7DQ2 | EA4: P7DN3 | EB4: P7DQ2 | EC4: P7F37 | ED4: P7GG2 | EE4: P7EM8 | EF4: P7CM0 | EG4: P7F37 | EH4: P7DQ2 | EI4: P7E95 | EJ4: P7E73 | EK4: P7CD1 | EL4: P7DQ3 | EM4: P7F37 | EN4: P7DQ5 | EO4: P7EM9 | EP4: P7GG1 | EQ4: P7G70 | ER4: P7F37 | ES4: P7E74 | ET4: P7FQ9 | EU4: P7F37 | EV4: P7EM9 | EW4: P7DQ3 | EX4: P7E74 | EY4: P7DQ5 | EZ4: P7EM8 | FA4: P7E73 | FB4: P7EM9 | FC4: P7DN3 | FD4: P7CM5 | FE4: P7DQ2 | FF4: P7EM8 | FG4: P7EM8 | FH4: P7G70 | FI4: P7F37 | FJ4: P7FQ9 | FK4: P7A61 | FL4: P7E95 | FM4: P7E73 | FN4: P7F37 | FO4: P7CM8 | FP4: P7DQ5 | FQ4: P7GG1 | FR4: P7E95 | FS4: P7G70 | FT4: P7E95 | FU4: P7E73 | FV4: P7DQ5 | FW4: P7E95 | FX4: P7DQ5 | FY4: P7E74 | FZ4: P7E74 | GA4: P7DQ5 | GB4: P7CD0 | GC4: P7FQ9 | GD4: P7E73 | GE4: P7GG2 | GF4: P7EM9 | GG4: P7DQ0 | GH4: P7DQ2 | GI4: P7G68 | GJ4: P7DN3 | GK4: P7DN3 | GL4: P7EM9 | GM4: P7EM8 | GN4: P7CM4 | GO4: P7E75 | GP4: P7E95 | GQ4: P7EM8 | GR4: P7CD0 | GS4: P7FQ9 | GT4: P7DQ3 | GU4: P7G68 | GV4: P7DQ0 | GW4: P7EM9 | GX4: P7EM9 | GY4: P7DQ0 | GZ4: P7DQ3 | HA4: P7E74 | HB4: P7E74 | HC4: P7FQ9 | HD4: P7DQ2 | HE4: P7E73 | HF4: P7EM9 | HG4: P7E73 | HH4: P7E73 | HI4: P7CD0 | HJ4: P7DQ0 | HK4: P7E75 | HL4: P7DN3 | HM4: P7DQ0 | HN4: P7E75 | HO4: P7DQ0 | HP4: P7E75 | HQ4: P7E75 | HR4: P7FQ9 | HS4: P7DQ2 | HT4: P7EM8 | HU4: P7G70 | HV4: P7DQ0 | HW4: P7FQ9 | HX4: P7EM8 | HY4: P7EM9 | HZ4: P7A61 | IA4: P7CM8 | IB4: P7EM9 | IC4: P7EM8 | ID4: P7E73 | IE4: P7CM0 | IF4: P7E75 | IG4: P7CM5 | IH4: P7DN3 | II4: P7CM0 | IJ4: P7DN3 | IK4: P7CD1 | IL4: P7GG2 | IM4: P7GG2 | IN4: P7G70 | IO4: P7DQ2 | IP4: P7CM0 | IQ4: P7DN3 | IR4: P7EM8 | IS4: P7E95 | IT4: P7E75 | IU4: P7DQ0 | IV4: P7F37 | IW4: P7DQ2 | IX4: P7DQ0 | IY4: P7DQ2 | IZ4: P7E95 | JA4: P7DQ2 | JB4: P7CM8 | JC4: P7FQ9 | JD4: P7CM4 | JE4: P7A61 | JF4: P7CD0 | JG4: P7CD0 | JH4: P7DQ3 | JI4: P7DQ3 | JJ4: P7GG2 | JK4: P7E75 | JL4: P7DQ0 | JM4: P7CM8 | JN4: P7E75 | JO4: P7E74 | JP4: P7E75 | JQ4: P7EM9 | JR4: P7DQ3 | JS4: P7FQ9 | JT4: P7CD0 | JU4: P7EM8 | JV4: P7DQ5 | JW4: P7E74 | JX4: P7CM8 | JY4: P7EM9 | JZ4: P7F37 | KA4: P7CM5 | KB4: P7DQ2 | KC4: P7CD1 | KD4: P7E73 | KE4: P7DN3 | KF4: P7E74 | KG4: P7E75 | KH4: P7GG2 | KI4: P7DN3 | KJ4: P7CM8 | KK4: P7DQ3 | KL4: P7DQ3 | KM4: P7F37 | KN4: P7EM9 | KO4: P7CM8 | KP4: P7DQ3 | KQ4: P7DQ3 | KR4: P7CM8 | KS4: P7F37 | KT4: P7DN3 | KU4: P7DQ3 | KV4: P7E73 | KW4: P7DQ0 | KX4: P7G68 | KY4: P7G70 | KZ4: P7DQ0 | LA4: P7E75 | LB4: P7GG2 | LC4: P7E74 | LD4: P7DQ3 | LE4: P7CM8 | LF4: P7F37 | LG4: P7EM9 | LH4: P7FQ9 | LI4: P7A61 | LJ4: P7EM9 | LK4: P7CM8 | LL4: P7EM8 | LM4: P7DN3 | LN4: P7DQ2 | LO4: P7DQ3 | LP4: P7DQ0 | LQ4: P7DQ5 | LR4: P7F37 | LS4: P7E75 | LT4: P7G68 | LU4: P7EM9 | LV4: P7CD0 | LW4: P7CM8 | LX4: P7DQ0 | LY4: P7E74 | LZ4: P7DQ3 | MA4: P7DN3 | MB4: P7DQ5 | MC4: P7DQ5 | MD4: P7E75 | ME4: P7F37 | MF4: P7E75 | MG4: P7EM9 | MH4: P7DQ3 | MI4: P7CM8 | MJ4: P7E73 | MK4: P7DQ2 | ML4: P7DQ5 | MM4: P7E75 | MN4: P7E95 | MO4: P7CD0 | MP4: P7F37 | MQ4: P7E75 | MR4: P7CD0 | MS4: P7CD1 | MT4: P7DQ2 | MU4: P7E74 | MV4: P7DQ0 | MW4: P7DQ0 | MX4: P7CM4 | MY4: P7FQ9 | MZ4: P7DN3 | NA4: P7CM8 | NB4: P7DN3 | NC4: P7DQ2 | ND4: P7DQ3 | NE4: P7DQ5 | NF4: P7DQ3 | NG4: P7EM8 | NH4: P7G68 | NI4: P7CD0 | NJ4: P7F37 | NK4: P7E73 | NL4: P7CM5 | NM4: P7E74 | NN4: P7CM7 | NO4: P7DQ2 | NP4: P7CD1 | NQ4: P7CM5 | NR4: P7DQ0 | NS4: P7GG1 | NT4: P7DN3 | NU4: P7DQ0 | NV4: P7DQ2 | NW4: P7EM8 | NX4: P7DN3 | NY4: P7DQ3 | NZ4: P7A61 | OA4: P7CD0 | OB4: P7DQ3 | OC4: P7E75 | OD4: P7DQ2 | OE4: P7DQ0 | OF4: P7DQ3 | OG4: P7E75 | OH4: P7E74 | OI4: P7DQ5 | OJ4: P7EM9 | OK4: P7DQ2 | OL4: P7DQ5 | OM4: P7DQ2 | ON4: P7DQ0 | OO4: P7EM8 | OP4: P7CM4 | OQ4: P7FQ9 | OR4: P7GG2 | OS4: P7EM8 | OT4: P7CD0 | OU4: P7DQ5 | OV4: P7DQ0 | OW4: P7CM5 | OX4: P7CM5 | OY4: P7CD0 | OZ4: P7CM8 | PA4: P7EM8 | PB4: P7CM5 | PC4: P7E74 | PD4: P7CD0 | PE4: P7E75 | PF4: P7DQ5 | PG4: P7EM8 | PH4: P7DQ5 | PI4: P7E75 | PJ4: P7CD1
B5: SD | C5: 1026 | D5: 0.0023 | N5: Wafer ID | O5: MAU668-03G6 | P5: MAU657-20C3 | Q5: MAS244-22D1 | R5: MAS268-04G0 | S5: MAS244-23C4 | T5: MAS257-02D5 | U5: MAS251-01G6 | V5: MAS260-08E3 | W5: MAU657-03D1 | X5: MAS246-21F3 | Y5: MAS264-13F6 | Z5: MAS260-15B2 | AA5: MAS244-03F1 | AB5: MAS260-12D1 | AC5: MAU668-07E2 | AD5: MAU661-03E6 | AE5: MAU661-19D3 | AF5: MAU668-22E6 | AG5: MAS265-21G4 | AH5: MAU668-21F3 | AI5: MAR895-07C0 | AJ5: MAS260-18G6 | AK5: MAS260-13C4 | AL5: MAS262-07G5 | AM5: MAS257-03D0 | AN5: MAS263-10D1 | AO5: MAU668-18G0 | AP5: MAS245-22A2 | AQ5: MAS268-16H1 | AR5: MAS263-13B2 | AS5: MAS257-07A4 | AT5: MAS244-19D6 | AU5: MAU668-20G0 | AV5: MAS257-19B5 | AW5: MAU668-14B1 | AX5: MAS265-09E1 | AY5: MAS257-18C2 | AZ5: MAU668-10D5 | BA5: MAU668-12C3 | BB5: MAU661-05D4 | BC5: MAS251-07D0 | BD5: MAU661-17E5 | BE5: MAS251-03F4 | BF5: MAS257-06B1 | BG5: MAS268-05F3 | BH5: MAS244-24B7 | BI5: MAS264-06B4 | BJ5: MAU661-02F3 | BK5: MAS260-02A6 | BL5: MAS258-18G6 | BM5: MAS257-01E2 | BN5: MAS264-18C5 | BO5: MAS246-16H2 | BP5: MAS268-21F2 | BQ5: MAS264-01E5 | BR5: MAS259-17E4 | BS5: MAU668-17G5 | BT5: MAS246-14B1 | BU5: MAS246-24D4 | BV5: MAU650-18A3 | BW5: MAS264-10A2 | BX5: MAS246-17G5 | BY5: MAS259-08B4 | BZ5: MAS262-23G4 | CA5: MAU668-23E1 | CB5: MAS260-06F5 | CC5: MAS265-10E6 | CD5: MAS257-16D4 | CE5: MAS260-24E2 | CF5: MAS260-19G1 | CG5: MAS246-12C3 | CH5: MAS260-04G7 | CI5: MAS265-14C2 | CJ5: MAS246-03G6 | CK5: MAS260-20G6 | CL5: MAS257-09G5 | CM5: MAS257-20C2 | CN5: MAS257-05B6 | CO5: MAU655-18A6 | CP5: MAS268-13B5 | CQ5: MAS244-17F0 | CR5: MAS268-24D3 | CS5: MAS251-02G1 | CT5: MAS258-24E2 | CU5: MAS259-04E0 | CV5: MAS267-17C0 | CW5: MAS263-18F4 | CX5: MAU661-07C2 | CY5: MAS263-20F4 | CZ5: MAS246-20G0 | DA5: MAS268-22E5 | DB5: MAU657-10A0 | DC5: MAS261-22C5 | DD5: MAS245-20B4 | DE5: MAU657-19B6 | DF5: MAS268-18F7 | DG5: MAS258-11D6 | DH5: MAS261-07C1 | DI5: MAS259-11A7 | DJ5: MAS261-02F2 | DK5: MAU657-12G1 | DL5: MAS264-17D2 | DM5: MAS264-09H0 | DN5: MAR895-14G2 | DO5: MAS261-01F7 | DP5: MAU657-18C3 | DQ5: MAU661-04E1 | DR5: MAU661-21D3 | DS5: MAS260-07F0 | DT5: MAU661-14G4 | DU5: MAU668-04G1 | DV5: MAS257-04C3 | DW5: MAS244-05D7 | DX5: MAU661-10B5 | DY5: MAS258-12D1 | DZ5: MAS259-24B3 | EA5: MAS246-22E6 | EB5: MAS259-18D7 | EC5: MAS264-15E4 | ED5: MAU661-20E0 | EE5: MAS244-04E4 | EF5: MAS245-24G3 | EG5: MAS264-25G7 | EH5: MAS259-10B4 | EI5: MAS260-05G2 | EJ5: MAS257-08H2 | EK5: MAS252-09G2 | EL5: MAS261-20D7 | EM5: MAS264-02E0 | EN5: MAS268-23E0 | EO5: MAS265-05G5 | EP5: MAU655-19A1 | EQ5: MAU657-01E3 | ER5: MAS264-11H0 | ES5: MAS262-16C2 | ET5: MAU668-11D0 | EU5: MAS264-19C0 | EV5: MAS265-01B6 | EW5: MAS261-03E5 | EX5: MAS262-19A3 | EY5: MAS268-09C7 | EZ5: MAS244-09B3 | FA5: MAS257-11G5 | FB5: MAS265-19G4 | FC5: MAS246-02A0 | FD5: MAS253-08E0 | FE5: MAS259-22C5 | FF5: MAS244-16F5 | FG5: MAS244-20E3 | FH5: MAU657-11G6 | FI5: MAS264-24A1 | FJ5: MAU668-24D4 | FK5: MAR890-14F7 | FL5: MAS260-22F4 | FM5: MAS257-17C7 | FN5: MAS264-08A2 | FO5: MAS267-24G2 | FP5: MAS268-20F7 | FQ5: MAU655-17B3 | FR5: MAS260-14B7 | FS5: MAU657-22B1 | FT5: MAS260-25D5 | FU5: MAS257-23A3 | FV5: MAS268-03G5 | FW5: MAS260-11D6 | FX5: MAS268-17G4 | FY5: MAS262-24F7 | FZ5: MAS262-22H1 | GA5: MAS268-02H2 | GB5: MAR895-05D2 | GC5: MAU668-09D0 | GD5: MAS257-14E6 | GE5: MAU661-12A3 | GF5: MAS265-15B5 | GG5: MAS258-20G6 | GH5: MAS259-09A7 | GI5: MAU650-11E6 | GJ5: MAS246-07E2 | GK5: MAS246-01A5 | GL5: MAS265-24E5 | GM5: MAS244-25B2 | GN5: MAS251-08C3 | GO5: MAS263-08D1 | GP5: MAS260-23E7 | GQ5: MAS244-08C0 | GR5: MAR895-25A5 | GS5: MAU668-19F3 | GT5: MAS261-10B4 | GU5: MAU650-01C3 | GV5: MAS258-13C4 | GW5: MAS265-13C7 | GX5: MAS265-12D4 | GY5: MAS258-16A5 | GZ5: MAS261-08B4 | HA5: MAS262-14D4 | HB5: MAS262-13E1 | HC5: MAU668-06E7 | HD5: MAS259-21D2 | HE5: MAS257-25G4 | HF5: MAS265-16B0 | HG5: MAS257-13F3 | HH5: MAS257-22B0 | HI5: MAR895-15F5 | HJ5: MAS258-17A0 | HK5: MAS263-12B7 | HL5: MAS246-23E1 | HM5: MAS258-03A1 | HN5: MAS263-04F5 | HO5: MAS258-08E3 | HP5: MAS263-03G2 | HQ5: MAS263-19E7 | HR5: MAU668-13B6 | HS5: MAS259-23C0 | HT5: MAS244-01G3 | HU5: MAU657-02D6 | HV5: MAS258-25D5 | HW5: MAU668-01A5 | HX5: MAS244-02F6 | HY5: MAS265-18H1 | HZ5: MAR890-12H1 | IA5: MAS267-07H0 | IB5: MAS265-02B1 | IC5: MAS244-13A1 | ID5: MAS257-15E1 | IE5: MAS245-21A7 | IF5: MAS263-23D5 | IG5: MAS253-23E4 | IH5: MAS246-05F4 | II5: MAS245-25F6 | IJ5: MAS246-19F3 | IK5: MAS252-08G7 | IL5: MAU661-11B0 | IM5: MAU661-09B0 | IN5: MAU657-21B6 | IO5: MAS259-03E5 | IP5: MAS245-23H0 | IQ5: MAS246-10D5 | IR5: MAS244-10C0 | IS5: MAS260-21G1 | IT5: MAS263-24D0 | IU5: MAS258-22F4 | IV5: MAS264-21C0 | IW5: MAS259-12A2 | IX5: MAS258-07F0 | IY5: MAS259-01F7 | IZ5: MAS260-16A5 | JA5: MAS259-14G3 | JB5: MAS267-06A2 | JC5: MAU668-05F4 | JD5: MAS251-04E7 | JE5: MAR890-15F2 | JF5: MAR895-06C5 | JG5: MAR895-22C4 | JH5: MAS261-21D2 | JI5: MAS261-09A7 | JJ5: MAU661-13H1 | JK5: MAS263-05F0 | JL5: MAS258-09D6 | JM5: MAS267-20B3 | JN5: MAS263-15A0 | JO5: MAS262-04B1 | JP5: MAS263-17G1 | JQ5: MAS265-22F7 | JR5: MAS261-24B3 | JS5: MAU668-02A0 | JT5: MAR895-16F0 | JU5: MAS244-14G7 | JV5: MAS268-06E6 | JW5: MAS262-20B0 | JX5: MAS267-02C6 | JY5: MAS265-07F3 | JZ5: MAS264-05C1 | KA5: MAS253-25D2 | KB5: MAS259-25A6 | KC5: MAS252-07A1 | KD5: MAS257-12G0 | KE5: MAS246-04G1 | KF5: MAS262-21A3 | KG5: MAS263-07D6 | KH5: MAU661-01G0 | KI5: MAS246-08D5 | KJ5: MAS267-23G7 | KK5: MAS261-04E0 | KL5: MAS261-13H0 | KM5: MAS264-20C5 | KN5: MAS265-03A4 | KO5: MAS267-21A6 | KP5: MAS261-16F1 | KQ5: MAS261-15F6 | KR5: MAS267-03C1 | KS5: MAS264-23A6 | KT5: MAS246-11D0 | KU5: MAS261-14G3 | KV5: MAS257-21B5 | KW5: MAS258-19G1 | KX5: MAU650-10F3 | KY5: MAU657-04C4 | KZ5: MAS258-05G2 | LA5: MAS263-09C4 | LB5: MAU661-06C7 | LC5: MAS262-12E6 | LD5: MAS261-25A6 | LE5: MAS267-18B3 | LF5: MAS264-07A7 | LG5: MAS265-06G0 | LH5: MAU668-08D5 | LI5: MAR890-13G4 | LJ5: MAS265-23F2 | LK5: MAS267-22A1 | LL5: MAS244-11B3 | LM5: MAS246-18G0 | LN5: MAS259-16F1 | LO5: MAS261-17E4 | LP5: MAS258-06F5 | LQ5: MAS268-25C6 | LR5: MAS264-04C6 | LS5: MAS263-11C4 | LT5: MAU650-09E6 | LU5: MAS265-20H1 | LV5: MAR895-24B2 | LW5: MAS267-04B4 | LX5: MAS258-21G1 | LY5: MAS262-08G0 | LZ5: MAS261-06C6 | MA5: MAS246-25C7 | MB5: MAS268-01A4 | MC5: MAS268-15A3 | MD5: MAS263-06E3 | ME5: MAS264-16D7 | MF5: MAS263-25C3 | MG5: MAS265-11E1 | MH5: MAS261-12A2 | MI5: MAS267-08G3 | MJ5: MAS257-24H1 | MK5: MAS259-13H0 | ML5: MAS268-12C2 | MM5: MAS263-22E2 | MN5: MAS260-03A1 | MO5: MAR895-04D7 | MP5: MAS264-03D3 | MQ5: MAS263-14A5 | MR5: MAR895-08B3 | MS5: MAS252-19B2 | MT5: MAS259-15F6 | MU5: MAS262-06H2 | MV5: MAS258-14B7 | MW5: MAS258-23E7 | MX5: MAS251-06D5 | MY5: MAU668-25C7 | MZ5: MAS246-13B6 | NA5: MAS267-05A7 | NB5: MAS246-06E7 | NC5: MAS259-07C1 | ND5: MAS261-18D7 | NE5: MAS268-08D4 | NF5: MAS261-05D3 | NG5: MAS244-18E3 | NH5: MAU650-17B0 | NI5: MAR895-23B7 | NJ5: MAS264-22B3 | NK5: MAS257-10H2 | NL5: MAS253-16A2 | NM5: MAS262-05A4 | NN5: MAS266-01G2 | NO5: MAS259-05D3 | NP5: MAS252-10G7 | NQ5: MAS253-15A7 | NR5: MAS258-10E3 | NS5: MAU655-02C1 | NT5: MAS246-15A4 | NU5: MAS258-04G7 | NV5: MAS259-02F2 | NW5: MAS244-12A6 | NX5: MAS246-09D0 | NY5: MAS261-19D2 | NZ5: MAR890-16E5 | OA5: MAR895-18D6 | OB5: MAS261-23C0 | OC5: MAS263-16G6 | OD5: MAS259-19D2 | OE5: MAS258-15B2 | OF5: MAS261-11A7 | OG5: MAS263-02G7 | OH5: MAS262-25F2 | OI5: MAS268-10D4 | OJ5: MAS265-04H2 | OK5: MAS259-06C6 | OL5: MAS268-07E1 | OM5: MAS259-20D7 | ON5: MAS258-01B3 | OO5: MAS244-06D2 | OP5: MAS251-05E2 | OQ5: MAU668-15A4 | OR5: MAU661-18E0 | OS5: MAS244-21D6 | OT5: MAR895-12A1 | OU5: MAS268-11C7 | OV5: MAS258-02A6 | OW5: MAS253-24D7 | OX5: MAS253-14B4 | OY5: MAR895-13G7 | OZ5: MAS267-25F5 | PA5: MAS244-15G2 | PB5: MAS253-13C1 | PC5: MAS262-15C7 | PD5: MAR895-21D1 | PE5: MAS263-01A1 | PF5: MAS268-14B0 | PG5: MAS244-07C5 | PH5: MAS268-19F2 | PI5: MAS263-21E7 | PJ5: MAS252-17C4
B6: POR | C6: 83 | D6: 0.0002 | N6: Wafer NO. | O6: 3 | P6: 20 | Q6: 22 | R6: 4 | S6: 23 | T6: 2 | U6: 1 | V6: 8 | W6: 3 | X6: 21 | Y6: 13 | Z6: 15 | AA6: 3 | AB6: 12 | AC6: 7 | AD6: 3 | AE6: 19 | AF6: 22 | AG6: 21 | AH6: 21 | AI6: 7 | AJ6: 18 | AK6: 13 | AL6: 7 | AM6: 3 | AN6: 10 | AO6: 18 | AP6: 22 | AQ6: 16 | AR6: 13 | AS6: 7 | AT6: 19 | AU6: 20 | AV6: 19 | AW6: 14 | AX6: 9 | AY6: 18 | AZ6: 10 | BA6: 12 | BB6: 5 | BC6: 7 | BD6: 17 | BE6: 3 | BF6: 6 | BG6: 5 | BH6: 24 | BI6: 6 | BJ6: 2 | BK6: 2 | BL6: 18 | BM6: 1 | BN6: 18 | BO6: 16 | BP6: 21 | BQ6: 1 | BR6: 17 | BS6: 17 | BT6: 14 | BU6: 24 | BV6: 18 | BW6: 10 | BX6: 17 | BY6: 8 | BZ6: 23 | CA6: 23 | CB6: 6 | CC6: 10 | CD6: 16 | CE6: 24 | CF6: 19 | CG6: 12 | CH6: 4 | CI6: 14 | CJ6: 3 | CK6: 20 | CL6: 9 | CM6: 20 | CN6: 5 | CO6: 18 | CP6: 13 | CQ6: 17 | CR6: 24 | CS6: 2 | CT6: 24 | CU6: 4 | CV6: 17 | CW6: 18 | CX6: 7 | CY6: 20 | CZ6: 20 | DA6: 22 | DB6: 10 | DC6: 22 | DD6: 20 | DE6: 19 | DF6: 18 | DG6: 11 | DH6: 7 | DI6: 11 | DJ6: 2 | DK6: 12 | DL6: 17 | DM6: 9 | DN6: 14 | DO6: 1 | DP6: 18 | DQ6: 4 | DR6: 21 | DS6: 7 | DT6: 14 | DU6: 4 | DV6: 4 | DW6: 5 | DX6: 10 | DY6: 12 | DZ6: 24 | EA6: 22 | EB6: 18 | EC6: 15 | ED6: 20 | EE6: 4 | EF6: 24 | EG6: 25 | EH6: 10 | EI6: 5 | EJ6: 8 | EK6: 9 | EL6: 20 | EM6: 2 | EN6: 23 | EO6: 5 | EP6: 19 | EQ6: 1 | ER6: 11 | ES6: 16 | ET6: 11 | EU6: 19 | EV6: 1 | EW6: 3 | EX6: 19 | EY6: 9 | EZ6: 9 | FA6: 11 | FB6: 19 | FC6: 2 | FD6: 8 | FE6: 22 | FF6: 16 | FG6: 20 | FH6: 11 | FI6: 24 | FJ6: 24 | FK6: 14 | FL6: 22 | FM6: 17 | FN6: 8 | FO6: 24 | FP6: 20 | FQ6: 17 | FR6: 14 | FS6: 22 | FT6: 25 | FU6: 23 | FV6: 3 | FW6: 11 | FX6: 17 | FY6: 24 | FZ6: 22 | GA6: 2 | GB6: 5 | GC6: 9 | GD6: 14 | GE6: 12 | GF6: 15 | GG6: 20 | GH6: 9 | GI6: 11 | GJ6: 7 | GK6: 1 | GL6: 24 | GM6: 25 | GN6: 8 | GO6: 8 | GP6: 23 | GQ6: 8 | GR6: 25 | GS6: 19 | GT6: 10 | GU6: 1 | GV6: 13 | GW6: 13 | GX6: 12 | GY6: 16 | GZ6: 8 | HA6: 14 | HB6: 13 | HC6: 6 | HD6: 21 | HE6: 25 | HF6: 16 | HG6: 13 | HH6: 22 | HI6: 15 | HJ6: 17 | HK6: 12 | HL6: 23 | HM6: 3 | HN6: 4 | HO6: 8 | HP6: 3 | HQ6: 19 | HR6: 13 | HS6: 23 | HT6: 1 | HU6: 2 | HV6: 25 | HW6: 1 | HX6: 2 | HY6: 18 | HZ6: 12 | IA6: 7 | IB6: 2 | IC6: 13 | ID6: 15 | IE6: 21 | IF6: 23 | IG6: 23 | IH6: 5 | II6: 25 | IJ6: 19 | IK6: 8 | IL6: 11 | IM6: 9 | IN6: 21 | IO6: 3 | IP6: 23 | IQ6: 10 | IR6: 10 | IS6: 21 | IT6: 24 | IU6: 22 | IV6: 21 | IW6: 12 | IX6: 7 | IY6: 1 | IZ6: 16 | JA6: 14 | JB6: 6 | JC6: 5 | JD6: 4 | JE6: 15 | JF6: 6 | JG6: 22 | JH6: 21 | JI6: 9 | JJ6: 13 | JK6: 5 | JL6: 9 | JM6: 20 | JN6: 15 | JO6: 4 | JP6: 17 | JQ6: 22 | JR6: 24 | JS6: 2 | JT6: 16 | JU6: 14 | JV6: 6 | JW6: 20 | JX6: 2 | JY6: 7 | JZ6: 5 | KA6: 25 | KB6: 25 | KC6: 7 | KD6: 12 | KE6: 4 | KF6: 21 | KG6: 7 | KH6: 1 | KI6: 8 | KJ6: 23 | KK6: 4 | KL6: 13 | KM6: 20 | KN6: 3 | KO6: 21 | KP6: 16 | KQ6: 15 | KR6: 3 | KS6: 23 | KT6: 11 | KU6: 14 | KV6: 21 | KW6: 19 | KX6: 10 | KY6: 4 | KZ6: 5 | LA6: 9 | LB6: 6 | LC6: 12 | LD6: 25 | LE6: 18 | LF6: 7 | LG6: 6 | LH6: 8 | LI6: 13 | LJ6: 23 | LK6: 22 | LL6: 11 | LM6: 18 | LN6: 16 | LO6: 17 | LP6: 6 | LQ6: 25 | LR6: 4 | LS6: 11 | LT6: 9 | LU6: 20 | LV6: 24 | LW6: 4 | LX6: 21 | LY6: 8 | LZ6: 6 | MA6: 25 | MB6: 1 | MC6: 15 | MD6: 6 | ME6: 16 | MF6: 25 | MG6: 11 | MH6: 12 | MI6: 8 | MJ6: 24 | MK6: 13 | ML6: 12 | MM6: 22 | MN6: 3 | MO6: 4 | MP6: 3 | MQ6: 14 | MR6: 8 | MS6: 19 | MT6: 15 | MU6: 6 | MV6: 14 | MW6: 23 | MX6: 6 | MY6: 25 | MZ6: 13 | NA6: 5 | NB6: 6 | NC6: 7 | ND6: 18 | NE6: 8 | NF6: 5 | NG6: 18 | NH6: 17 | NI6: 23 | NJ6: 22 | NK6: 10 | NL6: 16 | NM6: 5 | NN6: 1 | NO6: 5 | NP6: 10 | NQ6: 15 | NR6: 10 | NS6: 2 | NT6: 15 | NU6: 4 | NV6: 2 | NW6: 12 | NX6: 9 | NY6: 19 | NZ6: 16 | OA6: 18 | OB6: 23 | OC6: 16 | OD6: 19 | OE6: 15 | OF6: 11 | OG6: 2 | OH6: 25 | OI6: 10 | OJ6: 4 | OK6: 6 | OL6: 7 | OM6: 20 | ON6: 1 | OO6: 6 | OP6: 5 | OQ6: 15 | OR6: 18 | OS6: 21 | OT6: 12 | OU6: 11 | OV6: 2 | OW6: 24 | OX6: 14 | OY6: 13 | OZ6: 25 | PA6: 15 | PB6: 13 | PC6: 15 | PD6: 21 | PE6: 1 | PF6: 14 | PG6: 7 | PH6: 19 | PI6: 21 | PJ6: 17
B7: IDD | C7: 291 | D7: 0.0006 | N7: Re-Test | O7: 6 | P7: 1 | Q7: 1 | R7: 1 | S7: 1 | T7: 3 | U7: 3 | V7: 1 | W7: 1 | X7: 1 | Y7: 6 | Z7: 1 | AA7: 1 | AB7: 2 | AC7: 1 | AD7: 1 | AE7: 1 | AF7: 1 | AG7: 1 | AH7: 1 | AI7: 2 | AJ7: 2 | AK7: 1 | AL7: 1 | AM7: 3 | AN7: 1 | AO7: 1 | AP7: 1 | AQ7: 1 | AR7: 1 | AS7: 2 | AT7: 1 | AU7: 1 | AV7: 3 | AW7: 1 | AX7: 1 | AY7: 2 | AZ7: 1 | BA7: 1 | BB7: 1 | BC7: 2 | BD7: 1 | BE7: 2 | BF7: 4 | BG7: 1 | BH7: 2 | BI7: 4 | BJ7: 1 | BK7: 2 | BL7: 1 | BM7: 4 | BN7: 2 | BO7: 1 | BP7: 1 | BQ7: 1 | BR7: 2 | BS7: 1 | BT7: 2 | BU7: 1 | BV7: 1 | BW7: 2 | BX7: 7 | BY7: 1 | BZ7: 1 | CA7: 1 | CB7: 1 | CC7: 2 | CD7: 2 | CE7: 1 | CF7: 1 | CG7: 1 | CH7: 2 | CI7: 3 | CJ7: 1 | CK7: 3 | CL7: 6 | CM7: 1 | CN7: 1 | CO7: 1 | CP7: 1 | CQ7: 1 | CR7: 1 | CS7: 2 | CT7: 1 | CU7: 1 | CV7: 3 | CW7: 1 | CX7: 1 | CY7: 1 | CZ7: 1 | DA7: 1 | DB7: 1 | DC7: 1 | DD7: 2 | DE7: 1 | DF7: 1 | DG7: 1 | DH7: 1 | DI7: 1 | DJ7: 1 | DK7: 1 | DL7: 11 | DM7: 3 | DN7: 1 | DO7: 1 | DP7: 1 | DQ7: 1 | DR7: 2 | DS7: 1 | DT7: 1 | DU7: 1 | DV7: 1 | DW7: 4 | DX7: 1 | DY7: 1 | DZ7: 1 | EA7: 1 | EB7: 1 | EC7: 1 | ED7: 1 | EE7: 9 | EF7: 2 | EG7: 1 | EH7: 1 | EI7: 1 | EJ7: 6 | EK7: 1 | EL7: 1 | EM7: 1 | EN7: 1 | EO7: 1 | EP7: 1 | EQ7: 1 | ER7: 3 | ES7: 1 | ET7: 1 | EU7: 1 | EV7: 2 | EW7: 1 | EX7: 1 | EY7: 2 | EZ7: 1 | FA7: 1 | FB7: 1 | FC7: 1 | FD7: 1 | FE7: 2 | FF7: 1 | FG7: 1 | FH7: 1 | FI7: 1 | FJ7: 1 | FK7: 1 | FL7: 1 | FM7: 1 | FN7: 1 | FO7: 1 | FP7: 1 | FQ7: 1 | FR7: 1 | FS7: 1 | FT7: 3 | FU7: 1 | FV7: 1 | FW7: 1 | FX7: 3 | FY7: 1 | FZ7: 1 | GA7: 1 | GB7: 2 | GC7: 1 | GD7: 1 | GE7: 1 | GF7: 1 | GG7: 1 | GH7: 1 | GI7: 1 | GJ7: 1 | GK7: 1 | GL7: 1 | GM7: 1 | GN7: 3 | GO7: 1 | GP7: 1 | GQ7: 1 | GR7: 1 | GS7: 1 | GT7: 1 | GU7: 1 | GV7: 1 | GW7: 1 | GX7: 1 | GY7: 1 | GZ7: 1 | HA7: 1 | HB7: 2 | HC7: 2 | HD7: 1 | HE7: 4 | HF7: 1 | HG7: 1 | HH7: 1 | HI7: 1 | HJ7: 1 | HK7: 1 | HL7: 3 | HM7: 1 | HN7: 1 | HO7: 1 | HP7: 1 | HQ7: 1 | HR7: 1 | HS7: 2 | HT7: 1 | HU7: 2 | HV7: 1 | HW7: 1 | HX7: 2 | HY7: 1 | HZ7: 4 | IA7: 2 | IB7: 1 | IC7: 1 | ID7: 1 | IE7: 2 | IF7: 2 | IG7: 4 | IH7: 1 | II7: 1 | IJ7: 1 | IK7: 2 | IL7: 1 | IM7: 1 | IN7: 1 | IO7: 1 | IP7: 1 | IQ7: 2 | IR7: 1 | IS7: 1 | IT7: 1 | IU7: 1 | IV7: 1 | IW7: 1 | IX7: 1 | IY7: 1 | IZ7: 1 | JA7: 1 | JB7: 2 | JC7: 1 | JD7: 3 | JE7: 1 | JF7: 2 | JG7: 1 | JH7: 1 | JI7: 11 | JJ7: 1 | JK7: 1 | JL7: 1 | JM7: 2 | JN7: 1 | JO7: 1 | JP7: 2 | JQ7: 1 | JR7: 3 | JS7: 1 | JT7: 1 | JU7: 1 | JV7: 1 | JW7: 1 | JX7: 2 | JY7: 1 | JZ7: 1 | KA7: 1 | KB7: 1 | KC7: 3 | KD7: 1 | KE7: 1 | KF7: 1 | KG7: 4 | KH7: 1 | KI7: 1 | KJ7: 3 | KK7: 1 | KL7: 1 | KM7: 1 | KN7: 1 | KO7: 4 | KP7: 1 | KQ7: 1 | KR7: 3 | KS7: 1 | KT7: 2 | KU7: 1 | KV7: 1 | KW7: 1 | KX7: 2 | KY7: 1 | KZ7: 1 | LA7: 1 | LB7: 1 | LC7: 1 | LD7: 1 | LE7: 3 | LF7: 1 | LG7: 1 | LH7: 1 | LI7: 1 | LJ7: 1 | LK7: 2 | LL7: 1 | LM7: 1 | LN7: 1 | LO7: 1 | LP7: 1 | LQ7: 1 | LR7: 1 | LS7: 1 | LT7: 1 | LU7: 1 | LV7: 1 | LW7: 3 | LX7: 1 | LY7: 2 | LZ7: 1 | MA7: 1 | MB7: 1 | MC7: 1 | MD7: 1 | ME7: 1 | MF7: 1 | MG7: 1 | MH7: 3 | MI7: 3 | MJ7: 2 | MK7: 1 | ML7: 1 | MM7: 3 | MN7: 1 | MO7: 4 | MP7: 1 | MQ7: 1 | MR7: 5 | MS7: 1 | MT7: 1 | MU7: 1 | MV7: 1 | MW7: 1 | MX7: 3 | MY7: 1 | MZ7: 1 | NA7: 2 | NB7: 1 | NC7: 1 | ND7: 1 | NE7: 1 | NF7: 1 | NG7: 1 | NH7: 1 | NI7: 2 | NJ7: 1 | NK7: 1 | NL7: 1 | NM7: 1 | NN7: 2 | NO7: 1 | NP7: 2 | NQ7: 1 | NR7: 1 | NS7: 1 | NT7: 1 | NU7: 1 | NV7: 1 | NW7: 1 | NX7: 1 | NY7: 1 | NZ7: 2 | OA7: 2 | OB7: 1 | OC7: 1 | OD7: 1 | OE7: 1 | OF7: 1 | OG7: 1 | OH7: 1 | OI7: 1 | OJ7: 1 | OK7: 2 | OL7: 1 | OM7: 1 | ON7: 1 | OO7: 1 | OP7: 2 | OQ7: 1 | OR7: 1 | OS7: 1 | OT7: 4 | OU7: 1 | OV7: 1 | OW7: 1 | OX7: 1 | OY7: 1 | OZ7: 1 | PA7: 1 | PB7: 1 | PC7: 1 | PD7: 1 | PE7: 1 | PF7: 1 | PG7: 1 | PH7: 1 | PI7: 1 | PJ7: 1
B8: OTP | C8: 30 | D8: 0.0001 | N8: ProbeCard | O8: RL6982-PC-06 | P8: RL6982-PC-16 | Q8: RL6982-PC-09 | R8: RL6982-PC-01 | S8: RL6982-PC-09 | T8: RL6982-PC-08 | U8: RL6982-PC-11 | V8: RL6982-PC-07 | W8: RL6982-PC-17 | X8: RL6982-PC-11 | Y8: RL6982-PC-18 | Z8: RL6982-PC-20 | AA8: RL6982-PC-01 | AB8: RL6982-PC-20 | AC8: RL6982-PC-06 | AD8: RL6982-PC-19 | AE8: RL6982-PC-22 | AF8: RL6982-PC-11 | AG8: RL6982-PC-01 | AH8: RL6982-PC-11 | AI8: RL6982-PC-16 | AJ8: RL6982-PC-03 | AK8: RL6982-PC-20 | AL8: RL6982-PC-01 | AM8: RL6982-PC-14 | AN8: RL6982-PC-20 | AO8: RL6982-PC-11 | AP8: RL6982-PC-14 | AQ8: RL6982-PC-23 | AR8: RL6982-PC-20 | AS8: RL6982-PC-25 | AT8: RL6982-PC-09 | AU8: RL6982-PC-11 | AV8: RL6982-PC-06 | AW8: RL6982-PC-07 | AX8: RL6982-PC-20 | AY8: RL6982-PC-06 | AZ8: RL6982-PC-07 | BA8: RL6982-PC-07 | BB8: RL6982-PC-19 | BC8: RL6982-PC-11 | BD8: RL6982-PC-22 | BE8: RL6982-PC-11 | BF8: RL6982-PC-25 | BG8: RL6982-PC-01 | BH8: RL6982-PC-09 | BI8: RL6982-PC-08 | BJ8: RL6982-PC-19 | BK8: RL6982-PC-07 | BL8: RL6982-PC-08 | BM8: RL6982-PC-14 | BN8: RL6982-PC-03 | BO8: RL6982-PC-16 | BP8: RL6982-PC-09 | BQ8: RL6982-PC-08 | BR8: RL6982-PC-22 | BS8: RL6982-PC-11 | BT8: RL6982-PC-16 | BU8: RL6982-PC-11 | BV8: RL6982-PC-20 | BW8: RL6982-PC-18 | BX8: RL6982-PC-16 | BY8: RL6982-PC-11 | BZ8: RL6982-PC-18 | CA8: RL6982-PC-11 | CB8: RL6982-PC-07 | CC8: RL6982-PC-20 | CD8: RL6982-PC-03 | CE8: RL6982-PC-03 | CF8: RL6982-PC-03 | CG8: RL6982-PC-16 | CH8: RL6982-PC-07 | CI8: RL6982-PC-20 | CJ8: RL6982-PC-14 | CK8: RL6982-PC-03 | CL8: RL6982-PC-06 | CM8: RL6982-PC-07 | CN8: RL6982-PC-25 | CO8: RL6982-PC-23 | CP8: RL6982-PC-23 | CQ8: RL6982-PC-17 | CR8: RL6982-PC-09 | CS8: RL6982-PC-11 | CT8: RL6982-PC-08 | CU8: RL6982-PC-11 | CV8: RL6982-PC-06 | CW8: RL6982-PC-06 | CX8: RL6982-PC-19 | CY8: RL6982-PC-06 | CZ8: RL6982-PC-11 | DA8: RL6982-PC-09 | DB8: RL6982-PC-09 | DC8: RL6982-PC-19 | DD8: RL6982-PC-14 | DE8: RL6982-PC-16 | DF8: RL6982-PC-09 | DG8: RL6982-PC-19 | DH8: RL6982-PC-23 | DI8: RL6982-PC-16 | DJ8: RL6982-PC-23 | DK8: RL6982-PC-09 | DL8: RL6982-PC-18 | DM8: RL6982-PC-08 | DN8: RL6982-PC-07 | DO8: RL6982-PC-23 | DP8: RL6982-PC-16 | DQ8: RL6982-PC-19 | DR8: RL6982-PC-22 | DS8: RL6982-PC-07 | DT8: RL6982-PC-25 | DU8: RL6982-PC-06 | DV8: RL6982-PC-25 | DW8: RL6982-PC-14 | DX8: RL6982-PC-25 | DY8: RL6982-PC-19 | DZ8: RL6982-PC-22 | EA8: RL6982-PC-11 | EB8: RL6982-PC-22 | EC8: RL6982-PC-18 | ED8: RL6982-PC-22 | EE8: RL6982-PC-14 | EF8: RL6982-PC-14 | EG8: RL6982-PC-03 | EH8: RL6982-PC-16 | EI8: RL6982-PC-07 | EJ8: RL6982-PC-06 | EK8: RL6982-PC-16 | EL8: RL6982-PC-19 | EM8: RL6982-PC-08 | EN8: RL6982-PC-09 | EO8: RL6982-PC-05 | EP8: RL6982-PC-23 | EQ8: RL6982-PC-17 | ER8: RL6982-PC-18 | ES8: RL6982-PC-09 | ET8: RL6982-PC-07 | EU8: RL6982-PC-03 | EV8: RL6982-PC-05 | EW8: RL6982-PC-23 | EX8: RL6982-PC-18 | EY8: RL6982-PC-23 | EZ8: RL6982-PC-14 | FA8: RL6982-PC-03 | FB8: RL6982-PC-01 | FC8: RL6982-PC-14 | FD8: RL6982-PC-08 | FE8: RL6982-PC-08 | FF8: RL6982-PC-17 | FG8: RL6982-PC-09 | FH8: RL6982-PC-09 | FI8: RL6982-PC-03 | FJ8: RL6982-PC-11 | FK8: RL6982-PC-14 | FL8: RL6982-PC-03 | FM8: RL6982-PC-03 | FN8: RL6982-PC-08 | FO8: RL6982-PC-08 | FP8: RL6982-PC-09 | FQ8: RL6982-PC-23 | FR8: RL6982-PC-20 | FS8: RL6982-PC-16 | FT8: RL6982-PC-03 | FU8: RL6982-PC-07 | FV8: RL6982-PC-01 | FW8: RL6982-PC-20 | FX8: RL6982-PC-09 | FY8: RL6982-PC-18 | FZ8: RL6982-PC-18 | GA8: RL6982-PC-01 | GB8: RL6982-PC-02 | GC8: RL6982-PC-07 | GD8: RL6982-PC-03 | GE8: RL6982-PC-25 | GF8: RL6982-PC-20 | GG8: RL6982-PC-08 | GH8: RL6982-PC-16 | GI8: RL6982-PC-15 | GJ8: RL6982-PC-14 | GK8: RL6982-PC-14 | GL8: RL6982-PC-01 | GM8: RL6982-PC-09 | GN8: RL6982-PC-11 | GO8: RL6982-PC-18 | GP8: RL6982-PC-03 | GQ8: RL6982-PC-14 | GR8: RL6982-PC-23 | GS8: RL6982-PC-11 | GT8: RL6982-PC-22 | GU8: RL6982-PC-03 | GV8: RL6982-PC-19 | GW8: RL6982-PC-20 | GX8: RL6982-PC-20 | GY8: RL6982-PC-19 | GZ8: RL6982-PC-23 | HA8: RL6982-PC-09 | HB8: RL6982-PC-09 | HC8: RL6982-PC-06 | HD8: RL6982-PC-22 | HE8: RL6982-PC-07 | HF8: RL6982-PC-20 | HG8: RL6982-PC-03 | HH8: RL6982-PC-07 | HI8: RL6982-PC-07 | HJ8: RL6982-PC-08 | HK8: RL6982-PC-20 | HL8: RL6982-PC-11 | HM8: RL6982-PC-17 | HN8: RL6982-PC-18 | HO8: RL6982-PC-17 | HP8: RL6982-PC-18 | HQ8: RL6982-PC-06 | HR8: RL6982-PC-07 | HS8: RL6982-PC-22 | HT8: RL6982-PC-01 | HU8: RL6982-PC-17 | HV8: RL6982-PC-08 | HW8: RL6982-PC-06 | HX8: RL6982-PC-01 | HY8: RL6982-PC-01 | HZ8: RL6982-PC-14 | IA8: RL6982-PC-17 | IB8: RL6982-PC-05 | IC8: RL6982-PC-17 | ID8: RL6982-PC-03 | IE8: RL6982-PC-06 | IF8: RL6982-PC-06 | IG8: RL6982-PC-19 | IH8: RL6982-PC-14 | II8: RL6982-PC-14 | IJ8: RL6982-PC-11 | IK8: RL6982-PC-17 | IL8: RL6982-PC-25 | IM8: RL6982-PC-25 | IN8: RL6982-PC-16 | IO8: RL6982-PC-11 | IP8: RL6982-PC-14 | IQ8: RL6982-PC-06 | IR8: RL6982-PC-17 | IS8: RL6982-PC-03 | IT8: RL6982-PC-06 | IU8: RL6982-PC-08 | IV8: RL6982-PC-03 | IW8: RL6982-PC-16 | IX8: RL6982-PC-17 | IY8: RL6982-PC-11 | IZ8: RL6982-PC-20 | JA8: RL6982-PC-16 | JB8: RL6982-PC-17 | JC8: RL6982-PC-06 | JD8: RL6982-PC-11 | JE8: RL6982-PC-06 | JF8: RL6982-PC-16 | JG8: RL6982-PC-23 | JH8: RL6982-PC-19 | JI8: RL6982-PC-23 | JJ8: RL6982-PC-25 | JK8: RL6982-PC-18 | JL8: RL6982-PC-19 | JM8: RL6982-PC-06 | JN8: RL6982-PC-20 | JO8: RL6982-PC-01 | JP8: RL6982-PC-06 | JQ8: RL6982-PC-01 | JR8: RL6982-PC-19 | JS8: RL6982-PC-06 | JT8: RL6982-PC-07 | JU8: RL6982-PC-17 | JV8: RL6982-PC-01 | JW8: RL6982-PC-18 | JX8: RL6982-PC-14 | JY8: RL6982-PC-05 | JZ8: RL6982-PC-08 | KA8: RL6982-PC-19 | KB8: RL6982-PC-22 | KC8: RL6982-PC-17 | KD8: RL6982-PC-03 | KE8: RL6982-PC-14 | KF8: RL6982-PC-18 | KG8: RL6982-PC-18 | KH8: RL6982-PC-19 | KI8: RL6982-PC-14 | KJ8: RL6982-PC-06 | KK8: RL6982-PC-23 | KL8: RL6982-PC-22 | KM8: RL6982-PC-03 | KN8: RL6982-PC-05 | KO8: RL6982-PC-06 | KP8: RL6982-PC-22 | KQ8: RL6982-PC-22 | KR8: RL6982-PC-17 | KS8: RL6982-PC-03 | KT8: RL6982-PC-16 | KU8: RL6982-PC-22 | KV8: RL6982-PC-07 | KW8: RL6982-PC-08 | KX8: RL6982-PC-15 | KY8: RL6982-PC-17 | KZ8: RL6982-PC-17 | LA8: RL6982-PC-20 | LB8: RL6982-PC-19 | LC8: RL6982-PC-09 | LD8: RL6982-PC-19 | LE8: RL6982-PC-06 | LF8: RL6982-PC-08 | LG8: RL6982-PC-05 | LH8: RL6982-PC-06 | LI8: RL6982-PC-14 | LJ8: RL6982-PC-01 | LK8: RL6982-PC-06 | LL8: RL6982-PC-17 | LM8: RL6982-PC-11 | LN8: RL6982-PC-16 | LO8: RL6982-PC-22 | LP8: RL6982-PC-17 | LQ8: RL6982-PC-09 | LR8: RL6982-PC-08 | LS8: RL6982-PC-20 | LT8: RL6982-PC-15 | LU8: RL6982-PC-01 | LV8: RL6982-PC-23 | LW8: RL6982-PC-17 | LX8: RL6982-PC-08 | LY8: RL6982-PC-01 | LZ8: RL6982-PC-23 | MA8: RL6982-PC-11 | MB8: RL6982-PC-01 | MC8: RL6982-PC-23 | MD8: RL6982-PC-18 | ME8: RL6982-PC-18 | MF8: RL6982-PC-06 | MG8: RL6982-PC-20 | MH8: RL6982-PC-22 | MI8: RL6982-PC-17 | MJ8: RL6982-PC-07 | MK8: RL6982-PC-16 | ML8: RL6982-PC-23 | MM8: RL6982-PC-06 | MN8: RL6982-PC-17 | MO8: RL6982-PC-16 | MP8: RL6982-PC-08 | MQ8: RL6982-PC-20 | MR8: RL6982-PC-16 | MS8: RL6982-PC-11 | MT8: RL6982-PC-16 | MU8: RL6982-PC-01 | MV8: RL6982-PC-19 | MW8: RL6982-PC-08 | MX8: RL6982-PC-11 | MY8: RL6982-PC-11 | MZ8: RL6982-PC-16 | NA8: RL6982-PC-17 | NB8: RL6982-PC-14 | NC8: RL6982-PC-11 | ND8: RL6982-PC-19 | NE8: RL6982-PC-01 | NF8: RL6982-PC-23 | NG8: RL6982-PC-09 | NH8: RL6982-PC-20 | NI8: RL6982-PC-23 | NJ8: RL6982-PC-03 | NK8: RL6982-PC-03 | NL8: RL6982-PC-06 | NM8: RL6982-PC-01 | NN8: RL6982-PC-08 | NO8: RL6982-PC-11 | NP8: RL6982-PC-19 | NQ8: RL6982-PC-06 | NR8: RL6982-PC-19 | NS8: RL6982-PC-14 | NT8: RL6982-PC-16 | NU8: RL6982-PC-17 | NV8: RL6982-PC-11 | NW8: RL6982-PC-17 | NX8: RL6982-PC-14 | NY8: RL6982-PC-19 | NZ8: RL6982-PC-06 | OA8: RL6982-PC-23 | OB8: RL6982-PC-19 | OC8: RL6982-PC-20 | OD8: RL6982-PC-22 | OE8: RL6982-PC-19 | OF8: RL6982-PC-22 | OG8: RL6982-PC-18 | OH8: RL6982-PC-18 | OI8: RL6982-PC-23 | OJ8: RL6982-PC-05 | OK8: RL6982-PC-11 | OL8: RL6982-PC-01 | OM8: RL6982-PC-22 | ON8: RL6982-PC-17 | OO8: RL6982-PC-14 | OP8: RL6982-PC-11 | OQ8: RL6982-PC-07 | OR8: RL6982-PC-22 | OS8: RL6982-PC-09 | OT8: RL6982-PC-07 | OU8: RL6982-PC-23 | OV8: RL6982-PC-17 | OW8: RL6982-PC-19 | OX8: RL6982-PC-06 | OY8: RL6982-PC-07 | OZ8: RL6982-PC-08 | PA8: RL6982-PC-17 | PB8: RL6982-PC-06 | PC8: RL6982-PC-09 | PD8: RL6982-PC-23 | PE8: RL6982-PC-18 | PF8: RL6982-PC-23 | PG8: RL6982-PC-14 | PH8: RL6982-PC-09 | PI8: RL6982-PC-06 | PJ8: RL6982-PC-22
B9: SCAN | C9: 31754 | D9: 0.0709 | N9: Yield | O9: 0.7886 | P9: 0.807 | Q9: 0.818 | R9: 0.83 | S9: 0.8355 | T9: 0.8382 | U9: 0.8401 | V9: 0.8428 | W9: 0.8483 | X9: 0.8502 | Y9: 0.8502 | Z9: 0.8502 | AA9: 0.852 | AB9: 0.8548 | AC9: 0.8566 | AD9: 0.8566 | AE9: 0.8574 | AF9: 0.8575 | AG9: 0.8575 | AH9: 0.8612 | AI9: 0.8612 | AJ9: 0.8649 | AK9: 0.8658 | AL9: 0.8658 | AM9: 0.8667 | AN9: 0.8676 | AO9: 0.8676 | AP9: 0.8686 | AQ9: 0.8686 | AR9: 0.8686 | AS9: 0.8686 | AT9: 0.8704 | AU9: 0.8704 | AV9: 0.8704 | AW9: 0.8713 | AX9: 0.8713 | AY9: 0.8713 | AZ9: 0.8722 | BA9: 0.8722 | BB9: 0.8722 | BC9: 0.8722 | BD9: 0.8722 | BE9: 0.8722 | BF9: 0.8722 | BG9: 0.8732 | BH9: 0.8732 | BI9: 0.8732 | BJ9: 0.875 | BK9: 0.875 | BL9: 0.875 | BM9: 0.8759 | BN9: 0.8759 | BO9: 0.8759 | BP9: 0.8759 | BQ9: 0.8759 | BR9: 0.8768 | BS9: 0.8768 | BT9: 0.8768 | BU9: 0.8768 | BV9: 0.8768 | BW9: 0.8768 | BX9: 0.8768 | BY9: 0.8768 | BZ9: 0.8778 | CA9: 0.8787 | CB9: 0.8787 | CC9: 0.8787 | CD9: 0.8787 | CE9: 0.8796 | CF9: 0.8796 | CG9: 0.8796 | CH9: 0.8796 | CI9: 0.8796 | CJ9: 0.8805 | CK9: 0.8814 | CL9: 0.8814 | CM9: 0.8814 | CN9: 0.8824 | CO9: 0.8824 | CP9: 0.8824 | CQ9: 0.8824 | CR9: 0.8824 | CS9: 0.8824 | CT9: 0.8833 | CU9: 0.8833 | CV9: 0.8833 | CW9: 0.8842 | CX9: 0.8842 | CY9: 0.8842 | CZ9: 0.8842 | DA9: 0.8842 | DB9: 0.8842 | DC9: 0.8851 | DD9: 0.8851 | DE9: 0.8851 | DF9: 0.8851 | DG9: 0.8851 | DH9: 0.886 | DI9: 0.886 | DJ9: 0.886 | DK9: 0.886 | DL9: 0.886 | DM9: 0.886 | DN9: 0.8869 | DO9: 0.8869 | DP9: 0.8869 | DQ9: 0.8869 | DR9: 0.8869 | DS9: 0.8869 | DT9: 0.8879 | DU9: 0.8879 | DV9: 0.8879 | DW9: 0.8879 | DX9: 0.8879 | DY9: 0.8879 | DZ9: 0.8879 | EA9: 0.8879 | EB9: 0.8888 | EC9: 0.8888 | ED9: 0.8888 | EE9: 0.8888 | EF9: 0.8888 | EG9: 0.8888 | EH9: 0.8888 | EI9: 0.8888 | EJ9: 0.8888 | EK9: 0.8888 | EL9: 0.8897 | EM9: 0.8897 | EN9: 0.8897 | EO9: 0.8897 | EP9: 0.8897 | EQ9: 0.8897 | ER9: 0.8897 | ES9: 0.8897 | ET9: 0.8906 | EU9: 0.8906 | EV9: 0.8906 | EW9: 0.8906 | EX9: 0.8906 | EY9: 0.8906 | EZ9: 0.8906 | FA9: 0.8906 | FB9: 0.8906 | FC9: 0.8906 | FD9: 0.8906 | FE9: 0.8906 | FF9: 0.8915 | FG9: 0.8915 | FH9: 0.8915 | FI9: 0.8915 | FJ9: 0.8915 | FK9: 0.8915 | FL9: 0.8915 | FM9: 0.8925 | FN9: 0.8925 | FO9: 0.8925 | FP9: 0.8925 | FQ9: 0.8925 | FR9: 0.8925 | FS9: 0.8934 | FT9: 0.8934 | FU9: 0.8934 | FV9: 0.8934 | FW9: 0.8934 | FX9: 0.8934 | FY9: 0.8934 | FZ9: 0.8934 | GA9: 0.8943 | GB9: 0.8943 | GC9: 0.8943 | GD9: 0.8943 | GE9: 0.8943 | GF9: 0.8943 | GG9: 0.8943 | GH9: 0.8943 | GI9: 0.8952 | GJ9: 0.8952 | GK9: 0.8952 | GL9: 0.8952 | GM9: 0.8952 | GN9: 0.8952 | GO9: 0.8952 | GP9: 0.8961 | GQ9: 0.8961 | GR9: 0.8961 | GS9: 0.8961 | GT9: 0.8961 | GU9: 0.8969 | GV9: 0.8971 | GW9: 0.8971 | GX9: 0.8971 | GY9: 0.8971 | GZ9: 0.8971 | HA9: 0.8971 | HB9: 0.8971 | HC9: 0.898 | HD9: 0.898 | HE9: 0.898 | HF9: 0.898 | HG9: 0.898 | HH9: 0.898 | HI9: 0.898 | HJ9: 0.898 | HK9: 0.898 | HL9: 0.898 | HM9: 0.898 | HN9: 0.898 | HO9: 0.898 | HP9: 0.898 | HQ9: 0.8989 | HR9: 0.8989 | HS9: 0.8989 | HT9: 0.8989 | HU9: 0.8989 | HV9: 0.8989 | HW9: 0.8989 | HX9: 0.8989 | HY9: 0.8989 | HZ9: 0.8998 | IA9: 0.8998 | IB9: 0.8998 | IC9: 0.8998 | ID9: 0.8998 | IE9: 0.8998 | IF9: 0.8998 | IG9: 0.8998 | IH9: 0.8998 | II9: 0.8998 | IJ9: 0.8998 | IK9: 0.9007 | IL9: 0.9007 | IM9: 0.9007 | IN9: 0.9007 | IO9: 0.9007 | IP9: 0.9007 | IQ9: 0.9007 | IR9: 0.9017 | IS9: 0.9017 | IT9: 0.9017 | IU9: 0.9017 | IV9: 0.9017 | IW9: 0.9017 | IX9: 0.9026 | IY9: 0.9026 | IZ9: 0.9026 | JA9: 0.9026 | JB9: 0.9026 | JC9: 0.9026 | JD9: 0.9026 | JE9: 0.9026 | JF9: 0.9026 | JG9: 0.9026 | JH9: 0.9026 | JI9: 0.9035 | JJ9: 0.9035 | JK9: 0.9035 | JL9: 0.9035 | JM9: 0.9035 | JN9: 0.9035 | JO9: 0.9035 | JP9: 0.9035 | JQ9: 0.9035 | JR9: 0.9035 | JS9: 0.9044 | JT9: 0.9044 | JU9: 0.9044 | JV9: 0.9044 | JW9: 0.9044 | JX9: 0.9044 | JY9: 0.9044 | JZ9: 0.9044 | KA9: 0.9053 | KB9: 0.9053 | KC9: 0.9053 | KD9: 0.9053 | KE9: 0.9053 | KF9: 0.9053 | KG9: 0.9053 | KH9: 0.9053 | KI9: 0.9053 | KJ9: 0.9062 | KK9: 0.9062 | KL9: 0.9062 | KM9: 0.9062 | KN9: 0.9062 | KO9: 0.9062 | KP9: 0.9062 | KQ9: 0.9062 | KR9: 0.9072 | KS9: 0.9072 | KT9: 0.9072 | KU9: 0.9072 | KV9: 0.9072 | KW9: 0.9072 | KX9: 0.9072 | KY9: 0.9072 | KZ9: 0.9072 | LA9: 0.9072 | LB9: 0.9072 | LC9: 0.9081 | LD9: 0.9081 | LE9: 0.9081 | LF9: 0.9081 | LG9: 0.9081 | LH9: 0.909 | LI9: 0.909 | LJ9: 0.909 | LK9: 0.909 | LL9: 0.909 | LM9: 0.909 | LN9: 0.9099 | LO9: 0.9099 | LP9: 0.9099 | LQ9: 0.9099 | LR9: 0.9099 | LS9: 0.9099 | LT9: 0.9099 | LU9: 0.9099 | LV9: 0.9099 | LW9: 0.9099 | LX9: 0.9108 | LY9: 0.9108 | LZ9: 0.9108 | MA9: 0.9118 | MB9: 0.9118 | MC9: 0.9118 | MD9: 0.9118 | ME9: 0.9118 | MF9: 0.9118 | MG9: 0.9118 | MH9: 0.9127 | MI9: 0.9127 | MJ9: 0.9127 | MK9: 0.9127 | ML9: 0.9127 | MM9: 0.9136 | MN9: 0.9136 | MO9: 0.9136 | MP9: 0.9136 | MQ9: 0.9136 | MR9: 0.9136 | MS9: 0.9136 | MT9: 0.9136 | MU9: 0.9136 | MV9: 0.9136 | MW9: 0.9145 | MX9: 0.9145 | MY9: 0.9145 | MZ9: 0.9145 | NA9: 0.9145 | NB9: 0.9145 | NC9: 0.9145 | ND9: 0.9154 | NE9: 0.9154 | NF9: 0.9154 | NG9: 0.9154 | NH9: 0.9154 | NI9: 0.9154 | NJ9: 0.9164 | NK9: 0.9164 | NL9: 0.9164 | NM9: 0.9164 | NN9: 0.9164 | NO9: 0.9173 | NP9: 0.9173 | NQ9: 0.9173 | NR9: 0.9173 | NS9: 0.9173 | NT9: 0.9182 | NU9: 0.9182 | NV9: 0.9182 | NW9: 0.9182 | NX9: 0.9182 | NY9: 0.9182 | NZ9: 0.9182 | OA9: 0.9182 | OB9: 0.9191 | OC9: 0.9191 | OD9: 0.9191 | OE9: 0.9191 | OF9: 0.92 | OG9: 0.92 | OH9: 0.92 | OI9: 0.92 | OJ9: 0.92 | OK9: 0.921 | OL9: 0.921 | OM9: 0.921 | ON9: 0.921 | OO9: 0.9219 | OP9: 0.9219 | OQ9: 0.9219 | OR9: 0.9219 | OS9: 0.9228 | OT9: 0.9228 | OU9: 0.9237 | OV9: 0.9237 | OW9: 0.9237 | OX9: 0.9246 | OY9: 0.9256 | OZ9: 0.9256 | PA9: 0.9256 | PB9: 0.9265 | PC9: 0.9301 | PD9: 0.9301 | PE9: 0.9311 | PF9: 0.932 | PG9: 0.9329 | PH9: 0.9329 | PI9: 0.9366 | PJ9: 0.9366
B10: BIST | C10: 11088 | D10: 0.0247 | N10: CP | O10: CP1 | P10: CP1 | Q10: CP1 | R10: CP1 | S10: CP1 | T10: CP1 | U10: CP1 | V10: CP1 | W10: CP1 | X10: CP1 | Y10: CP1 | Z10: CP1 | AA10: CP1 | AB10: CP1 | AC10: CP1 | AD10: CP1 | AE10: CP1 | AF10: CP1 | AG10: CP1 | AH10: CP1 | AI10: CP1 | AJ10: CP1 | AK10: CP1 | AL10: CP1 | AM10: CP1 | AN10: CP1 | AO10: CP1 | AP10: CP1 | AQ10: CP1 | AR10: CP1 | AS10: CP1 | AT10: CP1 | AU10: CP1 | AV10: CP1 | AW10: CP1 | AX10: CP1 | AY10: CP1 | AZ10: CP1 | BA10: CP1 | BB10: CP1 | BC10: CP1 | BD10: CP1 | BE10: CP1 | BF10: CP1 | BG10: CP1 | BH10: CP1 | BI10: CP1 | BJ10: CP1 | BK10: CP1 | BL10: CP1 | BM10: CP1 | BN10: CP1 | BO10: CP1 | BP10: CP1 | BQ10: CP1 | BR10: CP1 | BS10: CP1 | BT10: CP1 | BU10: CP1 | BV10: CP1 | BW10: CP1 | BX10: CP1 | BY10: CP1 | BZ10: CP1 | CA10: CP1 | CB10: CP1 | CC10: CP1 | CD10: CP1 | CE10: CP1 | CF10: CP1 | CG10: CP1 | CH10: CP1 | CI10: CP1 | CJ10: CP1 | CK10: CP1 | CL10: CP1 | CM10: CP1 | CN10: CP1 | CO10: CP1 | CP10: CP1 | CQ10: CP1 | CR10: CP1 | CS10: CP1 | CT10: CP1 | CU10: CP1 | CV10: CP1 | CW10: CP1 | CX10: CP1 | CY10: CP1 | CZ10: CP1 | DA10: CP1 | DB10: CP1 | DC10: CP1 | DD10: CP1 | DE10: CP1 | DF10: CP1 | DG10: CP1 | DH10: CP1 | DI10: CP1 | DJ10: CP1 | DK10: CP1 | DL10: CP1 | DM10: CP1 | DN10: CP1 | DO10: CP1 | DP10: CP1 | DQ10: CP1 | DR10: CP1 | DS10: CP1 | DT10: CP1 | DU10: CP1 | DV10: CP1 | DW10: CP1 | DX10: CP1 | DY10: CP1 | DZ10: CP1 | EA10: CP1 | EB10: CP1 | EC10: CP1 | ED10: CP1 | EE10: CP1 | EF10: CP1 | EG10: CP1 | EH10: CP1 | EI10: CP1 | EJ10: CP1 | EK10: CP1 | EL10: CP1 | EM10: CP1 | EN10: CP1 | EO10: CP1 | EP10: CP1 | EQ10: CP1 | ER10: CP1 | ES10: CP1 | ET10: CP1 | EU10: CP1 | EV10: CP1 | EW10: CP1 | EX10: CP1 | EY10: CP1 | EZ10: CP1 | FA10: CP1 | FB10: CP1 | FC10: CP1 | FD10: CP1 | FE10: CP1 | FF10: CP1 | FG10: CP1 | FH10: CP1 | FI10: CP1 | FJ10: CP1 | FK10: CP1 | FL10: CP1 | FM10: CP1 | FN10: CP1 | FO10: CP1 | FP10: CP1 | FQ10: CP1 | FR10: CP1 | FS10: CP1 | FT10: CP1 | FU10: CP1 | FV10: CP1 | FW10: CP1 | FX10: CP1 | FY10: CP1 | FZ10: CP1 | GA10: CP1 | GB10: CP1 | GC10: CP1 | GD10: CP1 | GE10: CP1 | GF10: CP1 | GG10: CP1 | GH10: CP1 | GI10: CP1 | GJ10: CP1 | GK10: CP1 | GL10: CP1 | GM10: CP1 | GN10: CP1 | GO10: CP1 | GP10: CP1 | GQ10: CP1 | GR10: CP1 | GS10: CP1 | GT10: CP1 | GU10: CP1 | GV10: CP1 | GW10: CP1 | GX10: CP1 | GY10: CP1 | GZ10: CP1 | HA10: CP1 | HB10: CP1 | HC10: CP1 | HD10: CP1 | HE10: CP1 | HF10: CP1 | HG10: CP1 | HH10: CP1 | HI10: CP1 | HJ10: CP1 | HK10: CP1 | HL10: CP1 | HM10: CP1 | HN10: CP1 | HO10: CP1 | HP10: CP1 | HQ10: CP1 | HR10: CP1 | HS10: CP1 | HT10: CP1 | HU10: CP1 | HV10: CP1 | HW10: CP1 | HX10: CP1 | HY10: CP1 | HZ10: CP1 | IA10: CP1 | IB10: CP1 | IC10: CP1 | ID10: CP1 | IE10: CP1 | IF10: CP1 | IG10: CP1 | IH10: CP1 | II10: CP1 | IJ10: CP1 | IK10: CP1 | IL10: CP1 | IM10: CP1 | IN10: CP1 | IO10: CP1 | IP10: CP1 | IQ10: CP1 | IR10: CP1 | IS10: CP1 | IT10: CP1 | IU10: CP1 | IV10: CP1 | IW10: CP1 | IX10: CP1 | IY10: CP1 | IZ10: CP1 | JA10: CP1 | JB10: CP1 | JC10: CP1 | JD10: CP1 | JE10: CP1 | JF10: CP1 | JG10: CP1 | JH10: CP1 | JI10: CP1 | JJ10: CP1 | JK10: CP1 | JL10: CP1 | JM10: CP1 | JN10: CP1 | JO10: CP1 | JP10: CP1 | JQ10: CP1 | JR10: CP1 | JS10: CP1 | JT10: CP1 | JU10: CP1 | JV10: CP1 | JW10: CP1 | JX10: CP1 | JY10: CP1 | JZ10: CP1 | KA10: CP1 | KB10: CP1 | KC10: CP1 | KD10: CP1 | KE10: CP1 | KF10: CP1 | KG10: CP1 | KH10: CP1 | KI10: CP1 | KJ10: CP1 | KK10: CP1 | KL10: CP1 | KM10: CP1 | KN10: CP1 | KO10: CP1 | KP10: CP1 | KQ10: CP1 | KR10: CP1 | KS10: CP1 | KT10: CP1 | KU10: CP1 | KV10: CP1 | KW10: CP1 | KX10: CP1 | KY10: CP1 | KZ10: CP1 | LA10: CP1 | LB10: CP1 | LC10: CP1 | LD10: CP1 | LE10: CP1 | LF10: CP1 | LG10: CP1 | LH10: CP1 | LI10: CP1 | LJ10: CP1 | LK10: CP1 | LL10: CP1 | LM10: CP1 | LN10: CP1 | LO10: CP1 | LP10: CP1 | LQ10: CP1 | LR10: CP1 | LS10: CP1 | LT10: CP1 | LU10: CP1 | LV10: CP1 | LW10: CP1 | LX10: CP1 | LY10: CP1 | LZ10: CP1 | MA10: CP1 | MB10: CP1 | MC10: CP1 | MD10: CP1 | ME10: CP1 | MF10: CP1 | MG10: CP1 | MH10: CP1 | MI10: CP1 | MJ10: CP1 | MK10: CP1 | ML10: CP1 | MM10: CP1 | MN10: CP1 | MO10: CP1 | MP10: CP1 | MQ10: CP1 | MR10: CP1 | MS10: CP1 | MT10: CP1 | MU10: CP1 | MV10: CP1 | MW10: CP1 | MX10: CP1 | MY10: CP1 | MZ10: CP1 | NA10: CP1 | NB10: CP1 | NC10: CP1 | ND10: CP1 | NE10: CP1 | NF10: CP1 | NG10: CP1 | NH10: CP1 | NI10: CP1 | NJ10: CP1 | NK10: CP1 | NL10: CP1 | NM10: CP1 | NN10: CP1 | NO10: CP1 | NP10: CP1 | NQ10: CP1 | NR10: CP1 | NS10: CP1 | NT10: CP1 | NU10: CP1 | NV10: CP1 | NW10: CP1 | NX10: CP1 | NY10: CP1 | NZ10: CP1 | OA10: CP1 | OB10: CP1 | OC10: CP1 | OD10: CP1 | OE10: CP1 | OF10: CP1 | OG10: CP1 | OH10: CP1 | OI10: CP1 | OJ10: CP1 | OK10: CP1 | OL10: CP1 | OM10: CP1 | ON10: CP1 | OO10: CP1 | OP10: CP1 | OQ10: CP1 | OR10: CP1 | OS10: CP1 | OT10: CP1 | OU10: CP1 | OV10: CP1 | OW10: CP1 | OX10: CP1 | OY10: CP1 | OZ10: CP1 | PA10: CP1 | PB10: CP1 | PC10: CP1 | PD10: CP1 | PE10: CP1 | PF10: CP1 | PG10: CP1 | PH10: CP1 | PI10: CP1 | PJ10: CP1
B11: DIC | C11: 154 | D11: 0.0003 | N11: Starttime | O11: 2025-08-03 21:25:44 | P11: 2025-08-03 03:43:14 | Q11: 2025-08-01 14:40:57 | R11: 2025-07-30 00:19:20 | S11: 2025-08-01 20:57:23 | T11: 2025-07-31 20:15:39 | U11: 2025-07-28 01:24:03 | V11: 2025-07-29 22:22:05 | W11: 2025-08-03 07:41:14 | X11: 2025-07-31 08:59:24 | Y11: 2025-08-02 06:02:46 | Z11: 2025-07-29 00:29:22 | AA11: 2025-07-31 21:35:54 | AB11: 2025-07-28 05:38:20 | AC11: 2025-08-02 23:56:04 | AD11: 2025-08-02 15:33:49 | AE11: 2025-08-02 18:26:11 | AF11: 2025-08-02 23:36:02 | AG11: 2025-08-02 18:17:49 | AH11: 2025-08-02 17:36:41 | AI11: 2025-07-30 14:43:09 | AJ11: 2025-07-30 01:50:02 | AK11: 2025-07-28 12:22:28 | AL11: 2025-07-28 16:05:22 | AM11: 2025-08-01 20:32:06 | AN11: 2025-07-30 01:46:35 | AO11: 2025-08-01 23:22:32 | AP11: 2025-07-28 08:43:59 | AQ11: 2025-07-31 06:41:30 | AR11: 2025-07-30 20:42:56 | AS11: 2025-07-31 22:54:09 | AT11: 2025-07-31 20:33:56 | AU11: 2025-08-02 11:22:56 | AV11: 2025-08-03 12:46:37 | AW11: 2025-08-03 09:54:49 | AX11: 2025-07-31 22:26:23 | AY11: 2025-08-03 12:31:38 | AZ11: 2025-08-02 08:39:28 | BA11: 2025-08-02 21:44:24 | BB11: 2025-08-03 03:28:47 | BC11: 2025-07-28 06:32:12 | BD11: 2025-08-02 06:01:47 | BE11: 2025-07-28 02:40:06 | BF11: 2025-08-02 01:51:47 | BG11: 2025-07-30 06:24:07 | BH11: 2025-08-02 02:51:49 | BI11: 2025-08-02 19:35:37 | BJ11: 2025-08-02 09:31:50 | BK11: 2025-07-30 04:49:40 | BL11: 2025-07-29 09:52:02 | BM11: 2025-08-01 20:02:21 | BN11: 2025-08-01 05:13:40 | BO11: 2025-08-01 17:15:26 | BP11: 2025-07-30 07:17:23 | BQ11: 2025-08-01 12:55:49 | BR11: 2025-07-28 07:08:23 | BS11: 2025-08-01 17:19:20 | BT11: 2025-08-01 09:30:30 | BU11: 2025-08-01 03:45:30 | BV11: 2025-08-03 16:15:04 | BW11: 2025-08-01 13:54:26 | BX11: 2025-08-02 03:02:20 | BY11: 2025-07-30 05:44:01 | BZ11: 2025-07-28 21:56:18 | CA11: 2025-08-03 05:31:42 | CB11: 2025-07-29 10:07:51 | CC11: 2025-08-01 04:28:14 | CD11: 2025-07-31 16:39:08 | CE11: 2025-07-29 11:48:45 | CF11: 2025-07-28 02:46:07 | CG11: 2025-07-31 14:10:02 | CH11: 2025-07-30 05:06:24 | CI11: 2025-08-03 08:47:34 | CJ11: 2025-07-30 23:54:33 | CK11: 2025-07-28 09:06:01 | CL11: 2025-08-03 19:59:32 | CM11: 2025-07-31 09:40:37 | CN11: 2025-07-31 05:23:15 | CO11: 2025-08-03 09:17:49 | CP11: 2025-07-30 12:00:57 | CQ11: 2025-08-02 00:07:34 | CR11: 2025-07-31 01:38:24 | CS11: 2025-07-28 02:14:24 | CT11: 2025-07-30 22:53:12 | CU11: 2025-07-29 03:58:17 | CV11: 2025-07-29 13:48:56 | CW11: 2025-07-30 03:29:16 | CX11: 2025-08-03 15:52:59 | CY11: 2025-07-30 16:27:53 | CZ11: 2025-07-31 02:41:43 | DA11: 2025-07-30 13:26:52 | DB11: 2025-08-02 23:59:44 | DC11: 2025-08-01 01:50:58 | DD11: 2025-07-29 11:17:18 | DE11: 2025-08-02 21:42:26 | DF11: 2025-07-29 13:02:48 | DG11: 2025-07-29 11:36:25 | DH11: 2025-08-02 02:27:47 | DI11: 2025-07-28 21:19:46 | DJ11: 2025-07-31 20:02:27 | DK11: 2025-08-03 12:07:10 | DL11: 2025-08-03 09:25:46 | DM11: 2025-08-03 14:23:53 | DN11: 2025-07-28 08:06:12 | DO11: 2025-07-31 13:39:16 | DP11: 2025-08-02 15:26:00 | DQ11: 2025-08-02 21:29:43 | DR11: 2025-08-03 16:23:49 | DS11: 2025-07-29 16:12:11 | DT11: 2025-08-03 15:27:30 | DU11: 2025-08-02 04:37:14 | DV11: 2025-07-30 22:56:58 | DW11: 2025-08-03 01:33:41 | DX11: 2025-08-02 14:42:08 | DY11: 2025-07-29 17:39:24 | DZ11: 2025-07-30 08:40:53 | EA11: 2025-07-31 14:57:55 | EB11: 2025-07-28 14:14:20 | EC11: 2025-08-02 19:49:43 | ED11: 2025-08-03 07:12:13 | EE11: 2025-08-03 00:13:36 | EF11: 2025-07-28 21:24:36 | EG11: 2025-08-03 01:17:10 | EH11: 2025-07-28 15:04:04 | EI11: 2025-07-29 03:35:01 | EJ11: 2025-08-03 15:09:37 | EK11: 2025-07-28 01:55:20 | EL11: 2025-07-31 13:38:54 | EM11: 2025-08-01 19:03:29 | EN11: 2025-07-30 19:36:49 | EO11: 2025-08-03 00:40:28 | EP11: 2025-08-03 15:15:03 | EQ11: 2025-08-02 08:21:28 | ER11: 2025-08-01 16:11:54 | ES11: 2025-07-28 22:44:37 | ET11: 2025-08-02 15:37:23 | EU11: 2025-08-01 12:41:01 | EV11: 2025-08-01 22:54:12 | EW11: 2025-08-01 02:06:05 | EX11: 2025-07-27 20:37:41 | EY11: 2025-07-29 08:54:55 | EZ11: 2025-08-02 17:04:33 | FA11: 2025-07-30 09:17:22 | FB11: 2025-08-02 05:11:36 | FC11: 2025-07-30 17:53:33 | FD11: 2025-07-27 20:26:30 | FE11: 2025-07-31 14:11:56 | FF11: 2025-08-01 17:52:59 | FG11: 2025-08-01 02:30:11 | FH11: 2025-08-03 06:02:21 | FI11: 2025-08-02 19:17:06 | FJ11: 2025-08-03 11:32:17 | FK11: 2025-07-29 19:58:49 | FL11: 2025-07-28 23:37:53 | FM11: 2025-07-31 22:32:07 | FN11: 2025-08-03 08:12:06 | FO11: 2025-07-28 04:24:33 | FP11: 2025-07-30 01:13:54 | FQ11: 2025-08-03 03:03:07 | FR11: 2025-07-28 18:22:32 | FS11: 2025-08-03 15:42:11 | FT11: 2025-07-29 17:52:04 | FU11: 2025-08-01 04:36:11 | FV11: 2025-07-29 18:06:31 | FW11: 2025-07-27 23:35:06 | FX11: 2025-07-29 05:44:46 | FY11: 2025-07-29 04:44:08 | FZ11: 2025-07-28 15:43:33 | GA11: 2025-07-29 11:57:04 | GB11: 2025-07-29 13:33:20 | GC11: 2025-08-02 02:22:02 | GD11: 2025-07-31 03:29:09 | GE11: 2025-08-03 03:15:43 | GF11: 2025-08-02 17:45:17 | GG11: 2025-07-29 22:08:03 | GH11: 2025-07-28 08:57:18 | GI11: 2025-08-03 16:08:59 | GJ11: 2025-08-01 00:30:50 | GK11: 2025-07-30 11:19:30 | GL11: 2025-08-03 13:07:24 | GM11: 2025-08-02 09:27:36 | GN11: 2025-07-28 07:45:42 | GO11: 2025-08-01 00:08:33 | GP11: 2025-07-29 05:37:34 | GQ11: 2025-08-02 11:00:02 | GR11: 2025-07-29 00:41:01 | GS11: 2025-08-02 05:19:58 | GT11: 2025-07-30 23:35:57 | GU11: 2025-08-03 08:17:14 | GV11: 2025-07-29 23:41:47 | GW11: 2025-08-01 23:33:07 | GX11: 2025-08-01 17:20:25 | GY11: 2025-07-30 18:15:46 | GZ11: 2025-08-02 08:31:48 | HA11: 2025-07-28 10:11:14 | HB11: 2025-07-28 05:19:45 | HC11: 2025-08-02 17:11:14 | HD11: 2025-07-29 10:29:11 | HE11: 2025-08-02 01:16:43 | HF11: 2025-08-03 00:03:09 | HG11: 2025-07-30 21:22:47 | HH11: 2025-07-31 22:31:49 | HI11: 2025-07-28 14:19:11 | HJ11: 2025-07-29 03:18:36 | HK11: 2025-07-30 14:27:10 | HL11: 2025-07-31 21:00:40 | HM11: 2025-07-29 13:10:53 | HN11: 2025-07-30 15:14:02 | HO11: 2025-07-30 19:57:02 | HP11: 2025-07-30 09:09:29 | HQ11: 2025-07-30 10:00:02 | HR11: 2025-08-03 03:42:51 | HS11: 2025-07-30 01:47:58 | HT11: 2025-07-31 08:52:12 | HU11: 2025-08-02 18:51:26 | HV11: 2025-07-31 04:56:16 | HW11: 2025-08-01 10:07:08 | HX11: 2025-07-31 15:16:03 | HY11: 2025-08-01 22:47:00 | HZ11: 2025-07-30 02:29:26 | IA11: 2025-07-28 21:40:37 | IB11: 2025-08-02 05:41:07 | IC11: 2025-07-31 23:37:21 | ID11: 2025-07-31 09:36:01 | IE11: 2025-07-29 16:34:15 | IF11: 2025-07-31 17:53:00 | IG11: 2025-07-27 23:02:37 | IH11: 2025-07-31 12:09:56 | II11: 2025-07-29 04:18:39 | IJ11: 2025-07-30 20:23:45 | IK11: 2025-07-28 17:50:13 | IL11: 2025-08-02 21:12:10 | IM11: 2025-08-02 08:16:30 | IN11: 2025-08-03 09:38:47 | IO11: 2025-07-28 21:55:54 | IP11: 2025-07-28 15:18:59 | IQ11: 2025-08-03 14:19:25 | IR11: 2025-07-31 04:48:55 | IS11: 2025-07-28 17:28:54 | IT11: 2025-07-31 20:04:08 | IU11: 2025-07-30 10:36:22 | IV11: 2025-08-02 01:03:39 | IW11: 2025-07-29 03:24:20 | IX11: 2025-07-30 13:54:25 | IY11: 2025-07-28 09:29:12 | IZ11: 2025-07-29 06:55:27 | JA11: 2025-07-29 15:54:02 | JB11: 2025-07-28 20:52:37 | JC11: 2025-08-02 10:43:43 | JD11: 2025-07-28 03:21:23 | JE11: 2025-07-28 21:54:21 | JF11: 2025-07-30 13:25:14 | JG11: 2025-07-28 05:00:52 | JH11: 2025-07-31 19:49:30 | JI11: 2025-08-02 14:34:24 | JJ11: 2025-08-03 09:19:28 | JK11: 2025-07-30 21:28:09 | JL11: 2025-07-28 23:17:06 | JM11: 2025-07-29 14:33:16 | JN11: 2025-07-31 08:58:02 | JO11: 2025-07-27 20:10:46 | JP11: 2025-07-30 03:19:21 | JQ11: 2025-08-03 00:26:17 | JR11: 2025-08-01 13:56:30 | JS11: 2025-08-01 16:19:11 | JT11: 2025-07-28 20:28:21 | JU11: 2025-08-01 05:38:10 | JV11: 2025-07-30 12:52:34 | JW11: 2025-07-28 02:50:03 | JX11: 2025-07-27 22:23:52 | JY11: 2025-08-03 13:28:03 | JZ11: 2025-08-02 13:24:38 | KA11: 2025-07-28 12:38:52 | KB11: 2025-07-30 15:33:32 | KC11: 2025-07-28 13:19:15 | KD11: 2025-07-30 15:18:02 | KE11: 2025-07-31 05:56:28 | KF11: 2025-07-28 09:21:18 | KG11: 2025-08-01 07:06:47 | KH11: 2025-08-02 03:15:25 | KI11: 2025-08-01 06:58:31 | KJ11: 2025-07-29 15:22:53 | KK11: 2025-08-01 08:08:21 | KL11: 2025-07-31 20:47:09 | KM11: 2025-08-01 18:43:01 | KN11: 2025-08-02 12:00:26 | KO11: 2025-07-29 14:46:24 | KP11: 2025-08-01 16:27:33 | KQ11: 2025-08-01 09:47:35 | KR11: 2025-07-28 14:29:09 | KS11: 2025-08-02 13:13:58 | KT11: 2025-08-02 08:26:02 | KU11: 2025-08-01 03:14:05 | KV11: 2025-07-31 15:56:57 | KW11: 2025-07-29 15:54:41 | KX11: 2025-08-03 09:32:41 | KY11: 2025-08-03 13:49:07 | KZ11: 2025-07-30 01:21:24 | LA11: 2025-07-29 18:49:19 | LB11: 2025-08-03 09:44:22 | LC11: 2025-07-27 19:22:02 | LD11: 2025-08-01 20:10:55 | LE11: 2025-07-29 14:22:15 | LF11: 2025-08-03 01:59:33 | LG11: 2025-08-03 07:09:10 | LH11: 2025-08-03 05:54:45 | LI11: 2025-07-29 13:43:36 | LJ11: 2025-08-03 06:42:11 | LK11: 2025-07-29 15:10:22 | LL11: 2025-07-31 10:52:39 | LM11: 2025-07-30 14:18:30 | LN11: 2025-07-30 04:53:28 | LO11: 2025-08-01 23:04:28 | LP11: 2025-07-30 07:41:57 | LQ11: 2025-07-31 07:37:19 | LR11: 2025-08-02 07:16:36 | LS11: 2025-07-30 08:18:11 | LT11: 2025-08-03 02:42:03 | LU11: 2025-08-02 11:23:22 | LV11: 2025-07-28 18:35:01 | LW11: 2025-07-28 18:41:03 | LX11: 2025-07-30 04:28:06 | LY11: 2025-07-28 22:11:40 | LZ11: 2025-08-01 20:14:37 | MA11: 2025-08-01 09:41:56 | MB11: 2025-07-29 05:28:02 | MC11: 2025-07-31 00:18:58 | MD11: 2025-07-31 04:01:36 | ME11: 2025-08-03 03:12:12 | MF11: 2025-08-01 02:08:50 | MG11: 2025-08-01 11:06:38 | MH11: 2025-07-31 12:56:27 | MI11: 2025-07-28 15:22:14 | MJ11: 2025-08-01 10:40:36 | MK11: 2025-07-29 09:41:14 | ML11: 2025-07-30 05:46:36 | MM11: 2025-07-31 09:31:53 | MN11: 2025-07-28 03:42:59 | MO11: 2025-07-30 12:52:37 | MP11: 2025-08-02 01:09:35 | MQ11: 2025-07-31 02:45:50 | MR11: 2025-07-30 15:02:17 | MS11: 2025-07-27 18:36:07 | MT11: 2025-07-29 22:23:30 | MU11: 2025-07-28 08:45:19 | MV11: 2025-07-30 05:44:35 | MW11: 2025-07-30 16:43:10 | MX11: 2025-07-28 06:02:59 | MY11: 2025-08-03 17:37:28 | MZ11: 2025-07-31 20:50:11 | NA11: 2025-07-28 19:42:57 | NB11: 2025-07-31 18:21:10 | NC11: 2025-07-29 23:36:15 | ND11: 2025-07-31 01:28:43 | NE11: 2025-07-31 01:34:16 | NF11: 2025-08-01 14:11:31 | NG11: 2025-07-31 14:22:33 | NH11: 2025-08-03 09:50:46 | NI11: 2025-07-28 11:06:33 | NJ11: 2025-08-02 07:06:59 | NK11: 2025-07-30 02:57:21 | NL11: 2025-07-28 14:17:53 | NM11: 2025-07-28 02:23:03 | NN11: 2025-07-31 17:46:31 | NO11: 2025-07-29 10:01:05 | NP11: 2025-07-28 19:42:50 | NQ11: 2025-07-28 07:45:26 | NR11: 2025-07-29 05:26:29 | NS11: 2025-08-03 15:10:53 | NT11: 2025-08-01 09:39:03 | NU11: 2025-07-29 19:15:29 | NV11: 2025-07-28 15:47:38 | NW11: 2025-07-31 17:33:55 | NX11: 2025-08-01 13:02:27 | NY11: 2025-07-31 07:33:17 | NZ11: 2025-07-29 04:18:28 | OA11: 2025-07-29 07:28:30 | OB11: 2025-08-01 07:49:06 | OC11: 2025-07-31 15:38:15 | OD11: 2025-07-28 20:47:09 | OE11: 2025-07-30 11:54:27 | OF11: 2025-07-31 06:20:59 | OG11: 2025-07-30 03:00:01 | OH11: 2025-07-29 12:21:04 | OI11: 2025-07-29 17:05:40 | OJ11: 2025-08-02 18:22:15 | OK11: 2025-07-29 16:24:06 | OL11: 2025-07-30 19:11:25 | OM11: 2025-07-29 03:17:16 | ON11: 2025-07-29 00:44:40 | OO11: 2025-08-01 22:22:23 | OP11: 2025-07-28 04:31:47 | OQ11: 2025-08-03 15:53:32 | OR11: 2025-08-02 12:16:58 | OS11: 2025-08-01 08:35:17 | OT11: 2025-07-28 01:49:35 | OU11: 2025-07-29 23:33:33 | OV11: 2025-07-29 07:00:16 | OW11: 2025-07-28 06:07:19 | OX11: 2025-07-28 01:33:25 | OY11: 2025-07-28 01:54:05 | OZ11: 2025-07-28 10:57:24 | PA11: 2025-08-01 11:40:07 | PB11: 2025-07-27 19:19:36 | PC11: 2025-07-28 16:28:38 | PD11: 2025-07-27 22:52:44 | PE11: 2025-07-29 20:36:08 | PF11: 2025-07-30 18:02:09 | PG11: 2025-08-02 04:49:27 | PH11: 2025-07-29 19:03:10 | PI11: 2025-07-30 22:55:49 | PJ11: 2025-07-27 22:04:37
B12: OC | C12: 16 | D12: 0 | N12: Endtime | O12: 2025-08-03 23:26:00 | P12: 2025-08-03 09:35:10 | Q12: 2025-08-01 20:54:12 | R12: 2025-07-30 06:19:58 | S12: 2025-08-02 02:48:41 | T12: 2025-07-31 22:57:53 | U12: 2025-07-28 02:10:34 | V12: 2025-07-30 04:13:44 | W12: 2025-08-03 13:46:22 | X12: 2025-07-31 14:54:50 | Y12: 2025-08-02 13:33:23 | Z12: 2025-07-29 06:38:28 | AA12: 2025-08-01 03:31:59 | AB12: 2025-07-28 12:19:27 | AC12: 2025-08-03 05:51:59 | AD12: 2025-08-02 21:27:00 | AE12: 2025-08-03 00:27:14 | AF12: 2025-08-03 05:28:35 | AG12: 2025-08-03 00:23:31 | AH12: 2025-08-02 23:32:55 | AI12: 2025-07-30 14:58:34 | AJ12: 2025-07-30 02:04:36 | AK12: 2025-07-28 18:19:31 | AL12: 2025-07-28 22:07:29 | AM12: 2025-08-01 20:44:40 | AN12: 2025-07-30 08:15:10 | AO12: 2025-08-02 05:16:49 | AP12: 2025-07-28 15:15:35 | AQ12: 2025-07-31 12:47:31 | AR12: 2025-07-31 02:42:49 | AS12: 2025-08-01 05:20:46 | AT12: 2025-08-01 02:27:03 | AU12: 2025-08-02 17:33:34 | AV12: 2025-08-03 13:28:02 | AW12: 2025-08-03 15:50:14 | AX12: 2025-08-01 04:25:13 | AY12: 2025-08-03 12:43:07 | AZ12: 2025-08-02 14:55:33 | BA12: 2025-08-03 03:39:31 | BB12: 2025-08-03 09:41:40 | BC12: 2025-07-28 07:42:36 | BD12: 2025-08-02 12:14:12 | BE12: 2025-07-28 03:18:15 | BF12: 2025-08-02 03:01:12 | BG12: 2025-07-30 12:48:25 | BH12: 2025-08-02 09:24:28 | BI12: 2025-08-03 01:56:05 | BJ12: 2025-08-02 15:31:07 | BK12: 2025-07-30 05:03:00 | BL12: 2025-07-29 15:51:57 | BM12: 2025-08-01 20:28:09 | BN12: 2025-08-01 12:38:24 | BO12: 2025-08-01 23:11:58 | BP12: 2025-07-30 13:23:46 | BQ12: 2025-08-01 19:00:48 | BR12: 2025-07-28 14:11:26 | BS12: 2025-08-01 23:19:24 | BT12: 2025-08-01 09:35:26 | BU12: 2025-08-01 09:38:44 | BV12: 2025-08-03 22:19:06 | BW12: 2025-08-01 16:08:55 | BX12: 2025-08-02 07:25:44 | BY12: 2025-07-30 11:42:34 | BZ12: 2025-07-29 04:03:52 | CA12: 2025-08-03 11:29:09 | CB12: 2025-07-29 16:08:49 | CC12: 2025-08-01 11:03:38 | CD12: 2025-07-31 22:29:28 | CE12: 2025-07-29 17:49:22 | CF12: 2025-07-28 09:03:22 | CG12: 2025-07-31 20:46:33 | CH12: 2025-07-30 08:51:45 | CI12: 2025-08-03 08:55:42 | CJ12: 2025-07-31 05:53:01 | CK12: 2025-07-28 16:52:20 | CL12: 2025-08-03 20:16:59 | CM12: 2025-07-31 15:53:38 | CN12: 2025-07-31 12:24:53 | CO12: 2025-08-03 15:12:21 | CP12: 2025-07-30 17:59:10 | CQ12: 2025-08-02 06:08:56 | CR12: 2025-07-31 07:34:09 | CS12: 2025-07-28 02:36:59 | CT12: 2025-07-31 04:53:31 | CU12: 2025-07-29 09:57:57 | CV12: 2025-07-29 14:19:28 | CW12: 2025-07-30 09:57:11 | CX12: 2025-08-03 21:48:14 | CY12: 2025-07-30 22:53:01 | CZ12: 2025-07-31 08:56:19 | DA12: 2025-07-30 19:33:38 | DB12: 2025-08-03 05:59:14 | DC12: 2025-08-01 07:46:20 | DD12: 2025-07-29 12:45:33 | DE12: 2025-08-03 03:39:30 | DF12: 2025-07-29 18:59:55 | DG12: 2025-07-29 17:36:40 | DH12: 2025-08-02 08:29:06 | DI12: 2025-07-29 03:20:28 | DJ12: 2025-08-01 02:03:26 | DK12: 2025-08-03 18:00:55 | DL12: 2025-08-03 17:10:31 | DM12: 2025-08-03 21:40:12 | DN12: 2025-07-28 14:15:50 | DO12: 2025-07-31 19:59:48 | DP12: 2025-08-02 21:38:47 | DQ12: 2025-08-03 03:26:04 | DR12: 2025-08-03 23:20:46 | DS12: 2025-07-29 22:18:47 | DT12: 2025-08-03 23:16:41 | DU12: 2025-08-02 10:40:55 | DV12: 2025-07-31 05:20:16 | DW12: 2025-08-03 09:31:03 | DX12: 2025-08-02 21:09:08 | DY12: 2025-07-29 23:39:06 | DZ12: 2025-07-30 15:30:44 | EA12: 2025-07-31 20:57:21 | EB12: 2025-07-28 20:44:20 | EC12: 2025-08-03 03:09:11 | ED12: 2025-08-03 16:20:56 | EE12: 2025-08-03 01:30:15 | EF12: 2025-07-29 04:15:16 | EG12: 2025-08-03 07:34:06 | EH12: 2025-07-28 21:07:40 | EI12: 2025-07-29 10:04:27 | EJ12: 2025-08-03 15:21:50 | EK12: 2025-07-28 07:49:02 | EL12: 2025-07-31 19:46:47 | EM12: 2025-08-02 01:06:47 | EN12: 2025-07-31 01:35:15 | EO12: 2025-08-03 07:04:48 | EP12: 2025-08-03 21:12:01 | EQ12: 2025-08-02 14:28:36 | ER12: 2025-08-01 23:32:51 | ES12: 2025-07-29 04:42:11 | ET12: 2025-08-02 21:41:04 | EU12: 2025-08-01 18:40:20 | EV12: 2025-08-02 05:36:45 | EW12: 2025-08-01 08:05:42 | EX12: 2025-07-28 02:47:04 | EY12: 2025-07-29 17:00:18 | EZ12: 2025-08-02 23:04:31 | FA12: 2025-07-30 15:15:26 | FB12: 2025-08-02 11:20:33 | FC12: 2025-07-30 23:51:06 | FD12: 2025-07-28 03:18:17 | FE12: 2025-07-31 17:03:55 | FF12: 2025-08-02 00:04:47 | FG12: 2025-08-01 08:32:01 | FH12: 2025-08-03 12:04:07 | FI12: 2025-08-03 01:14:31 | FJ12: 2025-08-03 17:34:20 | FK12: 2025-07-30 02:03:37 | FL12: 2025-07-29 05:34:54 | FM12: 2025-08-01 04:32:48 | FN12: 2025-08-03 14:20:33 | FO12: 2025-07-28 10:54:43 | FP12: 2025-07-30 07:14:16 | FQ12: 2025-08-03 09:15:10 | FR12: 2025-07-29 00:26:18 | FS12: 2025-08-03 21:38:58 | FT12: 2025-07-30 01:19:28 | FU12: 2025-08-01 10:37:20 | FV12: 2025-07-30 00:15:09 | FW12: 2025-07-28 05:35:15 | FX12: 2025-07-29 12:59:42 | FY12: 2025-07-29 12:17:53 | FZ12: 2025-07-28 21:53:17 | GA12: 2025-07-29 18:02:16 | GB12: 2025-07-29 16:30:32 | GC12: 2025-08-02 08:36:05 | GD12: 2025-07-31 09:32:28 | GE12: 2025-08-03 09:16:28 | GF12: 2025-08-03 00:00:05 | GG12: 2025-07-30 04:25:23 | GH12: 2025-07-28 15:00:13 | GI12: 2025-08-03 22:09:45 | GJ12: 2025-08-01 06:55:02 | GK12: 2025-07-30 17:50:06 | GL12: 2025-08-03 19:13:45 | GM12: 2025-08-02 15:32:23 | GN12: 2025-07-28 08:49:38 | GO12: 2025-08-01 06:30:39 | GP12: 2025-07-29 11:46:06 | GQ12: 2025-08-02 17:01:04 | GR12: 2025-07-29 06:51:56 | GS12: 2025-08-02 11:19:44 | GT12: 2025-07-31 06:18:08 | GU12: 2025-08-03 13:37:13 | GV12: 2025-07-30 05:41:51 | GW12: 2025-08-02 05:33:59 | GX12: 2025-08-01 23:30:05 | GY12: 2025-07-31 00:29:04 | GZ12: 2025-08-02 14:31:43 | HA12: 2025-07-28 16:25:27 | HB12: 2025-07-28 09:27:22 | HC12: 2025-08-02 23:53:16 | HD12: 2025-07-29 16:49:30 | HE12: 2025-08-02 01:25:28 | HF12: 2025-08-03 06:04:58 | HG12: 2025-07-31 03:26:27 | HH12: 2025-08-01 04:32:49 | HI12: 2025-07-28 20:24:56 | HJ12: 2025-07-29 09:48:10 | HK12: 2025-07-30 20:39:54 | HL12: 2025-08-01 03:42:23 | HM12: 2025-07-29 19:12:44 | HN12: 2025-07-30 21:25:04 | HO12: 2025-07-31 02:30:05 | HP12: 2025-07-30 15:10:50 | HQ12: 2025-07-30 16:24:52 | HR12: 2025-08-03 09:51:27 | HS12: 2025-07-30 08:37:51 | HT12: 2025-07-31 15:11:51 | HU12: 2025-08-02 22:44:44 | HV12: 2025-07-31 12:05:01 | HW12: 2025-08-01 16:16:22 | HX12: 2025-07-31 21:31:45 | HY12: 2025-08-02 05:08:43 | HZ12: 2025-07-30 09:38:09 | IA12: 2025-07-28 22:59:19 | IB12: 2025-08-02 11:56:01 | IC12: 2025-08-01 05:35:27 | ID12: 2025-07-31 15:37:53 | IE12: 2025-07-29 16:45:27 | IF12: 2025-07-31 20:01:23 | IG12: 2025-07-28 05:22:04 | IH12: 2025-07-31 18:17:44 | II12: 2025-07-29 10:28:26 | IJ12: 2025-07-31 02:38:34 | IK12: 2025-07-28 18:00:55 | IL12: 2025-08-03 03:12:44 | IM12: 2025-08-02 14:39:10 | IN12: 2025-08-03 15:38:33 | IO12: 2025-07-29 03:55:10 | IP12: 2025-07-28 21:21:07 | IQ12: 2025-08-03 14:19:42 | IR12: 2025-07-31 10:49:57 | IS12: 2025-07-28 23:35:13 | IT12: 2025-08-01 02:06:05 | IU12: 2025-07-30 16:40:27 | IV12: 2025-08-02 07:04:18 | IW12: 2025-07-29 09:37:36 | IX12: 2025-07-30 19:54:17 | IY12: 2025-07-28 15:44:26 | IZ12: 2025-07-29 13:01:07 | JA12: 2025-07-29 22:19:05 | JB12: 2025-07-28 21:37:52 | JC12: 2025-08-02 17:08:25 | JD12: 2025-07-28 04:28:42 | JE12: 2025-07-29 04:15:42 | JF12: 2025-07-30 13:36:34 | JG12: 2025-07-28 11:03:53 | JH12: 2025-08-01 01:48:16 | JI12: 2025-08-03 02:03:10 | JJ12: 2025-08-03 15:24:32 | JK12: 2025-07-31 03:56:32 | JL12: 2025-07-29 05:23:44 | JM12: 2025-07-29 14:43:37 | JN12: 2025-07-31 15:35:13 | JO12: 2025-07-28 02:18:55 | JP12: 2025-07-30 03:26:18 | JQ12: 2025-08-03 06:36:46 | JR12: 2025-08-01 20:08:13 | JS12: 2025-08-01 22:38:08 | JT12: 2025-07-29 02:39:29 | JU12: 2025-08-01 11:37:22 | JV12: 2025-07-30 19:07:14 | JW12: 2025-07-28 09:18:09 | JX12: 2025-07-28 00:39:02 | JY12: 2025-08-03 19:39:12 | JZ12: 2025-08-02 19:32:54 | KA12: 2025-07-28 18:42:01 | KB12: 2025-07-30 22:08:38 | KC12: 2025-07-28 13:19:32 | KD12: 2025-07-30 21:19:14 | KE12: 2025-07-31 12:06:29 | KF12: 2025-07-28 15:34:34 | KG12: 2025-08-01 07:45:21 | KH12: 2025-08-02 09:29:04 | KI12: 2025-08-01 12:59:01 | KJ12: 2025-07-29 15:32:10 | KK12: 2025-08-01 14:08:50 | KL12: 2025-08-01 03:11:09 | KM12: 2025-08-02 01:01:04 | KN12: 2025-08-02 18:17:53 | KO12: 2025-07-29 15:07:36 | KP12: 2025-08-01 23:01:24 | KQ12: 2025-08-01 16:24:28 | KR12: 2025-07-28 15:19:27 | KS12: 2025-08-02 19:14:27 | KT12: 2025-08-02 14:28:48 | KU12: 2025-08-01 09:44:43 | KV12: 2025-07-31 22:28:30 | KW12: 2025-07-29 22:05:20 | KX12: 2025-08-03 16:06:14 | KY12: 2025-08-03 19:46:55 | KZ12: 2025-07-30 07:39:13 | LA12: 2025-07-30 01:43:33 | LB12: 2025-08-03 15:50:20 | LC12: 2025-07-28 01:24:05 | LD12: 2025-08-02 02:24:01 | LE12: 2025-07-29 14:30:28 | LF12: 2025-08-03 08:08:45 | LG12: 2025-08-03 13:23:39 | LH12: 2025-08-03 11:58:33 | LI12: 2025-07-29 19:55:24 | LJ12: 2025-08-03 13:04:36 | LK12: 2025-07-29 15:19:16 | LL12: 2025-07-31 17:31:11 | LM12: 2025-07-30 20:20:37 | LN12: 2025-07-30 11:09:14 | LO12: 2025-08-02 05:15:23 | LP12: 2025-07-30 13:51:41 | LQ12: 2025-07-31 13:47:57 | LR12: 2025-08-02 13:21:55 | LS12: 2025-07-30 14:24:10 | LT12: 2025-08-03 09:28:53 | LU12: 2025-08-02 18:15:02 | LV12: 2025-07-29 00:38:22 | LW12: 2025-07-28 19:40:13 | LX12: 2025-07-30 10:33:36 | LY12: 2025-07-29 04:40:19 | LZ12: 2025-08-02 02:25:09 | MA12: 2025-08-01 15:56:18 | MB12: 2025-07-29 11:52:56 | MC12: 2025-07-31 06:35:46 | MD12: 2025-07-31 10:06:26 | ME12: 2025-08-03 09:22:47 | MF12: 2025-08-01 08:28:40 | MG12: 2025-08-01 17:17:23 | MH12: 2025-07-31 20:44:05 | MI12: 2025-07-28 17:00:13 | MJ12: 2025-08-01 17:05:29 | MK12: 2025-07-29 15:50:12 | ML12: 2025-07-30 11:58:01 | MM12: 2025-07-31 13:15:48 | MN12: 2025-07-28 09:47:36 | MO12: 2025-07-30 13:21:34 | MP12: 2025-08-02 07:13:51 | MQ12: 2025-07-31 08:55:01 | MR12: 2025-07-30 15:15:03 | MS12: 2025-07-28 00:40:20 | MT12: 2025-07-30 04:47:58 | MU12: 2025-07-28 16:01:11 | MV12: 2025-07-30 11:51:43 | MW12: 2025-07-30 22:50:28 | MX12: 2025-07-28 06:29:01 | MY12: 2025-08-03 23:51:50 | MZ12: 2025-08-01 02:55:26 | NA12: 2025-07-28 20:49:51 | NB12: 2025-08-01 00:27:20 | NC12: 2025-07-30 05:40:53 | ND12: 2025-07-31 07:30:34 | NE12: 2025-07-31 07:42:24 | NF12: 2025-08-01 20:12:00 | NG12: 2025-07-31 20:30:44 | NH12: 2025-08-03 16:12:03 | NI12: 2025-07-28 18:32:24 | NJ12: 2025-08-02 13:11:21 | NK12: 2025-07-30 09:14:42 | NL12: 2025-07-28 20:26:25 | NM12: 2025-07-28 08:41:10 | NN12: 2025-07-31 17:54:16 | NO12: 2025-07-29 16:19:39 | NP12: 2025-07-28 22:19:42 | NQ12: 2025-07-28 14:15:08 | NR12: 2025-07-29 11:33:41 | NS12: 2025-08-03 21:16:14 | NT12: 2025-08-01 17:10:53 | NU12: 2025-07-30 01:18:41 | NV12: 2025-07-28 21:52:46 | NW12: 2025-07-31 23:34:36 | NX12: 2025-08-01 19:05:23 | NY12: 2025-07-31 13:36:11 | NZ12: 2025-07-29 11:23:32 | OA12: 2025-07-29 07:34:46 | OB12: 2025-08-01 13:53:48 | OC12: 2025-07-31 21:44:49 | OD12: 2025-07-29 03:14:24 | OE12: 2025-07-30 18:13:02 | OF12: 2025-07-31 12:53:38 | OG12: 2025-07-30 09:06:29 | OH12: 2025-07-29 19:11:42 | OI12: 2025-07-29 23:29:17 | OJ12: 2025-08-03 00:36:06 | OK12: 2025-07-29 23:33:09 | OL12: 2025-07-31 01:30:07 | OM12: 2025-07-29 10:26:19 | ON12: 2025-07-29 06:57:30 | OO12: 2025-08-02 04:45:54 | OP12: 2025-07-28 05:59:53 | OQ12: 2025-08-03 22:28:28 | OR12: 2025-08-02 18:23:26 | OS12: 2025-08-01 14:37:49 | OT12: 2025-07-28 01:50:41 | OU12: 2025-07-30 05:42:38 | OV12: 2025-07-29 13:08:10 | OW12: 2025-07-28 12:36:07 | OX12: 2025-07-28 07:42:41 | OY12: 2025-07-28 08:02:52 | OZ12: 2025-07-28 17:19:12 | PA12: 2025-08-01 17:50:17 | PB12: 2025-07-28 01:30:37 | PC12: 2025-07-28 22:41:29 | PD12: 2025-07-28 04:56:47 | PE12: 2025-07-30 02:57:00 | PF12: 2025-07-31 00:16:08 | PG12: 2025-08-02 10:56:37 | PH12: 2025-07-30 01:10:47 | PI12: 2025-07-31 05:34:41 | PJ12: 2025-07-28 04:32:57
A13: 1 | B13: PASS BIN | C13: 401507 | D13: 0.8959 | E13: PASS BIN | N13: Week | O13: 202531 | P13: 202531 | Q13: 202531 | R13: 202531 | S13: 202531 | T13: 202531 | U13: 202531 | V13: 202531 | W13: 202531 | X13: 202531 | Y13: 202531 | Z13: 202531 | AA13: 202531 | AB13: 202531 | AC13: 202531 | AD13: 202531 | AE13: 202531 | AF13: 202531 | AG13: 202531 | AH13: 202531 | AI13: 202531 | AJ13: 202531 | AK13: 202531 | AL13: 202531 | AM13: 202531 | AN13: 202531 | AO13: 202531 | AP13: 202531 | AQ13: 202531 | AR13: 202531 | AS13: 202531 | AT13: 202531 | AU13: 202531 | AV13: 202531 | AW13: 202531 | AX13: 202531 | AY13: 202531 | AZ13: 202531 | BA13: 202531 | BB13: 202531 | BC13: 202531 | BD13: 202531 | BE13: 202531 | BF13: 202531 | BG13: 202531 | BH13: 202531 | BI13: 202531 | BJ13: 202531 | BK13: 202531 | BL13: 202531 | BM13: 202531 | BN13: 202531 | BO13: 202531 | BP13: 202531 | BQ13: 202531 | BR13: 202531 | BS13: 202531 | BT13: 202531 | BU13: 202531 | BV13: 202531 | BW13: 202531 | BX13: 202531 | BY13: 202531 | BZ13: 202531 | CA13: 202531 | CB13: 202531 | CC13: 202531 | CD13: 202531 | CE13: 202531 | CF13: 202531 | CG13: 202531 | CH13: 202531 | CI13: 202531 | CJ13: 202531 | CK13: 202531 | CL13: 202531 | CM13: 202531 | CN13: 202531 | CO13: 202531 | CP13: 202531 | CQ13: 202531 | CR13: 202531 | CS13: 202531 | CT13: 202531 | CU13: 202531 | CV13: 202531 | CW13: 202531 | CX13: 202531 | CY13: 202531 | CZ13: 202531 | DA13: 202531 | DB13: 202531 | DC13: 202531 | DD13: 202531 | DE13: 202531 | DF13: 202531 | DG13: 202531 | DH13: 202531 | DI13: 202531 | DJ13: 202531 | DK13: 202531 | DL13: 202531 | DM13: 202531 | DN13: 202531 | DO13: 202531 | DP13: 202531 | DQ13: 202531 | DR13: 202531 | DS13: 202531 | DT13: 202531 | DU13: 202531 | DV13: 202531 | DW13: 202531 | DX13: 202531 | DY13: 202531 | DZ13: 202531 | EA13: 202531 | EB13: 202531 | EC13: 202531 | ED13: 202531 | EE13: 202531 | EF13: 202531 | EG13: 202531 | EH13: 202531 | EI13: 202531 | EJ13: 202531 | EK13: 202531 | EL13: 202531 | EM13: 202531 | EN13: 202531 | EO13: 202531 | EP13: 202531 | EQ13: 202531 | ER13: 202531 | ES13: 202531 | ET13: 202531 | EU13: 202531 | EV13: 202531 | EW13: 202531 | EX13: 202531 | EY13: 202531 | EZ13: 202531 | FA13: 202531 | FB13: 202531 | FC13: 202531 | FD13: 202531 | FE13: 202531 | FF13: 202531 | FG13: 202531 | FH13: 202531 | FI13: 202531 | FJ13: 202531 | FK13: 202531 | FL13: 202531 | FM13: 202531 | FN13: 202531 | FO13: 202531 | FP13: 202531 | FQ13: 202531 | FR13: 202531 | FS13: 202531 | FT13: 202531 | FU13: 202531 | FV13: 202531 | FW13: 202531 | FX13: 202531 | FY13: 202531 | FZ13: 202531 | GA13: 202531 | GB13: 202531 | GC13: 202531 | GD13: 202531 | GE13: 202531 | GF13: 202531 | GG13: 202531 | GH13: 202531 | GI13: 202531 | GJ13: 202531 | GK13: 202531 | GL13: 202531 | GM13: 202531 | GN13: 202531 | GO13: 202531 | GP13: 202531 | GQ13: 202531 | GR13: 202531 | GS13: 202531 | GT13: 202531 | GU13: 202531 | GV13: 202531 | GW13: 202531 | GX13: 202531 | GY13: 202531 | GZ13: 202531 | HA13: 202531 | HB13: 202531 | HC13: 202531 | HD13: 202531 | HE13: 202531 | HF13: 202531 | HG13: 202531 | HH13: 202531 | HI13: 202531 | HJ13: 202531 | HK13: 202531 | HL13: 202531 | HM13: 202531 | HN13: 202531 | HO13: 202531 | HP13: 202531 | HQ13: 202531 | HR13: 202531 | HS13: 202531 | HT13: 202531 | HU13: 202531 | HV13: 202531 | HW13: 202531 | HX13: 202531 | HY13: 202531 | HZ13: 202531 | IA13: 202531 | IB13: 202531 | IC13: 202531 | ID13: 202531 | IE13: 202531 | IF13: 202531 | IG13: 202531 | IH13: 202531 | II13: 202531 | IJ13: 202531 | IK13: 202531 | IL13: 202531 | IM13: 202531 | IN13: 202531 | IO13: 202531 | IP13: 202531 | IQ13: 202531 | IR13: 202531 | IS13: 202531 | IT13: 202531 | IU13: 202531 | IV13: 202531 | IW13: 202531 | IX13: 202531 | IY13: 202531 | IZ13: 202531 | JA13: 202531 | JB13: 202531 | JC13: 202531 | JD13: 202531 | JE13: 202531 | JF13: 202531 | JG13: 202531 | JH13: 202531 | JI13: 202531 | JJ13: 202531 | JK13: 202531 | JL13: 202531 | JM13: 202531 | JN13: 202531 | JO13: 202531 | JP13: 202531 | JQ13: 202531 | JR13: 202531 | JS13: 202531 | JT13: 202531 | JU13: 202531 | JV13: 202531 | JW13: 202531 | JX13: 202531 | JY13: 202531 | JZ13: 202531 | KA13: 202531 | KB13: 202531 | KC13: 202531 | KD13: 202531 | KE13: 202531 | KF13: 202531 | KG13: 202531 | KH13: 202531 | KI13: 202531 | KJ13: 202531 | KK13: 202531 | KL13: 202531 | KM13: 202531 | KN13: 202531 | KO13: 202531 | KP13: 202531 | KQ13: 202531 | KR13: 202531 | KS13: 202531 | KT13: 202531 | KU13: 202531 | KV13: 202531 | KW13: 202531 | KX13: 202531 | KY13: 202531 | KZ13: 202531 | LA13: 202531 | LB13: 202531 | LC13: 202531 | LD13: 202531 | LE13: 202531 | LF13: 202531 | LG13: 202531 | LH13: 202531 | LI13: 202531 | LJ13: 202531 | LK13: 202531 | LL13: 202531 | LM13: 202531 | LN13: 202531 | LO13: 202531 | LP13: 202531 | LQ13: 202531 | LR13: 202531 | LS13: 202531 | LT13: 202531 | LU13: 202531 | LV13: 202531 | LW13: 202531 | LX13: 202531 | LY13: 202531 | LZ13: 202531 | MA13: 202531 | MB13: 202531 | MC13: 202531 | MD13: 202531 | ME13: 202531 | MF13: 202531 | MG13: 202531 | MH13: 202531 | MI13: 202531 | MJ13: 202531 | MK13: 202531 | ML13: 202531 | MM13: 202531 | MN13: 202531 | MO13: 202531 | MP13: 202531 | MQ13: 202531 | MR13: 202531 | MS13: 202531 | MT13: 202531 | MU13: 202531 | MV13: 202531 | MW13: 202531 | MX13: 202531 | MY13: 202531 | MZ13: 202531 | NA13: 202531 | NB13: 202531 | NC13: 202531 | ND13: 202531 | NE13: 202531 | NF13: 202531 | NG13: 202531 | NH13: 202531 | NI13: 202531 | NJ13: 202531 | NK13: 202531 | NL13: 202531 | NM13: 202531 | NN13: 202531 | NO13: 202531 | NP13: 202531 | NQ13: 202531 | NR13: 202531 | NS13: 202531 | NT13: 202531 | NU13: 202531 | NV13: 202531 | NW13: 202531 | NX13: 202531 | NY13: 202531 | NZ13: 202531 | OA13: 202531 | OB13: 202531 | OC13: 202531 | OD13: 202531 | OE13: 202531 | OF13: 202531 | OG13: 202531 | OH13: 202531 | OI13: 202531 | OJ13: 202531 | OK13: 202531 | OL13: 202531 | OM13: 202531 | ON13: 202531 | OO13: 202531 | OP13: 202531 | OQ13: 202531 | OR13: 202531 | OS13: 202531 | OT13: 202531 | OU13: 202531 | OV13: 202531 | OW13: 202531 | OX13: 202531 | OY13: 202531 | OZ13: 202531 | PA13: 202531 | PB13: 202531 | PC13: 202531 | PD13: 202531 | PE13: 202531 | PF13: 202531 | PG13: 202531 | PH13: 202531 | PI13: 202531 | PJ13: 202531
B14: BIN1 | C14: 401507 | D14: 0.8959 | E14: PASS BIN | N14: Month | O14: 2025-08 | P14: 2025-08 | Q14: 2025-08 | R14: 2025-07 | S14: 2025-08 | T14: 2025-07 | U14: 2025-07 | V14: 2025-07 | W14: 2025-08 | X14: 2025-07 | Y14: 2025-08 | Z14: 2025-07 | AA14: 2025-08 | AB14: 2025-07 | AC14: 2025-08 | AD14: 2025-08 | AE14: 2025-08 | AF14: 2025-08 | AG14: 2025-08 | AH14: 2025-08 | AI14: 2025-07 | AJ14: 2025-07 | AK14: 2025-07 | AL14: 2025-07 | AM14: 2025-08 | AN14: 2025-07 | AO14: 2025-08 | AP14: 2025-07 | AQ14: 2025-07 | AR14: 2025-07 | AS14: 2025-08 | AT14: 2025-08 | AU14: 2025-08 | AV14: 2025-08 | AW14: 2025-08 | AX14: 2025-08 | AY14: 2025-08 | AZ14: 2025-08 | BA14: 2025-08 | BB14: 2025-08 | BC14: 2025-07 | BD14: 2025-08 | BE14: 2025-07 | BF14: 2025-08 | BG14: 2025-07 | BH14: 2025-08 | BI14: 2025-08 | BJ14: 2025-08 | BK14: 2025-07 | BL14: 2025-07 | BM14: 2025-08 | BN14: 2025-08 | BO14: 2025-08 | BP14: 2025-07 | BQ14: 2025-08 | BR14: 2025-07 | BS14: 2025-08 | BT14: 2025-08 | BU14: 2025-08 | BV14: 2025-08 | BW14: 2025-08 | BX14: 2025-08 | BY14: 2025-07 | BZ14: 2025-07 | CA14: 2025-08 | CB14: 2025-07 | CC14: 2025-08 | CD14: 2025-07 | CE14: 2025-07 | CF14: 2025-07 | CG14: 2025-07 | CH14: 2025-07 | CI14: 2025-08 | CJ14: 2025-07 | CK14: 2025-07 | CL14: 2025-08 | CM14: 2025-07 | CN14: 2025-07 | CO14: 2025-08 | CP14: 2025-07 | CQ14: 2025-08 | CR14: 2025-07 | CS14: 2025-07 | CT14: 2025-07 | CU14: 2025-07 | CV14: 2025-07 | CW14: 2025-07 | CX14: 2025-08 | CY14: 2025-07 | CZ14: 2025-07 | DA14: 2025-07 | DB14: 2025-08 | DC14: 2025-08 | DD14: 2025-07 | DE14: 2025-08 | DF14: 2025-07 | DG14: 2025-07 | DH14: 2025-08 | DI14: 2025-07 | DJ14: 2025-08 | DK14: 2025-08 | DL14: 2025-08 | DM14: 2025-08 | DN14: 2025-07 | DO14: 2025-07 | DP14: 2025-08 | DQ14: 2025-08 | DR14: 2025-08 | DS14: 2025-07 | DT14: 2025-08 | DU14: 2025-08 | DV14: 2025-07 | DW14: 2025-08 | DX14: 2025-08 | DY14: 2025-07 | DZ14: 2025-07 | EA14: 2025-07 | EB14: 2025-07 | EC14: 2025-08 | ED14: 2025-08 | EE14: 2025-08 | EF14: 2025-07 | EG14: 2025-08 | EH14: 2025-07 | EI14: 2025-07 | EJ14: 2025-08 | EK14: 2025-07 | EL14: 2025-07 | EM14: 2025-08 | EN14: 2025-07 | EO14: 2025-08 | EP14: 2025-08 | EQ14: 2025-08 | ER14: 2025-08 | ES14: 2025-07 | ET14: 2025-08 | EU14: 2025-08 | EV14: 2025-08 | EW14: 2025-08 | EX14: 2025-07 | EY14: 2025-07 | EZ14: 2025-08 | FA14: 2025-07 | FB14: 2025-08 | FC14: 2025-07 | FD14: 2025-07 | FE14: 2025-07 | FF14: 2025-08 | FG14: 2025-08 | FH14: 2025-08 | FI14: 2025-08 | FJ14: 2025-08 | FK14: 2025-07 | FL14: 2025-07 | FM14: 2025-08 | FN14: 2025-08 | FO14: 2025-07 | FP14: 2025-07 | FQ14: 2025-08 | FR14: 2025-07 | FS14: 2025-08 | FT14: 2025-07 | FU14: 2025-08 | FV14: 2025-07 | FW14: 2025-07 | FX14: 2025-07 | FY14: 2025-07 | FZ14: 2025-07 | GA14: 2025-07 | GB14: 2025-07 | GC14: 2025-08 | GD14: 2025-07 | GE14: 2025-08 | GF14: 2025-08 | GG14: 2025-07 | GH14: 2025-07 | GI14: 2025-08 | GJ14: 2025-08 | GK14: 2025-07 | GL14: 2025-08 | GM14: 2025-08 | GN14: 2025-07 | GO14: 2025-08 | GP14: 2025-07 | GQ14: 2025-08 | GR14: 2025-07 | GS14: 2025-08 | GT14: 2025-07 | GU14: 2025-08 | GV14: 2025-07 | GW14: 2025-08 | GX14: 2025-08 | GY14: 2025-07 | GZ14: 2025-08 | HA14: 2025-07 | HB14: 2025-07 | HC14: 2025-08 | HD14: 2025-07 | HE14: 2025-08 | HF14: 2025-08 | HG14: 2025-07 | HH14: 2025-08 | HI14: 2025-07 | HJ14: 2025-07 | HK14: 2025-07 | HL14: 2025-08 | HM14: 2025-07 | HN14: 2025-07 | HO14: 2025-07 | HP14: 2025-07 | HQ14: 2025-07 | HR14: 2025-08 | HS14: 2025-07 | HT14: 2025-07 | HU14: 2025-08 | HV14: 2025-07 | HW14: 2025-08 | HX14: 2025-07 | HY14: 2025-08 | HZ14: 2025-07 | IA14: 2025-07 | IB14: 2025-08 | IC14: 2025-08 | ID14: 2025-07 | IE14: 2025-07 | IF14: 2025-07 | IG14: 2025-07 | IH14: 2025-07 | II14: 2025-07 | IJ14: 2025-07 | IK14: 2025-07 | IL14: 2025-08 | IM14: 2025-08 | IN14: 2025-08 | IO14: 2025-07 | IP14: 2025-07 | IQ14: 2025-08 | IR14: 2025-07 | IS14: 2025-07 | IT14: 2025-08 | IU14: 2025-07 | IV14: 2025-08 | IW14: 2025-07 | IX14: 2025-07 | IY14: 2025-07 | IZ14: 2025-07 | JA14: 2025-07 | JB14: 2025-07 | JC14: 2025-08 | JD14: 2025-07 | JE14: 2025-07 | JF14: 2025-07 | JG14: 2025-07 | JH14: 2025-08 | JI14: 2025-08 | JJ14: 2025-08 | JK14: 2025-07 | JL14: 2025-07 | JM14: 2025-07 | JN14: 2025-07 | JO14: 2025-07 | JP14: 2025-07 | JQ14: 2025-08 | JR14: 2025-08 | JS14: 2025-08 | JT14: 2025-07 | JU14: 2025-08 | JV14: 2025-07 | JW14: 2025-07 | JX14: 2025-07 | JY14: 2025-08 | JZ14: 2025-08 | KA14: 2025-07 | KB14: 2025-07 | KC14: 2025-07 | KD14: 2025-07 | KE14: 2025-07 | KF14: 2025-07 | KG14: 2025-08 | KH14: 2025-08 | KI14: 2025-08 | KJ14: 2025-07 | KK14: 2025-08 | KL14: 2025-08 | KM14: 2025-08 | KN14: 2025-08 | KO14: 2025-07 | KP14: 2025-08 | KQ14: 2025-08 | KR14: 2025-07 | KS14: 2025-08 | KT14: 2025-08 | KU14: 2025-08 | KV14: 2025-07 | KW14: 2025-07 | KX14: 2025-08 | KY14: 2025-08 | KZ14: 2025-07 | LA14: 2025-07 | LB14: 2025-08 | LC14: 2025-07 | LD14: 2025-08 | LE14: 2025-07 | LF14: 2025-08 | LG14: 2025-08 | LH14: 2025-08 | LI14: 2025-07 | LJ14: 2025-08 | LK14: 2025-07 | LL14: 2025-07 | LM14: 2025-07 | LN14: 2025-07 | LO14: 2025-08 | LP14: 2025-07 | LQ14: 2025-07 | LR14: 2025-08 | LS14: 2025-07 | LT14: 2025-08 | LU14: 2025-08 | LV14: 2025-07 | LW14: 2025-07 | LX14: 2025-07 | LY14: 2025-07 | LZ14: 2025-08 | MA14: 2025-08 | MB14: 2025-07 | MC14: 2025-07 | MD14: 2025-07 | ME14: 2025-08 | MF14: 2025-08 | MG14: 2025-08 | MH14: 2025-07 | MI14: 2025-07 | MJ14: 2025-08 | MK14: 2025-07 | ML14: 2025-07 | MM14: 2025-07 | MN14: 2025-07 | MO14: 2025-07 | MP14: 2025-08 | MQ14: 2025-07 | MR14: 2025-07 | MS14: 2025-07 | MT14: 2025-07 | MU14: 2025-07 | MV14: 2025-07 | MW14: 2025-07 | MX14: 2025-07 | MY14: 2025-08 | MZ14: 2025-08 | NA14: 2025-07 | NB14: 2025-08 | NC14: 2025-07 | ND14: 2025-07 | NE14: 2025-07 | NF14: 2025-08 | NG14: 2025-07 | NH14: 2025-08 | NI14: 2025-07 | NJ14: 2025-08 | NK14: 2025-07 | NL14: 2025-07 | NM14: 2025-07 | NN14: 2025-07 | NO14: 2025-07 | NP14: 2025-07 | NQ14: 2025-07 | NR14: 2025-07 | NS14: 2025-08 | NT14: 2025-08 | NU14: 2025-07 | NV14: 2025-07 | NW14: 2025-07 | NX14: 2025-08 | NY14: 2025-07 | NZ14: 2025-07 | OA14: 2025-07 | OB14: 2025-08 | OC14: 2025-07 | OD14: 2025-07 | OE14: 2025-07 | OF14: 2025-07 | OG14: 2025-07 | OH14: 2025-07 | OI14: 2025-07 | OJ14: 2025-08 | OK14: 2025-07 | OL14: 2025-07 | OM14: 2025-07 | ON14: 2025-07 | OO14: 2025-08 | OP14: 2025-07 | OQ14: 2025-08 | OR14: 2025-08 | OS14: 2025-08 | OT14: 2025-07 | OU14: 2025-07 | OV14: 2025-07 | OW14: 2025-07 | OX14: 2025-07 | OY14: 2025-07 | OZ14: 2025-07 | PA14: 2025-08 | PB14: 2025-07 | PC14: 2025-07 | PD14: 2025-07 | PE14: 2025-07 | PF14: 2025-07 | PG14: 2025-08 | PH14: 2025-07 | PI14: 2025-07 | PJ14: 2025-07
B15: OTHER | C15: 530 | D15: 0.0012 | E15: OTHER | N15: Program | O15: RL6982_HD_TA01 | P15: RL6982_HD_TA01 | Q15: RL6982_HD_TA01 | R15: RL6982_HD_TA01 | S15: RL6982_HD_TA01 | T15: RL6982_HD_TA01 | U15: RL6982_HD_TA01 | V15: RL6982_HD_TA01 | W15: RL6982_HD_TA01 | X15: RL6982_HD_TA01 | Y15: RL6982_HD_TA01 | Z15: RL6982_HD_TA01 | AA15: RL6982_HD_TA01 | AB15: RL6982_HD_TA01 | AC15: RL6982_HD_TA01 | AD15: RL6982_HD_TA01 | AE15: RL6982_HD_TA01 | AF15: RL6982_HD_TA01 | AG15: RL6982_HD_TA01 | AH15: RL6982_HD_TA01 | AI15: RL6982_HD_TA01 | AJ15: RL6982_HD_TA01 | AK15: RL6982_HD_TA01 | AL15: RL6982_HD_TA01 | AM15: RL6982_HD_TA01 | AN15: RL6982_HD_TA01 | AO15: RL6982_HD_TA01 | AP15: RL6982_HD_TA01 | AQ15: RL6982_HD_TA01 | AR15: RL6982_HD_TA01 | AS15: RL6982_HD_TA01 | AT15: RL6982_HD_TA01 | AU15: RL6982_HD_TA01 | AV15: RL6982_HD_TA01 | AW15: RL6982_HD_TA01 | AX15: RL6982_HD_TA01 | AY15: RL6982_HD_TA01 | AZ15: RL6982_HD_TA01 | BA15: RL6982_HD_TA01 | BB15: RL6982_HD_TA01 | BC15: RL6982_HD_TA01 | BD15: RL6982_HD_TA01 | BE15: RL6982_HD_TA01 | BF15: RL6982_HD_TA01 | BG15: RL6982_HD_TA01 | BH15: RL6982_HD_TA01 | BI15: RL6982_HD_TA01 | BJ15: RL6982_HD_TA01 | BK15: RL6982_HD_TA01 | BL15: RL6982_HD_TA01 | BM15: RL6982_HD_TA01 | BN15: RL6982_HD_TA01 | BO15: RL6982_HD_TA01 | BP15: RL6982_HD_TA01 | BQ15: RL6982_HD_TA01 | BR15: RL6982_HD_TA01 | BS15: RL6982_HD_TA01 | BT15: RL6982_HD_TA01 | BU15: RL6982_HD_TA01 | BV15: RL6982_HD_TA01 | BW15: RL6982_HD_TA01 | BX15: RL6982_HD_TA01 | BY15: RL6982_HD_TA01 | BZ15: RL6982_HD_TA01 | CA15: RL6982_HD_TA01 | CB15: RL6982_HD_TA01 | CC15: RL6982_HD_TA01 | CD15: RL6982_HD_TA01 | CE15: RL6982_HD_TA01 | CF15: RL6982_HD_TA01 | CG15: RL6982_HD_TA01 | CH15: RL6982_HD_TA01 | CI15: RL6982_HD_TA01 | CJ15: RL6982_HD_TA01 | CK15: RL6982_HD_TA01 | CL15: RL6982_HD_TA01 | CM15: RL6982_HD_TA01 | CN15: RL6982_HD_TA01 | CO15: RL6982_HD_TA01 | CP15: RL6982_HD_TA01 | CQ15: RL6982_HD_TA01 | CR15: RL6982_HD_TA01 | CS15: RL6982_HD_TA01 | CT15: RL6982_HD_TA01 | CU15: RL6982_HD_TA01 | CV15: RL6982_HD_TA01 | CW15: RL6982_HD_TA01 | CX15: RL6982_HD_TA01 | CY15: RL6982_HD_TA01 | CZ15: RL6982_HD_TA01 | DA15: RL6982_HD_TA01 | DB15: RL6982_HD_TA01 | DC15: RL6982_HD_TA01 | DD15: RL6982_HD_TA01 | DE15: RL6982_HD_TA01 | DF15: RL6982_HD_TA01 | DG15: RL6982_HD_TA01 | DH15: RL6982_HD_TA01 | DI15: RL6982_HD_TA01 | DJ15: RL6982_HD_TA01 | DK15: RL6982_HD_TA01 | DL15: RL6982_HD_TA01 | DM15: RL6982_HD_TA01 | DN15: RL6982_HD_TA01 | DO15: RL6982_HD_TA01 | DP15: RL6982_HD_TA01 | DQ15: RL6982_HD_TA01 | DR15: RL6982_HD_TA01 | DS15: RL6982_HD_TA01 | DT15: RL6982_HD_TA01 | DU15: RL6982_HD_TA01 | DV15: RL6982_HD_TA01 | DW15: RL6982_HD_TA01 | DX15: RL6982_HD_TA01 | DY15: RL6982_HD_TA01 | DZ15: RL6982_HD_TA01 | EA15: RL6982_HD_TA01 | EB15: RL6982_HD_TA01 | EC15: RL6982_HD_TA01 | ED15: RL6982_HD_TA01 | EE15: RL6982_HD_TA01 | EF15: RL6982_HD_TA01 | EG15: RL6982_HD_TA01 | EH15: RL6982_HD_TA01 | EI15: RL6982_HD_TA01 | EJ15: RL6982_HD_TA01 | EK15: RL6982_HD_TA01 | EL15: RL6982_HD_TA01 | EM15: RL6982_HD_TA01 | EN15: RL6982_HD_TA01 | EO15: RL6982_HD_TA01 | EP15: RL6982_HD_TA01 | EQ15: RL6982_HD_TA01 | ER15: RL6982_HD_TA01 | ES15: RL6982_HD_TA01 | ET15: RL6982_HD_TA01 | EU15: RL6982_HD_TA01 | EV15: RL6982_HD_TA01 | EW15: RL6982_HD_TA01 | EX15: RL6982_HD_TA01 | EY15: RL6982_HD_TA01 | EZ15: RL6982_HD_TA01 | FA15: RL6982_HD_TA01 | FB15: RL6982_HD_TA01 | FC15: RL6982_HD_TA01 | FD15: RL6982_HD_TA01 | FE15: RL6982_HD_TA01 | FF15: RL6982_HD_TA01 | FG15: RL6982_HD_TA01 | FH15: RL6982_HD_TA01 | FI15: RL6982_HD_TA01 | FJ15: RL6982_HD_TA01 | FK15: RL6982_HD_TA01 | FL15: RL6982_HD_TA01 | FM15: RL6982_HD_TA01 | FN15: RL6982_HD_TA01 | FO15: RL6982_HD_TA01 | FP15: RL6982_HD_TA01 | FQ15: RL6982_HD_TA01 | FR15: RL6982_HD_TA01 | FS15: RL6982_HD_TA01 | FT15: RL6982_HD_TA01 | FU15: RL6982_HD_TA01 | FV15: RL6982_HD_TA01 | FW15: RL6982_HD_TA01 | FX15: RL6982_HD_TA01 | FY15: RL6982_HD_TA01 | FZ15: RL6982_HD_TA01 | GA15: RL6982_HD_TA01 | GB15: RL6982_HD_TA01 | GC15: RL6982_HD_TA01 | GD15: RL6982_HD_TA01 | GE15: RL6982_HD_TA01 | GF15: RL6982_HD_TA01 | GG15: RL6982_HD_TA01 | GH15: RL6982_HD_TA01 | GI15: RL6982_HD_TA01 | GJ15: RL6982_HD_TA01 | GK15: RL6982_HD_TA01 | GL15: RL6982_HD_TA01 | GM15: RL6982_HD_TA01 | GN15: RL6982_HD_TA01 | GO15: RL6982_HD_TA01 | GP15: RL6982_HD_TA01 | GQ15: RL6982_HD_TA01 | GR15: RL6982_HD_TA01 | GS15: RL6982_HD_TA01 | GT15: RL6982_HD_TA01 | GU15: RL6982_HD_TA01 | GV15: RL6982_HD_TA01 | GW15: RL6982_HD_TA01 | GX15: RL6982_HD_TA01 | GY15: RL6982_HD_TA01 | GZ15: RL6982_HD_TA01 | HA15: RL6982_HD_TA01 | HB15: RL6982_HD_TA01 | HC15: RL6982_HD_TA01 | HD15: RL6982_HD_TA01 | HE15: RL6982_HD_TA01 | HF15: RL6982_HD_TA01 | HG15: RL6982_HD_TA01 | HH15: RL6982_HD_TA01 | HI15: RL6982_HD_TA01 | HJ15: RL6982_HD_TA01 | HK15: RL6982_HD_TA01 | HL15: RL6982_HD_TA01 | HM15: RL6982_HD_TA01 | HN15: RL6982_HD_TA01 | HO15: RL6982_HD_TA01 | HP15: RL6982_HD_TA01 | HQ15: RL6982_HD_TA01 | HR15: RL6982_HD_TA01 | HS15: RL6982_HD_TA01 | HT15: RL6982_HD_TA01 | HU15: RL6982_HD_TA01 | HV15: RL6982_HD_TA01 | HW15: RL6982_HD_TA01 | HX15: RL6982_HD_TA01 | HY15: RL6982_HD_TA01 | HZ15: RL6982_HD_TA01 | IA15: RL6982_HD_TA01 | IB15: RL6982_HD_TA01 | IC15: RL6982_HD_TA01 | ID15: RL6982_HD_TA01 | IE15: RL6982_HD_TA01 | IF15: RL6982_HD_TA01 | IG15: RL6982_HD_TA01 | IH15: RL6982_HD_TA01 | II15: RL6982_HD_TA01 | IJ15: RL6982_HD_TA01 | IK15: RL6982_HD_TA01 | IL15: RL6982_HD_TA01 | IM15: RL6982_HD_TA01 | IN15: RL6982_HD_TA01 | IO15: RL6982_HD_TA01 | IP15: RL6982_HD_TA01 | IQ15: RL6982_HD_TA01 | IR15: RL6982_HD_TA01 | IS15: RL6982_HD_TA01 | IT15: RL6982_HD_TA01 | IU15: RL6982_HD_TA01 | IV15: RL6982_HD_TA01 | IW15: RL6982_HD_TA01 | IX15: RL6982_HD_TA01 | IY15: RL6982_HD_TA01 | IZ15: RL6982_HD_TA01 | JA15: RL6982_HD_TA01 | JB15: RL6982_HD_TA01 | JC15: RL6982_HD_TA01 | JD15: RL6982_HD_TA01 | JE15: RL6982_HD_TA01 | JF15: RL6982_HD_TA01 | JG15: RL6982_HD_TA01 | JH15: RL6982_HD_TA01 | JI15: RL6982_HD_TA01 | JJ15: RL6982_HD_TA01 | JK15: RL6982_HD_TA01 | JL15: RL6982_HD_TA01 | JM15: RL6982_HD_TA01 | JN15: RL6982_HD_TA01 | JO15: RL6982_HD_TA01 | JP15: RL6982_HD_TA01 | JQ15: RL6982_HD_TA01 | JR15: RL6982_HD_TA01 | JS15: RL6982_HD_TA01 | JT15: RL6982_HD_TA01 | JU15: RL6982_HD_TA01 | JV15: RL6982_HD_TA01 | JW15: RL6982_HD_TA01 | JX15: RL6982_HD_TA01 | JY15: RL6982_HD_TA01 | JZ15: RL6982_HD_TA01 | KA15: RL6982_HD_TA01 | KB15: RL6982_HD_TA01 | KC15: RL6982_HD_TA01 | KD15: RL6982_HD_TA01 | KE15: RL6982_HD_TA01 | KF15: RL6982_HD_TA01 | KG15: RL6982_HD_TA01 | KH15: RL6982_HD_TA01 | KI15: RL6982_HD_TA01 | KJ15: RL6982_HD_TA01 | KK15: RL6982_HD_TA01 | KL15: RL6982_HD_TA01 | KM15: RL6982_HD_TA01 | KN15: RL6982_HD_TA01 | KO15: RL6982_HD_TA01 | KP15: RL6982_HD_TA01 | KQ15: RL6982_HD_TA01 | KR15: RL6982_HD_TA01 | KS15: RL6982_HD_TA01 | KT15: RL6982_HD_TA01 | KU15: RL6982_HD_TA01 | KV15: RL6982_HD_TA01 | KW15: RL6982_HD_TA01 | KX15: RL6982_HD_TA01 | KY15: RL6982_HD_TA01 | KZ15: RL6982_HD_TA01 | LA15: RL6982_HD_TA01 | LB15: RL6982_HD_TA01 | LC15: RL6982_HD_TA01 | LD15: RL6982_HD_TA01 | LE15: RL6982_HD_TA01 | LF15: RL6982_HD_TA01 | LG15: RL6982_HD_TA01 | LH15: RL6982_HD_TA01 | LI15: RL6982_HD_TA01 | LJ15: RL6982_HD_TA01 | LK15: RL6982_HD_TA01 | LL15: RL6982_HD_TA01 | LM15: RL6982_HD_TA01 | LN15: RL6982_HD_TA01 | LO15: RL6982_HD_TA01 | LP15: RL6982_HD_TA01 | LQ15: RL6982_HD_TA01 | LR15: RL6982_HD_TA01 | LS15: RL6982_HD_TA01 | LT15: RL6982_HD_TA01 | LU15: RL6982_HD_TA01 | LV15: RL6982_HD_TA01 | LW15: RL6982_HD_TA01 | LX15: RL6982_HD_TA01 | LY15: RL6982_HD_TA01 | LZ15: RL6982_HD_TA01 | MA15: RL6982_HD_TA01 | MB15: RL6982_HD_TA01 | MC15: RL6982_HD_TA01 | MD15: RL6982_HD_TA01 | ME15: RL6982_HD_TA01 | MF15: RL6982_HD_TA01 | MG15: RL6982_HD_TA01 | MH15: RL6982_HD_TA01 | MI15: RL6982_HD_TA01 | MJ15: RL6982_HD_TA01 | MK15: RL6982_HD_TA01 | ML15: RL6982_HD_TA01 | MM15: RL6982_HD_TA01 | MN15: RL6982_HD_TA01 | MO15: RL6982_HD_TA01 | MP15: RL6982_HD_TA01 | MQ15: RL6982_HD_TA01 | MR15: RL6982_HD_TA01 | MS15: RL6982_HD_TA01 | MT15: RL6982_HD_TA01 | MU15: RL6982_HD_TA01 | MV15: RL6982_HD_TA01 | MW15: RL6982_HD_TA01 | MX15: RL6982_HD_TA01 | MY15: RL6982_HD_TA01 | MZ15: RL6982_HD_TA01 | NA15: RL6982_HD_TA01 | NB15: RL6982_HD_TA01 | NC15: RL6982_HD_TA01 | ND15: RL6982_HD_TA01 | NE15: RL6982_HD_TA01 | NF15: RL6982_HD_TA01 | NG15: RL6982_HD_TA01 | NH15: RL6982_HD_TA01 | NI15: RL6982_HD_TA01 | NJ15: RL6982_HD_TA01 | NK15: RL6982_HD_TA01 | NL15: RL6982_HD_TA01 | NM15: RL6982_HD_TA01 | NN15: RL6982_HD_TA01 | NO15: RL6982_HD_TA01 | NP15: RL6982_HD_TA01 | NQ15: RL6982_HD_TA01 | NR15: RL6982_HD_TA01 | NS15: RL6982_HD_TA01 | NT15: RL6982_HD_TA01 | NU15: RL6982_HD_TA01 | NV15: RL6982_HD_TA01 | NW15: RL6982_HD_TA01 | NX15: RL6982_HD_TA01 | NY15: RL6982_HD_TA01 | NZ15: RL6982_HD_TA01 | OA15: RL6982_HD_TA01 | OB15: RL6982_HD_TA01 | OC15: RL6982_HD_TA01 | OD15: RL6982_HD_TA01 | OE15: RL6982_HD_TA01 | OF15: RL6982_HD_TA01 | OG15: RL6982_HD_TA01 | OH15: RL6982_HD_TA01 | OI15: RL6982_HD_TA01 | OJ15: RL6982_HD_TA01 | OK15: RL6982_HD_TA01 | OL15: RL6982_HD_TA01 | OM15: RL6982_HD_TA01 | ON15: RL6982_HD_TA01 | OO15: RL6982_HD_TA01 | OP15: RL6982_HD_TA01 | OQ15: RL6982_HD_TA01 | OR15: RL6982_HD_TA01 | OS15: RL6982_HD_TA01 | OT15: RL6982_HD_TA01 | OU15: RL6982_HD_TA01 | OV15: RL6982_HD_TA01 | OW15: RL6982_HD_TA01 | OX15: RL6982_HD_TA01 | OY15: RL6982_HD_TA01 | OZ15: RL6982_HD_TA01 | PA15: RL6982_HD_TA01 | PB15: RL6982_HD_TA01 | PC15: RL6982_HD_TA01 | PD15: RL6982_HD_TA01 | PE15: RL6982_HD_TA01 | PF15: RL6982_HD_TA01 | PG15: RL6982_HD_TA01 | PH15: RL6982_HD_TA01 | PI15: RL6982_HD_TA01 | PJ15: RL6982_HD_TA01
B16: OS | C16: 1666 | D16: 0.0037 | E16: OS | N16: Version(ECN) | O16: RL6982_HD_TA01_V03 | P16: RL6982_HD_TA01_V03 | Q16: RL6982_HD_TA01_V03 | R16: RL6982_HD_TA01_V03 | S16: RL6982_HD_TA01_V03 | T16: RL6982_HD_TA01_V03 | U16: RL6982_HD_TA01_V03 | V16: RL6982_HD_TA01_V03 | W16: RL6982_HD_TA01_V03 | X16: RL6982_HD_TA01_V03 | Y16: RL6982_HD_TA01_V03 | Z16: RL6982_HD_TA01_V03 | AA16: RL6982_HD_TA01_V03 | AB16: RL6982_HD_TA01_V03 | AC16: RL6982_HD_TA01_V03 | AD16: RL6982_HD_TA01_V03 | AE16: RL6982_HD_TA01_V03 | AF16: RL6982_HD_TA01_V03 | AG16: RL6982_HD_TA01_V03 | AH16: RL6982_HD_TA01_V03 | AI16: RL6982_HD_TA01_V03 | AJ16: RL6982_HD_TA01_V03 | AK16: RL6982_HD_TA01_V03 | AL16: RL6982_HD_TA01_V03 | AM16: RL6982_HD_TA01_V03 | AN16: RL6982_HD_TA01_V03 | AO16: RL6982_HD_TA01_V03 | AP16: RL6982_HD_TA01_V03 | AQ16: RL6982_HD_TA01_V03 | AR16: RL6982_HD_TA01_V03 | AS16: RL6982_HD_TA01_V03 | AT16: RL6982_HD_TA01_V03 | AU16: RL6982_HD_TA01_V03 | AV16: RL6982_HD_TA01_V03 | AW16: RL6982_HD_TA01_V03 | AX16: RL6982_HD_TA01_V03 | AY16: RL6982_HD_TA01_V03 | AZ16: RL6982_HD_TA01_V03 | BA16: RL6982_HD_TA01_V03 | BB16: RL6982_HD_TA01_V03 | BC16: RL6982_HD_TA01_V03 | BD16: RL6982_HD_TA01_V03 | BE16: RL6982_HD_TA01_V03 | BF16: RL6982_HD_TA01_V03 | BG16: RL6982_HD_TA01_V03 | BH16: RL6982_HD_TA01_V03 | BI16: RL6982_HD_TA01_V03 | BJ16: RL6982_HD_TA01_V03 | BK16: RL6982_HD_TA01_V03 | BL16: RL6982_HD_TA01_V03 | BM16: RL6982_HD_TA01_V03 | BN16: RL6982_HD_TA01_V03 | BO16: RL6982_HD_TA01_V03 | BP16: RL6982_HD_TA01_V03 | BQ16: RL6982_HD_TA01_V03 | BR16: RL6982_HD_TA01_V03 | BS16: RL6982_HD_TA01_V03 | BT16: RL6982_HD_TA01_V03 | BU16: RL6982_HD_TA01_V03 | BV16: RL6982_HD_TA01_V03 | BW16: RL6982_HD_TA01_V03 | BX16: RL6982_HD_TA01_V03 | BY16: RL6982_HD_TA01_V03 | BZ16: RL6982_HD_TA01_V03 | CA16: RL6982_HD_TA01_V03 | CB16: RL6982_HD_TA01_V03 | CC16: RL6982_HD_TA01_V03 | CD16: RL6982_HD_TA01_V03 | CE16: RL6982_HD_TA01_V03 | CF16: RL6982_HD_TA01_V03 | CG16: RL6982_HD_TA01_V03 | CH16: RL6982_HD_TA01_V03 | CI16: RL6982_HD_TA01_V03 | CJ16: RL6982_HD_TA01_V03 | CK16: RL6982_HD_TA01_V03 | CL16: RL6982_HD_TA01_V03 | CM16: RL6982_HD_TA01_V03 | CN16: RL6982_HD_TA01_V03 | CO16: RL6982_HD_TA01_V03 | CP16: RL6982_HD_TA01_V03 | CQ16: RL6982_HD_TA01_V03 | CR16: RL6982_HD_TA01_V03 | CS16: RL6982_HD_TA01_V03 | CT16: RL6982_HD_TA01_V03 | CU16: RL6982_HD_TA01_V03 | CV16: RL6982_HD_TA01_V03 | CW16: RL6982_HD_TA01_V03 | CX16: RL6982_HD_TA01_V03 | CY16: RL6982_HD_TA01_V03 | CZ16: RL6982_HD_TA01_V03 | DA16: RL6982_HD_TA01_V03 | DB16: RL6982_HD_TA01_V03 | DC16: RL6982_HD_TA01_V03 | DD16: RL6982_HD_TA01_V03 | DE16: RL6982_HD_TA01_V03 | DF16: RL6982_HD_TA01_V03 | DG16: RL6982_HD_TA01_V03 | DH16: RL6982_HD_TA01_V03 | DI16: RL6982_HD_TA01_V03 | DJ16: RL6982_HD_TA01_V03 | DK16: RL6982_HD_TA01_V03 | DL16: RL6982_HD_TA01_V03 | DM16: RL6982_HD_TA01_V03 | DN16: RL6982_HD_TA01_V03 | DO16: RL6982_HD_TA01_V03 | DP16: RL6982_HD_TA01_V03 | DQ16: RL6982_HD_TA01_V03 | DR16: RL6982_HD_TA01_V03 | DS16: RL6982_HD_TA01_V03 | DT16: RL6982_HD_TA01_V03 | DU16: RL6982_HD_TA01_V03 | DV16: RL6982_HD_TA01_V03 | DW16: RL6982_HD_TA01_V03 | DX16: RL6982_HD_TA01_V03 | DY16: RL6982_HD_TA01_V03 | DZ16: RL6982_HD_TA01_V03 | EA16: RL6982_HD_TA01_V03 | EB16: RL6982_HD_TA01_V03 | EC16: RL6982_HD_TA01_V03 | ED16: RL6982_HD_TA01_V03 | EE16: RL6982_HD_TA01_V03 | EF16: RL6982_HD_TA01_V03 | EG16: RL6982_HD_TA01_V03 | EH16: RL6982_HD_TA01_V03 | EI16: RL6982_HD_TA01_V03 | EJ16: RL6982_HD_TA01_V03 | EK16: RL6982_HD_TA01_V03 | EL16: RL6982_HD_TA01_V03 | EM16: RL6982_HD_TA01_V03 | EN16: RL6982_HD_TA01_V03 | EO16: RL6982_HD_TA01_V03 | EP16: RL6982_HD_TA01_V03 | EQ16: RL6982_HD_TA01_V03 | ER16: RL6982_HD_TA01_V03 | ES16: RL6982_HD_TA01_V03 | ET16: RL6982_HD_TA01_V03 | EU16: RL6982_HD_TA01_V03 | EV16: RL6982_HD_TA01_V03 | EW16: RL6982_HD_TA01_V03 | EX16: RL6982_HD_TA01_V03 | EY16: RL6982_HD_TA01_V03 | EZ16: RL6982_HD_TA01_V03 | FA16: RL6982_HD_TA01_V03 | FB16: RL6982_HD_TA01_V03 | FC16: RL6982_HD_TA01_V03 | FD16: RL6982_HD_TA01_V03 | FE16: RL6982_HD_TA01_V03 | FF16: RL6982_HD_TA01_V03 | FG16: RL6982_HD_TA01_V03 | FH16: RL6982_HD_TA01_V03 | FI16: RL6982_HD_TA01_V03 | FJ16: RL6982_HD_TA01_V03 | FK16: RL6982_HD_TA01_V03 | FL16: RL6982_HD_TA01_V03 | FM16: RL6982_HD_TA01_V03 | FN16: RL6982_HD_TA01_V03 | FO16: RL6982_HD_TA01_V03 | FP16: RL6982_HD_TA01_V03 | FQ16: RL6982_HD_TA01_V03 | FR16: RL6982_HD_TA01_V03 | FS16: RL6982_HD_TA01_V03 | FT16: RL6982_HD_TA01_V03 | FU16: RL6982_HD_TA01_V03 | FV16: RL6982_HD_TA01_V03 | FW16: RL6982_HD_TA01_V03 | FX16: RL6982_HD_TA01_V03 | FY16: RL6982_HD_TA01_V03 | FZ16: RL6982_HD_TA01_V03 | GA16: RL6982_HD_TA01_V03 | GB16: RL6982_HD_TA01_V03 | GC16: RL6982_HD_TA01_V03 | GD16: RL6982_HD_TA01_V03 | GE16: RL6982_HD_TA01_V03 | GF16: RL6982_HD_TA01_V03 | GG16: RL6982_HD_TA01_V03 | GH16: RL6982_HD_TA01_V03 | GI16: RL6982_HD_TA01_V03 | GJ16: RL6982_HD_TA01_V03 | GK16: RL6982_HD_TA01_V03 | GL16: RL6982_HD_TA01_V03 | GM16: RL6982_HD_TA01_V03 | GN16: RL6982_HD_TA01_V03 | GO16: RL6982_HD_TA01_V03 | GP16: RL6982_HD_TA01_V03 | GQ16: RL6982_HD_TA01_V03 | GR16: RL6982_HD_TA01_V03 | GS16: RL6982_HD_TA01_V03 | GT16: RL6982_HD_TA01_V03 | GU16: RL6982_HD_TA01_V03 | GV16: RL6982_HD_TA01_V03 | GW16: RL6982_HD_TA01_V03 | GX16: RL6982_HD_TA01_V03 | GY16: RL6982_HD_TA01_V03 | GZ16: RL6982_HD_TA01_V03 | HA16: RL6982_HD_TA01_V03 | HB16: RL6982_HD_TA01_V03 | HC16: RL6982_HD_TA01_V03 | HD16: RL6982_HD_TA01_V03 | HE16: RL6982_HD_TA01_V03 | HF16: RL6982_HD_TA01_V03 | HG16: RL6982_HD_TA01_V03 | HH16: RL6982_HD_TA01_V03 | HI16: RL6982_HD_TA01_V03 | HJ16: RL6982_HD_TA01_V03 | HK16: RL6982_HD_TA01_V03 | HL16: RL6982_HD_TA01_V03 | HM16: RL6982_HD_TA01_V03 | HN16: RL6982_HD_TA01_V03 | HO16: RL6982_HD_TA01_V03 | HP16: RL6982_HD_TA01_V03 | HQ16: RL6982_HD_TA01_V03 | HR16: RL6982_HD_TA01_V03 | HS16: RL6982_HD_TA01_V03 | HT16: RL6982_HD_TA01_V03 | HU16: RL6982_HD_TA01_V03 | HV16: RL6982_HD_TA01_V03 | HW16: RL6982_HD_TA01_V03 | HX16: RL6982_HD_TA01_V03 | HY16: RL6982_HD_TA01_V03 | HZ16: RL6982_HD_TA01_V03 | IA16: RL6982_HD_TA01_V03 | IB16: RL6982_HD_TA01_V03 | IC16: RL6982_HD_TA01_V03 | ID16: RL6982_HD_TA01_V03 | IE16: RL6982_HD_TA01_V03 | IF16: RL6982_HD_TA01_V03 | IG16: RL6982_HD_TA01_V03 | IH16: RL6982_HD_TA01_V03 | II16: RL6982_HD_TA01_V03 | IJ16: RL6982_HD_TA01_V03 | IK16: RL6982_HD_TA01_V03 | IL16: RL6982_HD_TA01_V03 | IM16: RL6982_HD_TA01_V03 | IN16: RL6982_HD_TA01_V03 | IO16: RL6982_HD_TA01_V03 | IP16: RL6982_HD_TA01_V03 | IQ16: RL6982_HD_TA01_V03 | IR16: RL6982_HD_TA01_V03 | IS16: RL6982_HD_TA01_V03 | IT16: RL6982_HD_TA01_V03 | IU16: RL6982_HD_TA01_V03 | IV16: RL6982_HD_TA01_V03 | IW16: RL6982_HD_TA01_V03 | IX16: RL6982_HD_TA01_V03 | IY16: RL6982_HD_TA01_V03 | IZ16: RL6982_HD_TA01_V03 | JA16: RL6982_HD_TA01_V03 | JB16: RL6982_HD_TA01_V03 | JC16: RL6982_HD_TA01_V03 | JD16: RL6982_HD_TA01_V03 | JE16: RL6982_HD_TA01_V03 | JF16: RL6982_HD_TA01_V03 | JG16: RL6982_HD_TA01_V03 | JH16: RL6982_HD_TA01_V03 | JI16: RL6982_HD_TA01_V03 | JJ16: RL6982_HD_TA01_V03 | JK16: RL6982_HD_TA01_V03 | JL16: RL6982_HD_TA01_V03 | JM16: RL6982_HD_TA01_V03 | JN16: RL6982_HD_TA01_V03 | JO16: RL6982_HD_TA01_V03 | JP16: RL6982_HD_TA01_V03 | JQ16: RL6982_HD_TA01_V03 | JR16: RL6982_HD_TA01_V03 | JS16: RL6982_HD_TA01_V03 | JT16: RL6982_HD_TA01_V03 | JU16: RL6982_HD_TA01_V03 | JV16: RL6982_HD_TA01_V03 | JW16: RL6982_HD_TA01_V03 | JX16: RL6982_HD_TA01_V03 | JY16: RL6982_HD_TA01_V03 | JZ16: RL6982_HD_TA01_V03 | KA16: RL6982_HD_TA01_V03 | KB16: RL6982_HD_TA01_V03 | KC16: RL6982_HD_TA01_V03 | KD16: RL6982_HD_TA01_V03 | KE16: RL6982_HD_TA01_V03 | KF16: RL6982_HD_TA01_V03 | KG16: RL6982_HD_TA01_V03 | KH16: RL6982_HD_TA01_V03 | KI16: RL6982_HD_TA01_V03 | KJ16: RL6982_HD_TA01_V03 | KK16: RL6982_HD_TA01_V03 | KL16: RL6982_HD_TA01_V03 | KM16: RL6982_HD_TA01_V03 | KN16: RL6982_HD_TA01_V03 | KO16: RL6982_HD_TA01_V03 | KP16: RL6982_HD_TA01_V03 | KQ16: RL6982_HD_TA01_V03 | KR16: RL6982_HD_TA01_V03 | KS16: RL6982_HD_TA01_V03 | KT16: RL6982_HD_TA01_V03 | KU16: RL6982_HD_TA01_V03 | KV16: RL6982_HD_TA01_V03 | KW16: RL6982_HD_TA01_V03 | KX16: RL6982_HD_TA01_V03 | KY16: RL6982_HD_TA01_V03 | KZ16: RL6982_HD_TA01_V03 | LA16: RL6982_HD_TA01_V03 | LB16: RL6982_HD_TA01_V03 | LC16: RL6982_HD_TA01_V03 | LD16: RL6982_HD_TA01_V03 | LE16: RL6982_HD_TA01_V03 | LF16: RL6982_HD_TA01_V03 | LG16: RL6982_HD_TA01_V03 | LH16: RL6982_HD_TA01_V03 | LI16: RL6982_HD_TA01_V03 | LJ16: RL6982_HD_TA01_V03 | LK16: RL6982_HD_TA01_V03 | LL16: RL6982_HD_TA01_V03 | LM16: RL6982_HD_TA01_V03 | LN16: RL6982_HD_TA01_V03 | LO16: RL6982_HD_TA01_V03 | LP16: RL6982_HD_TA01_V03 | LQ16: RL6982_HD_TA01_V03 | LR16: RL6982_HD_TA01_V03 | LS16: RL6982_HD_TA01_V03 | LT16: RL6982_HD_TA01_V03 | LU16: RL6982_HD_TA01_V03 | LV16: RL6982_HD_TA01_V03 | LW16: RL6982_HD_TA01_V03 | LX16: RL6982_HD_TA01_V03 | LY16: RL6982_HD_TA01_V03 | LZ16: RL6982_HD_TA01_V03 | MA16: RL6982_HD_TA01_V03 | MB16: RL6982_HD_TA01_V03 | MC16: RL6982_HD_TA01_V03 | MD16: RL6982_HD_TA01_V03 | ME16: RL6982_HD_TA01_V03 | MF16: RL6982_HD_TA01_V03 | MG16: RL6982_HD_TA01_V03 | MH16: RL6982_HD_TA01_V03 | MI16: RL6982_HD_TA01_V03 | MJ16: RL6982_HD_TA01_V03 | MK16: RL6982_HD_TA01_V03 | ML16: RL6982_HD_TA01_V03 | MM16: RL6982_HD_TA01_V03 | MN16: RL6982_HD_TA01_V03 | MO16: RL6982_HD_TA01_V03 | MP16: RL6982_HD_TA01_V03 | MQ16: RL6982_HD_TA01_V03 | MR16: RL6982_HD_TA01_V03 | MS16: RL6982_HD_TA01_V03 | MT16: RL6982_HD_TA01_V03 | MU16: RL6982_HD_TA01_V03 | MV16: RL6982_HD_TA01_V03 | MW16: RL6982_HD_TA01_V03 | MX16: RL6982_HD_TA01_V03 | MY16: RL6982_HD_TA01_V03 | MZ16: RL6982_HD_TA01_V03 | NA16: RL6982_HD_TA01_V03 | NB16: RL6982_HD_TA01_V03 | NC16: RL6982_HD_TA01_V03 | ND16: RL6982_HD_TA01_V03 | NE16: RL6982_HD_TA01_V03 | NF16: RL6982_HD_TA01_V03 | NG16: RL6982_HD_TA01_V03 | NH16: RL6982_HD_TA01_V03 | NI16: RL6982_HD_TA01_V03 | NJ16: RL6982_HD_TA01_V03 | NK16: RL6982_HD_TA01_V03 | NL16: RL6982_HD_TA01_V03 | NM16: RL6982_HD_TA01_V03 | NN16: RL6982_HD_TA01_V03 | NO16: RL6982_HD_TA01_V03 | NP16: RL6982_HD_TA01_V03 | NQ16: RL6982_HD_TA01_V03 | NR16: RL6982_HD_TA01_V03 | NS16: RL6982_HD_TA01_V03 | NT16: RL6982_HD_TA01_V03 | NU16: RL6982_HD_TA01_V03 | NV16: RL6982_HD_TA01_V03 | NW16: RL6982_HD_TA01_V03 | NX16: RL6982_HD_TA01_V03 | NY16: RL6982_HD_TA01_V03 | NZ16: RL6982_HD_TA01_V03 | OA16: RL6982_HD_TA01_V03 | OB16: RL6982_HD_TA01_V03 | OC16: RL6982_HD_TA01_V03 | OD16: RL6982_HD_TA01_V03 | OE16: RL6982_HD_TA01_V03 | OF16: RL6982_HD_TA01_V03 | OG16: RL6982_HD_TA01_V03 | OH16: RL6982_HD_TA01_V03 | OI16: RL6982_HD_TA01_V03 | OJ16: RL6982_HD_TA01_V03 | OK16: RL6982_HD_TA01_V03 | OL16: RL6982_HD_TA01_V03 | OM16: RL6982_HD_TA01_V03 | ON16: RL6982_HD_TA01_V03 | OO16: RL6982_HD_TA01_V03 | OP16: RL6982_HD_TA01_V03 | OQ16: RL6982_HD_TA01_V03 | OR16: RL6982_HD_TA01_V03 | OS16: RL6982_HD_TA01_V03 | OT16: RL6982_HD_TA01_V03 | OU16: RL6982_HD_TA01_V03 | OV16: RL6982_HD_TA01_V03 | OW16: RL6982_HD_TA01_V03 | OX16: RL6982_HD_TA01_V03 | OY16: RL6982_HD_TA01_V03 | OZ16: RL6982_HD_TA01_V03 | PA16: RL6982_HD_TA01_V03 | PB16: RL6982_HD_TA01_V03 | PC16: RL6982_HD_TA01_V03 | PD16: RL6982_HD_TA01_V03 | PE16: RL6982_HD_TA01_V03 | PF16: RL6982_HD_TA01_V03 | PG16: RL6982_HD_TA01_V03 | PH16: RL6982_HD_TA01_V03 | PI16: RL6982_HD_TA01_V03 | PJ16: RL6982_HD_TA01_V03
B17: HDMI | C17: 8 | D17: 0 | E17: SD | N17: Pass Die | O17: 858 | P17: 878 | Q17: 890 | R17: 903 | S17: 909 | T17: 912 | U17: 914 | V17: 917 | W17: 923 | X17: 925 | Y17: 925 | Z17: 925 | AA17: 927 | AB17: 930 | AC17: 932 | AD17: 932 | AE17: 932 | AF17: 933 | AG17: 933 | AH17: 937 | AI17: 937 | AJ17: 941 | AK17: 942 | AL17: 942 | AM17: 943 | AN17: 944 | AO17: 944 | AP17: 945 | AQ17: 945 | AR17: 945 | AS17: 945 | AT17: 947 | AU17: 947 | AV17: 947 | AW17: 948 | AX17: 948 | AY17: 948 | AZ17: 949 | BA17: 949 | BB17: 949 | BC17: 949 | BD17: 949 | BE17: 949 | BF17: 949 | BG17: 950 | BH17: 950 | BI17: 950 | BJ17: 952 | BK17: 952 | BL17: 952 | BM17: 953 | BN17: 953 | BO17: 953 | BP17: 953 | BQ17: 953 | BR17: 954 | BS17: 954 | BT17: 954 | BU17: 954 | BV17: 954 | BW17: 954 | BX17: 954 | BY17: 954 | BZ17: 955 | CA17: 956 | CB17: 956 | CC17: 956 | CD17: 956 | CE17: 957 | CF17: 957 | CG17: 957 | CH17: 957 | CI17: 957 | CJ17: 958 | CK17: 959 | CL17: 959 | CM17: 959 | CN17: 960 | CO17: 960 | CP17: 960 | CQ17: 960 | CR17: 960 | CS17: 960 | CT17: 961 | CU17: 961 | CV17: 961 | CW17: 962 | CX17: 962 | CY17: 962 | CZ17: 962 | DA17: 962 | DB17: 962 | DC17: 963 | DD17: 963 | DE17: 963 | DF17: 963 | DG17: 963 | DH17: 964 | DI17: 964 | DJ17: 964 | DK17: 964 | DL17: 964 | DM17: 964 | DN17: 965 | DO17: 965 | DP17: 965 | DQ17: 965 | DR17: 965 | DS17: 965 | DT17: 966 | DU17: 966 | DV17: 966 | DW17: 966 | DX17: 966 | DY17: 966 | DZ17: 966 | EA17: 966 | EB17: 967 | EC17: 967 | ED17: 967 | EE17: 967 | EF17: 967 | EG17: 967 | EH17: 967 | EI17: 967 | EJ17: 967 | EK17: 967 | EL17: 968 | EM17: 968 | EN17: 968 | EO17: 968 | EP17: 968 | EQ17: 968 | ER17: 968 | ES17: 968 | ET17: 969 | EU17: 969 | EV17: 969 | EW17: 969 | EX17: 969 | EY17: 969 | EZ17: 969 | FA17: 969 | FB17: 969 | FC17: 969 | FD17: 969 | FE17: 969 | FF17: 970 | FG17: 970 | FH17: 970 | FI17: 970 | FJ17: 970 | FK17: 970 | FL17: 970 | FM17: 971 | FN17: 971 | FO17: 971 | FP17: 971 | FQ17: 971 | FR17: 971 | FS17: 972 | FT17: 972 | FU17: 972 | FV17: 972 | FW17: 972 | FX17: 972 | FY17: 972 | FZ17: 972 | GA17: 973 | GB17: 973 | GC17: 973 | GD17: 973 | GE17: 973 | GF17: 973 | GG17: 973 | GH17: 973 | GI17: 974 | GJ17: 974 | GK17: 974 | GL17: 974 | GM17: 974 | GN17: 974 | GO17: 974 | GP17: 975 | GQ17: 975 | GR17: 975 | GS17: 975 | GT17: 975 | GU17: 879 | GV17: 976 | GW17: 976 | GX17: 976 | GY17: 976 | GZ17: 976 | HA17: 976 | HB17: 976 | HC17: 977 | HD17: 977 | HE17: 977 | HF17: 977 | HG17: 977 | HH17: 977 | HI17: 977 | HJ17: 977 | HK17: 977 | HL17: 977 | HM17: 977 | HN17: 977 | HO17: 977 | HP17: 977 | HQ17: 978 | HR17: 978 | HS17: 978 | HT17: 978 | HU17: 978 | HV17: 978 | HW17: 978 | HX17: 978 | HY17: 978 | HZ17: 979 | IA17: 979 | IB17: 979 | IC17: 979 | ID17: 979 | IE17: 979 | IF17: 979 | IG17: 979 | IH17: 979 | II17: 979 | IJ17: 979 | IK17: 980 | IL17: 980 | IM17: 980 | IN17: 980 | IO17: 980 | IP17: 980 | IQ17: 980 | IR17: 981 | IS17: 981 | IT17: 981 | IU17: 981 | IV17: 981 | IW17: 981 | IX17: 982 | IY17: 982 | IZ17: 982 | JA17: 982 | JB17: 982 | JC17: 982 | JD17: 982 | JE17: 982 | JF17: 982 | JG17: 982 | JH17: 982 | JI17: 983 | JJ17: 983 | JK17: 983 | JL17: 983 | JM17: 983 | JN17: 983 | JO17: 983 | JP17: 983 | JQ17: 983 | JR17: 983 | JS17: 984 | JT17: 984 | JU17: 984 | JV17: 984 | JW17: 984 | JX17: 984 | JY17: 984 | JZ17: 984 | KA17: 985 | KB17: 985 | KC17: 985 | KD17: 985 | KE17: 985 | KF17: 985 | KG17: 985 | KH17: 985 | KI17: 985 | KJ17: 986 | KK17: 986 | KL17: 986 | KM17: 986 | KN17: 986 | KO17: 986 | KP17: 986 | KQ17: 986 | KR17: 987 | KS17: 987 | KT17: 987 | KU17: 987 | KV17: 987 | KW17: 987 | KX17: 987 | KY17: 987 | KZ17: 987 | LA17: 987 | LB17: 987 | LC17: 988 | LD17: 988 | LE17: 988 | LF17: 988 | LG17: 988 | LH17: 989 | LI17: 989 | LJ17: 989 | LK17: 989 | LL17: 989 | LM17: 989 | LN17: 990 | LO17: 990 | LP17: 990 | LQ17: 990 | LR17: 990 | LS17: 990 | LT17: 990 | LU17: 990 | LV17: 990 | LW17: 990 | LX17: 991 | LY17: 991 | LZ17: 991 | MA17: 992 | MB17: 992 | MC17: 992 | MD17: 992 | ME17: 992 | MF17: 992 | MG17: 992 | MH17: 993 | MI17: 993 | MJ17: 993 | MK17: 993 | ML17: 993 | MM17: 994 | MN17: 994 | MO17: 994 | MP17: 994 | MQ17: 994 | MR17: 994 | MS17: 994 | MT17: 994 | MU17: 994 | MV17: 994 | MW17: 995 | MX17: 995 | MY17: 995 | MZ17: 995 | NA17: 995 | NB17: 995 | NC17: 995 | ND17: 996 | NE17: 996 | NF17: 996 | NG17: 996 | NH17: 996 | NI17: 996 | NJ17: 997 | NK17: 997 | NL17: 997 | NM17: 997 | NN17: 997 | NO17: 998 | NP17: 998 | NQ17: 998 | NR17: 998 | NS17: 998 | NT17: 999 | NU17: 999 | NV17: 999 | NW17: 999 | NX17: 999 | NY17: 999 | NZ17: 999 | OA17: 999 | OB17: 1000 | OC17: 1000 | OD17: 1000 | OE17: 1000 | OF17: 1001 | OG17: 1001 | OH17: 1001 | OI17: 1001 | OJ17: 1001 | OK17: 1002 | OL17: 1002 | OM17: 1002 | ON17: 1002 | OO17: 1003 | OP17: 1003 | OQ17: 1003 | OR17: 1003 | OS17: 1004 | OT17: 1004 | OU17: 1005 | OV17: 1005 | OW17: 1005 | OX17: 1006 | OY17: 1007 | OZ17: 1007 | PA17: 1007 | PB17: 1008 | PC17: 1012 | PD17: 1012 | PE17: 1013 | PF17: 1014 | PG17: 1015 | PH17: 1015 | PI17: 1019 | PJ17: 1019
B18: SD_OTHER | C18: 162 | D18: 0.0004 | E18: SD | N18: Total Die | O18: 1088 | P18: 1088 | Q18: 1088 | R18: 1088 | S18: 1088 | T18: 1088 | U18: 1088 | V18: 1088 | W18: 1088 | X18: 1088 | Y18: 1088 | Z18: 1088 | AA18: 1088 | AB18: 1088 | AC18: 1088 | AD18: 1088 | AE18: 1087 | AF18: 1088 | AG18: 1088 | AH18: 1088 | AI18: 1088 | AJ18: 1088 | AK18: 1088 | AL18: 1088 | AM18: 1088 | AN18: 1088 | AO18: 1088 | AP18: 1088 | AQ18: 1088 | AR18: 1088 | AS18: 1088 | AT18: 1088 | AU18: 1088 | AV18: 1088 | AW18: 1088 | AX18: 1088 | AY18: 1088 | AZ18: 1088 | BA18: 1088 | BB18: 1088 | BC18: 1088 | BD18: 1088 | BE18: 1088 | BF18: 1088 | BG18: 1088 | BH18: 1088 | BI18: 1088 | BJ18: 1088 | BK18: 1088 | BL18: 1088 | BM18: 1088 | BN18: 1088 | BO18: 1088 | BP18: 1088 | BQ18: 1088 | BR18: 1088 | BS18: 1088 | BT18: 1088 | BU18: 1088 | BV18: 1088 | BW18: 1088 | BX18: 1088 | BY18: 1088 | BZ18: 1088 | CA18: 1088 | CB18: 1088 | CC18: 1088 | CD18: 1088 | CE18: 1088 | CF18: 1088 | CG18: 1088 | CH18: 1088 | CI18: 1088 | CJ18: 1088 | CK18: 1088 | CL18: 1088 | CM18: 1088 | CN18: 1088 | CO18: 1088 | CP18: 1088 | CQ18: 1088 | CR18: 1088 | CS18: 1088 | CT18: 1088 | CU18: 1088 | CV18: 1088 | CW18: 1088 | CX18: 1088 | CY18: 1088 | CZ18: 1088 | DA18: 1088 | DB18: 1088 | DC18: 1088 | DD18: 1088 | DE18: 1088 | DF18: 1088 | DG18: 1088 | DH18: 1088 | DI18: 1088 | DJ18: 1088 | DK18: 1088 | DL18: 1088 | DM18: 1088 | DN18: 1088 | DO18: 1088 | DP18: 1088 | DQ18: 1088 | DR18: 1088 | DS18: 1088 | DT18: 1088 | DU18: 1088 | DV18: 1088 | DW18: 1088 | DX18: 1088 | DY18: 1088 | DZ18: 1088 | EA18: 1088 | EB18: 1088 | EC18: 1088 | ED18: 1088 | EE18: 1088 | EF18: 1088 | EG18: 1088 | EH18: 1088 | EI18: 1088 | EJ18: 1088 | EK18: 1088 | EL18: 1088 | EM18: 1088 | EN18: 1088 | EO18: 1088 | EP18: 1088 | EQ18: 1088 | ER18: 1088 | ES18: 1088 | ET18: 1088 | EU18: 1088 | EV18: 1088 | EW18: 1088 | EX18: 1088 | EY18: 1088 | EZ18: 1088 | FA18: 1088 | FB18: 1088 | FC18: 1088 | FD18: 1088 | FE18: 1088 | FF18: 1088 | FG18: 1088 | FH18: 1088 | FI18: 1088 | FJ18: 1088 | FK18: 1088 | FL18: 1088 | FM18: 1088 | FN18: 1088 | FO18: 1088 | FP18: 1088 | FQ18: 1088 | FR18: 1088 | FS18: 1088 | FT18: 1088 | FU18: 1088 | FV18: 1088 | FW18: 1088 | FX18: 1088 | FY18: 1088 | FZ18: 1088 | GA18: 1088 | GB18: 1088 | GC18: 1088 | GD18: 1088 | GE18: 1088 | GF18: 1088 | GG18: 1088 | GH18: 1088 | GI18: 1088 | GJ18: 1088 | GK18: 1088 | GL18: 1088 | GM18: 1088 | GN18: 1088 | GO18: 1088 | GP18: 1088 | GQ18: 1088 | GR18: 1088 | GS18: 1088 | GT18: 1088 | GU18: 980 | GV18: 1088 | GW18: 1088 | GX18: 1088 | GY18: 1088 | GZ18: 1088 | HA18: 1088 | HB18: 1088 | HC18: 1088 | HD18: 1088 | HE18: 1088 | HF18: 1088 | HG18: 1088 | HH18: 1088 | HI18: 1088 | HJ18: 1088 | HK18: 1088 | HL18: 1088 | HM18: 1088 | HN18: 1088 | HO18: 1088 | HP18: 1088 | HQ18: 1088 | HR18: 1088 | HS18: 1088 | HT18: 1088 | HU18: 1088 | HV18: 1088 | HW18: 1088 | HX18: 1088 | HY18: 1088 | HZ18: 1088 | IA18: 1088 | IB18: 1088 | IC18: 1088 | ID18: 1088 | IE18: 1088 | IF18: 1088 | IG18: 1088 | IH18: 1088 | II18: 1088 | IJ18: 1088 | IK18: 1088 | IL18: 1088 | IM18: 1088 | IN18: 1088 | IO18: 1088 | IP18: 1088 | IQ18: 1088 | IR18: 1088 | IS18: 1088 | IT18: 1088 | IU18: 1088 | IV18: 1088 | IW18: 1088 | IX18: 1088 | IY18: 1088 | IZ18: 1088 | JA18: 1088 | JB18: 1088 | JC18: 1088 | JD18: 1088 | JE18: 1088 | JF18: 1088 | JG18: 1088 | JH18: 1088 | JI18: 1088 | JJ18: 1088 | JK18: 1088 | JL18: 1088 | JM18: 1088 | JN18: 1088 | JO18: 1088 | JP18: 1088 | JQ18: 1088 | JR18: 1088 | JS18: 1088 | JT18: 1088 | JU18: 1088 | JV18: 1088 | JW18: 1088 | JX18: 1088 | JY18: 1088 | JZ18: 1088 | KA18: 1088 | KB18: 1088 | KC18: 1088 | KD18: 1088 | KE18: 1088 | KF18: 1088 | KG18: 1088 | KH18: 1088 | KI18: 1088 | KJ18: 1088 | KK18: 1088 | KL18: 1088 | KM18: 1088 | KN18: 1088 | KO18: 1088 | KP18: 1088 | KQ18: 1088 | KR18: 1088 | KS18: 1088 | KT18: 1088 | KU18: 1088 | KV18: 1088 | KW18: 1088 | KX18: 1088 | KY18: 1088 | KZ18: 1088 | LA18: 1088 | LB18: 1088 | LC18: 1088 | LD18: 1088 | LE18: 1088 | LF18: 1088 | LG18: 1088 | LH18: 1088 | LI18: 1088 | LJ18: 1088 | LK18: 1088 | LL18: 1088 | LM18: 1088 | LN18: 1088 | LO18: 1088 | LP18: 1088 | LQ18: 1088 | LR18: 1088 | LS18: 1088 | LT18: 1088 | LU18: 1088 | LV18: 1088 | LW18: 1088 | LX18: 1088 | LY18: 1088 | LZ18: 1088 | MA18: 1088 | MB18: 1088 | MC18: 1088 | MD18: 1088 | ME18: 1088 | MF18: 1088 | MG18: 1088 | MH18: 1088 | MI18: 1088 | MJ18: 1088 | MK18: 1088 | ML18: 1088 | MM18: 1088 | MN18: 1088 | MO18: 1088 | MP18: 1088 | MQ18: 1088 | MR18: 1088 | MS18: 1088 | MT18: 1088 | MU18: 1088 | MV18: 1088 | MW18: 1088 | MX18: 1088 | MY18: 1088 | MZ18: 1088 | NA18: 1088 | NB18: 1088 | NC18: 1088 | ND18: 1088 | NE18: 1088 | NF18: 1088 | NG18: 1088 | NH18: 1088 | NI18: 1088 | NJ18: 1088 | NK18: 1088 | NL18: 1088 | NM18: 1088 | NN18: 1088 | NO18: 1088 | NP18: 1088 | NQ18: 1088 | NR18: 1088 | NS18: 1088 | NT18: 1088 | NU18: 1088 | NV18: 1088 | NW18: 1088 | NX18: 1088 | NY18: 1088 | NZ18: 1088 | OA18: 1088 | OB18: 1088 | OC18: 1088 | OD18: 1088 | OE18: 1088 | OF18: 1088 | OG18: 1088 | OH18: 1088 | OI18: 1088 | OJ18: 1088 | OK18: 1088 | OL18: 1088 | OM18: 1088 | ON18: 1088 | OO18: 1088 | OP18: 1088 | OQ18: 1088 | OR18: 1088 | OS18: 1088 | OT18: 1088 | OU18: 1088 | OV18: 1088 | OW18: 1088 | OX18: 1088 | OY18: 1088 | OZ18: 1088 | PA18: 1088 | PB18: 1088 | PC18: 1088 | PD18: 1088 | PE18: 1088 | PF18: 1088 | PG18: 1088 | PH18: 1088 | PI18: 1088 | PJ18: 1088
B19: PLL | C19: 184 | D19: 0.0004 | E19: SD | I19: PASS BIN | M19: 0.89940766 | N19: 1.7988153 | O19: 0.78860294 | P19: 0.80698529 | Q19: 0.81801471 | R19: 0.82996324 | S19: 0.83547794 | T19: 0.83823529 | U19: 0.84007353 | V19: 0.84283088 | W19: 0.84834559 | X19: 0.85018382 | Y19: 0.85018382 | Z19: 0.85018382 | AA19: 0.85202206 | AB19: 0.85477941 | AC19: 0.85661765 | AD19: 0.85661765 | AE19: 0.8574057 | AF19: 0.85753676 | AG19: 0.85753676 | AH19: 0.86121324 | AI19: 0.86121324 | AJ19: 0.86488971 | AK19: 0.86580882 | AL19: 0.86580882 | AM19: 0.86672794 | AN19: 0.86764706 | AO19: 0.86764706 | AP19: 0.86856618 | AQ19: 0.86856618 | AR19: 0.86856618 | AS19: 0.86856618 | AT19: 0.87040441 | AU19: 0.87040441 | AV19: 0.87040441 | AW19: 0.87132353 | AX19: 0.87132353 | AY19: 0.87132353 | AZ19: 0.87224265 | BA19: 0.87224265 | BB19: 0.87224265 | BC19: 0.87224265 | BD19: 0.87224265 | BE19: 0.87224265 | BF19: 0.87224265 | BG19: 0.87316176 | BH19: 0.87316176 | BI19: 0.87316176 | BJ19: 0.875 | BK19: 0.875 | BL19: 0.875 | BM19: 0.87591912 | BN19: 0.87591912 | BO19: 0.87591912 | BP19: 0.87591912 | BQ19: 0.87591912 | BR19: 0.87683824 | BS19: 0.87683824 | BT19: 0.87683824 | BU19: 0.87683824 | BV19: 0.87683824 | BW19: 0.87683824 | BX19: 0.87683824 | BY19: 0.87683824 | BZ19: 0.87775735 | CA19: 0.87867647 | CB19: 0.87867647 | CC19: 0.87867647 | CD19: 0.87867647 | CE19: 0.87959559 | CF19: 0.87959559 | CG19: 0.87959559 | CH19: 0.87959559 | CI19: 0.87959559 | CJ19: 0.88051471 | CK19: 0.88143382 | CL19: 0.88143382 | CM19: 0.88143382 | CN19: 0.88235294 | CO19: 0.88235294 | CP19: 0.88235294 | CQ19: 0.88235294 | CR19: 0.88235294 | CS19: 0.88235294 | CT19: 0.88327206 | CU19: 0.88327206 | CV19: 0.88327206 | CW19: 0.88419118 | CX19: 0.88419118 | CY19: 0.88419118 | CZ19: 0.88419118 | DA19: 0.88419118 | DB19: 0.88419118 | DC19: 0.88511029 | DD19: 0.88511029 | DE19: 0.88511029 | DF19: 0.88511029 | DG19: 0.88511029 | DH19: 0.88602941 | DI19: 0.88602941 | DJ19: 0.88602941 | DK19: 0.88602941 | DL19: 0.88602941 | DM19: 0.88602941 | DN19: 0.88694853 | DO19: 0.88694853 | DP19: 0.88694853 | DQ19: 0.88694853 | DR19: 0.88694853 | DS19: 0.88694853 | DT19: 0.88786765 | DU19: 0.88786765 | DV19: 0.88786765 | DW19: 0.88786765 | DX19: 0.88786765 | DY19: 0.88786765 | DZ19: 0.88786765 | EA19: 0.88786765 | EB19: 0.88878676 | EC19: 0.88878676 | ED19: 0.88878676 | EE19: 0.88878676 | EF19: 0.88878676 | EG19: 0.88878676 | EH19: 0.88878676 | EI19: 0.88878676 | EJ19: 0.88878676 | EK19: 0.88878676 | EL19: 0.88970588 | EM19: 0.88970588 | EN19: 0.88970588 | EO19: 0.88970588 | EP19: 0.88970588 | EQ19: 0.88970588 | ER19: 0.88970588 | ES19: 0.88970588 | ET19: 0.890625 | EU19: 0.890625 | EV19: 0.890625 | EW19: 0.890625 | EX19: 0.890625 | EY19: 0.890625 | EZ19: 0.890625 | FA19: 0.890625 | FB19: 0.890625 | FC19: 0.890625 | FD19: 0.890625 | FE19: 0.890625 | FF19: 0.89154412 | FG19: 0.89154412 | FH19: 0.89154412 | FI19: 0.89154412 | FJ19: 0.89154412 | FK19: 0.89154412 | FL19: 0.89154412 | FM19: 0.89246324 | FN19: 0.89246324 | FO19: 0.89246324 | FP19: 0.89246324 | FQ19: 0.89246324 | FR19: 0.89246324 | FS19: 0.89338235 | FT19: 0.89338235 | FU19: 0.89338235 | FV19: 0.89338235 | FW19: 0.89338235 | FX19: 0.89338235 | FY19: 0.89338235 | FZ19: 0.89338235 | GA19: 0.89430147 | GB19: 0.89430147 | GC19: 0.89430147 | GD19: 0.89430147 | GE19: 0.89430147 | GF19: 0.89430147 | GG19: 0.89430147 | GH19: 0.89430147 | GI19: 0.89522059 | GJ19: 0.89522059 | GK19: 0.89522059 | GL19: 0.89522059 | GM19: 0.89522059 | GN19: 0.89522059 | GO19: 0.89522059 | GP19: 0.89613971 | GQ19: 0.89613971 | GR19: 0.89613971 | GS19: 0.89613971 | GT19: 0.89613971 | GU19: 0.89693878 | GV19: 0.89705882 | GW19: 0.89705882 | GX19: 0.89705882 | GY19: 0.89705882 | GZ19: 0.89705882 | HA19: 0.89705882 | HB19: 0.89705882 | HC19: 0.89797794 | HD19: 0.89797794 | HE19: 0.89797794 | HF19: 0.89797794 | HG19: 0.89797794 | HH19: 0.89797794 | HI19: 0.89797794 | HJ19: 0.89797794 | HK19: 0.89797794 | HL19: 0.89797794 | HM19: 0.89797794 | HN19: 0.89797794 | HO19: 0.89797794 | HP19: 0.89797794 | HQ19: 0.89889706 | HR19: 0.89889706 | HS19: 0.89889706 | HT19: 0.89889706 | HU19: 0.89889706 | HV19: 0.89889706 | HW19: 0.89889706 | HX19: 0.89889706 | HY19: 0.89889706 | HZ19: 0.89981618 | IA19: 0.89981618 | IB19: 0.89981618 | IC19: 0.89981618 | ID19: 0.89981618 | IE19: 0.89981618 | IF19: 0.89981618 | IG19: 0.89981618 | IH19: 0.89981618 | II19: 0.89981618 | IJ19: 0.89981618 | IK19: 0.90073529 | IL19: 0.90073529 | IM19: 0.90073529 | IN19: 0.90073529 | IO19: 0.90073529 | IP19: 0.90073529 | IQ19: 0.90073529 | IR19: 0.90165441 | IS19: 0.90165441 | IT19: 0.90165441 | IU19: 0.90165441 | IV19: 0.90165441 | IW19: 0.90165441 | IX19: 0.90257353 | IY19: 0.90257353 | IZ19: 0.90257353 | JA19: 0.90257353 | JB19: 0.90257353 | JC19: 0.90257353 | JD19: 0.90257353 | JE19: 0.90257353 | JF19: 0.90257353 | JG19: 0.90257353 | JH19: 0.90257353 | JI19: 0.90349265 | JJ19: 0.90349265 | JK19: 0.90349265 | JL19: 0.90349265 | JM19: 0.90349265 | JN19: 0.90349265 | JO19: 0.90349265 | JP19: 0.90349265 | JQ19: 0.90349265 | JR19: 0.90349265 | JS19: 0.90441176 | JT19: 0.90441176 | JU19: 0.90441176 | JV19: 0.90441176 | JW19: 0.90441176 | JX19: 0.90441176 | JY19: 0.90441176 | JZ19: 0.90441176 | KA19: 0.90533088 | KB19: 0.90533088 | KC19: 0.90533088 | KD19: 0.90533088 | KE19: 0.90533088 | KF19: 0.90533088 | KG19: 0.90533088 | KH19: 0.90533088 | KI19: 0.90533088 | KJ19: 0.90625 | KK19: 0.90625 | KL19: 0.90625 | KM19: 0.90625 | KN19: 0.90625 | KO19: 0.90625 | KP19: 0.90625 | KQ19: 0.90625 | KR19: 0.90716912 | KS19: 0.90716912 | KT19: 0.90716912 | KU19: 0.90716912 | KV19: 0.90716912 | KW19: 0.90716912 | KX19: 0.90716912 | KY19: 0.90716912 | KZ19: 0.90716912 | LA19: 0.90716912 | LB19: 0.90716912 | LC19: 0.90808824 | LD19: 0.90808824 | LE19: 0.90808824 | LF19: 0.90808824 | LG19: 0.90808824 | LH19: 0.90900735 | LI19: 0.90900735 | LJ19: 0.90900735 | LK19: 0.90900735 | LL19: 0.90900735 | LM19: 0.90900735 | LN19: 0.90992647 | LO19: 0.90992647 | LP19: 0.90992647 | LQ19: 0.90992647 | LR19: 0.90992647 | LS19: 0.90992647 | LT19: 0.90992647 | LU19: 0.90992647 | LV19: 0.90992647 | LW19: 0.90992647 | LX19: 0.91084559 | LY19: 0.91084559 | LZ19: 0.91084559 | MA19: 0.91176471 | MB19: 0.91176471 | MC19: 0.91176471 | MD19: 0.91176471 | ME19: 0.91176471 | MF19: 0.91176471 | MG19: 0.91176471 | MH19: 0.91268382 | MI19: 0.91268382 | MJ19: 0.91268382 | MK19: 0.91268382 | ML19: 0.91268382 | MM19: 0.91360294 | MN19: 0.91360294 | MO19: 0.91360294 | MP19: 0.91360294 | MQ19: 0.91360294 | MR19: 0.91360294 | MS19: 0.91360294 | MT19: 0.91360294 | MU19: 0.91360294 | MV19: 0.91360294 | MW19: 0.91452206 | MX19: 0.91452206 | MY19: 0.91452206 | MZ19: 0.91452206 | NA19: 0.91452206 | NB19: 0.91452206 | NC19: 0.91452206 | ND19: 0.91544118 | NE19: 0.91544118 | NF19: 0.91544118 | NG19: 0.91544118 | NH19: 0.91544118 | NI19: 0.91544118 | NJ19: 0.91636029 | NK19: 0.91636029 | NL19: 0.91636029 | NM19: 0.91636029 | NN19: 0.91636029 | NO19: 0.91727941 | NP19: 0.91727941 | NQ19: 0.91727941 | NR19: 0.91727941 | NS19: 0.91727941 | NT19: 0.91819853 | NU19: 0.91819853 | NV19: 0.91819853 | NW19: 0.91819853 | NX19: 0.91819853 | NY19: 0.91819853 | NZ19: 0.91819853 | OA19: 0.91819853 | OB19: 0.91911765 | OC19: 0.91911765 | OD19: 0.91911765 | OE19: 0.91911765 | OF19: 0.92003676 | OG19: 0.92003676 | OH19: 0.92003676 | OI19: 0.92003676 | OJ19: 0.92003676 | OK19: 0.92095588 | OL19: 0.92095588 | OM19: 0.92095588 | ON19: 0.92095588 | OO19: 0.921875 | OP19: 0.921875 | OQ19: 0.921875 | OR19: 0.921875 | OS19: 0.92279412 | OT19: 0.92279412 | OU19: 0.92371324 | OV19: 0.92371324 | OW19: 0.92371324 | OX19: 0.92463235 | OY19: 0.92555147 | OZ19: 0.92555147 | PA19: 0.92555147 | PB19: 0.92647059 | PC19: 0.93014706 | PD19: 0.93014706 | PE19: 0.93106618 | PF19: 0.93198529 | PG19: 0.93290441 | PH19: 0.93290441 | PI19: 0.93658088 | PJ19: 0.93658088
B20: LDO | C20: 22 | D20: 0 | E20: SD | I20: OTHER | M20: 0.00098923 | N20: 0.00197846 | O20: 0.01011029 | P20: 0.00183824 | Q20: 0 | R20: 0.00275735 | S20: 0 | T20: 0 | U20: 0.00091912 | V20: 0 | W20: 0.00091912 | X20: 0.00275735 | Y20: 0.00275735 | Z20: 0 | AA20: 0.00091912 | AB20: 0.00091912 | AC20: 0.00183824 | AD20: 0 | AE20: 0 | AF20: 0.00275735 | AG20: 0.00183824 | AH20: 0.00183824 | AI20: 0.00183824 | AJ20: 0.00183824 | AK20: 0.00275735 | AL20: 0.00183824 | AM20: 0 | AN20: 0.00183824 | AO20: 0.00459559 | AP20: 0.00183824 | AQ20: 0 | AR20: 0.00091912 | AS20: 0.00091912 | AT20: 0.00091912 | AU20: 0.00275735 | AV20: 0 | AW20: 0.00459559 | AX20: 0.00091912 | AY20: 0.00091912 | AZ20: 0.00459559 | BA20: 0.00275735 | BB20: 0.00091912 | BC20: 0.00183824 | BD20: 0.00091912 | BE20: 0.00091912 | BF20: 0 | BG20: 0 | BH20: 0.00183824 | BI20: 0.00183824 | BJ20: 0.00091912 | BK20: 0 | BL20: 0.00091912 | BM20: 0 | BN20: 0.00367647 | BO20: 0 | BP20: 0.00091912 | BQ20: 0.00091912 | BR20: 0.00183824 | BS20: 0.00183824 | BT20: 0.00275735 | BU20: 0.00183824 | BV20: 0.00275735 | BW20: 0.00183824 | BX20: 0 | BY20: 0.00459559 | BZ20: 0.00275735 | CA20: 0.00091912 | CB20: 0 | CC20: 0.00091912 | CD20: 0.00091912 | CE20: 0.00091912 | CF20: 0.00091912 | CG20: 0.00091912 | CH20: 0 | CI20: 0 | CJ20: 0.00091912 | CK20: 0.00183824 | CL20: 0 | CM20: 0 | CN20: 0 | CO20: 0.00183824 | CP20: 0.00091912 | CQ20: 0.00091912 | CR20: 0 | CS20: 0.00183824 | CT20: 0.00183824 | CU20: 0.00091912 | CV20: 0 | CW20: 0.00183824 | CX20: 0.00091912 | CY20: 0.00275735 | CZ20: 0 | DA20: 0 | DB20: 0.00367647 | DC20: 0.00183824 | DD20: 0.00091912 | DE20: 0.00091912 | DF20: 0.00091912 | DG20: 0.00183824 | DH20: 0.00367647 | DI20: 0.00091912 | DJ20: 0 | DK20: 0.00183824 | DL20: 0.00091912 | DM20: 0.00275735 | DN20: 0 | DO20: 0.00183824 | DP20: 0 | DQ20: 0 | DR20: 0 | DS20: 0.00183824 | DT20: 0 | DU20: 0.00091912 | DV20: 0.00091912 | DW20: 0.00091912 | DX20: 0.00091912 | DY20: 0.00275735 | DZ20: 0.00091912 | EA20: 0.00091912 | EB20: 0.00091912 | EC20: 0.00091912 | ED20: 0 | EE20: 0.00091912 | EF20: 0.00183824 | EG20: 0.00275735 | EH20: 0 | EI20: 0.00275735 | EJ20: 0.00183824 | EK20: 0.00183824 | EL20: 0.00275735 | EM20: 0.00275735 | EN20: 0.00275735 | EO20: 0.00091912 | EP20: 0.00091912 | EQ20: 0.00275735 | ER20: 0.00275735 | ES20: 0.00091912 | ET20: 0.00091912 | EU20: 0.00091912 | EV20: 0 | EW20: 0.00459559 | EX20: 0 | EY20: 0.00183824 | EZ20: 0 | FA20: 0.00091912 | FB20: 0 | FC20: 0 | FD20: 0.00275735 | FE20: 0.00091912 | FF20: 0.00183824 | FG20: 0.00183824 | FH20: 0 | FI20: 0.00183824 | FJ20: 0.00183824 | FK20: 0.00183824 | FL20: 0.00367647 | FM20: 0 | FN20: 0.00183824 | FO20: 0.00091912 | FP20: 0 | FQ20: 0.00183824 | FR20: 0.00091912 | FS20: 0.00183824 | FT20: 0.00091912 | FU20: 0.00091912 | FV20: 0.00091912 | FW20: 0 | FX20: 0.00091912 | FY20: 0.00183824 | FZ20: 0.00091912 | GA20: 0.00091912 | GB20: 0.00091912 | GC20: 0 | GD20: 0.00091912 | GE20: 0.00183824 | GF20: 0 | GG20: 0.00275735 | GH20: 0.00183824 | GI20: 0.00091912 | GJ20: 0 | GK20: 0.00091912 | GL20: 0 | GM20: 0.00275735 | GN20: 0 | GO20: 0.00183824 | GP20: 0.00183824 | GQ20: 0 | GR20: 0.00091912 | GS20: 0 | GT20: 0.00091912 | GU20: 0.00102041 | GV20: 0 | GW20: 0.00367647 | GX20: 0 | GY20: 0.00183824 | GZ20: 0 | HA20: 0.00091912 | HB20: 0 | HC20: 0.00367647 | HD20: 0 | HE20: 0.00091912 | HF20: 0.00091912 | HG20: 0.00091912 | HH20: 0.00091912 | HI20: 0.00091912 | HJ20: 0 | HK20: 0 | HL20: 0.00091912 | HM20: 0.00183824 | HN20: 0.00091912 | HO20: 0.00091912 | HP20: 0.00183824 | HQ20: 0.00091912 | HR20: 0 | HS20: 0 | HT20: 0 | HU20: 0.00183824 | HV20: 0.00091912 | HW20: 0.00275735 | HX20: 0.00091912 | HY20: 0 | HZ20: 0.00091912 | IA20: 0.00183824 | IB20: 0 | IC20: 0.00091912 | ID20: 0.00183824 | IE20: 0.00091912 | IF20: 0 | IG20: 0.00183824 | IH20: 0.00275735 | II20: 0 | IJ20: 0.00091912 | IK20: 0.00183824 | IL20: 0.00275735 | IM20: 0.00183824 | IN20: 0 | IO20: 0.00183824 | IP20: 0.00091912 | IQ20: 0.00091912 | IR20: 0.00275735 | IS20: 0.00367647 | IT20: 0.00367647 | IU20: 0.00091912 | IV20: 0.00275735 | IW20: 0.00091912 | IX20: 0.00091912 | IY20: 0 | IZ20: 0.00275735 | JA20: 0.00183824 | JB20: 0 | JC20: 0.00183824 | JD20: 0.00183824 | JE20: 0.00091912 | JF20: 0.00183824 | JG20: 0 | JH20: 0.00275735 | JI20: 0.00183824 | JJ20: 0 | JK20: 0.00275735 | JL20: 0.00275735 | JM20: 0.00275735 | JN20: 0.00091912 | JO20: 0.00091912 | JP20: 0.00183824 | JQ20: 0 | JR20: 0.00183824 | JS20: 0.00183824 | JT20: 0 | JU20: 0.00275735 | JV20: 0.00091912 | JW20: 0 | JX20: 0 | JY20: 0 | JZ20: 0.00091912 | KA20: 0 | KB20: 0 | KC20: 0 | KD20: 0.00091912 | KE20: 0.00183824 | KF20: 0.00091912 | KG20: 0.00091912 | KH20: 0 | KI20: 0 | KJ20: 0.00091912 | KK20: 0.00091912 | KL20: 0.00183824 | KM20: 0.00091912 | KN20: 0.00091912 | KO20: 0.00091912 | KP20: 0.00275735 | KQ20: 0.00091912 | KR20: 0 | KS20: 0.00091912 | KT20: 0 | KU20: 0.00367647 | KV20: 0.00091912 | KW20: 0.00091912 | KX20: 0.00091912 | KY20: 0.00091912 | KZ20: 0.00091912 | LA20: 0.00367647 | LB20: 0.00091912 | LC20: 0.00091912 | LD20: 0.00367647 | LE20: 0.00091912 | LF20: 0.00183824 | LG20: 0 | LH20: 0.00183824 | LI20: 0 | LJ20: 0.00091912 | LK20: 0.00091912 | LL20: 0 | LM20: 0 | LN20: 0.00091912 | LO20: 0.00275735 | LP20: 0 | LQ20: 0.00183824 | LR20: 0.00275735 | LS20: 0.00183824 | LT20: 0 | LU20: 0.00183824 | LV20: 0 | LW20: 0.00091912 | LX20: 0.00091912 | LY20: 0 | LZ20: 0.00091912 | MA20: 0.00091912 | MB20: 0 | MC20: 0.00091912 | MD20: 0.00183824 | ME20: 0.00091912 | MF20: 0.00183824 | MG20: 0.00091912 | MH20: 0 | MI20: 0.00275735 | MJ20: 0.00091912 | MK20: 0 | ML20: 0.00091912 | MM20: 0 | MN20: 0 | MO20: 0.00091912 | MP20: 0.00091912 | MQ20: 0.00367647 | MR20: 0.00091912 | MS20: 0 | MT20: 0 | MU20: 0.00091912 | MV20: 0.00091912 | MW20: 0 | MX20: 0 | MY20: 0.00183824 | MZ20: 0.00275735 | NA20: 0.00183824 | NB20: 0.00183824 | NC20: 0 | ND20: 0 | NE20: 0 | NF20: 0 | NG20: 0.00183824 | NH20: 0.00183824 | NI20: 0.00091912 | NJ20: 0.00091912 | NK20: 0 | NL20: 0.00183824 | NM20: 0 | NN20: 0.00091912 | NO20: 0 | NP20: 0 | NQ20: 0.00367647 | NR20: 0 | NS20: 0 | NT20: 0.00183824 | NU20: 0.00091912 | NV20: 0.00091912 | NW20: 0.00183824 | NX20: 0 | NY20: 0.00091912 | NZ20: 0.00183824 | OA20: 0 | OB20: 0.00275735 | OC20: 0.00091912 | OD20: 0.00091912 | OE20: 0 | OF20: 0.00275735 | OG20: 0.00091912 | OH20: 0.00183824 | OI20: 0.00091912 | OJ20: 0.00091912 | OK20: 0 | OL20: 0.00091912 | OM20: 0.00091912 | ON20: 0 | OO20: 0.00183824 | OP20: 0.00183824 | OQ20: 0.00183824 | OR20: 0.00091912 | OS20: 0.00091912 | OT20: 0.00091912 | OU20: 0 | OV20: 0.00091912 | OW20: 0.00183824 | OX20: 0 | OY20: 0.00183824 | OZ20: 0.00091912 | PA20: 0 | PB20: 0 | PC20: 0 | PD20: 0.00091912 | PE20: 0.00275735 | PF20: 0.00091912 | PG20: 0 | PH20: 0 | PI20: 0.00091912 | PJ20: 0.00091912
B21: DDR | C21: 11 | D21: 0 | E21: SD | I21: OS | M21: 0.00322183 | N21: 0.00644366 | O21: 0.00459559 | P21: 0.00551471 | Q21: 0.00551471 | R21: 0.01102941 | S21: 0.00367647 | T21: 0.00551471 | U21: 0.00643382 | V21: 0.00367647 | W21: 0.01102941 | X21: 0.00275735 | Y21: 0.00643382 | Z21: 0.00459559 | AA21: 0.00459559 | AB21: 0.00367647 | AC21: 0.00091912 | AD21: 0.00551471 | AE21: 0.00367985 | AF21: 0.00275735 | AG21: 0.00735294 | AH21: 0.00275735 | AI21: 0.00367647 | AJ21: 0.00091912 | AK21: 0.00459559 | AL21: 0.00275735 | AM21: 0.00367647 | AN21: 0.00551471 | AO21: 0.00275735 | AP21: 0.00459559 | AQ21: 0.00275735 | AR21: 0.00643382 | AS21: 0.00183824 | AT21: 0.00275735 | AU21: 0.00551471 | AV21: 0.00551471 | AW21: 0.00275735 | AX21: 0.00827206 | AY21: 0.00643382 | AZ21: 0.00551471 | BA21: 0.00551471 | BB21: 0.00551471 | BC21: 0.00551471 | BD21: 0.00275735 | BE21: 0.00275735 | BF21: 0.00551471 | BG21: 0.00275735 | BH21: 0.00735294 | BI21: 0.00275735 | BJ21: 0.00183824 | BK21: 0.00459559 | BL21: 0.00183824 | BM21: 0.00919118 | BN21: 0.00367647 | BO21: 0.00459559 | BP21: 0.00183824 | BQ21: 0.00459559 | BR21: 0.00551471 | BS21: 0.00551471 | BT21: 0.00367647 | BU21: 0.00183824 | BV21: 0.00827206 | BW21: 0.00735294 | BX21: 0.00275735 | BY21: 0.00275735 | BZ21: 0.00275735 | CA21: 0.00275735 | CB21: 0.00459559 | CC21: 0.00643382 | CD21: 0.00643382 | CE21: 0.00091912 | CF21: 0 | CG21: 0.00367647 | CH21: 0 | CI21: 0.00735294 | CJ21: 0 | CK21: 0.00643382 | CL21: 0.01378676 | CM21: 0.00367647 | CN21: 0.00551471 | CO21: 0.00551471 | CP21: 0.00827206 | CQ21: 0.00459559 | CR21: 0.00091912 | CS21: 0.00367647 | CT21: 0.00459559 | CU21: 0.00275735 | CV21: 0.00367647 | CW21: 0.00551471 | CX21: 0.00459559 | CY21: 0.00275735 | CZ21: 0.00275735 | DA21: 0.00183824 | DB21: 0.00275735 | DC21: 0.00551471 | DD21: 0.00275735 | DE21: 0.00275735 | DF21: 0.00091912 | DG21: 0.00183824 | DH21: 0.00643382 | DI21: 0.00735294 | DJ21: 0.00551471 | DK21: 0.00367647 | DL21: 0.00827206 | DM21: 0.00275735 | DN21: 0.00183824 | DO21: 0.00367647 | DP21: 0.00275735 | DQ21: 0.00459559 | DR21: 0.00551471 | DS21: 0.00367647 | DT21: 0.00459559 | DU21: 0.00551471 | DV21: 0.00275735 | DW21: 0.00183824 | DX21: 0.00735294 | DY21: 0.00275735 | DZ21: 0.00275735 | EA21: 0.00367647 | EB21: 0.00183824 | EC21: 0.00275735 | ED21: 0.00183824 | EE21: 0.00275735 | EF21: 0.00643382 | EG21: 0.00551471 | EH21: 0.00735294 | EI21: 0.00275735 | EJ21: 0.00367647 | EK21: 0.00643382 | EL21: 0.00367647 | EM21: 0.00183824 | EN21: 0.00091912 | EO21: 0.00367647 | EP21: 0.00367647 | EQ21: 0.00643382 | ER21: 0.00919118 | ES21: 0.00367647 | ET21: 0.00367647 | EU21: 0.00643382 | EV21: 0.00551471 | EW21: 0.00275735 | EX21: 0.00367647 | EY21: 0.00183824 | EZ21: 0.01011029 | FA21: 0.00459559 | FB21: 0.00643382 | FC21: 0.00367647 | FD21: 0.00643382 | FE21: 0.00735294 | FF21: 0.00367647 | FG21: 0.00459559 | FH21: 0.00551471 | FI21: 0.00459559 | FJ21: 0.00275735 | FK21: 0.00183824 | FL21: 0.00091912 | FM21: 0.00183824 | FN21: 0.00275735 | FO21: 0.00551471 | FP21: 0.00275735 | FQ21: 0.00367647 | FR21: 0.00183824 | FS21: 0.00459559 | FT21: 0.00091912 | FU21: 0.00183824 | FV21: 0.00275735 | FW21: 0.00551471 | FX21: 0.00551471 | FY21: 0.00183824 | FZ21: 0.00459559 | GA21: 0.00459559 | GB21: 0.00275735 | GC21: 0.00183824 | GD21: 0.00367647 | GE21: 0.00643382 | GF21: 0.00551471 | GG21: 0.00183824 | GH21: 0.00459559 | GI21: 0.00919118 | GJ21: 0.00643382 | GK21: 0.00091912 | GL21: 0.00459559 | GM21: 0.00367647 | GN21: 0.00183824 | GO21: 0.00827206 | GP21: 0.00367647 | GQ21: 0.00275735 | GR21: 0.00183824 | GS21: 0.00091912 | GT21: 0.00275735 | GU21: 0.00102041 | GV21: 0.00367647 | GW21: 0.00643382 | GX21: 0.00275735 | GY21: 0.00551471 | GZ21: 0.00551471 | HA21: 0.00275735 | HB21: 0.00367647 | HC21: 0.00091912 | HD21: 0.00459559 | HE21: 0.00459559 | HF21: 0.01194853 | HG21: 0.00367647 | HH21: 0.00275735 | HI21: 0.00367647 | HJ21: 0.00275735 | HK21: 0.00459559 | HL21: 0.00275735 | HM21: 0.00183824 | HN21: 0.00183824 | HO21: 0.00827206 | HP21: 0.00275735 | HQ21: 0.00183824 | HR21: 0.00183824 | HS21: 0.00367647 | HT21: 0.00275735 | HU21: 0.00367647 | HV21: 0.00459559 | HW21: 0.00459559 | HX21: 0 | HY21: 0.00275735 | HZ21: 0.00275735 | IA21: 0.00275735 | IB21: 0.00275735 | IC21: 0.00091912 | ID21: 0.00091912 | IE21: 0.00367647 | IF21: 0.00275735 | IG21: 0.00459559 | IH21: 0.00091912 | II21: 0.00551471 | IJ21: 0.00183824 | IK21: 0.00551471 | IL21: 0.00919118 | IM21: 0.00643382 | IN21: 0.00183824 | IO21: 0.00459559 | IP21: 0.00643382 | IQ21: 0.00091912 | IR21: 0.00091912 | IS21: 0.00183824 | IT21: 0.00275735 | IU21: 0.00275735 | IV21: 0.00275735 | IW21: 0.00275735 | IX21: 0.00643382 | IY21: 0.00459559 | IZ21: 0.00183824 | JA21: 0.00183824 | JB21: 0.00367647 | JC21: 0.00275735 | JD21: 0.00551471 | JE21: 0.00183824 | JF21: 0.00367647 | JG21: 0.00643382 | JH21: 0.00275735 | JI21: 0.00275735 | JJ21: 0.00367647 | JK21: 0.00367647 | JL21: 0.00091912 | JM21: 0.00275735 | JN21: 0.00183824 | JO21: 0.00367647 | JP21: 0.00183824 | JQ21: 0.00367647 | JR21: 0.00459559 | JS21: 0.00183824 | JT21: 0.00459559 | JU21: 0.00367647 | JV21: 0.00367647 | JW21: 0.00183824 | JX21: 0.00643382 | JY21: 0.00551471 | JZ21: 0.00367647 | KA21: 0.00643382 | KB21: 0.00459559 | KC21: 0.00459559 | KD21: 0.00367647 | KE21: 0.00183824 | KF21: 0.00275735 | KG21: 0.00183824 | KH21: 0.00367647 | KI21: 0.00183824 | KJ21: 0.00459559 | KK21: 0.00459559 | KL21: 0.00551471 | KM21: 0.00183824 | KN21: 0.00367647 | KO21: 0.00735294 | KP21: 0.00275735 | KQ21: 0.00367647 | KR21: 0.00183824 | KS21: 0.00459559 | KT21: 0.00091912 | KU21: 0.00459559 | KV21: 0.00459559 | KW21: 0.00091912 | KX21: 0.00367647 | KY21: 0.00367647 | KZ21: 0.00643382 | LA21: 0.00183824 | LB21: 0.00459559 | LC21: 0.00367647 | LD21: 0.00367647 | LE21: 0.00827206 | LF21: 0.00367647 | LG21: 0.00275735 | LH21: 0.00275735 | LI21: 0.00091912 | LJ21: 0.00459559 | LK21: 0.00459559 | LL21: 0.00275735 | LM21: 0.00275735 | LN21: 0.00735294 | LO21: 0.00367647 | LP21: 0.00091912 | LQ21: 0.00183824 | LR21: 0.00091912 | LS21: 0.00183824 | LT21: 0.00367647 | LU21: 0.00275735 | LV21: 0.00367647 | LW21: 0.00551471 | LX21: 0.00275735 | LY21: 0.00275735 | LZ21: 0.00183824 | MA21: 0.00183824 | MB21: 0.00459559 | MC21: 0.00459559 | MD21: 0.00091912 | ME21: 0.00275735 | MF21: 0.00275735 | MG21: 0.00551471 | MH21: 0.00275735 | MI21: 0.00459559 | MJ21: 0.00275735 | MK21: 0.00643382 | ML21: 0.00091912 | MM21: 0.00275735 | MN21: 0.00275735 | MO21: 0.00183824 | MP21: 0.00367647 | MQ21: 0.00367647 | MR21: 0.00183824 | MS21: 0.00183824 | MT21: 0.00459559 | MU21: 0.00643382 | MV21: 0.00275735 | MW21: 0.00183824 | MX21: 0.00459559 | MY21: 0.00459559 | MZ21: 0.00183824 | NA21: 0.00275735 | NB21: 0.00275735 | NC21: 0.00367647 | ND21: 0.00459559 | NE21: 0.00183824 | NF21: 0.00275735 | NG21: 0 | NH21: 0.00459559 | NI21: 0.00275735 | NJ21: 0.00827206 | NK21: 0.00367647 | NL21: 0.00367647 | NM21: 0.00183824 | NN21: 0.00459559 | NO21: 0.00275735 | NP21: 0.00183824 | NQ21: 0.00367647 | NR21: 0.00275735 | NS21: 0.00275735 | NT21: 0.00091912 | NU21: 0.00275735 | NV21: 0.00275735 | NW21: 0.00183824 | NX21: 0.00367647 | NY21: 0.00459559 | NZ21: 0.00459559 | OA21: 0.00367647 | OB21: 0.00275735 | OC21: 0.00551471 | OD21: 0.00367647 | OE21: 0.00275735 | OF21: 0.00459559 | OG21: 0.00275735 | OH21: 0.00367647 | OI21: 0.00275735 | OJ21: 0.00275735 | OK21: 0.00551471 | OL21: 0.00183824 | OM21: 0.00275735 | ON21: 0 | OO21: 0.00091912 | OP21: 0.00367647 | OQ21: 0.00275735 | OR21: 0.00367647 | OS21: 0.00275735 | OT21: 0.00275735 | OU21: 0.00275735 | OV21: 0.00091912 | OW21: 0.00551471 | OX21: 0.00275735 | OY21: 0.00183824 | OZ21: 0.00183824 | PA21: 0.00275735 | PB21: 0 | PC21: 0.00091912 | PD21: 0.00459559 | PE21: 0.00091912 | PF21: 0.00091912 | PG21: 0.00275735 | PH21: 0.00091912 | PI21: 0.00091912 | PJ21: 0.00091912
B22: EARC | C22: 2 | D22: 0 | E22: SD | I22: HDMI | M22: 1.739e-05 | N22: 3.478e-05 | O22: 0 | P22: 0 | Q22: 0 | R22: 0 | S22: 0 | T22: 0 | U22: 0 | V22: 0 | W22: 0 | X22: 0 | Y22: 0 | Z22: 0 | AA22: 0 | AB22: 0 | AC22: 0 | AD22: 0 | AE22: 0 | AF22: 0 | AG22: 0 | AH22: 0 | AI22: 0 | AJ22: 0 | AK22: 0 | AL22: 0 | AM22: 0 | AN22: 0 | AO22: 0 | AP22: 0 | AQ22: 0 | AR22: 0 | AS22: 0 | AT22: 0 | AU22: 0 | AV22: 0 | AW22: 0 | AX22: 0 | AY22: 0 | AZ22: 0 | BA22: 0 | BB22: 0 | BC22: 0 | BD22: 0 | BE22: 0 | BF22: 0 | BG22: 0 | BH22: 0 | BI22: 0 | BJ22: 0 | BK22: 0 | BL22: 0 | BM22: 0 | BN22: 0 | BO22: 0 | BP22: 0 | BQ22: 0 | BR22: 0 | BS22: 0 | BT22: 0 | BU22: 0 | BV22: 0 | BW22: 0 | BX22: 0 | BY22: 0 | BZ22: 0 | CA22: 0 | CB22: 0 | CC22: 0 | CD22: 0 | CE22: 0 | CF22: 0 | CG22: 0 | CH22: 0 | CI22: 0 | CJ22: 0 | CK22: 0 | CL22: 0 | CM22: 0 | CN22: 0 | CO22: 0 | CP22: 0 | CQ22: 0 | CR22: 0 | CS22: 0 | CT22: 0 | CU22: 0 | CV22: 0 | CW22: 0 | CX22: 0 | CY22: 0.00091912 | CZ22: 0 | DA22: 0 | DB22: 0 | DC22: 0 | DD22: 0.00091912 | DE22: 0 | DF22: 0 | DG22: 0 | DH22: 0 | DI22: 0 | DJ22: 0 | DK22: 0 | DL22: 0 | DM22: 0.00091912 | DN22: 0 | DO22: 0 | DP22: 0 | DQ22: 0.00091912 | DR22: 0 | DS22: 0 | DT22: 0 | DU22: 0 | DV22: 0 | DW22: 0 | DX22: 0 | DY22: 0 | DZ22: 0 | EA22: 0 | EB22: 0 | EC22: 0 | ED22: 0 | EE22: 0 | EF22: 0 | EG22: 0 | EH22: 0 | EI22: 0 | EJ22: 0 | EK22: 0 | EL22: 0 | EM22: 0 | EN22: 0 | EO22: 0 | EP22: 0 | EQ22: 0 | ER22: 0 | ES22: 0 | ET22: 0 | EU22: 0 | EV22: 0 | EW22: 0 | EX22: 0 | EY22: 0 | EZ22: 0 | FA22: 0 | FB22: 0 | FC22: 0 | FD22: 0 | FE22: 0 | FF22: 0 | FG22: 0 | FH22: 0 | FI22: 0 | FJ22: 0 | FK22: 0 | FL22: 0 | FM22: 0 | FN22: 0 | FO22: 0 | FP22: 0 | FQ22: 0 | FR22: 0 | FS22: 0 | FT22: 0 | FU22: 0 | FV22: 0 | FW22: 0 | FX22: 0 | FY22: 0 | FZ22: 0.00091912 | GA22: 0 | GB22: 0 | GC22: 0 | GD22: 0 | GE22: 0 | GF22: 0 | GG22: 0 | GH22: 0 | GI22: 0 | GJ22: 0 | GK22: 0 | GL22: 0 | GM22: 0 | GN22: 0 | GO22: 0 | GP22: 0 | GQ22: 0 | GR22: 0 | GS22: 0 | GT22: 0 | GU22: 0 | GV22: 0 | GW22: 0 | GX22: 0 | GY22: 0 | GZ22: 0 | HA22: 0 | HB22: 0.00091912 | HC22: 0 | HD22: 0 | HE22: 0 | HF22: 0 | HG22: 0 | HH22: 0 | HI22: 0 | HJ22: 0 | HK22: 0 | HL22: 0 | HM22: 0 | HN22: 0 | HO22: 0 | HP22: 0 | HQ22: 0 | HR22: 0 | HS22: 0.00091912 | HT22: 0 | HU22: 0 | HV22: 0 | HW22: 0 | HX22: 0 | HY22: 0 | HZ22: 0 | IA22: 0 | IB22: 0 | IC22: 0 | ID22: 0 | IE22: 0 | IF22: 0 | IG22: 0 | IH22: 0.00091912 | II22: 0 | IJ22: 0 | IK22: 0 | IL22: 0 | IM22: 0 | IN22: 0 | IO22: 0 | IP22: 0 | IQ22: 0 | IR22: 0 | IS22: 0 | IT22: 0 | IU22: 0 | IV22: 0 | IW22: 0 | IX22: 0 | IY22: 0 | IZ22: 0 | JA22: 0 | JB22: 0 | JC22: 0 | JD22: 0 | JE22: 0 | JF22: 0 | JG22: 0 | JH22: 0 | JI22: 0 | JJ22: 0 | JK22: 0 | JL22: 0 | JM22: 0 | JN22: 0 | JO22: 0 | JP22: 0 | JQ22: 0 | JR22: 0 | JS22: 0 | JT22: 0 | JU22: 0 | JV22: 0 | JW22: 0 | JX22: 0 | JY22: 0 | JZ22: 0 | KA22: 0 | KB22: 0 | KC22: 0 | KD22: 0 | KE22: 0 | KF22: 0 | KG22: 0 | KH22: 0 | KI22: 0 | KJ22: 0 | KK22: 0 | KL22: 0 | KM22: 0 | KN22: 0 | KO22: 0 | KP22: 0 | KQ22: 0 | KR22: 0 | KS22: 0 | KT22: 0 | KU22: 0 | KV22: 0 | KW22: 0 | KX22: 0 | KY22: 0 | KZ22: 0 | LA22: 0 | LB22: 0 | LC22: 0 | LD22: 0 | LE22: 0 | LF22: 0 | LG22: 0 | LH22: 0 | LI22: 0 | LJ22: 0 | LK22: 0 | LL22: 0 | LM22: 0 | LN22: 0 | LO22: 0 | LP22: 0 | LQ22: 0 | LR22: 0 | LS22: 0 | LT22: 0 | LU22: 0 | LV22: 0 | LW22: 0 | LX22: 0 | LY22: 0 | LZ22: 0 | MA22: 0 | MB22: 0 | MC22: 0 | MD22: 0 | ME22: 0 | MF22: 0 | MG22: 0 | MH22: 0 | MI22: 0 | MJ22: 0 | MK22: 0 | ML22: 0 | MM22: 0 | MN22: 0 | MO22: 0 | MP22: 0 | MQ22: 0 | MR22: 0 | MS22: 0 | MT22: 0 | MU22: 0 | MV22: 0 | MW22: 0 | MX22: 0 | MY22: 0 | MZ22: 0 | NA22: 0 | NB22: 0 | NC22: 0 | ND22: 0 | NE22: 0 | NF22: 0 | NG22: 0 | NH22: 0 | NI22: 0 | NJ22: 0 | NK22: 0 | NL22: 0 | NM22: 0 | NN22: 0 | NO22: 0 | NP22: 0 | NQ22: 0 | NR22: 0 | NS22: 0 | NT22: 0 | NU22: 0 | NV22: 0 | NW22: 0 | NX22: 0 | NY22: 0 | NZ22: 0 | OA22: 0 | OB22: 0 | OC22: 0 | OD22: 0 | OE22: 0 | OF22: 0 | OG22: 0 | OH22: 0 | OI22: 0 | OJ22: 0 | OK22: 0 | OL22: 0 | OM22: 0 | ON22: 0 | OO22: 0 | OP22: 0 | OQ22: 0 | OR22: 0 | OS22: 0 | OT22: 0 | OU22: 0 | OV22: 0 | OW22: 0 | OX22: 0 | OY22: 0 | OZ22: 0 | PA22: 0 | PB22: 0 | PC22: 0 | PD22: 0 | PE22: 0 | PF22: 0 | PG22: 0 | PH22: 0 | PI22: 0 | PJ22: 0
B23: GPIO | C23: 116 | D23: 0.0003 | E23: SD | I23: SD_OTHER | M23: 0.00038852 | N23: 0.00077704 | O23: 0.00183824 | P23: 0 | Q23: 0 | R23: 0.00091912 | S23: 0 | T23: 0.00091912 | U23: 0.00091912 | V23: 0 | W23: 0 | X23: 0 | Y23: 0 | Z23: 0 | AA23: 0 | AB23: 0.00091912 | AC23: 0 | AD23: 0 | AE23: 0 | AF23: 0 | AG23: 0 | AH23: 0 | AI23: 0 | AJ23: 0 | AK23: 0 | AL23: 0.00091912 | AM23: 0 | AN23: 0 | AO23: 0 | AP23: 0 | AQ23: 0 | AR23: 0 | AS23: 0.00183824 | AT23: 0 | AU23: 0.00091912 | AV23: 0 | AW23: 0.00091912 | AX23: 0 | AY23: 0 | AZ23: 0 | BA23: 0.00091912 | BB23: 0.00183824 | BC23: 0 | BD23: 0.00091912 | BE23: 0.00091912 | BF23: 0.00091912 | BG23: 0 | BH23: 0.00091912 | BI23: 0.00091912 | BJ23: 0.00183824 | BK23: 0 | BL23: 0 | BM23: 0 | BN23: 0.00183824 | BO23: 0 | BP23: 0 | BQ23: 0.00183824 | BR23: 0.00091912 | BS23: 0 | BT23: 0 | BU23: 0 | BV23: 0 | BW23: 0.00183824 | BX23: 0.00091912 | BY23: 0 | BZ23: 0 | CA23: 0 | CB23: 0.00183824 | CC23: 0.00091912 | CD23: 0.00091912 | CE23: 0 | CF23: 0.00091912 | CG23: 0 | CH23: 0 | CI23: 0 | CJ23: 0 | CK23: 0 | CL23: 0.00091912 | CM23: 0 | CN23: 0.00183824 | CO23: 0 | CP23: 0 | CQ23: 0.00183824 | CR23: 0 | CS23: 0 | CT23: 0 | CU23: 0 | CV23: 0 | CW23: 0 | CX23: 0 | CY23: 0 | CZ23: 0.00091912 | DA23: 0 | DB23: 0 | DC23: 0.00183824 | DD23: 0 | DE23: 0 | DF23: 0.00091912 | DG23: 0 | DH23: 0 | DI23: 0 | DJ23: 0 | DK23: 0.00091912 | DL23: 0.00091912 | DM23: 0 | DN23: 0 | DO23: 0 | DP23: 0 | DQ23: 0 | DR23: 0 | DS23: 0 | DT23: 0 | DU23: 0 | DV23: 0.00091912 | DW23: 0.00091912 | DX23: 0 | DY23: 0 | DZ23: 0 | EA23: 0 | EB23: 0 | EC23: 0.00091912 | ED23: 0 | EE23: 0.00091912 | EF23: 0 | EG23: 0.00091912 | EH23: 0.00091912 | EI23: 0 | EJ23: 0.00183824 | EK23: 0 | EL23: 0.00091912 | EM23: 0.00091912 | EN23: 0 | EO23: 0 | EP23: 0 | EQ23: 0 | ER23: 0 | ES23: 0.00091912 | ET23: 0.00091912 | EU23: 0 | EV23: 0.00091912 | EW23: 0 | EX23: 0 | EY23: 0.00091912 | EZ23: 0 | FA23: 0.00091912 | FB23: 0 | FC23: 0 | FD23: 0 | FE23: 0 | FF23: 0.00091912 | FG23: 0.00091912 | FH23: 0 | FI23: 0 | FJ23: 0 | FK23: 0 | FL23: 0 | FM23: 0.00091912 | FN23: 0.00091912 | FO23: 0.00091912 | FP23: 0 | FQ23: 0 | FR23: 0 | FS23: 0 | FT23: 0.00091912 | FU23: 0.00091912 | FV23: 0 | FW23: 0 | FX23: 0.00091912 | FY23: 0.00091912 | FZ23: 0 | GA23: 0.00091912 | GB23: 0.00183824 | GC23: 0 | GD23: 0.00091912 | GE23: 0.00091912 | GF23: 0 | GG23: 0 | GH23: 0 | GI23: 0 | GJ23: 0 | GK23: 0 | GL23: 0 | GM23: 0 | GN23: 0 | GO23: 0.00459559 | GP23: 0 | GQ23: 0 | GR23: 0 | GS23: 0 | GT23: 0 | GU23: 0 | GV23: 0 | GW23: 0 | GX23: 0 | GY23: 0 | GZ23: 0.00091912 | HA23: 0.00091912 | HB23: 0 | HC23: 0.00183824 | HD23: 0 | HE23: 0 | HF23: 0 | HG23: 0.00183824 | HH23: 0.00091912 | HI23: 0 | HJ23: 0 | HK23: 0.00091912 | HL23: 0.00091912 | HM23: 0 | HN23: 0 | HO23: 0 | HP23: 0.00367647 | HQ23: 0 | HR23: 0 | HS23: 0 | HT23: 0 | HU23: 0 | HV23: 0 | HW23: 0.00091912 | HX23: 0.00091912 | HY23: 0 | HZ23: 0.00091912 | IA23: 0.00091912 | IB23: 0 | IC23: 0 | ID23: 0.00091912 | IE23: 0 | IF23: 0 | IG23: 0.00091912 | IH23: 0 | II23: 0 | IJ23: 0 | IK23: 0.00091912 | IL23: 0 | IM23: 0.00091912 | IN23: 0 | IO23: 0 | IP23: 0.00091912 | IQ23: 0 | IR23: 0 | IS23: 0 | IT23: 0 | IU23: 0 | IV23: 0.00091912 | IW23: 0 | IX23: 0.00183824 | IY23: 0 | IZ23: 0 | JA23: 0.00091912 | JB23: 0.00183824 | JC23: 0 | JD23: 0.00091912 | JE23: 0 | JF23: 0 | JG23: 0.00091912 | JH23: 0.00183824 | JI23: 0.00183824 | JJ23: 0 | JK23: 0.00183824 | JL23: 0 | JM23: 0 | JN23: 0 | JO23: 0 | JP23: 0 | JQ23: 0.00091912 | JR23: 0 | JS23: 0 | JT23: 0 | JU23: 0 | JV23: 0 | JW23: 0.00183824 | JX23: 0.00091912 | JY23: 0.00091912 | JZ23: 0 | KA23: 0 | KB23: 0 | KC23: 0 | KD23: 0.00183824 | KE23: 0.00091912 | KF23: 0 | KG23: 0.00091912 | KH23: 0 | KI23: 0 | KJ23: 0 | KK23: 0.00091912 | KL23: 0 | KM23: 0 | KN23: 0 | KO23: 0.00091912 | KP23: 0 | KQ23: 0.00091912 | KR23: 0.00275735 | KS23: 0 | KT23: 0 | KU23: 0 | KV23: 0.00091912 | KW23: 0 | KX23: 0 | KY23: 0 | KZ23: 0 | LA23: 0 | LB23: 0.00183824 | LC23: 0 | LD23: 0.00091912 | LE23: 0.00091912 | LF23: 0.00091912 | LG23: 0 | LH23: 0 | LI23: 0 | LJ23: 0 | LK23: 0 | LL23: 0 | LM23: 0.00183824 | LN23: 0.00091912 | LO23: 0 | LP23: 0 | LQ23: 0 | LR23: 0 | LS23: 0 | LT23: 0.00091912 | LU23: 0 | LV23: 0 | LW23: 0 | LX23: 0.00091912 | LY23: 0 | LZ23: 0 | MA23: 0 | MB23: 0 | MC23: 0 | MD23: 0 | ME23: 0 | MF23: 0 | MG23: 0.00091912 | MH23: 0.00091912 | MI23: 0.00091912 | MJ23: 0.00183824 | MK23: 0 | ML23: 0 | MM23: 0.00091912 | MN23: 0.00091912 | MO23: 0 | MP23: 0.00091912 | MQ23: 0 | MR23: 0 | MS23: 0 | MT23: 0 | MU23: 0 | MV23: 0 | MW23: 0 | MX23: 0 | MY23: 0 | MZ23: 0.00091912 | NA23: 0 | NB23: 0 | NC23: 0.00091912 | ND23: 0 | NE23: 0 | NF23: 0 | NG23: 0 | NH23: 0 | NI23: 0.00091912 | NJ23: 0 | NK23: 0.00091912 | NL23: 0 | NM23: 0.00091912 | NN23: 0 | NO23: 0.00091912 | NP23: 0.00091912 | NQ23: 0 | NR23: 0 | NS23: 0 | NT23: 0 | NU23: 0 | NV23: 0 | NW23: 0 | NX23: 0 | NY23: 0.00091912 | NZ23: 0 | OA23: 0 | OB23: 0.00091912 | OC23: 0 | OD23: 0.00091912 | OE23: 0 | OF23: 0 | OG23: 0 | OH23: 0 | OI23: 0 | OJ23: 0 | OK23: 0 | OL23: 0 | OM23: 0.00091912 | ON23: 0 | OO23: 0 | OP23: 0 | OQ23: 0 | OR23: 0 | OS23: 0 | OT23: 0 | OU23: 0 | OV23: 0 | OW23: 0.00091912 | OX23: 0 | OY23: 0 | OZ23: 0 | PA23: 0 | PB23: 0 | PC23: 0 | PD23: 0 | PE23: 0 | PF23: 0 | PG23: 0 | PH23: 0 | PI23: 0.00091912 | PJ23: 0
B24: PIF | C24: 50 | D24: 0.0001 | E24: SD | I24: PLL | M24: 0.00044135 | N24: 0.0008827 | O24: 0.00183824 | P24: 0.00183824 | Q24: 0.00091912 | R24: 0 | S24: 0 | T24: 0.00091912 | U24: 0.00091912 | V24: 0.00091912 | W24: 0 | X24: 0.00459559 | Y24: 0 | Z24: 0 | AA24: 0 | AB24: 0 | AC24: 0 | AD24: 0.00091912 | AE24: 0.00459982 | AF24: 0.00091912 | AG24: 0.00183824 | AH24: 0 | AI24: 0.00183824 | AJ24: 0 | AK24: 0.00275735 | AL24: 0.00091912 | AM24: 0 | AN24: 0 | AO24: 0 | AP24: 0 | AQ24: 0 | AR24: 0 | AS24: 0 | AT24: 0 | AU24: 0.00091912 | AV24: 0 | AW24: 0 | AX24: 0.00091912 | AY24: 0.00091912 | AZ24: 0 | BA24: 0 | BB24: 0.00091912 | BC24: 0.00275735 | BD24: 0 | BE24: 0 | BF24: 0.00183824 | BG24: 0.00091912 | BH24: 0.00091912 | BI24: 0 | BJ24: 0 | BK24: 0 | BL24: 0.00091912 | BM24: 0 | BN24: 0 | BO24: 0.00091912 | BP24: 0 | BQ24: 0 | BR24: 0.00091912 | BS24: 0 | BT24: 0.00275735 | BU24: 0.00643382 | BV24: 0.00459559 | BW24: 0.00091912 | BX24: 0 | BY24: 0.00183824 | BZ24: 0 | CA24: 0 | CB24: 0 | CC24: 0 | CD24: 0 | CE24: 0 | CF24: 0 | CG24: 0 | CH24: 0 | CI24: 0.00183824 | CJ24: 0 | CK24: 0.00091912 | CL24: 0 | CM24: 0 | CN24: 0 | CO24: 0 | CP24: 0.00091912 | CQ24: 0.00091912 | CR24: 0 | CS24: 0.00091912 | CT24: 0 | CU24: 0 | CV24: 0.00091912 | CW24: 0 | CX24: 0 | CY24: 0 | CZ24: 0.00459559 | DA24: 0 | DB24: 0 | DC24: 0 | DD24: 0 | DE24: 0.00091912 | DF24: 0 | DG24: 0 | DH24: 0 | DI24: 0 | DJ24: 0 | DK24: 0 | DL24: 0 | DM24: 0.00091912 | DN24: 0.00091912 | DO24: 0 | DP24: 0 | DQ24: 0 | DR24: 0 | DS24: 0 | DT24: 0 | DU24: 0 | DV24: 0 | DW24: 0.00091912 | DX24: 0 | DY24: 0 | DZ24: 0 | EA24: 0.00459559 | EB24: 0 | EC24: 0 | ED24: 0 | EE24: 0 | EF24: 0.00091912 | EG24: 0 | EH24: 0 | EI24: 0 | EJ24: 0 | EK24: 0 | EL24: 0 | EM24: 0 | EN24: 0 | EO24: 0.00091912 | EP24: 0 | EQ24: 0.00091912 | ER24: 0.00091912 | ES24: 0 | ET24: 0 | EU24: 0 | EV24: 0 | EW24: 0 | EX24: 0 | EY24: 0 | EZ24: 0 | FA24: 0.00091912 | FB24: 0.00091912 | FC24: 0 | FD24: 0 | FE24: 0 | FF24: 0 | FG24: 0 | FH24: 0 | FI24: 0 | FJ24: 0 | FK24: 0 | FL24: 0 | FM24: 0 | FN24: 0.00091912 | FO24: 0 | FP24: 0 | FQ24: 0 | FR24: 0.00091912 | FS24: 0.00091912 | FT24: 0 | FU24: 0 | FV24: 0 | FW24: 0 | FX24: 0 | FY24: 0 | FZ24: 0 | GA24: 0 | GB24: 0 | GC24: 0.00091912 | GD24: 0.00091912 | GE24: 0 | GF24: 0 | GG24: 0 | GH24: 0 | GI24: 0 | GJ24: 0 | GK24: 0 | GL24: 0 | GM24: 0 | GN24: 0.00091912 | GO24: 0 | GP24: 0 | GQ24: 0 | GR24: 0 | GS24: 0 | GT24: 0 | GU24: 0.00204082 | GV24: 0 | GW24: 0 | GX24: 0 | GY24: 0.00183824 | GZ24: 0 | HA24: 0 | HB24: 0.00183824 | HC24: 0 | HD24: 0 | HE24: 0 | HF24: 0 | HG24: 0 | HH24: 0 | HI24: 0.00091912 | HJ24: 0 | HK24: 0 | HL24: 0.00183824 | HM24: 0 | HN24: 0 | HO24: 0.00091912 | HP24: 0 | HQ24: 0 | HR24: 0.00275735 | HS24: 0.00091912 | HT24: 0 | HU24: 0.00367647 | HV24: 0.00091912 | HW24: 0 | HX24: 0.00091912 | HY24: 0 | HZ24: 0 | IA24: 0.00183824 | IB24: 0 | IC24: 0.00091912 | ID24: 0 | IE24: 0.00091912 | IF24: 0 | IG24: 0.00091912 | IH24: 0 | II24: 0 | IJ24: 0.00091912 | IK24: 0 | IL24: 0 | IM24: 0 | IN24: 0 | IO24: 0.00183824 | IP24: 0 | IQ24: 0.00091912 | IR24: 0.00091912 | IS24: 0 | IT24: 0 | IU24: 0 | IV24: 0 | IW24: 0 | IX24: 0 | IY24: 0 | IZ24: 0.00091912 | JA24: 0 | JB24: 0.00091912 | JC24: 0 | JD24: 0.00183824 | JE24: 0.00091912 | JF24: 0.00183824 | JG24: 0 | JH24: 0 | JI24: 0 | JJ24: 0.00183824 | JK24: 0.00091912 | JL24: 0 | JM24: 0 | JN24: 0.00091912 | JO24: 0 | JP24: 0 | JQ24: 0 | JR24: 0.00091912 | JS24: 0 | JT24: 0 | JU24: 0 | JV24: 0 | JW24: 0 | JX24: 0 | JY24: 0 | JZ24: 0 | KA24: 0 | KB24: 0 | KC24: 0 | KD24: 0.00091912 | KE24: 0 | KF24: 0 | KG24: 0 | KH24: 0 | KI24: 0 | KJ24: 0.00091912 | KK24: 0 | KL24: 0 | KM24: 0 | KN24: 0.00091912 | KO24: 0 | KP24: 0 | KQ24: 0.00091912 | KR24: 0.00183824 | KS24: 0.00091912 | KT24: 0.00183824 | KU24: 0 | KV24: 0.00091912 | KW24: 0.00091912 | KX24: 0 | KY24: 0 | KZ24: 0.00091912 | LA24: 0 | LB24: 0 | LC24: 0 | LD24: 0 | LE24: 0 | LF24: 0.00183824 | LG24: 0 | LH24: 0 | LI24: 0 | LJ24: 0 | LK24: 0 | LL24: 0 | LM24: 0.00275735 | LN24: 0 | LO24: 0.00091912 | LP24: 0 | LQ24: 0 | LR24: 0 | LS24: 0.00091912 | LT24: 0.00091912 | LU24: 0 | LV24: 0 | LW24: 0.00091912 | LX24: 0.00091912 | LY24: 0.00091912 | LZ24: 0.00091912 | MA24: 0.00183824 | MB24: 0 | MC24: 0 | MD24: 0.00091912 | ME24: 0 | MF24: 0 | MG24: 0 | MH24: 0 | MI24: 0.00183824 | MJ24: 0.00091912 | MK24: 0 | ML24: 0 | MM24: 0 | MN24: 0 | MO24: 0 | MP24: 0.00091912 | MQ24: 0.00183824 | MR24: 0 | MS24: 0.00091912 | MT24: 0 | MU24: 0 | MV24: 0 | MW24: 0 | MX24: 0.00091912 | MY24: 0 | MZ24: 0 | NA24: 0.00275735 | NB24: 0 | NC24: 0 | ND24: 0 | NE24: 0 | NF24: 0.00091912 | NG24: 0 | NH24: 0.00091912 | NI24: 0.00183824 | NJ24: 0 | NK24: 0 | NL24: 0 | NM24: 0 | NN24: 0 | NO24: 0 | NP24: 0 | NQ24: 0 | NR24: 0 | NS24: 0.00091912 | NT24: 0 | NU24: 0.00091912 | NV24: 0 | NW24: 0.00091912 | NX24: 0 | NY24: 0 | NZ24: 0 | OA24: 0 | OB24: 0 | OC24: 0.00091912 | OD24: 0 | OE24: 0 | OF24: 0 | OG24: 0 | OH24: 0 | OI24: 0 | OJ24: 0 | OK24: 0 | OL24: 0 | OM24: 0 | ON24: 0 | OO24: 0 | OP24: 0.00183824 | OQ24: 0 | OR24: 0.00091912 | OS24: 0 | OT24: 0 | OU24: 0 | OV24: 0 | OW24: 0 | OX24: 0 | OY24: 0 | OZ24: 0 | PA24: 0 | PB24: 0 | PC24: 0 | PD24: 0 | PE24: 0 | PF24: 0 | PG24: 0 | PH24: 0 | PI24: 0 | PJ24: 0
