Workbook

Sheet Summary_RTD
A1: 20250922~20250928 | B1: CP/FT | C1: Total IC | D1: Throughput | E1: Yield | G1: 20250922~20250928 | H1: CP/FT | I1: RTD No. | K1: Total IC | L1: Throughput | M1: Yield
A2: RL7032 Merlin8p | B2: CP | C2: 0 | D2: 0 | G2: RL7032 Merlin8p | H2: CP | I2: RL7032 | K2: 0 | L2: 0
A3: RL6982 Merlin9 | B3: CP | C3: 295935 | D3: 267118 | E3: 0.9026 | G3: RL6982 Merlin9 | H3: CP | I3: RL6982 | K3: 295935 | L3: 267118 | M3: 0.9026
B4: FT1 | C4: 193597 | D4: 192750 | E4: 0.9956 | H4: FT1 | I4: RTD2875QPA_TA01 | K4: 2661 | L4: 2632 | M4: 0.9891
A5: RL6963 Mac8q | B5: CP | C5: 125796 | D5: 114328 | E5: 0.9088 | I5: RTD2874MDA_TA01 | K5: 9643 | L5: 9600 | M5: 0.9955
B6: FT1 | C6: 101850 | D6: 101079 | E6: 0.9924 | I6: RTD2875QDA_HD_TA01 | K6: 95777 | L6: 95359 | M6: 0.9956
B7: FT2 | C7: 42266 | D7: 42257 | E7: 0.9998 | I7: RTD2875QDA_TA01 | K7: 83613 | L7: 83264 | M7: 0.9958
A8: RL6896 Dante | B8: CP | C8: 0 | D8: 0 | I8: RTD2875QPA_HD_TA01 | K8: 1903 | L8: 1895 | M8: 0.9958
B9: FT1 | C9: 5164 | D9: 5121 | E9: 0.9917 | G9: RL6963 Mac8q | H9: CP | I9: RL6963 | K9: 125796 | L9: 114328 | M9: 0.9088
A10: RL6866 Mac8p | B10: CP | C10: 0 | D10: 0 | H10: FT1 | I10: RTD2864FLV_TA01 | K10: 32765 | L10: 32510 | M10: 0.9922
A11: RL6856 Merlin8 | B11: CP | C11: 64752 | D11: 55618 | E11: 0.8589 | I11: RTD2851FCA_TA01 | K11: 8716 | L11: 8695 | M11: 0.9976
B12: FT1 | C12: 114820 | D12: 114308 | E12: 0.9955 | I12: RTD2841FLW_TA01 | K12: 60369 | L12: 59874 | M12: 0.9918
B13: FT2 | C13: 70225 | D13: 70122 | E13: 0.9985 | H13: FT2 | I13: RTD2841FLW_TA01 | K13: 36262 | L13: 36260 | M13: 0.9999
A14: RL6750 H5C2 | B14: CP | C14: 40050 | D14: 31586 | E14: 0.7887 | I14: RTD2816AWA_TA01 | K14: 6004 | L14: 5997 | M14: 0.9988
A15: RL6748 Merlin7 | B15: CP | C15: 69422 | D15: 60832 | E15: 0.8763 | G15: RL6896 Dante | H15: CP | I15: RL6896 | K15: 0 | L15: 0
B16: FT1 | C16: 155992 | D16: 155532 | E16: 0.9971 | H16: FT1 | I16: AXD2801VPF | K16: 1735 | L16: 1696 | M16: 0.9775
B17: FT2 | C17: 0 | D17: 0 | I17: AXD2801SPH | K17: 3429 | L17: 3425 | M17: 0.9988
A18: RL6746 MIO | B18: CP | C18: 0 | D18: 0 | G18: RL6866 Mac8p | H18: CP | I18: RL6866 | K18: 0 | L18: 0
A19: RL6708 Bridge | B19: CP | C19: 0 | D19: 0 | G19: RL6856 Merlin8 | H19: CP | I19: RL6856 | K19: 64752 | L19: 55618 | M19: 0.8589
B20: FT1 | C20: 0 | D20: 0 | H20: FT1 | I20: RTD2885PDM_FT1_TA01 | K20: 69291 | L20: 68928 | M20: 0.9948
A21: RL6681 ATSC3 | B21: CP | C21: 0 | D21: 0 | I21: RTD2886NSS_SC_FT1_TA01 | K21: 45529 | L21: 45380 | M21: 0.9967
B22: FT1 | C22: 0 | D22: 0 | H22: FT2 | I22: RTD2885PDM | K22: 12907 | L22: 12905 | M22: 0.9998
A23: RL6672 Merlin6 | B23: CP | C23: 0 | D23: 0 | I23: RTD2886NSP_SC_FT2_TA01 | K23: 57318 | L23: 57217 | M23: 0.9982
B24: FT1 | C24: 0 | D24: 0 | G24: RL6750 H5C2 | H24: CP | I24: RL6750 | K24: 40050 | L24: 31586 | M24: 0.7887
B25: FT2 | C25: 0 | D25: 0 | G25: RL6748 Merlin7 | H25: CP | I25: RL6748 | K25: 69422 | L25: 60832 | M25: 0.8763
A26: RL6641 Mac7p | B26: CP | C26: 140342 | D26: 124456 | E26: 0.8868 | H26: FT1 | I26: RTD2875PNJ_SND_TA01 | K26: 40904 | L26: 40892 | M26: 0.9997
B27: FT1 | C27: 0 | D27: 0 | I27: RTD2875NAA_SC_TA01 | K27: 8544 | L27: 8524 | M27: 0.9977
A28: RL6617 Merlin5 | B28: CP | C28: 0 | D28: 0 | I28: RTD2881PSP_SDY_TA01 | K28: 14259 | L28: 14085 | M28: 0.9878
B29: FT1 | C29: 0 | D29: 0 | I29: RTD2875NDB_LC_TA01 | K29: 774 | L29: 771 | M29: 0.9961
B30: FT2 | C30: 0 | D30: 0 | I30: RTD2885NDM_HLC | J30: 4K120 without ATSC C版（OTP燒錄與RTD2885NDM-HSB-CC同 | K30: 1657 | L30: 1639 | M30: 0.9891
I31: RTD2875PSP_SC_TA01 | K31: 89038 | L31: 88821 | M31: 0.9976
I32: RTD2885NCH_WC_TA01 | K32: 816 | L32: 800 | M32: 0.9804
G33: RL6746 MIO | H33: CP | I33: RL6746 | K33: 0 | L33: 0
G34: RL6708 Bridge | H34: CP | I34: RL6708 | K34: 0 | L34: 0
G35: RL6681 ATSC3 | H35: CP | I35: RL6681 | K35: 0 | L35: 0
G36: RL6672 Merlin6 | H36: CP | I36: RL6672 | K36: 0 | L36: 0
G37: RL6641 Mac7p | H37: CP | I37: RL6641 | K37: 140342 | L37: 124456 | M37: 0.8868
G38: RL6617 Merlin5 | H38: CP | I38: RL6617 | K38: 0 | L38: 0

Sheet Top_all
A1: Project | B1: CP/FT | C1: RTD No. | E1: ECN Ver. | G1: summary | H1: Y25_W39 | J1: Top1 | K1: Top2 | L1: Top3 | M1: Top4 | N1: Top5 | O1: Top6 | P1: Top7 | Q1: Top8 | R1: Top9 | S1: Top10 | Y1: Project | Z1: CP/FT | AA1: RTD No. | AC1: ECN Ver. | AD1: Total IC | AE1: Throughput | AF1: Yield | AG1: Top1 | AH1: Top2 | AI1: Top3 | AJ1: Top4 | AK1: Top5 | AL1: Top6 | AM1: Top7 | AN1: Top8 | AO1: Top9 | AP1: Top10
A2: RL6982 Merlin9 | B2: CP | C2: RL6982 | E2: V03 | F2: Total IC | G2: 295935 | H2: 295935 | I2: Test item | J2: cp_mode2_saf_spc30_comp | K2: cp_mode3_saf_comp | L2: all_bist_wo_ETN_HV | M2: cp_mode1_saf_comp | N2: cp_mode0_saf_comp | O2: SCPU_L3_BISR_HV | P2: scpu_bist_all_1p2_HV | Q2: all_bisr_drf_mp_BISR_HV | R2: PowerShort | S2: cp_mode3_tdf_c5_cov92_comp_HV | Y2: RL6982 Merlin9 | Z2: CP | AA2: RL6982 | AC2: V03 | AD2: 295935 | AE2: 267118 | AF2: 0.9026 | AG2: cp_mode2_saf_spc30_comp(7191ea,2.43%) | AH2: cp_mode3_saf_comp(4610ea,1.56%) | AI2: all_bist_wo_ETN_HV(4130ea,1.40%) | AJ2: cp_mode1_saf_comp(2568ea,0.87%) | AK2: cp_mode0_saf_comp(2349ea,0.79%) | AL2: SCPU_L3_BISR_HV(1145ea,0.39%) | AM2: scpu_bist_all_1p2_HV(790ea,0.27%) | AN2: all_bisr_drf_mp_BISR_HV(647ea,0.22%) | AO2: PowerShort(604ea,0.20%) | AP2: cp_mode3_tdf_c5_cov92_comp_HV(432ea,0.15%)
F3: Throughput | G3: 267118 | H3: 267118 | I3: q'ty | J3: 7191 | K3: 4610 | L3: 4130 | M3: 2568 | N3: 2349 | O3: 1145 | P3: 790 | Q3: 647 | R3: 604 | S3: 432 | Z3: FT1 | AA3: RTD2875QPA_TA01 | AC3: V03 | AD3: 2661 | AE3: 2632 | AF3: 0.9891 | AG3: DDR4_2G_3000_SS_FRC_ZQp5p(26ea,0.98%) | AH3: USB2_disconnect_trim_RT(1ea,0.04%) | AI3: FW_other(1ea,0.04%) | AJ3: USB2_FT_Z0(1ea,0.04%)
F4: Yield | G4: 0.9026 | H4: 0.9026 | I4: % | J4: 0.0243 | K4: 0.0156 | L4: 0.014 | M4: 0.0087 | N4: 0.0079 | O4: 0.0039 | P4: 0.0027 | Q4: 0.0022 | R4: 0.002 | S4: 0.0015 | Z4: FT1 | AA4: RTD2874MDA_TA01 | AC4: V03 | AD4: 9643 | AE4: 9600 | AF4: 0.9955 | AG4: DDR4_2G_3000_SS_single_RW_FT(13ea,0.13%) | AH4: FW_other(10ea,0.10%) | AI4: DDR4_2G_3000_SS_FRC_ZQp5p(6ea,0.06%) | AJ4: HDMI20_5p94G_mm(2ea,0.02%) | AK4: OS_500uA(2ea,0.02%) | AL4: FW_MULTI_CORE_TEST(1ea,0.01%) | AM4: FW_VE(1ea,0.01%) | AN4: all_bisr_drf(1ea,0.01%) | AO4: PowerShort(1ea,0.01%) | AP4: FW_SCPU(1ea,0.01%)
B5: FT1 | C5: RTD2875QPA_TA01 | E5: V03 | F5: Total IC | G5: 2661 | H5: 2661 | I5: Test item | J5: DDR4_2G_3000_SS_FRC_ZQp5p | K5: USB2_disconnect_trim_RT | L5: FW_other | M5: USB2_FT_Z0 | Z5: FT1 | AA5: RTD2875QDA_HD_TA01 | AC5: V03 | AD5: 95777 | AE5: 95359 | AF5: 0.9956 | AG5: DDR4_2G_3000_SS_FRC_ZQp5p(83ea,0.09%) | AH5: FW_other(76ea,0.08%) | AI5: OS_500uA(70ea,0.07%) | AJ5: DDR4_2G_3000_SS_single_RW_FT(67ea,0.07%) | AK5: PowerShort(28ea,0.03%) | AL5: Wire_Bond_Leak(21ea,0.02%) | AM5: IDDQ(13ea,0.01%) | AN5: FW_MULTI_CORE_TEST(7ea,0.01%) | AO5: FW_VE(7ea,0.01%) | AP5: scpu_bisr_bist_drf(5ea,0.01%)
F6: Throughput | G6: 2632 | H6: 2632 | I6: q'ty | J6: 26 | K6: 1 | L6: 1 | M6: 1 | Z6: FT1 | AA6: RTD2875QDA_TA01 | AC6: V03 | AD6: 83613 | AE6: 83264 | AF6: 0.9958 | AG6: DDR4_2G_3000_SS_single_RW_FT(69ea,0.08%) | AH6: DDR4_2G_3000_SS_FRC_ZQp5p(67ea,0.08%) | AI6: FW_other(64ea,0.08%) | AJ6: OS_500uA(34ea,0.04%) | AK6: USB2_disconnect_mea(30ea,0.04%) | AL6: PowerShort(13ea,0.02%) | AM6: Wire_Bond_Leak(12ea,0.01%) | AN6: chip_id_HRAM(5ea,0.01%) | AO6: scpu_bist_all_1p2_HV(5ea,0.01%) | AP6: ETN_TX_MDI(4ea,0.00%)
F7: Yield | G7: 0.9891 | H7: 0.9891 | I7: % | J7: 0.0098 | K7: 0.0004 | L7: 0.0004 | M7: 0.0004 | Z7: FT1 | AA7: RTD2875QPA_HD_TA01 | AC7: V03 | AD7: 1903 | AE7: 1895 | AF7: 0.9958 | AG7: DDR4_2G_3000_SS_FRC_ZQp5p(3ea,0.16%) | AH7: DDR4_2G_3000_SS_single_RW_FT(2ea,0.11%) | AI7: FW_other(2ea,0.11%) | AJ7: OS_500uA(1ea,0.05%)
B8: FT1 | C8: RTD2874MDA_TA01 | E8: V03 | F8: Total IC | G8: 9643 | H8: 9643 | I8: Test item | J8: DDR4_2G_3000_SS_single_RW_FT | K8: FW_other | L8: DDR4_2G_3000_SS_FRC_ZQp5p | M8: HDMI20_5p94G_mm | N8: OS_500uA | O8: FW_MULTI_CORE_TEST | P8: FW_VE | Q8: all_bisr_drf | R8: PowerShort | S8: FW_SCPU | Y8: RL6963 Mac8q | Z8: CP | AA8: RL6963 | AC8: V07 | AD8: 125796 | AE8: 114328 | AF8: 0.9088 | AG8: cp_mode1_saf_comp_B(2924ea,2.32%) | AH8: cp_mode0_saf_comp(1501ea,1.19%) | AI8: cp_mode2_saf_comp_B(1418ea,1.13%) | AJ8: all_bist_m_0217_p1_BIST_LDOoff_OC700_HV(1206ea,0.96%) | AK8: IDD(924ea,0.73%) | AL8: PowerShort(386ea,0.31%) | AM8: os(379ea,0.30%) | AN8: cp_mode1_tdf_cov70_comp_HV(344ea,0.27%) | AO8: GPIO_01_GPOH(201ea,0.16%) | AP8: all_bist_m_0217_p2_GPU_BIST_LDOoff_HV(142ea,0.11%)
F9: Throughput | G9: 9600 | H9: 9600 | I9: q'ty | J9: 13 | K9: 10 | L9: 6 | M9: 2 | N9: 2 | O9: 1 | P9: 1 | Q9: 1 | R9: 1 | S9: 1 | Z9: FT1 | AA9: RTD2864FLV_TA01 | AC9: V10 | AD9: 32765 | AE9: 32510 | AF9: 0.9922 | AG9: FW_other(104ea,0.32%) | AH9: D4_2666M_FRC_4K60_uhd_LB_FT(41ea,0.13%) | AI9: os(38ea,0.12%) | AJ9: FW_HDMI_4K60(22ea,0.07%) | AK9: ETN_MLT3(7ea,0.02%) | AL9: OTP_cust_PD_and_BMC_burn(6ea,0.02%) | AM9: all_bist_m_0217_p1_BIST_LDOon_HV(5ea,0.02%) | AN9: all_bist_m_0217_p5_scpu_bist_LDOon_HV(4ea,0.01%) | AO9: PIF_LVDS_FT(3ea,0.01%) | AP9: OTP_Apple_Mfi_key_Demeter(3ea,0.01%)
F10: Yield | G10: 0.9955 | H10: 0.9955 | I10: % | J10: 0.0013 | K10: 0.001 | L10: 0.0006 | M10: 0.0002 | N10: 0.0002 | O10: 0.0001 | P10: 0.0001 | Q10: 0.0001 | R10: 0.0001 | S10: 0.0001 | Z10: FT1 | AA10: RTD2851FCA_TA01 | AC10: V10 | AD10: 8716 | AE10: 8695 | AF10: 0.9976 | AG10: os(6ea,0.07%) | AH10: FW_HDMI_4K60(4ea,0.05%) | AI10: FW_other(3ea,0.03%) | AJ10: power_short(2ea,0.02%) | AK10: D4_2666M_FRC_4K60_uhd_LB_FT(2ea,0.02%) | AL10: FW_Multi_core_test_1(1ea,0.01%) | AM10: all_bist_m_0217_p5_scpu_bist_LDOon_HV(1ea,0.01%) | AN10: EARC_FT_03_CPFT(1ea,0.01%) | AO10: all_bist_m_0217_p1_BIST_LDOon_HV(1ea,0.01%)
B11: FT1 | C11: RTD2875QDA_HD_TA01 | E11: V03 | F11: Total IC | G11: 95777 | H11: 95777 | I11: Test item | J11: DDR4_2G_3000_SS_FRC_ZQp5p | K11: FW_other | L11: OS_500uA | M11: DDR4_2G_3000_SS_single_RW_FT | N11: PowerShort | O11: Wire_Bond_Leak | P11: IDDQ | Q11: FW_MULTI_CORE_TEST | R11: FW_VE | S11: scpu_bisr_bist_drf | Z11: FT1 | AA11: RTD2841FLW_TA01 | AC11: V10 | AD11: 60369 | AE11: 59874 | AF11: 0.9918 | AG11: FW_other(267ea,0.44%) | AH11: FW_HDMI_480P(62ea,0.10%) | AI11: FW_HDMI_4K60(52ea,0.09%) | AJ11: all_bist_m_0217_p1_BIST_LDOon_HV(24ea,0.04%) | AK11: PIF_LVDS_FT(19ea,0.03%) | AL11: D4_2666M_FRC_4K60_uhd_LB_FT(17ea,0.03%) | AM11: FW_Multi_core_test_1(7ea,0.01%) | AN11: power_short(7ea,0.01%) | AO11: all_bist_m_0217_p5_scpu_bist_LDOon_HV(4ea,0.01%) | AP11: FW_Multi_core_test_2(4ea,0.01%)
F12: Throughput | G12: 95359 | H12: 95359 | I12: q'ty | J12: 83 | K12: 76 | L12: 70 | M12: 67 | N12: 28 | O12: 21 | P12: 13 | Q12: 7 | R12: 7 | S12: 5 | Z12: FT2 | AA12: RTD2841FLW_TA01 | AC12: V02 | AD12: 36262 | AE12: 36260 | AF12: 0.9999 | AG12: USB2_Swing(1ea,0.00%) | AH12: Wire_bond_leak(1ea,0.00%)
F13: Yield | G13: 0.9956 | H13: 0.9956 | I13: % | J13: 0.0009 | K13: 0.0008 | L13: 0.0007 | M13: 0.0007 | N13: 0.0003 | O13: 0.0002 | P13: 0.0001 | Q13: 0.0001 | R13: 0.0001 | S13: 0.0001 | Z13: FT2 | AA13: RTD2816AWA_TA01 | AC13: V02 | AD13: 6004 | AE13: 5997 | AF13: 0.9988 | AG13: PIF_eDP_FT(7ea,0.12%)
B14: FT1 | C14: RTD2875QDA_TA01 | E14: V03 | F14: Total IC | G14: 83613 | H14: 83613 | I14: Test item | J14: DDR4_2G_3000_SS_single_RW_FT | K14: DDR4_2G_3000_SS_FRC_ZQp5p | L14: FW_other | M14: OS_500uA | N14: USB2_disconnect_mea | O14: PowerShort | P14: Wire_Bond_Leak | Q14: chip_id_HRAM | R14: scpu_bist_all_1p2_HV | S14: ETN_TX_MDI | Y14: RL6896 Dante | Z14: FT1 | AA14: AXD2801VPF | AC14: V08 | AD14: 1735 | AE14: 1696 | AF14: 0.9775 | AG14: OS_500uA(20ea,1.15%) | AH14: HDMI2p1_12g_TX_check_Done_Result(17ea,0.98%) | AI14: DDR3_FRC_CA_n6PI(2ea,0.12%)
F15: Throughput | G15: 83264 | H15: 83264 | I15: q'ty | J15: 69 | K15: 67 | L15: 64 | M15: 34 | N15: 30 | O15: 13 | P15: 12 | Q15: 5 | R15: 5 | S15: 4 | Z15: FT1 | AA15: AXD2801SPH | AC15: V08 | AD15: 3429 | AE15: 3425 | AF15: 0.9988 | AG15: DDR3_FRC_CA_n6PI(2ea,0.06%) | AH15: FW(1ea,0.03%) | AI15: SARADC_FuncTest(1ea,0.03%)
F16: Yield | G16: 0.9958 | H16: 0.9958 | I16: % | J16: 0.0008 | K16: 0.0008 | L16: 0.0008 | M16: 0.0004 | N16: 0.0004 | O16: 0.0002 | P16: 0.0001 | Q16: 0.0001 | R16: 0.0001 | S16: 0 | Y16: RL6856 Merlin8 | Z16: CP | AA16: RL6856 | AC16: V11 | AD16: 64752 | AE16: 55618 | AF16: 0.8589 | AG16: cp_mode2_saf_comp_24ns(1695ea,2.62%) | AH16: cp_mode3_saf_comp_VT(1523ea,2.35%) | AI16: all_bist_mp_gpu_HV(1470ea,2.27%) | AJ16: cp_mode1_saf_comp(739ea,1.14%) | AK16: cp_mode0_saf_comp(547ea,0.84%) | AL16: core_scpu_power_IDD_spec(416ea,0.64%) | AM16: IDD(322ea,0.50%) | AN16: all_bist_mp_gpu_LV(306ea,0.47%) | AO16: eARC_PLL_CLK_CP1_44p1K(286ea,0.44%) | AP16: os(208ea,0.32%)
B17: FT1 | C17: RTD2875QPA_HD_TA01 | E17: V03 | F17: Total IC | G17: 1903 | H17: 1903 | I17: Test item | J17: DDR4_2G_3000_SS_FRC_ZQp5p | K17: DDR4_2G_3000_SS_single_RW_FT | L17: FW_other | M17: OS_500uA | Z17: FT1 | AA17: RTD2885PDM_FT1_TA01 | AC17: V07 | AD17: 69291 | AE17: 68928 | AF17: 0.9948 | AG17: FW_M8(174ea,0.25%) | AH17: DDR_single_RW_D4(58ea,0.08%) | AI17: DDR_ZQ_P(31ea,0.04%) | AJ17: HDMI_12G(26ea,0.04%) | AK17: Power_Short(23ea,0.03%) | AL17: VDC01_FT01_SNR(16ea,0.02%) | AM17: set-error-bin(11ea,0.02%) | AN17: ETN_TX_FT0(9ea,0.01%) | AO17: IFD_FT01(3ea,0.00%) | AP17: IFD_FT03_QADC_ramp_adc(2ea,0.00%)
F18: Throughput | G18: 1895 | H18: 1895 | I18: q'ty | J18: 3 | K18: 2 | L18: 2 | M18: 1 | Z18: FT1 | AA18: RTD2886NSS_SC_FT1_TA01 | AC18: V08 | AD18: 45529 | AE18: 45380 | AF18: 0.9967 | AG18: FW_USB(48ea,0.11%) | AH18: FW_MEMC(20ea,0.04%) | AI18: FW_VE(19ea,0.04%) | AJ18: set-error-bin(11ea,0.02%) | AK18: FW_other(8ea,0.02%) | AL18: Thermal_IDD_comp_4K(8ea,0.02%) | AM18: ddr_single_rw(8ea,0.02%) | AN18: OS_500uA(5ea,0.01%) | AO18: HDMI_12G_ALL_Port(4ea,0.01%) | AP18: ddr_FRC_CN_n5percent(3ea,0.01%)
F19: Yield | G19: 0.9958 | H19: 0.9958 | I19: % | J19: 0.0016 | K19: 0.0011 | L19: 0.0011 | M19: 0.0005 | Z19: FT2 | AA19: RTD2885PDM | AC19: V04 | AD19: 12907 | AE19: 12905 | AF19: 0.9998 | AG19: SARADC_RES2K(1ea,0.01%) | AH19: OS(1ea,0.01%)
A20: RL6963 Mac8q | B20: CP | C20: RL6963 | E20: V07 | F20: Total IC | G20: 125796 | H20: 125796 | I20: Test item | J20: cp_mode1_saf_comp_B | K20: cp_mode0_saf_comp | L20: cp_mode2_saf_comp_B | M20: all_bist_m_0217_p1_BIST_LDOoff_OC700_HV | N20: IDD | O20: PowerShort | P20: os | Q20: cp_mode1_tdf_cov70_comp_HV | R20: GPIO_01_GPOH | S20: all_bist_m_0217_p2_GPU_BIST_LDOoff_HV | Z20: FT2 | AA20: RTD2886NSP_SC_FT2_TA01 | AC20: V04 | AD20: 57318 | AE20: 57217 | AF20: 0.9982 | AG20: USB2_Disconnect_trim(100ea,0.17%) | AH20: wafer_info(1ea,0.00%)
F21: Throughput | G21: 114328 | H21: 114328 | I21: q'ty | J21: 2924 | K21: 1501 | L21: 1418 | M21: 1206 | N21: 924 | O21: 386 | P21: 379 | Q21: 344 | R21: 201 | S21: 142 | Y21: RL6750 H5C2 | Z21: CP | AA21: RL6750 | AC21: V04 | AD21: 40050 | AE21: 31586 | AF21: 0.7887 | AG21: Chip_ID(1796ea,4.48%) | AH21: IDDQ(1568ea,3.92%) | AI21: SAF_mode0_spc20_comp_211220165909_HV(1027ea,2.56%) | AJ21: all_bist_HV(1005ea,2.51%) | AK21: SAF_mode1_comp_211080048_HV(975ea,2.43%) | AL21: SAF_mode2_comp_2111080208_HV(447ea,1.12%) | AM21: TDF_mode1_wo_vby1_occ_dnr_lp25_stage1_25_g5_spc20_comp_220110132151_LV(301ea,0.75%) | AN21: Read_OTP_HVS(296ea,0.74%) | AO21: all_bisr_drf(186ea,0.46%) | AP21: Power_Short(179ea,0.45%)
F22: Yield | G22: 0.9088 | H22: 0.9088 | I22: % | J22: 0.0232 | K22: 0.0119 | L22: 0.0113 | M22: 0.0096 | N22: 0.0073 | O22: 0.0031 | P22: 0.003 | Q22: 0.0027 | R22: 0.0016 | S22: 0.0011 | Y22: RL6748 Merlin7 | Z22: CP | AA22: RL6748 | AC22: V25 | AD22: 51354 | AE22: 45135 | AF22: 0.8789 | AG22: cp_mode0_saf_0to90_comp_C(1582ea,3.08%) | AH22: all_bist_mp_scpu_all_bist_1106_CLK144_GPU_ETN_HV(1174ea,2.29%) | AI22: cp_mode2_saf_0to90_comp_C_slow(1096ea,2.13%) | AJ22: cp_mode1_saf_0to90_comp_C(751ea,1.46%) | AK22: cp_mode0_0_tdf_lp8_cat_comp_C_LV(236ea,0.46%) | AL22: cp_mode0_2_sdd_se0_a75_lp14_dsu_lp28_cat_cs1013_comp_LV(146ea,0.28%) | AM22: IDD(145ea,0.28%) | AN22: cp_mode0_tdf_se0_l3mcp_ttr_cov70_comp_HV(137ea,0.27%) | AO22: PowerShort(115ea,0.22%) | AP22: PIF_PP_DIFF_HI_CP(96ea,0.19%)
B23: FT1 | C23: RTD2864FLV_TA01 | E23: V10 | F23: Total IC | G23: 32765 | H23: 32765 | I23: Test item | J23: FW_other | K23: D4_2666M_FRC_4K60_uhd_LB_FT | L23: os | M23: FW_HDMI_4K60 | N23: ETN_MLT3 | O23: OTP_cust_PD_and_BMC_burn | P23: all_bist_m_0217_p1_BIST_LDOon_HV | Q23: all_bist_m_0217_p5_scpu_bist_LDOon_HV | R23: PIF_LVDS_FT | S23: OTP_Apple_Mfi_key_Demeter | Z23: CP | AA23: RL6748 | AC23: V25 | AD23: 18068 | AE23: 15697 | AF23: 0.8688 | AG23: cp_mode0_saf_0to90_comp_C(624ea,3.45%) | AH23: cp_mode2_saf_0to90_comp_C_slow(389ea,2.15%) | AI23: all_bist_mp_scpu_all_bist_1106_CLK144_GPU_ETN_HV(359ea,1.99%) | AJ23: cp_mode1_saf_0to90_comp_C(268ea,1.48%) | AK23: cp_mode3_tdf_comp_B_HL_3p63v_ttr(172ea,0.95%) | AL23: cp_mode0_0_tdf_lp8_cat_comp_C_LV(120ea,0.66%) | AM23: cp_mode0_tdf_se0_l3mcp_ttr_cov70_comp_HV(51ea,0.28%) | AN23: cp_mode0_2_sdd_se0_a75_lp14_dsu_lp28_cat_cs1013_comp_LV(42ea,0.23%) | AO23: IDD(34ea,0.19%) | AP23: os(33ea,0.18%)
F24: Throughput | G24: 32510 | H24: 32510 | I24: q'ty | J24: 104 | K24: 41 | L24: 38 | M24: 22 | N24: 7 | O24: 6 | P24: 5 | Q24: 4 | R24: 3 | S24: 3 | Z24: FT1 | AA24: RTD2875PNJ_SND_TA01 | AC24: V12 | AD24: 40904 | AE24: 40892 | AF24: 0.9997 | AG24: HDMI20_1p5G(4ea,0.01%) | AH24: FW_other(3ea,0.01%) | AI24: HDMI20_6G_VB(2ea,0.00%) | AJ24: FW_MD_Domain(1ea,0.00%) | AK24: FW_MTEST(1ea,0.00%) | AL24: FW_SCPU_VDDR(1ea,0.00%)
F25: Yield | G25: 0.9922 | H25: 0.9922 | I25: % | J25: 0.0032 | K25: 0.0013 | L25: 0.0012 | M25: 0.0007 | N25: 0.0002 | O25: 0.0002 | P25: 0.0002 | Q25: 0.0001 | R25: 0.0001 | S25: 0.0001 | Z25: FT1 | AA25: RTD2875NAA_SC_TA01 | AC25: V26 | AD25: 8544 | AE25: 8524 | AF25: 0.9977 | AG25: DDR_1p5GB_FRC_HV_1st(10ea,0.12%) | AH25: DDR_1p5GB_FRC_LV(2ea,0.02%) | AI25: atsc_IFD_FT02_ramp_12b(1ea,0.01%) | AJ25: PIF_CML_FT(1ea,0.01%) | AK25: DDR_1p5GB_MD(1ea,0.01%) | AL25: FW_MEMC(1ea,0.01%) | AM25: BB_FT01(1ea,0.01%) | AN25: OS_500uA(1ea,0.01%) | AO25: FW_M7(1ea,0.01%) | AP25: ETN_TX_FT0(1ea,0.01%)
B26: FT1 | C26: RTD2851FCA_TA01 | E26: V10 | F26: Total IC | G26: 8716 | H26: 8716 | I26: Test item | J26: os | K26: FW_HDMI_4K60 | L26: FW_other | M26: power_short | N26: D4_2666M_FRC_4K60_uhd_LB_FT | O26: FW_Multi_core_test_1 | P26: all_bist_m_0217_p5_scpu_bist_LDOon_HV | Q26: EARC_FT_03_CPFT | R26: all_bist_m_0217_p1_BIST_LDOon_HV | Z26: FT1 | AA26: RTD2881PSP_SDY_TA01 | AC26: V02 | AD26: 14259 | AE26: 14085 | AF26: 0.9878 | AG26: HDMI_5VDET_HPD(162ea,1.14%) | AH26: HDMI21_12G_144hz(3ea,0.02%) | AI26: FW_M7(3ea,0.02%) | AJ26: BB_FT01(3ea,0.02%) | AK26: FW_MEMC(1ea,0.01%) | AL26: PIF_LVDS_FT(1ea,0.01%) | AM26: OS_500uA(1ea,0.01%)
F27: Throughput | G27: 8695 | H27: 8695 | I27: q'ty | J27: 6 | K27: 4 | L27: 3 | M27: 2 | N27: 2 | O27: 1 | P27: 1 | Q27: 1 | R27: 1 | Z27: FT1 | AA27: RTD2875NDB_LC_TA01 | AC27: V26 | AD27: 774 | AE27: 771 | AF27: 0.9961 | AG27: DDR_1p5GB_FRC_HV_1st(1ea,0.13%) | AH27: Power_Short(1ea,0.13%) | AI27: IDDQ(1ea,0.13%)
F28: Yield | G28: 0.9976 | H28: 0.9976 | I28: % | J28: 0.0007 | K28: 0.0005 | L28: 0.0003 | M28: 0.0002 | N28: 0.0002 | O28: 0.0001 | P28: 0.0001 | Q28: 0.0001 | R28: 0.0001 | Z28: FT1 | AA28: RTD2885NDM_HLC | AB28: 4K120 without ATSC C版（OTP燒錄與RTD2885NDM-HSB-CC同 | AC28: V19 | AD28: 1657 | AE28: 1639 | AF28: 0.9891 | AG28: DDR_FRC_HV_1st(15ea,0.91%) | AH28: HDMI20_1p5G(1ea,0.06%) | AI28: BB_FT01(1ea,0.06%) | AJ28: HDMI20_6G_VB(1ea,0.06%)
B29: FT1 | C29: RTD2841FLW_TA01 | E29: V10 | F29: Total IC | G29: 60369 | H29: 60369 | I29: Test item | J29: FW_other | K29: FW_HDMI_480P | L29: FW_HDMI_4K60 | M29: all_bist_m_0217_p1_BIST_LDOon_HV | N29: PIF_LVDS_FT | O29: D4_2666M_FRC_4K60_uhd_LB_FT | P29: FW_Multi_core_test_1 | Q29: power_short | R29: all_bist_m_0217_p5_scpu_bist_LDOon_HV | S29: FW_Multi_core_test_2 | Z29: FT1 | AA29: RTD2875PSP_SC_TA01 | AC29: V12 | AD29: 89038 | AE29: 88821 | AF29: 0.9976 | AG29: FW_other(71ea,0.08%) | AH29: OS_500uA(70ea,0.08%) | AI29: HDMI20_1p5G(15ea,0.02%) | AJ29: HDMI20_6G_VB(10ea,0.01%) | AK29: Power_Short(9ea,0.01%) | AL29: OS_2mA(5ea,0.01%) | AM29: FW_ETN(3ea,0.00%) | AN29: FW_MTEST(3ea,0.00%) | AO29: VDC03_FT02_INL_DNL(3ea,0.00%) | AP29: IDDQ(3ea,0.00%)
F30: Throughput | G30: 59874 | H30: 59874 | I30: q'ty | J30: 267 | K30: 62 | L30: 52 | M30: 24 | N30: 19 | O30: 17 | P30: 7 | Q30: 7 | R30: 4 | S30: 4 | Z30: FT1 | AA30: RTD2885NCH_WC_TA01 | AC30: V20 | AD30: 816 | AE30: 800 | AF30: 0.9804 | AG30: DDR4_3GB_single_RW(8ea,0.98%) | AH30: FW_other(2ea,0.25%) | AI30: IDDQ(2ea,0.25%) | AJ30: DDR4_3GB_FRC_HV(1ea,0.12%) | AK30: FW_MD_Domain(1ea,0.12%) | AL30: os_500uA_s(1ea,0.12%) | AM30: Power_Short(1ea,0.12%)
F31: Yield | G31: 0.9918 | H31: 0.9918 | I31: % | J31: 0.0044 | K31: 0.001 | L31: 0.0009 | M31: 0.0004 | N31: 0.0003 | O31: 0.0003 | P31: 0.0001 | Q31: 0.0001 | R31: 0.0001 | S31: 0.0001 | Y31: RL6641 Mac7p | Z31: CP | AA31: RL6641 | AC31: V16 | AD31: 140342 | AE31: 124456 | AF31: 0.8868 | AG31: all_bist_etn_HV(2740ea,1.95%) | AH31: cp_saf_mode2_comp_30_dummy_pattern_s2(2569ea,1.83%) | AI31: IDD(2413ea,1.72%) | AJ31: cp_saf_mode0_comp_tmax2_B_cut_s2(1696ea,1.21%) | AK31: cp_saf_mode1_comp_tmax2_B_cut_s2(1456ea,1.04%) | AL31: PowerShort(1098ea,0.78%) | AM31: cp_saf_mode6_comp_tmax2_B_cut_s2(1085ea,0.77%) | AN31: cp_tdf_mode2_comp_30_dummy_pattern_LV_s2(437ea,0.31%) | AO31: scpu_bist_all_mode_shr_delay2_SCPU1150_HV(261ea,0.19%) | AP31: GPU_DEC_OPEN_HV(218ea,0.16%)
B32: FT2 | C32: RTD2841FLW_TA01 | E32: V02 | F32: Total IC | G32: 36262 | H32: 36262 | I32: Test item | J32: USB2_Swing | K32: Wire_bond_leak
F33: Throughput | G33: 36260 | H33: 36260 | I33: q'ty | J33: 1 | K33: 1
F34: Yield | G34: 0.9999 | H34: 0.9999 | I34: % | J34: 0 | K34: 0
B35: FT2 | C35: RTD2816AWA_TA01 | E35: V02 | F35: Total IC | G35: 6004 | H35: 6004 | I35: Test item | J35: PIF_eDP_FT
F36: Throughput | G36: 5997 | H36: 5997 | I36: q'ty | J36: 7
F37: Yield | G37: 0.9988 | H37: 0.9988 | I37: % | J37: 0.0012
A38: RL6896 Dante | B38: FT1 | C38: AXD2801VPF | E38: V08 | F38: Total IC | G38: 1735 | H38: 1735 | I38: Test item | J38: OS_500uA | K38: HDMI2p1_12g_TX_check_Done_Result | L38: DDR3_FRC_CA_n6PI
F39: Throughput | G39: 1696 | H39: 1696 | I39: q'ty | J39: 20 | K39: 17 | L39: 2
F40: Yield | G40: 0.9775 | H40: 0.9775 | I40: % | J40: 0.0115 | K40: 0.0098 | L40: 0.0012
B41: FT1 | C41: AXD2801SPH | E41: V08 | F41: Total IC | G41: 3429 | H41: 3429 | I41: Test item | J41: DDR3_FRC_CA_n6PI | K41: FW | L41: SARADC_FuncTest
F42: Throughput | G42: 3425 | H42: 3425 | I42: q'ty | J42: 2 | K42: 1 | L42: 1
F43: Yield | G43: 0.9988 | H43: 0.9988 | I43: % | J43: 0.0006 | K43: 0.0003 | L43: 0.0003
A44: RL6856 Merlin8 | B44: CP | C44: RL6856 | E44: V11 | F44: Total IC | G44: 64752 | H44: 64752 | I44: Test item | J44: cp_mode2_saf_comp_24ns | K44: cp_mode3_saf_comp_VT | L44: all_bist_mp_gpu_HV | M44: cp_mode1_saf_comp | N44: cp_mode0_saf_comp | O44: core_scpu_power_IDD_spec | P44: IDD | Q44: all_bist_mp_gpu_LV | R44: eARC_PLL_CLK_CP1_44p1K | S44: os
F45: Throughput | G45: 55618 | H45: 55618 | I45: q'ty | J45: 1695 | K45: 1523 | L45: 1470 | M45: 739 | N45: 547 | O45: 416 | P45: 322 | Q45: 306 | R45: 286 | S45: 208
F46: Yield | G46: 0.8589 | H46: 0.8589 | I46: % | J46: 0.0262 | K46: 0.0235 | L46: 0.0227 | M46: 0.0114 | N46: 0.0084 | O46: 0.0064 | P46: 0.005 | Q46: 0.0047 | R46: 0.0044 | S46: 0.0032
B47: FT1 | C47: RTD2885PDM_FT1_TA01 | E47: V07 | F47: Total IC | G47: 69291 | H47: 69291 | I47: Test item | J47: FW_M8 | K47: DDR_single_RW_D4 | L47: DDR_ZQ_P | M47: HDMI_12G | N47: Power_Short | O47: VDC01_FT01_SNR | P47: set-error-bin | Q47: ETN_TX_FT0 | R47: IFD_FT01 | S47: IFD_FT03_QADC_ramp_adc
F48: Throughput | G48: 68928 | H48: 68928 | I48: q'ty | J48: 174 | K48: 58 | L48: 31 | M48: 26 | N48: 23 | O48: 16 | P48: 11 | Q48: 9 | R48: 3 | S48: 2
F49: Yield | G49: 0.9948 | H49: 0.9948 | I49: % | J49: 0.0025 | K49: 0.0008 | L49: 0.0004 | M49: 0.0004 | N49: 0.0003 | O49: 0.0002 | P49: 0.0002 | Q49: 0.0001 | R49: 0 | S49: 0
B50: FT1 | C50: RTD2886NSS_SC_FT1_TA01 | E50: V08 | F50: Total IC | G50: 45529 | H50: 45529 | I50: Test item | J50: FW_USB | K50: FW_MEMC | L50: FW_VE | M50: set-error-bin | N50: FW_other | O50: Thermal_IDD_comp_4K | P50: ddr_single_rw | Q50: OS_500uA | R50: HDMI_12G_ALL_Port | S50: ddr_FRC_CN_n5percent
F51: Throughput | G51: 45380 | H51: 45380 | I51: q'ty | J51: 48 | K51: 20 | L51: 19 | M51: 11 | N51: 8 | O51: 8 | P51: 8 | Q51: 5 | R51: 4 | S51: 3
F52: Yield | G52: 0.9967 | H52: 0.9967 | I52: % | J52: 0.0011 | K52: 0.0004 | L52: 0.0004 | M52: 0.0002 | N52: 0.0002 | O52: 0.0002 | P52: 0.0002 | Q52: 0.0001 | R52: 0.0001 | S52: 0.0001
B53: FT2 | C53: RTD2885PDM | E53: V04 | F53: Total IC | G53: 12907 | H53: 12907 | I53: Test item | J53: SARADC_RES2K | K53: OS
F54: Throughput | G54: 12905 | H54: 12905 | I54: q'ty | J54: 1 | K54: 1
F55: Yield | G55: 0.9998 | H55: 0.9998 | I55: % | J55: 0.0001 | K55: 0.0001
B56: FT2 | C56: RTD2886NSP_SC_FT2_TA01 | E56: V04 | F56: Total IC | G56: 57318 | H56: 57318 | I56: Test item | J56: USB2_Disconnect_trim | K56: wafer_info
F57: Throughput | G57: 57217 | H57: 57217 | I57: q'ty | J57: 100 | K57: 1
F58: Yield | G58: 0.9982 | H58: 0.9982 | I58: % | J58: 0.0017 | K58: 0
A59: RL6750 H5C2 | B59: CP | C59: RL6750 | E59: V04 | F59: Total IC | G59: 40050 | H59: 40050 | I59: Test item | J59: Chip_ID | K59: IDDQ | L59: SAF_mode0_spc20_comp_211220165909_HV | M59: all_bist_HV | N59: SAF_mode1_comp_211080048_HV | O59: SAF_mode2_comp_2111080208_HV | P59: TDF_mode1_wo_vby1_occ_dnr_lp25_stage1_25_g5_spc20_comp_220110132151_LV | Q59: Read_OTP_HVS | R59: all_bisr_drf | S59: Power_Short
F60: Throughput | G60: 31586 | H60: 31586 | I60: q'ty | J60: 1796 | K60: 1568 | L60: 1027 | M60: 1005 | N60: 975 | O60: 447 | P60: 301 | Q60: 296 | R60: 186 | S60: 179
F61: Yield | G61: 0.7887 | H61: 0.7887 | I61: % | J61: 0.0448 | K61: 0.0392 | L61: 0.0256 | M61: 0.0251 | N61: 0.0243 | O61: 0.0112 | P61: 0.0075 | Q61: 0.0074 | R61: 0.0046 | S61: 0.0045
A62: RL6748 Merlin7 | B62: CP | C62: RL6748 | E62: V25 | F62: Total IC | G62: 51354 | H62: 51354 | I62: Test item | J62: cp_mode0_saf_0to90_comp_C | K62: all_bist_mp_scpu_all_bist_1106_CLK144_GPU_ETN_HV | L62: cp_mode2_saf_0to90_comp_C_slow | M62: cp_mode1_saf_0to90_comp_C | N62: cp_mode0_0_tdf_lp8_cat_comp_C_LV | O62: cp_mode0_2_sdd_se0_a75_lp14_dsu_lp28_cat_cs1013_comp_LV | P62: IDD | Q62: cp_mode0_tdf_se0_l3mcp_ttr_cov70_comp_HV | R62: PowerShort | S62: PIF_PP_DIFF_HI_CP
F63: Throughput | G63: 45135 | H63: 45135 | I63: q'ty | J63: 1582 | K63: 1174 | L63: 1096 | M63: 751 | N63: 236 | O63: 146 | P63: 145 | Q63: 137 | R63: 115 | S63: 96
F64: Yield | G64: 0.8789 | H64: 0.8789 | I64: % | J64: 0.0308 | K64: 0.0229 | L64: 0.0213 | M64: 0.0146 | N64: 0.0046 | O64: 0.0028 | P64: 0.0028 | Q64: 0.0027 | R64: 0.0022 | S64: 0.0019
B65: CP | C65: RL6748 | E65: V25 | F65: Total IC | G65: 18068 | H65: 18068 | I65: Test item | J65: cp_mode0_saf_0to90_comp_C | K65: cp_mode2_saf_0to90_comp_C_slow | L65: all_bist_mp_scpu_all_bist_1106_CLK144_GPU_ETN_HV | M65: cp_mode1_saf_0to90_comp_C | N65: cp_mode3_tdf_comp_B_HL_3p63v_ttr | O65: cp_mode0_0_tdf_lp8_cat_comp_C_LV | P65: cp_mode0_tdf_se0_l3mcp_ttr_cov70_comp_HV | Q65: cp_mode0_2_sdd_se0_a75_lp14_dsu_lp28_cat_cs1013_comp_LV | R65: IDD | S65: os
F66: Throughput | G66: 15697 | H66: 15697 | I66: q'ty | J66: 624 | K66: 389 | L66: 359 | M66: 268 | N66: 172 | O66: 120 | P66: 51 | Q66: 42 | R66: 34 | S66: 33
F67: Yield | G67: 0.8688 | H67: 0.8688 | I67: % | J67: 0.0345 | K67: 0.0215 | L67: 0.0199 | M67: 0.0148 | N67: 0.0095 | O67: 0.0066 | P67: 0.0028 | Q67: 0.0023 | R67: 0.0019 | S67: 0.0018
B68: FT1 | C68: RTD2875PNJ_SND_TA01 | E68: V12 | F68: Total IC | G68: 40904 | H68: 40904 | I68: Test item | J68: HDMI20_1p5G | K68: FW_other | L68: HDMI20_6G_VB | M68: FW_MD_Domain | N68: FW_MTEST | O68: FW_SCPU_VDDR
F69: Throughput | G69: 40892 | H69: 40892 | I69: q'ty | J69: 4 | K69: 3 | L69: 2 | M69: 1 | N69: 1 | O69: 1
F70: Yield | G70: 0.9997 | H70: 0.9997 | I70: % | J70: 0.0001 | K70: 0.0001 | L70: 0 | M70: 0 | N70: 0 | O70: 0
B71: FT1 | C71: RTD2875NAA_SC_TA01 | E71: V26 | F71: Total IC | G71: 8544 | H71: 8544 | I71: Test item | J71: DDR_1p5GB_FRC_HV_1st | K71: DDR_1p5GB_FRC_LV | L71: atsc_IFD_FT02_ramp_12b | M71: PIF_CML_FT | N71: DDR_1p5GB_MD | O71: FW_MEMC | P71: BB_FT01 | Q71: OS_500uA | R71: FW_M7 | S71: ETN_TX_FT0
F72: Throughput | G72: 8524 | H72: 8524 | I72: q'ty | J72: 10 | K72: 2 | L72: 1 | M72: 1 | N72: 1 | O72: 1 | P72: 1 | Q72: 1 | R72: 1 | S72: 1
F73: Yield | G73: 0.9977 | H73: 0.9977 | I73: % | J73: 0.0012 | K73: 0.0002 | L73: 0.0001 | M73: 0.0001 | N73: 0.0001 | O73: 0.0001 | P73: 0.0001 | Q73: 0.0001 | R73: 0.0001 | S73: 0.0001
B74: FT1 | C74: RTD2881PSP_SDY_TA01 | E74: V02 | F74: Total IC | G74: 14259 | H74: 14259 | I74: Test item | J74: HDMI_5VDET_HPD | K74: HDMI21_12G_144hz | L74: FW_M7 | M74: BB_FT01 | N74: FW_MEMC | O74: PIF_LVDS_FT | P74: OS_500uA
F75: Throughput | G75: 14085 | H75: 14085 | I75: q'ty | J75: 162 | K75: 3 | L75: 3 | M75: 3 | N75: 1 | O75: 1 | P75: 1
F76: Yield | G76: 0.9878 | H76: 0.9878 | I76: % | J76: 0.0114 | K76: 0.0002 | L76: 0.0002 | M76: 0.0002 | N76: 0.0001 | O76: 0.0001 | P76: 0.0001
B77: FT1 | C77: RTD2875NDB_LC_TA01 | E77: V26 | F77: Total IC | G77: 774 | H77: 774 | I77: Test item | J77: DDR_1p5GB_FRC_HV_1st | K77: Power_Short | L77: IDDQ
F78: Throughput | G78: 771 | H78: 771 | I78: q'ty | J78: 1 | K78: 1 | L78: 1
F79: Yield | G79: 0.9961 | H79: 0.9961 | I79: % | J79: 0.0013 | K79: 0.0013 | L79: 0.0013
B80: FT1 | C80: RTD2885NDM_HLC | D80: 4K120 without ATSC C版（OTP燒錄與RTD2885NDM-HSB-CC同 | E80: V19 | F80: Total IC | G80: 1657 | H80: 1657 | I80: Test item | J80: DDR_FRC_HV_1st | K80: HDMI20_1p5G | L80: BB_FT01 | M80: HDMI20_6G_VB
F81: Throughput | G81: 1639 | H81: 1639 | I81: q'ty | J81: 15 | K81: 1 | L81: 1 | M81: 1
F82: Yield | G82: 0.9891 | H82: 0.9891 | I82: % | J82: 0.0091 | K82: 0.0006 | L82: 0.0006 | M82: 0.0006
B83: FT1 | C83: RTD2875PSP_SC_TA01 | E83: V12 | F83: Total IC | G83: 89038 | H83: 89038 | I83: Test item | J83: FW_other | K83: OS_500uA | L83: HDMI20_1p5G | M83: HDMI20_6G_VB | N83: Power_Short | O83: OS_2mA | P83: FW_ETN | Q83: FW_MTEST | R83: VDC03_FT02_INL_DNL | S83: IDDQ
F84: Throughput | G84: 88821 | H84: 88821 | I84: q'ty | J84: 71 | K84: 70 | L84: 15 | M84: 10 | N84: 9 | O84: 5 | P84: 3 | Q84: 3 | R84: 3 | S84: 3
F85: Yield | G85: 0.9976 | H85: 0.9976 | I85: % | J85: 0.0008 | K85: 0.0008 | L85: 0.0002 | M85: 0.0001 | N85: 0.0001 | O85: 0.0001 | P85: 0 | Q85: 0 | R85: 0 | S85: 0
B86: FT1 | C86: RTD2885NCH_WC_TA01 | E86: V20 | F86: Total IC | G86: 816 | H86: 816 | I86: Test item | J86: DDR4_3GB_single_RW | K86: FW_other | L86: IDDQ | M86: DDR4_3GB_FRC_HV | N86: FW_MD_Domain | O86: os_500uA_s | P86: Power_Short
F87: Throughput | G87: 800 | H87: 800 | I87: q'ty | J87: 8 | K87: 2 | L87: 2 | M87: 1 | N87: 1 | O87: 1 | P87: 1
F88: Yield | G88: 0.9804 | H88: 0.9804 | I88: % | J88: 0.0098 | K88: 0.0025 | L88: 0.0025 | M88: 0.0012 | N88: 0.0012 | O88: 0.0012 | P88: 0.0012
A89: RL6641 Mac7p | B89: CP | C89: RL6641 | E89: V16 | F89: Total IC | G89: 140342 | H89: 140342 | I89: Test item | J89: all_bist_etn_HV | K89: cp_saf_mode2_comp_30_dummy_pattern_s2 | L89: IDD | M89: cp_saf_mode0_comp_tmax2_B_cut_s2 | N89: cp_saf_mode1_comp_tmax2_B_cut_s2 | O89: PowerShort | P89: cp_saf_mode6_comp_tmax2_B_cut_s2 | Q89: cp_tdf_mode2_comp_30_dummy_pattern_LV_s2 | R89: scpu_bist_all_mode_shr_delay2_SCPU1150_HV | S89: GPU_DEC_OPEN_HV
F90: Throughput | G90: 124456 | H90: 124456 | I90: q'ty | J90: 2740 | K90: 2569 | L90: 2413 | M90: 1696 | N90: 1456 | O90: 1098 | P90: 1085 | Q90: 437 | R90: 261 | S90: 218
F91: Yield | G91: 0.8868 | H91: 0.8868 | I91: % | J91: 0.0195 | K91: 0.0183 | L91: 0.0172 | M91: 0.0121 | N91: 0.0104 | O91: 0.0078 | P91: 0.0077 | Q91: 0.0031 | R91: 0.0019 | S91: 0.0016

Sheet RL6982_HD_TA01_V03_summary_raw
A1: 1 | B1: PASS BIN | C1: 267118 | D1: 0.9026 | N1: Project | O1: RL6982 | P1: RL6982 | Q1: RL6982 | R1: RL6982 | S1: RL6982 | T1: RL6982 | U1: RL6982 | V1: RL6982 | W1: RL6982 | X1: RL6982 | Y1: RL6982 | Z1: RL6982 | AA1: RL6982 | AB1: RL6982 | AC1: RL6982 | AD1: RL6982 | AE1: RL6982 | AF1: RL6982 | AG1: RL6982 | AH1: RL6982 | AI1: RL6982 | AJ1: RL6982 | AK1: RL6982 | AL1: RL6982 | AM1: RL6982 | AN1: RL6982 | AO1: RL6982 | AP1: RL6982 | AQ1: RL6982 | AR1: RL6982 | AS1: RL6982 | AT1: RL6982 | AU1: RL6982 | AV1: RL6982 | AW1: RL6982 | AX1: RL6982 | AY1: RL6982 | AZ1: RL6982 | BA1: RL6982 | BB1: RL6982 | BC1: RL6982 | BD1: RL6982 | BE1: RL6982 | BF1: RL6982 | BG1: RL6982 | BH1: RL6982 | BI1: RL6982 | BJ1: RL6982 | BK1: RL6982 | BL1: RL6982 | BM1: RL6982 | BN1: RL6982 | BO1: RL6982 | BP1: RL6982 | BQ1: RL6982 | BR1: RL6982 | BS1: RL6982 | BT1: RL6982 | BU1: RL6982 | BV1: RL6982 | BW1: RL6982 | BX1: RL6982 | BY1: RL6982 | BZ1: RL6982 | CA1: RL6982 | CB1: RL6982 | CC1: RL6982 | CD1: RL6982 | CE1: RL6982 | CF1: RL6982 | CG1: RL6982 | CH1: RL6982 | CI1: RL6982 | CJ1: RL6982 | CK1: RL6982 | CL1: RL6982 | CM1: RL6982 | CN1: RL6982 | CO1: RL6982 | CP1: RL6982 | CQ1: RL6982 | CR1: RL6982 | CS1: RL6982 | CT1: RL6982 | CU1: RL6982 | CV1: RL6982 | CW1: RL6982 | CX1: RL6982 | CY1: RL6982 | CZ1: RL6982 | DA1: RL6982 | DB1: RL6982 | DC1: RL6982 | DD1: RL6982 | DE1: RL6982 | DF1: RL6982 | DG1: RL6982 | DH1: RL6982 | DI1: RL6982 | DJ1: RL6982 | DK1: RL6982 | DL1: RL6982 | DM1: RL6982 | DN1: RL6982 | DO1: RL6982 | DP1: RL6982 | DQ1: RL6982 | DR1: RL6982 | DS1: RL6982 | DT1: RL6982 | DU1: RL6982 | DV1: RL6982 | DW1: RL6982 | DX1: RL6982 | DY1: RL6982 | DZ1: RL6982 | EA1: RL6982 | EB1: RL6982 | EC1: RL6982 | ED1: RL6982 | EE1: RL6982 | EF1: RL6982 | EG1: RL6982 | EH1: RL6982 | EI1: RL6982 | EJ1: RL6982 | EK1: RL6982 | EL1: RL6982 | EM1: RL6982 | EN1: RL6982 | EO1: RL6982 | EP1: RL6982 | EQ1: RL6982 | ER1: RL6982 | ES1: RL6982 | ET1: RL6982 | EU1: RL6982 | EV1: RL6982 | EW1: RL6982 | EX1: RL6982 | EY1: RL6982 | EZ1: RL6982 | FA1: RL6982 | FB1: RL6982 | FC1: RL6982 | FD1: RL6982 | FE1: RL6982 | FF1: RL6982 | FG1: RL6982 | FH1: RL6982 | FI1: RL6982 | FJ1: RL6982 | FK1: RL6982 | FL1: RL6982 | FM1: RL6982 | FN1: RL6982 | FO1: RL6982 | FP1: RL6982 | FQ1: RL6982 | FR1: RL6982 | FS1: RL6982 | FT1: RL6982 | FU1: RL6982 | FV1: RL6982 | FW1: RL6982 | FX1: RL6982 | FY1: RL6982 | FZ1: RL6982 | GA1: RL6982 | GB1: RL6982 | GC1: RL6982 | GD1: RL6982 | GE1: RL6982 | GF1: RL6982 | GG1: RL6982 | GH1: RL6982 | GI1: RL6982 | GJ1: RL6982 | GK1: RL6982 | GL1: RL6982 | GM1: RL6982 | GN1: RL6982 | GO1: RL6982 | GP1: RL6982 | GQ1: RL6982 | GR1: RL6982 | GS1: RL6982 | GT1: RL6982 | GU1: RL6982 | GV1: RL6982 | GW1: RL6982 | GX1: RL6982 | GY1: RL6982 | GZ1: RL6982 | HA1: RL6982 | HB1: RL6982 | HC1: RL6982 | HD1: RL6982 | HE1: RL6982 | HF1: RL6982 | HG1: RL6982 | HH1: RL6982 | HI1: RL6982 | HJ1: RL6982 | HK1: RL6982 | HL1: RL6982 | HM1: RL6982 | HN1: RL6982 | HO1: RL6982 | HP1: RL6982 | HQ1: RL6982 | HR1: RL6982 | HS1: RL6982 | HT1: RL6982 | HU1: RL6982 | HV1: RL6982 | HW1: RL6982 | HX1: RL6982 | HY1: RL6982 | HZ1: RL6982 | IA1: RL6982 | IB1: RL6982 | IC1: RL6982 | ID1: RL6982 | IE1: RL6982 | IF1: RL6982 | IG1: RL6982 | IH1: RL6982 | II1: RL6982 | IJ1: RL6982 | IK1: RL6982 | IL1: RL6982 | IM1: RL6982 | IN1: RL6982 | IO1: RL6982 | IP1: RL6982 | IQ1: RL6982 | IR1: RL6982 | IS1: RL6982 | IT1: RL6982 | IU1: RL6982 | IV1: RL6982 | IW1: RL6982 | IX1: RL6982 | IY1: RL6982 | IZ1: RL6982 | JA1: RL6982 | JB1: RL6982 | JC1: RL6982 | JD1: RL6982 | JE1: RL6982 | JF1: RL6982 | JG1: RL6982 | JH1: RL6982 | JI1: RL6982 | JJ1: RL6982 | JK1: RL6982 | JL1: RL6982 | JM1: RL6982 | JN1: RL6982 | JO1: RL6982 | JP1: RL6982 | JQ1: RL6982 | JR1: RL6982 | JS1: RL6982 | JT1: RL6982 | JU1: RL6982 | JV1: RL6982 | JW1: RL6982 | JX1: RL6982 | JY1: RL6982 | JZ1: RL6982
A2: Top_all | B2: BIN1 | C2: 267118 | D2: 0.9026 | N2: Product | O2: RL6982 | P2: RL6982 | Q2: RL6982 | R2: RL6982 | S2: RL6982 | T2: RL6982 | U2: RL6982 | V2: RL6982 | W2: RL6982 | X2: RL6982 | Y2: RL6982 | Z2: RL6982 | AA2: RL6982 | AB2: RL6982 | AC2: RL6982 | AD2: RL6982 | AE2: RL6982 | AF2: RL6982 | AG2: RL6982 | AH2: RL6982 | AI2: RL6982 | AJ2: RL6982 | AK2: RL6982 | AL2: RL6982 | AM2: RL6982 | AN2: RL6982 | AO2: RL6982 | AP2: RL6982 | AQ2: RL6982 | AR2: RL6982 | AS2: RL6982 | AT2: RL6982 | AU2: RL6982 | AV2: RL6982 | AW2: RL6982 | AX2: RL6982 | AY2: RL6982 | AZ2: RL6982 | BA2: RL6982 | BB2: RL6982 | BC2: RL6982 | BD2: RL6982 | BE2: RL6982 | BF2: RL6982 | BG2: RL6982 | BH2: RL6982 | BI2: RL6982 | BJ2: RL6982 | BK2: RL6982 | BL2: RL6982 | BM2: RL6982 | BN2: RL6982 | BO2: RL6982 | BP2: RL6982 | BQ2: RL6982 | BR2: RL6982 | BS2: RL6982 | BT2: RL6982 | BU2: RL6982 | BV2: RL6982 | BW2: RL6982 | BX2: RL6982 | BY2: RL6982 | BZ2: RL6982 | CA2: RL6982 | CB2: RL6982 | CC2: RL6982 | CD2: RL6982 | CE2: RL6982 | CF2: RL6982 | CG2: RL6982 | CH2: RL6982 | CI2: RL6982 | CJ2: RL6982 | CK2: RL6982 | CL2: RL6982 | CM2: RL6982 | CN2: RL6982 | CO2: RL6982 | CP2: RL6982 | CQ2: RL6982 | CR2: RL6982 | CS2: RL6982 | CT2: RL6982 | CU2: RL6982 | CV2: RL6982 | CW2: RL6982 | CX2: RL6982 | CY2: RL6982 | CZ2: RL6982 | DA2: RL6982 | DB2: RL6982 | DC2: RL6982 | DD2: RL6982 | DE2: RL6982 | DF2: RL6982 | DG2: RL6982 | DH2: RL6982 | DI2: RL6982 | DJ2: RL6982 | DK2: RL6982 | DL2: RL6982 | DM2: RL6982 | DN2: RL6982 | DO2: RL6982 | DP2: RL6982 | DQ2: RL6982 | DR2: RL6982 | DS2: RL6982 | DT2: RL6982 | DU2: RL6982 | DV2: RL6982 | DW2: RL6982 | DX2: RL6982 | DY2: RL6982 | DZ2: RL6982 | EA2: RL6982 | EB2: RL6982 | EC2: RL6982 | ED2: RL6982 | EE2: RL6982 | EF2: RL6982 | EG2: RL6982 | EH2: RL6982 | EI2: RL6982 | EJ2: RL6982 | EK2: RL6982 | EL2: RL6982 | EM2: RL6982 | EN2: RL6982 | EO2: RL6982 | EP2: RL6982 | EQ2: RL6982 | ER2: RL6982 | ES2: RL6982 | ET2: RL6982 | EU2: RL6982 | EV2: RL6982 | EW2: RL6982 | EX2: RL6982 | EY2: RL6982 | EZ2: RL6982 | FA2: RL6982 | FB2: RL6982 | FC2: RL6982 | FD2: RL6982 | FE2: RL6982 | FF2: RL6982 | FG2: RL6982 | FH2: RL6982 | FI2: RL6982 | FJ2: RL6982 | FK2: RL6982 | FL2: RL6982 | FM2: RL6982 | FN2: RL6982 | FO2: RL6982 | FP2: RL6982 | FQ2: RL6982 | FR2: RL6982 | FS2: RL6982 | FT2: RL6982 | FU2: RL6982 | FV2: RL6982 | FW2: RL6982 | FX2: RL6982 | FY2: RL6982 | FZ2: RL6982 | GA2: RL6982 | GB2: RL6982 | GC2: RL6982 | GD2: RL6982 | GE2: RL6982 | GF2: RL6982 | GG2: RL6982 | GH2: RL6982 | GI2: RL6982 | GJ2: RL6982 | GK2: RL6982 | GL2: RL6982 | GM2: RL6982 | GN2: RL6982 | GO2: RL6982 | GP2: RL6982 | GQ2: RL6982 | GR2: RL6982 | GS2: RL6982 | GT2: RL6982 | GU2: RL6982 | GV2: RL6982 | GW2: RL6982 | GX2: RL6982 | GY2: RL6982 | GZ2: RL6982 | HA2: RL6982 | HB2: RL6982 | HC2: RL6982 | HD2: RL6982 | HE2: RL6982 | HF2: RL6982 | HG2: RL6982 | HH2: RL6982 | HI2: RL6982 | HJ2: RL6982 | HK2: RL6982 | HL2: RL6982 | HM2: RL6982 | HN2: RL6982 | HO2: RL6982 | HP2: RL6982 | HQ2: RL6982 | HR2: RL6982 | HS2: RL6982 | HT2: RL6982 | HU2: RL6982 | HV2: RL6982 | HW2: RL6982 | HX2: RL6982 | HY2: RL6982 | HZ2: RL6982 | IA2: RL6982 | IB2: RL6982 | IC2: RL6982 | ID2: RL6982 | IE2: RL6982 | IF2: RL6982 | IG2: RL6982 | IH2: RL6982 | II2: RL6982 | IJ2: RL6982 | IK2: RL6982 | IL2: RL6982 | IM2: RL6982 | IN2: RL6982 | IO2: RL6982 | IP2: RL6982 | IQ2: RL6982 | IR2: RL6982 | IS2: RL6982 | IT2: RL6982 | IU2: RL6982 | IV2: RL6982 | IW2: RL6982 | IX2: RL6982 | IY2: RL6982 | IZ2: RL6982 | JA2: RL6982 | JB2: RL6982 | JC2: RL6982 | JD2: RL6982 | JE2: RL6982 | JF2: RL6982 | JG2: RL6982 | JH2: RL6982 | JI2: RL6982 | JJ2: RL6982 | JK2: RL6982 | JL2: RL6982 | JM2: RL6982 | JN2: RL6982 | JO2: RL6982 | JP2: RL6982 | JQ2: RL6982 | JR2: RL6982 | JS2: RL6982 | JT2: RL6982 | JU2: RL6982 | JV2: RL6982 | JW2: RL6982 | JX2: RL6982 | JY2: RL6982 | JZ2: RL6982
B3: OTHER | C3: 242 | D3: 0.0008 | N3: Short Lot ID | O3: P9CN5 | P3: P9AT6 | Q3: P9CS3 | R3: P9CL7 | S3: P9CS4 | T3: P9CS3 | U3: P9CM6 | V3: P9CS3 | W3: P9CC4 | X3: P9CM6 | Y3: P9CS4 | Z3: P9CC4 | AA3: P9CS5 | AB3: P9CL7 | AC3: P9CM6 | AD3: P9CS4 | AE3: P9CC4 | AF3: P9CS5 | AG3: P9CL7 | AH3: P9AT9 | AI3: P9CS5 | AJ3: P9CN5 | AK3: P9CS4 | AL3: P9AT6 | AM3: P9CL7 | AN3: P9CS3 | AO3: P9CS2 | AP3: P9CC4 | AQ3: P9CS4 | AR3: P9CS4 | AS3: P9CS4 | AT3: P9CS5 | AU3: P9AU3 | AV3: P9CS3 | AW3: P9CS3 | AX3: P9CS2 | AY3: P9CS3 | AZ3: P9CL7 | BA3: P9AT9 | BB3: P9CL7 | BC3: P9CC6 | BD3: P9CS5 | BE3: P9CS2 | BF3: P9CL7 | BG3: P9CM1 | BH3: P9CM1 | BI3: P9CC4 | BJ3: P9CS3 | BK3: P9CM6 | BL3: P9CL7 | BM3: P9CS4 | BN3: P9CS4 | BO3: P9CS5 | BP3: P9CC4 | BQ3: P9CM6 | BR3: P9AT9 | BS3: P9CS3 | BT3: P9CS2 | BU3: P9AT9 | BV3: P9CC3 | BW3: P9CS2 | BX3: P9CC4 | BY3: P9CS5 | BZ3: P9CL7 | CA3: P9CS4 | CB3: P9CS5 | CC3: P9CL7 | CD3: P9CS4 | CE3: P9CS2 | CF3: P9CS3 | CG3: P9AT9 | CH3: P9CL7 | CI3: P9CM1 | CJ3: P9CC6 | CK3: P9CS2 | CL3: P9AT9 | CM3: P9AT9 | CN3: P9CL6 | CO3: P9AT9 | CP3: P9CS4 | CQ3: P9CM0 | CR3: P9CS3 | CS3: P9CC6 | CT3: P9CS2 | CU3: P9CS2 | CV3: P9CM0 | CW3: P9CC6 | CX3: P9CC6 | CY3: P9CC4 | CZ3: P9CS5 | DA3: P9AU3 | DB3: P9CC6 | DC3: P9CN5 | DD3: P9CM6 | DE3: P9CS4 | DF3: P9CC4 | DG3: P9CS3 | DH3: P9CS4 | DI3: P9CS4 | DJ3: P9CC6 | DK3: P9CM6 | DL3: P9CS3 | DM3: P9CS5 | DN3: P9CS4 | DO3: P9CS3 | DP3: P9CM6 | DQ3: P9CS3 | DR3: P9CS3 | DS3: P9CM1 | DT3: P9CS4 | DU3: P9CM1 | DV3: P9CL7 | DW3: P9CL6 | DX3: P9CC6 | DY3: P9CM0 | DZ3: P9CS5 | EA3: P9CS4 | EB3: P9CL7 | EC3: P9CC4 | ED3: P9CS3 | EE3: P9AT6 | EF3: P9CS5 | EG3: P9CS2 | EH3: P9CS4 | EI3: P9CM1 | EJ3: P9CM0 | EK3: P9CM1 | EL3: P9AU3 | EM3: P9CS2 | EN3: P9CS5 | EO3: P9CM1 | EP3: P9CC3 | EQ3: P9CS2 | ER3: P9AU3 | ES3: P9CM0 | ET3: P9AT9 | EU3: P9CC6 | EV3: P9CS4 | EW3: P9CM0 | EX3: P9CM0 | EY3: P9CM1 | EZ3: P9CS2 | FA3: P9CC3 | FB3: P9CM0 | FC3: P9CS4 | FD3: P9CS3 | FE3: P9CN3 | FF3: P9AT6 | FG3: P9CC6 | FH3: P9CL7 | FI3: P9CM0 | FJ3: P9CS5 | FK3: P9CC4 | FL3: P9AT9 | FM3: P9CM0 | FN3: P9CM0 | FO3: P9CC3 | FP3: P9CC4 | FQ3: P9CC6 | FR3: P9CS2 | FS3: P9CS5 | FT3: P9CL6 | FU3: P9CM1 | FV3: P9CC6 | FW3: P9AT9 | FX3: P9CS3 | FY3: P9CC6 | FZ3: P9CL7 | GA3: P9CL7 | GB3: P9CM6 | GC3: P9CC3 | GD3: P9AU3 | GE3: P9CM0 | GF3: P9CC4 | GG3: P9CC3 | GH3: P9CC6 | GI3: P9CS4 | GJ3: P9CC3 | GK3: P9CC6 | GL3: P9CC4 | GM3: P9CL7 | GN3: P9AT6 | GO3: P9CL7 | GP3: P9CM1 | GQ3: P9CS3 | GR3: P9CM0 | GS3: P9CM0 | GT3: P9CS5 | GU3: P9CC4 | GV3: P9CS5 | GW3: P9CL6 | GX3: P9CC3 | GY3: P9CS3 | GZ3: P9AT9 | HA3: P9CS3 | HB3: P9AT9 | HC3: P9CS5 | HD3: P9CS2 | HE3: P9CC6 | HF3: P9CL7 | HG3: P9CM0 | HH3: P9CC4 | HI3: P9CC3 | HJ3: P9CL7 | HK3: P9CS3 | HL3: P9CM1 | HM3: P9CC6 | HN3: P9CL7 | HO3: P9CS4 | HP3: P9CS3 | HQ3: P9CS4 | HR3: P9CL6 | HS3: P9CC3 | HT3: P9CS2 | HU3: P9CL6 | HV3: P9CC3 | HW3: P9AT6 | HX3: P9CC4 | HY3: P9AT9 | HZ3: P9CM0 | IA3: P9CS2 | IB3: P9CC3 | IC3: P9CM1 | ID3: P9CL7 | IE3: P9AT9 | IF3: P9CM0 | IG3: P9CC3 | IH3: P9CC6 | II3: P9CC3 | IJ3: P9CC6 | IK3: P9CM6 | IL3: P9CC3 | IM3: P9CC3 | IN3: P9CM0 | IO3: P9CS4 | IP3: P9CM0 | IQ3: P9CM0 | IR3: P9CC6 | IS3: P9CC6 | IT3: P9CM6 | IU3: P9CL6 | IV3: P9CM6 | IW3: P9CM0 | IX3: P9CC3 | IY3: P9CM0 | IZ3: P9CC5 | JA3: P9CM0 | JB3: P9CM6 | JC3: P9CC6 | JD3: P9AU3 | JE3: P9CL7 | JF3: P9CC3 | JG3: P9CC3 | JH3: P9CC3 | JI3: P9CL7 | JJ3: P9AT9 | JK3: P9CC3 | JL3: P9CC3 | JM3: P9CC6 | JN3: P9CS5 | JO3: P9AT9 | JP3: P9CC6 | JQ3: P9CS2 | JR3: P9CC3 | JS3: P9CM0 | JT3: P9CC3 | JU3: P9CM0 | JV3: P9CC6 | JW3: P9CL7 | JX3: P9CC3 | JY3: P9AT9 | JZ3: P9AT9
B4: OS | C4: 866 | D4: 0.0029 | N4: Lot ID | O4: P9CN5 | P4: P9AT6 | Q4: P9CS3 | R4: P9CL7 | S4: P9CS4 | T4: P9CS3 | U4: P9CM6 | V4: P9CS3 | W4: P9CC4 | X4: P9CM6 | Y4: P9CS4 | Z4: P9CC4 | AA4: P9CS5 | AB4: P9CL7 | AC4: P9CM6 | AD4: P9CS4 | AE4: P9CC4 | AF4: P9CS5 | AG4: P9CL7 | AH4: P9AT9 | AI4: P9CS5 | AJ4: P9CN5 | AK4: P9CS4 | AL4: P9AT6 | AM4: P9CL7 | AN4: P9CS3 | AO4: P9CS2 | AP4: P9CC4 | AQ4: P9CS4 | AR4: P9CS4 | AS4: P9CS4 | AT4: P9CS5 | AU4: P9AU3 | AV4: P9CS3 | AW4: P9CS3 | AX4: P9CS2 | AY4: P9CS3 | AZ4: P9CL7 | BA4: P9AT9 | BB4: P9CL7 | BC4: P9CC6 | BD4: P9CS5 | BE4: P9CS2 | BF4: P9CL7 | BG4: P9CM1 | BH4: P9CM1 | BI4: P9CC4 | BJ4: P9CS3 | BK4: P9CM6 | BL4: P9CL7 | BM4: P9CS4 | BN4: P9CS4 | BO4: P9CS5 | BP4: P9CC4 | BQ4: P9CM6 | BR4: P9AT9 | BS4: P9CS3 | BT4: P9CS2 | BU4: P9AT9 | BV4: P9CC3 | BW4: P9CS2 | BX4: P9CC4 | BY4: P9CS5 | BZ4: P9CL7 | CA4: P9CS4 | CB4: P9CS5 | CC4: P9CL7 | CD4: P9CS4 | CE4: P9CS2 | CF4: P9CS3 | CG4: P9AT9 | CH4: P9CL7 | CI4: P9CM1 | CJ4: P9CC6 | CK4: P9CS2 | CL4: P9AT9 | CM4: P9AT9 | CN4: P9CL6 | CO4: P9AT9 | CP4: P9CS4 | CQ4: P9CM0 | CR4: P9CS3 | CS4: P9CC6 | CT4: P9CS2 | CU4: P9CS2 | CV4: P9CM0 | CW4: P9CC6 | CX4: P9CC6 | CY4: P9CC4 | CZ4: P9CS5 | DA4: P9AU3 | DB4: P9CC6 | DC4: P9CN5 | DD4: P9CM6 | DE4: P9CS4 | DF4: P9CC4 | DG4: P9CS3 | DH4: P9CS4 | DI4: P9CS4 | DJ4: P9CC6 | DK4: P9CM6 | DL4: P9CS3 | DM4: P9CS5 | DN4: P9CS4 | DO4: P9CS3 | DP4: P9CM6 | DQ4: P9CS3 | DR4: P9CS3 | DS4: P9CM1 | DT4: P9CS4 | DU4: P9CM1 | DV4: P9CL7 | DW4: P9CL6 | DX4: P9CC6 | DY4: P9CM0 | DZ4: P9CS5 | EA4: P9CS4 | EB4: P9CL7 | EC4: P9CC4 | ED4: P9CS3 | EE4: P9AT6 | EF4: P9CS5 | EG4: P9CS2 | EH4: P9CS4 | EI4: P9CM1 | EJ4: P9CM0 | EK4: P9CM1 | EL4: P9AU3 | EM4: P9CS2 | EN4: P9CS5 | EO4: P9CM1 | EP4: P9CC3 | EQ4: P9CS2 | ER4: P9AU3 | ES4: P9CM0 | ET4: P9AT9 | EU4: P9CC6 | EV4: P9CS4 | EW4: P9CM0 | EX4: P9CM0 | EY4: P9CM1 | EZ4: P9CS2 | FA4: P9CC3 | FB4: P9CM0 | FC4: P9CS4 | FD4: P9CS3 | FE4: P9CN3 | FF4: P9AT6 | FG4: P9CC6 | FH4: P9CL7 | FI4: P9CM0 | FJ4: P9CS5 | FK4: P9CC4 | FL4: P9AT9 | FM4: P9CM0 | FN4: P9CM0 | FO4: P9CC3 | FP4: P9CC4 | FQ4: P9CC6 | FR4: P9CS2 | FS4: P9CS5 | FT4: P9CL6 | FU4: P9CM1 | FV4: P9CC6 | FW4: P9AT9 | FX4: P9CS3 | FY4: P9CC6 | FZ4: P9CL7 | GA4: P9CL7 | GB4: P9CM6 | GC4: P9CC3 | GD4: P9AU3 | GE4: P9CM0 | GF4: P9CC4 | GG4: P9CC3 | GH4: P9CC6 | GI4: P9CS4 | GJ4: P9CC3 | GK4: P9CC6 | GL4: P9CC4 | GM4: P9CL7 | GN4: P9AT6 | GO4: P9CL7 | GP4: P9CM1 | GQ4: P9CS3 | GR4: P9CM0 | GS4: P9CM0 | GT4: P9CS5 | GU4: P9CC4 | GV4: P9CS5 | GW4: P9CL6 | GX4: P9CC3 | GY4: P9CS3 | GZ4: P9AT9 | HA4: P9CS3 | HB4: P9AT9 | HC4: P9CS5 | HD4: P9CS2 | HE4: P9CC6 | HF4: P9CL7 | HG4: P9CM0 | HH4: P9CC4 | HI4: P9CC3 | HJ4: P9CL7 | HK4: P9CS3 | HL4: P9CM1 | HM4: P9CC6 | HN4: P9CL7 | HO4: P9CS4 | HP4: P9CS3 | HQ4: P9CS4 | HR4: P9CL6 | HS4: P9CC3 | HT4: P9CS2 | HU4: P9CL6 | HV4: P9CC3 | HW4: P9AT6 | HX4: P9CC4 | HY4: P9AT9 | HZ4: P9CM0 | IA4: P9CS2 | IB4: P9CC3 | IC4: P9CM1 | ID4: P9CL7 | IE4: P9AT9 | IF4: P9CM0 | IG4: P9CC3 | IH4: P9CC6 | II4: P9CC3 | IJ4: P9CC6 | IK4: P9CM6 | IL4: P9CC3 | IM4: P9CC3 | IN4: P9CM0 | IO4: P9CS4 | IP4: P9CM0 | IQ4: P9CM0 | IR4: P9CC6 | IS4: P9CC6 | IT4: P9CM6 | IU4: P9CL6 | IV4: P9CM6 | IW4: P9CM0 | IX4: P9CC3 | IY4: P9CM0 | IZ4: P9CC5 | JA4: P9CM0 | JB4: P9CM6 | JC4: P9CC6 | JD4: P9AU3 | JE4: P9CL7 | JF4: P9CC3 | JG4: P9CC3 | JH4: P9CC3 | JI4: P9CL7 | JJ4: P9AT9 | JK4: P9CC3 | JL4: P9CC3 | JM4: P9CC6 | JN4: P9CS5 | JO4: P9AT9 | JP4: P9CC6 | JQ4: P9CS2 | JR4: P9CC3 | JS4: P9CM0 | JT4: P9CC3 | JU4: P9CM0 | JV4: P9CC6 | JW4: P9CL7 | JX4: P9CC3 | JY4: P9AT9 | JZ4: P9AT9
B5: SD | C5: 728 | D5: 0.0025 | N5: Wafer ID | O5: MAX518-15G1 | P5: MAX055-18A1 | Q5: MAX507-18A5 | R5: MAX053-17G4 | S5: MAX510-12B4 | T5: MAX507-21A0 | U5: MAX513-09A7 | V5: MAX507-16B7 | W5: MAX514-09F3 | X5: MAX513-06C6 | Y5: MAX510-23D2 | Z5: MAX514-06H2 | AA5: MAX521-07H0 | AB5: MAX053-05F3 | AC5: MAX513-07C1 | AD5: MAX510-10C6 | AE5: MAX514-11F3 | AF5: MAX521-06A2 | AG5: MAX053-04G0 | AH5: MAX059-18D3 | AI5: MAX521-03C1 | AJ5: MAX518-11B2 | AK5: MAX510-24C5 | AL5: MAX055-03A7 | AM5: MAX053-16H1 | AN5: MAX507-15C4 | AO5: MAX069-14F0 | AP5: MAX514-18B0 | AQ5: MAX510-07D3 | AR5: MAX510-05E5 | AS5: MAX510-25C0 | AT5: MAX521-23G7 | AU5: MAX072-02B0 | AV5: MAX507-17B2 | AW5: MAX507-20A5 | AX5: MAX069-25G6 | AY5: MAX507-25E7 | AZ5: MAX053-07E1 | BA5: MAX059-22C1 | BB5: MAX053-13B5 | BC5: MAX524-10F1 | BD5: MAX521-25F5 | BE5: MAX069-02D7 | BF5: MAX053-14B0 | BG5: MAX508-21E4 | BH5: MAX508-25C0 | BI5: MAX514-01D0 | BJ5: MAX507-13D6 | BK5: MAX513-13H0 | BL5: MAX053-10D4 | BM5: MAX510-06E0 | BN5: MAX510-04F2 | BO5: MAX521-04B4 | BP5: MAX514-02C3 | BQ5: MAX513-25A6 | BR5: MAX059-02E6 | BS5: MAX507-22G6 | BT5: MAX069-15E3 | BU5: MAX059-21C6 | BV5: MAX512-14B7 | BW5: MAX069-05C0 | BX5: MAX514-24F7 | BY5: MAX521-11F6 | BZ5: MAX053-06E6 | CA5: MAX510-08C6 | CB5: MAX521-15D2 | CC5: MAX053-01A4 | CD5: MAX510-02G4 | CE5: MAX069-10A1 | CF5: MAX507-19A0 | CG5: MAX059-19C6 | CH5: MAX053-08D4 | CI5: MAX508-06E0 | CJ5: MAX524-03A7 | CK5: MAX069-20C4 | CL5: MAX059-01F3 | CM5: MAX059-24A7 | CN5: MAX052-10G3 | CO5: MAX059-14F7 | CP5: MAX510-19E4 | CQ5: MAX505-17H0 | CR5: MAX507-12E3 | CS5: MAX524-07F6 | CT5: MAX069-23A5 | CU5: MAX069-24A0 | CV5: MAX505-18G3 | CW5: MAX524-16B3 | CX5: MAX524-13D2 | CY5: MAX514-03B6 | CZ5: MAX521-05A7 | DA5: MAX072-19G3 | DB5: MAX524-22G2 | DC5: MAX518-16F4 | DD5: MAX513-24B3 | DE5: MAX510-22D7 | DF5: MAX514-05A4 | DG5: MAX507-07G2 | DH5: MAX510-03F7 | DI5: MAX510-15H0 | DJ5: MAX524-09E4 | DK5: MAX513-23C0 | DL5: MAX507-24F4 | DM5: MAX521-13E4 | DN5: MAX510-13A7 | DO5: MAX507-06G7 | DP5: MAX513-17E4 | DQ5: MAX507-03B3 | DR5: MAX507-14D1 | DS5: MAX508-20F1 | DT5: MAX510-14A2 | DU5: MAX508-22D7 | DV5: MAX053-02H2 | DW5: MAX052-24G2 | DX5: MAX524-08F1 | DY5: MAX505-21F6 | DZ5: MAX521-14D7 | EA5: MAX510-16G3 | EB5: MAX053-22E5 | EC5: MAX514-10G0 | ED5: MAX507-23G1 | EE5: MAX055-02B4 | EF5: MAX521-18B3 | EG5: MAX069-17D1 | EH5: MAX510-01H1 | EI5: MAX508-16G3 | EJ5: MAX505-07E5 | EK5: MAX508-08C6 | EL5: MAX072-18H0 | EM5: MAX069-16D6 | EN5: MAX521-24G2 | EO5: MAX508-14A2 | EP5: MAX512-20G6 | EQ5: MAX069-18C4 | ER5: MAX072-10E5 | ES5: MAX505-20G3 | ET5: MAX059-10B0 | EU5: MAX524-06G3 | EV5: MAX510-20F1 | EW5: MAX505-04G4 | EX5: MAX505-19F6 | EY5: MAX508-15H0 | EZ5: MAX069-21B7 | FA5: MAX512-09D6 | FB5: MAX505-22F1 | FC5: MAX510-17F6 | FD5: MAX507-09F0 | FE5: MAX515-23D5 | FF5: MAX055-01C1 | FG5: MAX524-20A1 | FH5: MAX053-20F7 | FI5: MAX505-12C6 | FJ5: MAX521-20B3 | FK5: MAX514-08G0 | FL5: MAX059-04D4 | FM5: MAX505-03H1 | FN5: MAX505-09D3 | FO5: MAX512-19G1 | FP5: MAX514-07G5 | FQ5: MAX524-01C1 | FR5: MAX069-13F5 | FS5: MAX521-21A6 | FT5: MAX052-25F5 | FU5: MAX508-24C5 | FV5: MAX524-14C5 | FW5: MAX059-16E5 | FX5: MAX507-08F5 | FY5: MAX524-19G7 | FZ5: MAX053-18F7 | GA5: MAX053-09C7 | GB5: MAX513-08B4 | GC5: MAX512-03A1 | GD5: MAX072-01B5 | GE5: MAX505-15A7 | GF5: MAX514-23G4 | GG5: MAX512-06F5 | GH5: MAX524-21G7 | GI5: MAX510-21E4 | GJ5: MAX512-08E3 | GK5: MAX524-15C0 | GL5: MAX514-19A3 | GM5: MAX053-19F2 | GN5: MAX055-20A1 | GO5: MAX053-23E0 | GP5: MAX508-23D2 | GQ5: MAX507-02C0 | GR5: MAX505-01B0 | GS5: MAX505-13C1 | GT5: MAX521-12F1 | GU5: MAX514-04B1 | GV5: MAX521-16C5 | GW5: MAX052-15D2 | GX5: MAX512-17A0 | GY5: MAX507-05A1 | GZ5: MAX059-20D3 | HA5: MAX507-11F0 | HB5: MAX059-03E1 | HC5: MAX521-22A1 | HD5: MAX069-19B7 | HE5: MAX524-05H0 | HF5: MAX053-21F2 | HG5: MAX505-14B4 | HH5: MAX514-22H1 | HI5: MAX512-22F4 | HJ5: MAX053-25C6 | HK5: MAX507-10F5 | HL5: MAX508-07D3 | HM5: MAX524-04A2 | HN5: MAX053-24D3 | HO5: MAX510-09C1 | HP5: MAX507-04A6 | HQ5: MAX510-11C1 | HR5: MAX052-14D7 | HS5: MAX512-04G7 | HT5: MAX069-22B2 | HU5: MAX052-11F6 | HV5: MAX512-11D6 | HW5: MAX055-17A6 | HX5: MAX514-21A3 | HY5: MAX059-12H1 | HZ5: MAX505-08E0 | IA5: MAX069-12G2 | IB5: MAX512-21G1 | IC5: MAX508-13A7 | ID5: MAX053-12C2 | IE5: MAX059-13G4 | IF5: MAX505-06F2 | IG5: MAX512-05G2 | IH5: MAX524-18A1 | II5: MAX512-25D5 | IJ5: MAX524-12D7 | IK5: MAX513-14G3 | IL5: MAX512-12D1 | IM5: MAX512-01B3 | IN5: MAX505-10E0 | IO5: MAX510-18F1 | IP5: MAX505-23E4 | IQ5: MAX505-24D7 | IR5: MAX524-24F0 | IS5: MAX524-02B4 | IT5: MAX513-16F1 | IU5: MAX052-16C5 | IV5: MAX513-22C5 | IW5: MAX505-25D2 | IX5: MAX512-16A5 | IY5: MAX505-16A2 | IZ5: MAX516-18C5 | JA5: MAX505-05F7 | JB5: MAX513-15F6 | JC5: MAX524-25E3 | JD5: MAX072-20H0 | JE5: MAX053-03G5 | JF5: MAX512-13C4 | JG5: MAX512-15B2 | JH5: MAX512-07F0 | JI5: MAX053-15A3 | JJ5: MAX059-11A3 | JK5: MAX512-18G6 | JL5: MAX512-23E7 | JM5: MAX524-17A6 | JN5: MAX521-08G3 | JO5: MAX059-23B4 | JP5: MAX524-11E4 | JQ5: MAX069-11G7 | JR5: MAX512-24E2 | JS5: MAX505-02A3 | JT5: MAX512-10E3 | JU5: MAX505-11D3 | JV5: MAX524-23F5 | JW5: MAX053-11C7 | JX5: MAX512-02A6 | JY5: MAX059-15F2 | JZ5: MAX059-17E0
B6: POR | C6: 40 | D6: 0.0001 | N6: Wafer NO. | O6: 15 | P6: 18 | Q6: 18 | R6: 17 | S6: 12 | T6: 21 | U6: 9 | V6: 16 | W6: 9 | X6: 6 | Y6: 23 | Z6: 6 | AA6: 7 | AB6: 5 | AC6: 7 | AD6: 10 | AE6: 11 | AF6: 6 | AG6: 4 | AH6: 18 | AI6: 3 | AJ6: 11 | AK6: 24 | AL6: 3 | AM6: 16 | AN6: 15 | AO6: 14 | AP6: 18 | AQ6: 7 | AR6: 5 | AS6: 25 | AT6: 23 | AU6: 2 | AV6: 17 | AW6: 20 | AX6: 25 | AY6: 25 | AZ6: 7 | BA6: 22 | BB6: 13 | BC6: 10 | BD6: 25 | BE6: 2 | BF6: 14 | BG6: 21 | BH6: 25 | BI6: 1 | BJ6: 13 | BK6: 13 | BL6: 10 | BM6: 6 | BN6: 4 | BO6: 4 | BP6: 2 | BQ6: 25 | BR6: 2 | BS6: 22 | BT6: 15 | BU6: 21 | BV6: 14 | BW6: 5 | BX6: 24 | BY6: 11 | BZ6: 6 | CA6: 8 | CB6: 15 | CC6: 1 | CD6: 2 | CE6: 10 | CF6: 19 | CG6: 19 | CH6: 8 | CI6: 6 | CJ6: 3 | CK6: 20 | CL6: 1 | CM6: 24 | CN6: 10 | CO6: 14 | CP6: 19 | CQ6: 17 | CR6: 12 | CS6: 7 | CT6: 23 | CU6: 24 | CV6: 18 | CW6: 16 | CX6: 13 | CY6: 3 | CZ6: 5 | DA6: 19 | DB6: 22 | DC6: 16 | DD6: 24 | DE6: 22 | DF6: 5 | DG6: 7 | DH6: 3 | DI6: 15 | DJ6: 9 | DK6: 23 | DL6: 24 | DM6: 13 | DN6: 13 | DO6: 6 | DP6: 17 | DQ6: 3 | DR6: 14 | DS6: 20 | DT6: 14 | DU6: 22 | DV6: 2 | DW6: 24 | DX6: 8 | DY6: 21 | DZ6: 14 | EA6: 16 | EB6: 22 | EC6: 10 | ED6: 23 | EE6: 2 | EF6: 18 | EG6: 17 | EH6: 1 | EI6: 16 | EJ6: 7 | EK6: 8 | EL6: 18 | EM6: 16 | EN6: 24 | EO6: 14 | EP6: 20 | EQ6: 18 | ER6: 10 | ES6: 20 | ET6: 10 | EU6: 6 | EV6: 20 | EW6: 4 | EX6: 19 | EY6: 15 | EZ6: 21 | FA6: 9 | FB6: 22 | FC6: 17 | FD6: 9 | FE6: 23 | FF6: 1 | FG6: 20 | FH6: 20 | FI6: 12 | FJ6: 20 | FK6: 8 | FL6: 4 | FM6: 3 | FN6: 9 | FO6: 19 | FP6: 7 | FQ6: 1 | FR6: 13 | FS6: 21 | FT6: 25 | FU6: 24 | FV6: 14 | FW6: 16 | FX6: 8 | FY6: 19 | FZ6: 18 | GA6: 9 | GB6: 8 | GC6: 3 | GD6: 1 | GE6: 15 | GF6: 23 | GG6: 6 | GH6: 21 | GI6: 21 | GJ6: 8 | GK6: 15 | GL6: 19 | GM6: 19 | GN6: 20 | GO6: 23 | GP6: 23 | GQ6: 2 | GR6: 1 | GS6: 13 | GT6: 12 | GU6: 4 | GV6: 16 | GW6: 15 | GX6: 17 | GY6: 5 | GZ6: 20 | HA6: 11 | HB6: 3 | HC6: 22 | HD6: 19 | HE6: 5 | HF6: 21 | HG6: 14 | HH6: 22 | HI6: 22 | HJ6: 25 | HK6: 10 | HL6: 7 | HM6: 4 | HN6: 24 | HO6: 9 | HP6: 4 | HQ6: 11 | HR6: 14 | HS6: 4 | HT6: 22 | HU6: 11 | HV6: 11 | HW6: 17 | HX6: 21 | HY6: 12 | HZ6: 8 | IA6: 12 | IB6: 21 | IC6: 13 | ID6: 12 | IE6: 13 | IF6: 6 | IG6: 5 | IH6: 18 | II6: 25 | IJ6: 12 | IK6: 14 | IL6: 12 | IM6: 1 | IN6: 10 | IO6: 18 | IP6: 23 | IQ6: 24 | IR6: 24 | IS6: 2 | IT6: 16 | IU6: 16 | IV6: 22 | IW6: 25 | IX6: 16 | IY6: 16 | IZ6: 18 | JA6: 5 | JB6: 15 | JC6: 25 | JD6: 20 | JE6: 3 | JF6: 13 | JG6: 15 | JH6: 7 | JI6: 15 | JJ6: 11 | JK6: 18 | JL6: 23 | JM6: 17 | JN6: 8 | JO6: 23 | JP6: 11 | JQ6: 11 | JR6: 24 | JS6: 2 | JT6: 10 | JU6: 11 | JV6: 23 | JW6: 11 | JX6: 2 | JY6: 15 | JZ6: 17
B7: IDD | C7: 163 | D7: 0.0006 | N7: Re-Test | O7: 2 | P7: 1 | Q7: 6 | R7: 1 | S7: 1 | T7: 16 | U7: 1 | V7: 2 | W7: 1 | X7: 1 | Y7: 3 | Z7: 1 | AA7: 1 | AB7: 1 | AC7: 1 | AD7: 1 | AE7: 1 | AF7: 1 | AG7: 1 | AH7: 1 | AI7: 1 | AJ7: 2 | AK7: 2 | AL7: 8 | AM7: 2 | AN7: 1 | AO7: 1 | AP7: 5 | AQ7: 1 | AR7: 1 | AS7: 1 | AT7: 1 | AU7: 1 | AV7: 1 | AW7: 2 | AX7: 1 | AY7: 1 | AZ7: 1 | BA7: 1 | BB7: 1 | BC7: 1 | BD7: 1 | BE7: 1 | BF7: 1 | BG7: 1 | BH7: 1 | BI7: 1 | BJ7: 1 | BK7: 3 | BL7: 1 | BM7: 1 | BN7: 1 | BO7: 1 | BP7: 1 | BQ7: 1 | BR7: 1 | BS7: 1 | BT7: 1 | BU7: 1 | BV7: 1 | BW7: 2 | BX7: 1 | BY7: 2 | BZ7: 1 | CA7: 3 | CB7: 2 | CC7: 1 | CD7: 2 | CE7: 1 | CF7: 1 | CG7: 1 | CH7: 2 | CI7: 1 | CJ7: 1 | CK7: 1 | CL7: 1 | CM7: 1 | CN7: 11 | CO7: 2 | CP7: 1 | CQ7: 1 | CR7: 1 | CS7: 1 | CT7: 1 | CU7: 5 | CV7: 1 | CW7: 4 | CX7: 1 | CY7: 1 | CZ7: 1 | DA7: 1 | DB7: 1 | DC7: 1 | DD7: 1 | DE7: 2 | DF7: 1 | DG7: 1 | DH7: 1 | DI7: 1 | DJ7: 1 | DK7: 1 | DL7: 3 | DM7: 1 | DN7: 1 | DO7: 1 | DP7: 1 | DQ7: 1 | DR7: 4 | DS7: 1 | DT7: 1 | DU7: 1 | DV7: 1 | DW7: 1 | DX7: 1 | DY7: 1 | DZ7: 1 | EA7: 1 | EB7: 2 | EC7: 1 | ED7: 1 | EE7: 1 | EF7: 3 | EG7: 2 | EH7: 1 | EI7: 2 | EJ7: 1 | EK7: 2 | EL7: 1 | EM7: 2 | EN7: 1 | EO7: 1 | EP7: 1 | EQ7: 1 | ER7: 1 | ES7: 3 | ET7: 2 | EU7: 1 | EV7: 1 | EW7: 1 | EX7: 1 | EY7: 1 | EZ7: 2 | FA7: 1 | FB7: 1 | FC7: 1 | FD7: 1 | FE7: 6 | FF7: 1 | FG7: 1 | FH7: 1 | FI7: 1 | FJ7: 1 | FK7: 1 | FL7: 1 | FM7: 3 | FN7: 2 | FO7: 2 | FP7: 1 | FQ7: 1 | FR7: 1 | FS7: 1 | FT7: 1 | FU7: 1 | FV7: 2 | FW7: 1 | FX7: 3 | FY7: 1 | FZ7: 1 | GA7: 1 | GB7: 1 | GC7: 2 | GD7: 1 | GE7: 1 | GF7: 1 | GG7: 1 | GH7: 1 | GI7: 1 | GJ7: 1 | GK7: 3 | GL7: 1 | GM7: 1 | GN7: 1 | GO7: 1 | GP7: 1 | GQ7: 1 | GR7: 1 | GS7: 1 | GT7: 1 | GU7: 1 | GV7: 1 | GW7: 1 | GX7: 1 | GY7: 5 | GZ7: 1 | HA7: 1 | HB7: 1 | HC7: 1 | HD7: 1 | HE7: 1 | HF7: 1 | HG7: 1 | HH7: 1 | HI7: 1 | HJ7: 1 | HK7: 1 | HL7: 1 | HM7: 1 | HN7: 1 | HO7: 3 | HP7: 1 | HQ7: 1 | HR7: 1 | HS7: 1 | HT7: 3 | HU7: 2 | HV7: 1 | HW7: 1 | HX7: 1 | HY7: 1 | HZ7: 3 | IA7: 1 | IB7: 1 | IC7: 1 | ID7: 2 | IE7: 1 | IF7: 1 | IG7: 1 | IH7: 1 | II7: 1 | IJ7: 1 | IK7: 1 | IL7: 1 | IM7: 1 | IN7: 2 | IO7: 1 | IP7: 1 | IQ7: 1 | IR7: 1 | IS7: 1 | IT7: 1 | IU7: 1 | IV7: 2 | IW7: 1 | IX7: 1 | IY7: 1 | IZ7: 3 | JA7: 5 | JB7: 1 | JC7: 1 | JD7: 1 | JE7: 1 | JF7: 1 | JG7: 1 | JH7: 1 | JI7: 1 | JJ7: 1 | JK7: 1 | JL7: 5 | JM7: 1 | JN7: 1 | JO7: 1 | JP7: 1 | JQ7: 1 | JR7: 1 | JS7: 1 | JT7: 1 | JU7: 1 | JV7: 1 | JW7: 1 | JX7: 1 | JY7: 1 | JZ7: 3
B8: OTP | C8: 19 | D8: 0.0001 | N8: ProbeCard | O8: RL6982-PC-15 | P8: RL6982-PC-17 | Q8: RL6982-PC-25 | R8: RL6982-PC-25 | S8: RL6982-PC-01 | T8: RL6982-PC-25 | U8: RL6982-PC-23 | V8: RL6982-PC-03 | W8: RL6982-PC-11 | X8: RL6982-PC-23 | Y8: RL6982-PC-06 | Z8: RL6982-PC-11 | AA8: RL6982-PC-06 | AB8: RL6982-PC-09 | AC8: RL6982-PC-23 | AD8: RL6982-PC-01 | AE8: RL6982-PC-03 | AF8: RL6982-PC-06 | AG8: RL6982-PC-09 | AH8: RL6982-PC-23 | AI8: RL6982-PC-06 | AJ8: RL6982-PC-15 | AK8: RL6982-PC-06 | AL8: RL6982-PC-25 | AM8: RL6982-PC-18 | AN8: RL6982-PC-03 | AO8: RL6982-PC-11 | AP8: RL6982-PC-17 | AQ8: RL6982-PC-18 | AR8: RL6982-PC-18 | AS8: RL6982-PC-06 | AT8: RL6982-PC-01 | AU8: RL6982-PC-06 | AV8: RL6982-PC-25 | AW8: RL6982-PC-25 | AX8: RL6982-PC-02 | AY8: RL6982-PC-25 | AZ8: RL6982-PC-09 | BA8: RL6982-PC-23 | BB8: RL6982-PC-17 | BC8: RL6982-PC-17 | BD8: RL6982-PC-01 | BE8: RL6982-PC-02 | BF8: RL6982-PC-17 | BG8: RL6982-PC-15 | BH8: RL6982-PC-15 | BI8: RL6982-PC-11 | BJ8: RL6982-PC-03 | BK8: RL6982-PC-18 | BL8: RL6982-PC-17 | BM8: RL6982-PC-18 | BN8: RL6982-PC-18 | BO8: RL6982-PC-06 | BP8: RL6982-PC-11 | BQ8: RL6982-PC-17 | BR8: RL6982-PC-11 | BS8: RL6982-PC-25 | BT8: RL6982-PC-11 | BU8: RL6982-PC-23 | BV8: RL6982-PC-23 | BW8: RL6982-PC-02 | BX8: RL6982-PC-09 | BY8: RL6982-PC-18 | BZ8: RL6982-PC-09 | CA8: RL6982-PC-18 | CB8: RL6982-PC-18 | CC8: RL6982-PC-09 | CD8: RL6982-PC-18 | CE8: RL6982-PC-11 | CF8: RL6982-PC-25 | CG8: RL6982-PC-23 | CH8: RL6982-PC-09 | CI8: RL6982-PC-03 | CJ8: RL6982-PC-23 | CK8: RL6982-PC-02 | CL8: RL6982-PC-11 | CM8: RL6982-PC-23 | CN8: RL6982-PC-06 | CO8: RL6982-PC-18 | CP8: RL6982-PC-06 | CQ8: RL6982-PC-15 | CR8: RL6982-PC-03 | CS8: RL6982-PC-23 | CT8: RL6982-PC-02 | CU8: RL6982-PC-02 | CV8: RL6982-PC-06 | CW8: RL6982-PC-17 | CX8: RL6982-PC-17 | CY8: RL6982-PC-11 | CZ8: RL6982-PC-06 | DA8: RL6982-PC-15 | DB8: RL6982-PC-09 | DC8: RL6982-PC-15 | DD8: RL6982-PC-17 | DE8: RL6982-PC-06 | DF8: RL6982-PC-11 | DG8: RL6982-PC-07 | DH8: RL6982-PC-18 | DI8: RL6982-PC-01 | DJ8: RL6982-PC-17 | DK8: RL6982-PC-17 | DL8: RL6982-PC-25 | DM8: RL6982-PC-18 | DN8: RL6982-PC-01 | DO8: RL6982-PC-07 | DP8: RL6982-PC-09 | DQ8: RL6982-PC-07 | DR8: RL6982-PC-03 | DS8: RL6982-PC-15 | DT8: RL6982-PC-01 | DU8: RL6982-PC-15 | DV8: RL6982-PC-09 | DW8: RL6982-PC-25 | DX8: RL6982-PC-03 | DY8: RL6982-PC-06 | DZ8: RL6982-PC-18 | EA8: RL6982-PC-01 | EB8: RL6982-PC-25 | EC8: RL6982-PC-03 | ED8: RL6982-PC-25 | EE8: RL6982-PC-25 | EF8: RL6982-PC-01 | EG8: RL6982-PC-11 | EH8: RL6982-PC-18 | EI8: RL6982-PC-11 | EJ8: RL6982-PC-07 | EK8: RL6982-PC-03 | EL8: RL6982-PC-15 | EM8: RL6982-PC-11 | EN8: RL6982-PC-01 | EO8: RL6982-PC-11 | EP8: RL6982-PC-07 | EQ8: RL6982-PC-11 | ER8: RL6982-PC-18 | ES8: RL6982-PC-06 | ET8: RL6982-PC-18 | EU8: RL6982-PC-23 | EV8: RL6982-PC-06 | EW8: RL6982-PC-07 | EX8: RL6982-PC-06 | EY8: RL6982-PC-11 | EZ8: RL6982-PC-02 | FA8: RL6982-PC-23 | FB8: RL6982-PC-06 | FC8: RL6982-PC-01 | FD8: RL6982-PC-03 | FE8: RL6982-PC-25 | FF8: RL6982-PC-25 | FG8: RL6982-PC-09 | FH8: RL6982-PC-25 | FI8: RL6982-PC-15 | FJ8: RL6982-PC-01 | FK8: RL6982-PC-11 | FL8: RL6982-PC-11 | FM8: RL6982-PC-07 | FN8: RL6982-PC-07 | FO8: RL6982-PC-07 | FP8: RL6982-PC-11 | FQ8: RL6982-PC-23 | FR8: RL6982-PC-11 | FS8: RL6982-PC-01 | FT8: RL6982-PC-25 | FU8: RL6982-PC-15 | FV8: RL6982-PC-17 | FW8: RL6982-PC-18 | FX8: RL6982-PC-07 | FY8: RL6982-PC-09 | FZ8: RL6982-PC-25 | GA8: RL6982-PC-17 | GB8: RL6982-PC-23 | GC8: RL6982-PC-15 | GD8: RL6982-PC-06 | GE8: RL6982-PC-15 | GF8: RL6982-PC-09 | GG8: RL6982-PC-15 | GH8: RL6982-PC-09 | GI8: RL6982-PC-06 | GJ8: RL6982-PC-15 | GK8: RL6982-PC-17 | GL8: RL6982-PC-02 | GM8: RL6982-PC-25 | GN8: RL6982-PC-17 | GO8: RL6982-PC-25 | GP8: RL6982-PC-15 | GQ8: RL6982-PC-07 | GR8: RL6982-PC-01 | GS8: RL6982-PC-15 | GT8: RL6982-PC-18 | GU8: RL6982-PC-11 | GV8: RL6982-PC-18 | GW8: RL6982-PC-02 | GX8: RL6982-PC-07 | GY8: RL6982-PC-07 | GZ8: RL6982-PC-23 | HA8: RL6982-PC-03 | HB8: RL6982-PC-11 | HC8: RL6982-PC-01 | HD8: RL6982-PC-02 | HE8: RL6982-PC-23 | HF8: RL6982-PC-25 | HG8: RL6982-PC-15 | HH8: RL6982-PC-09 | HI8: RL6982-PC-07 | HJ8: RL6982-PC-25 | HK8: RL6982-PC-03 | HL8: RL6982-PC-03 | HM8: RL6982-PC-23 | HN8: RL6982-PC-25 | HO8: RL6982-PC-18 | HP8: RL6982-PC-07 | HQ8: RL6982-PC-01 | HR8: RL6982-PC-02 | HS8: RL6982-PC-15 | HT8: RL6982-PC-02 | HU8: RL6982-PC-02 | HV8: RL6982-PC-23 | HW8: RL6982-PC-17 | HX8: RL6982-PC-09 | HY8: RL6982-PC-18 | HZ8: RL6982-PC-07 | IA8: RL6982-PC-11 | IB8: RL6982-PC-07 | IC8: RL6982-PC-11 | ID8: RL6982-PC-17 | IE8: RL6982-PC-18 | IF8: RL6982-PC-07 | IG8: RL6982-PC-15 | IH8: RL6982-PC-09 | II8: RL6982-PC-07 | IJ8: RL6982-PC-17 | IK8: RL6982-PC-09 | IL8: RL6982-PC-23 | IM8: RL6982-PC-15 | IN8: RL6982-PC-15 | IO8: RL6982-PC-06 | IP8: RL6982-PC-06 | IQ8: RL6982-PC-06 | IR8: RL6982-PC-09 | IS8: RL6982-PC-23 | IT8: RL6982-PC-09 | IU8: RL6982-PC-02 | IV8: RL6982-PC-17 | IW8: RL6982-PC-06 | IX8: RL6982-PC-23 | IY8: RL6982-PC-15 | IZ8: RL6982-PC-23 | JA8: RL6982-PC-07 | JB8: RL6982-PC-09 | JC8: RL6982-PC-09 | JD8: RL6982-PC-15 | JE8: RL6982-PC-09 | JF8: RL6982-PC-23 | JG8: RL6982-PC-23 | JH8: RL6982-PC-15 | JI8: RL6982-PC-17 | JJ8: RL6982-PC-18 | JK8: RL6982-PC-07 | JL8: RL6982-PC-07 | JM8: RL6982-PC-09 | JN8: RL6982-PC-06 | JO8: RL6982-PC-23 | JP8: RL6982-PC-17 | JQ8: RL6982-PC-11 | JR8: RL6982-PC-07 | JS8: RL6982-PC-01 | JT8: RL6982-PC-23 | JU8: RL6982-PC-15 | JV8: RL6982-PC-09 | JW8: RL6982-PC-17 | JX8: RL6982-PC-15 | JY8: RL6982-PC-18 | JZ8: RL6982-PC-18
B9: SCAN | C9: 19194 | D9: 0.0649 | N9: Yield | O9: 0.8042 | P9: 0.8162 | Q9: 0.8438 | R9: 0.8438 | S9: 0.8465 | T9: 0.8528 | U9: 0.8539 | V9: 0.8557 | W9: 0.8575 | X9: 0.8631 | Y9: 0.8667 | Z9: 0.8667 | AA9: 0.8676 | AB9: 0.8686 | AC9: 0.8695 | AD9: 0.8713 | AE9: 0.8722 | AF9: 0.875 | AG9: 0.8759 | AH9: 0.8768 | AI9: 0.8768 | AJ9: 0.8778 | AK9: 0.8778 | AL9: 0.8796 | AM9: 0.8805 | AN9: 0.8814 | AO9: 0.8824 | AP9: 0.8833 | AQ9: 0.8833 | AR9: 0.8842 | AS9: 0.8842 | AT9: 0.8851 | AU9: 0.8851 | AV9: 0.8851 | AW9: 0.886 | AX9: 0.886 | AY9: 0.886 | AZ9: 0.886 | BA9: 0.8869 | BB9: 0.8869 | BC9: 0.8869 | BD9: 0.8869 | BE9: 0.8869 | BF9: 0.8879 | BG9: 0.8879 | BH9: 0.8879 | BI9: 0.8879 | BJ9: 0.8888 | BK9: 0.8888 | BL9: 0.8888 | BM9: 0.8897 | BN9: 0.8897 | BO9: 0.8897 | BP9: 0.8906 | BQ9: 0.8915 | BR9: 0.8915 | BS9: 0.8915 | BT9: 0.8925 | BU9: 0.8925 | BV9: 0.8925 | BW9: 0.8925 | BX9: 0.8934 | BY9: 0.8934 | BZ9: 0.8934 | CA9: 0.8943 | CB9: 0.8952 | CC9: 0.8952 | CD9: 0.8952 | CE9: 0.8952 | CF9: 0.8952 | CG9: 0.8961 | CH9: 0.8961 | CI9: 0.8961 | CJ9: 0.8961 | CK9: 0.8971 | CL9: 0.8971 | CM9: 0.8971 | CN9: 0.8971 | CO9: 0.8971 | CP9: 0.8971 | CQ9: 0.8971 | CR9: 0.898 | CS9: 0.898 | CT9: 0.898 | CU9: 0.898 | CV9: 0.898 | CW9: 0.898 | CX9: 0.8989 | CY9: 0.8989 | CZ9: 0.8989 | DA9: 0.8998 | DB9: 0.8998 | DC9: 0.8998 | DD9: 0.8998 | DE9: 0.8998 | DF9: 0.8998 | DG9: 0.9007 | DH9: 0.9007 | DI9: 0.9007 | DJ9: 0.9007 | DK9: 0.9007 | DL9: 0.9007 | DM9: 0.9007 | DN9: 0.9007 | DO9: 0.9017 | DP9: 0.9017 | DQ9: 0.9026 | DR9: 0.9026 | DS9: 0.9026 | DT9: 0.9026 | DU9: 0.9026 | DV9: 0.9026 | DW9: 0.9026 | DX9: 0.9026 | DY9: 0.9026 | DZ9: 0.9026 | EA9: 0.9026 | EB9: 0.9035 | EC9: 0.9035 | ED9: 0.9035 | EE9: 0.9035 | EF9: 0.9035 | EG9: 0.9035 | EH9: 0.9035 | EI9: 0.9044 | EJ9: 0.9044 | EK9: 0.9044 | EL9: 0.9044 | EM9: 0.9044 | EN9: 0.9044 | EO9: 0.9044 | EP9: 0.9044 | EQ9: 0.9044 | ER9: 0.9044 | ES9: 0.9044 | ET9: 0.9053 | EU9: 0.9053 | EV9: 0.9053 | EW9: 0.9053 | EX9: 0.9053 | EY9: 0.9053 | EZ9: 0.9053 | FA9: 0.9062 | FB9: 0.9062 | FC9: 0.9062 | FD9: 0.9062 | FE9: 0.9062 | FF9: 0.9062 | FG9: 0.9062 | FH9: 0.9062 | FI9: 0.9072 | FJ9: 0.9072 | FK9: 0.9072 | FL9: 0.9072 | FM9: 0.9081 | FN9: 0.9081 | FO9: 0.9081 | FP9: 0.9081 | FQ9: 0.9081 | FR9: 0.9081 | FS9: 0.9081 | FT9: 0.909 | FU9: 0.909 | FV9: 0.909 | FW9: 0.909 | FX9: 0.909 | FY9: 0.909 | FZ9: 0.9099 | GA9: 0.9099 | GB9: 0.9099 | GC9: 0.9099 | GD9: 0.9099 | GE9: 0.9099 | GF9: 0.9099 | GG9: 0.9108 | GH9: 0.9108 | GI9: 0.9108 | GJ9: 0.9108 | GK9: 0.9108 | GL9: 0.9108 | GM9: 0.9108 | GN9: 0.9108 | GO9: 0.9108 | GP9: 0.9108 | GQ9: 0.9118 | GR9: 0.9118 | GS9: 0.9118 | GT9: 0.9118 | GU9: 0.9118 | GV9: 0.9118 | GW9: 0.9118 | GX9: 0.9127 | GY9: 0.9127 | GZ9: 0.9127 | HA9: 0.9127 | HB9: 0.9127 | HC9: 0.9136 | HD9: 0.9136 | HE9: 0.9136 | HF9: 0.9136 | HG9: 0.9136 | HH9: 0.9136 | HI9: 0.9136 | HJ9: 0.9136 | HK9: 0.9136 | HL9: 0.9145 | HM9: 0.9145 | HN9: 0.9145 | HO9: 0.9145 | HP9: 0.9145 | HQ9: 0.9145 | HR9: 0.9154 | HS9: 0.9154 | HT9: 0.9154 | HU9: 0.9154 | HV9: 0.9154 | HW9: 0.9154 | HX9: 0.9164 | HY9: 0.9164 | HZ9: 0.9164 | IA9: 0.9164 | IB9: 0.9164 | IC9: 0.9164 | ID9: 0.9173 | IE9: 0.9173 | IF9: 0.9173 | IG9: 0.9173 | IH9: 0.9173 | II9: 0.9182 | IJ9: 0.9182 | IK9: 0.9182 | IL9: 0.9191 | IM9: 0.9191 | IN9: 0.9191 | IO9: 0.9191 | IP9: 0.9191 | IQ9: 0.92 | IR9: 0.92 | IS9: 0.92 | IT9: 0.92 | IU9: 0.921 | IV9: 0.921 | IW9: 0.921 | IX9: 0.921 | IY9: 0.921 | IZ9: 0.921 | JA9: 0.9219 | JB9: 0.9228 | JC9: 0.9228 | JD9: 0.9228 | JE9: 0.9237 | JF9: 0.9237 | JG9: 0.9237 | JH9: 0.9237 | JI9: 0.9246 | JJ9: 0.9246 | JK9: 0.9246 | JL9: 0.9246 | JM9: 0.9256 | JN9: 0.9265 | JO9: 0.9274 | JP9: 0.9283 | JQ9: 0.9283 | JR9: 0.9283 | JS9: 0.9301 | JT9: 0.9301 | JU9: 0.932 | JV9: 0.932 | JW9: 0.932 | JX9: 0.932 | JY9: 0.9393 | JZ9: 0.9412
B10: BIST | C10: 7464 | D10: 0.0252 | N10: CP | O10: CP1 | P10: CP1 | Q10: CP1 | R10: CP1 | S10: CP1 | T10: CP1 | U10: CP1 | V10: CP1 | W10: CP1 | X10: CP1 | Y10: CP1 | Z10: CP1 | AA10: CP1 | AB10: CP1 | AC10: CP1 | AD10: CP1 | AE10: CP1 | AF10: CP1 | AG10: CP1 | AH10: CP1 | AI10: CP1 | AJ10: CP1 | AK10: CP1 | AL10: CP1 | AM10: CP1 | AN10: CP1 | AO10: CP1 | AP10: CP1 | AQ10: CP1 | AR10: CP1 | AS10: CP1 | AT10: CP1 | AU10: CP1 | AV10: CP1 | AW10: CP1 | AX10: CP1 | AY10: CP1 | AZ10: CP1 | BA10: CP1 | BB10: CP1 | BC10: CP1 | BD10: CP1 | BE10: CP1 | BF10: CP1 | BG10: CP1 | BH10: CP1 | BI10: CP1 | BJ10: CP1 | BK10: CP1 | BL10: CP1 | BM10: CP1 | BN10: CP1 | BO10: CP1 | BP10: CP1 | BQ10: CP1 | BR10: CP1 | BS10: CP1 | BT10: CP1 | BU10: CP1 | BV10: CP1 | BW10: CP1 | BX10: CP1 | BY10: CP1 | BZ10: CP1 | CA10: CP1 | CB10: CP1 | CC10: CP1 | CD10: CP1 | CE10: CP1 | CF10: CP1 | CG10: CP1 | CH10: CP1 | CI10: CP1 | CJ10: CP1 | CK10: CP1 | CL10: CP1 | CM10: CP1 | CN10: CP1 | CO10: CP1 | CP10: CP1 | CQ10: CP1 | CR10: CP1 | CS10: CP1 | CT10: CP1 | CU10: CP1 | CV10: CP1 | CW10: CP1 | CX10: CP1 | CY10: CP1 | CZ10: CP1 | DA10: CP1 | DB10: CP1 | DC10: CP1 | DD10: CP1 | DE10: CP1 | DF10: CP1 | DG10: CP1 | DH10: CP1 | DI10: CP1 | DJ10: CP1 | DK10: CP1 | DL10: CP1 | DM10: CP1 | DN10: CP1 | DO10: CP1 | DP10: CP1 | DQ10: CP1 | DR10: CP1 | DS10: CP1 | DT10: CP1 | DU10: CP1 | DV10: CP1 | DW10: CP1 | DX10: CP1 | DY10: CP1 | DZ10: CP1 | EA10: CP1 | EB10: CP1 | EC10: CP1 | ED10: CP1 | EE10: CP1 | EF10: CP1 | EG10: CP1 | EH10: CP1 | EI10: CP1 | EJ10: CP1 | EK10: CP1 | EL10: CP1 | EM10: CP1 | EN10: CP1 | EO10: CP1 | EP10: CP1 | EQ10: CP1 | ER10: CP1 | ES10: CP1 | ET10: CP1 | EU10: CP1 | EV10: CP1 | EW10: CP1 | EX10: CP1 | EY10: CP1 | EZ10: CP1 | FA10: CP1 | FB10: CP1 | FC10: CP1 | FD10: CP1 | FE10: CP1 | FF10: CP1 | FG10: CP1 | FH10: CP1 | FI10: CP1 | FJ10: CP1 | FK10: CP1 | FL10: CP1 | FM10: CP1 | FN10: CP1 | FO10: CP1 | FP10: CP1 | FQ10: CP1 | FR10: CP1 | FS10: CP1 | FT10: CP1 | FU10: CP1 | FV10: CP1 | FW10: CP1 | FX10: CP1 | FY10: CP1 | FZ10: CP1 | GA10: CP1 | GB10: CP1 | GC10: CP1 | GD10: CP1 | GE10: CP1 | GF10: CP1 | GG10: CP1 | GH10: CP1 | GI10: CP1 | GJ10: CP1 | GK10: CP1 | GL10: CP1 | GM10: CP1 | GN10: CP1 | GO10: CP1 | GP10: CP1 | GQ10: CP1 | GR10: CP1 | GS10: CP1 | GT10: CP1 | GU10: CP1 | GV10: CP1 | GW10: CP1 | GX10: CP1 | GY10: CP1 | GZ10: CP1 | HA10: CP1 | HB10: CP1 | HC10: CP1 | HD10: CP1 | HE10: CP1 | HF10: CP1 | HG10: CP1 | HH10: CP1 | HI10: CP1 | HJ10: CP1 | HK10: CP1 | HL10: CP1 | HM10: CP1 | HN10: CP1 | HO10: CP1 | HP10: CP1 | HQ10: CP1 | HR10: CP1 | HS10: CP1 | HT10: CP1 | HU10: CP1 | HV10: CP1 | HW10: CP1 | HX10: CP1 | HY10: CP1 | HZ10: CP1 | IA10: CP1 | IB10: CP1 | IC10: CP1 | ID10: CP1 | IE10: CP1 | IF10: CP1 | IG10: CP1 | IH10: CP1 | II10: CP1 | IJ10: CP1 | IK10: CP1 | IL10: CP1 | IM10: CP1 | IN10: CP1 | IO10: CP1 | IP10: CP1 | IQ10: CP1 | IR10: CP1 | IS10: CP1 | IT10: CP1 | IU10: CP1 | IV10: CP1 | IW10: CP1 | IX10: CP1 | IY10: CP1 | IZ10: CP1 | JA10: CP1 | JB10: CP1 | JC10: CP1 | JD10: CP1 | JE10: CP1 | JF10: CP1 | JG10: CP1 | JH10: CP1 | JI10: CP1 | JJ10: CP1 | JK10: CP1 | JL10: CP1 | JM10: CP1 | JN10: CP1 | JO10: CP1 | JP10: CP1 | JQ10: CP1 | JR10: CP1 | JS10: CP1 | JT10: CP1 | JU10: CP1 | JV10: CP1 | JW10: CP1 | JX10: CP1 | JY10: CP1 | JZ10: CP1
B11: DIC | C11: 84 | D11: 0.0003 | N11: Starttime | O11: 2025-09-23 17:54:07 | P11: 2025-09-28 07:16:33 | Q11: 2025-09-23 00:30:29 | R11: 2025-09-25 14:20:30 | S11: 2025-09-24 06:16:24 | T11: 2025-09-24 03:12:38 | U11: 2025-09-22 13:21:16 | V11: 2025-09-24 19:34:22 | W11: 2025-09-27 15:12:52 | X11: 2025-09-21 19:01:35 | Y11: 2025-09-25 17:33:51 | Z11: 2025-09-26 20:51:37 | AA11: 2025-09-22 22:50:56 | AB11: 2025-09-26 17:14:34 | AC11: 2025-09-22 01:11:35 | AD11: 2025-09-23 17:21:31 | AE11: 2025-09-25 17:13:01 | AF11: 2025-09-22 16:42:54 | AG11: 2025-09-26 10:54:43 | AH11: 2025-09-26 22:48:08 | AI11: 2025-09-21 22:10:16 | AJ11: 2025-09-23 17:38:13 | AK11: 2025-09-25 21:30:42 | AL11: 2025-09-28 13:33:37 | AM11: 2025-09-28 13:55:56 | AN11: 2025-09-24 13:06:08 | AO11: 2025-09-24 02:49:15 | AP11: 2025-09-25 13:25:10 | AQ11: 2025-09-25 08:21:27 | AR11: 2025-09-24 19:58:12 | AS11: 2025-09-25 08:31:28 | AT11: 2025-09-22 17:29:44 | AU11: 2025-09-28 15:05:05 | AV11: 2025-09-22 17:57:43 | AW11: 2025-09-23 10:47:30 | AX11: 2025-09-25 11:02:57 | AY11: 2025-09-25 00:16:00 | AZ11: 2025-09-27 06:26:06 | BA11: 2025-09-27 23:39:55 | BB11: 2025-09-26 23:23:26 | BC11: 2025-09-23 02:45:11 | BD11: 2025-09-23 05:54:56 | BE11: 2025-09-23 01:56:08 | BF11: 2025-09-27 05:32:06 | BG11: 2025-09-22 01:06:03 | BH11: 2025-09-23 01:54:10 | BI11: 2025-09-25 13:37:45 | BJ11: 2025-09-23 22:24:05 | BK11: 2025-09-28 16:17:32 | BL11: 2025-09-26 03:27:22 | BM11: 2025-09-25 02:17:28 | BN11: 2025-09-24 13:49:39 | BO11: 2025-09-22 04:18:41 | BP11: 2025-09-25 19:39:45 | BQ11: 2025-09-22 13:27:53 | BR11: 2025-09-28 04:28:22 | BS11: 2025-09-24 04:05:26 | BT11: 2025-09-24 08:49:53 | BU11: 2025-09-27 17:30:48 | BV11: 2025-09-26 03:05:01 | BW11: 2025-09-23 11:25:13 | BX11: 2025-09-28 16:09:37 | BY11: 2025-09-21 19:39:25 | BZ11: 2025-09-26 23:56:33 | CA11: 2025-09-25 14:23:25 | CB11: 2025-09-22 21:37:37 | CC11: 2025-09-25 15:18:34 | CD11: 2025-09-24 05:31:43 | CE11: 2025-09-23 02:06:56 | CF11: 2025-09-25 07:18:32 | CG11: 2025-09-27 04:58:48 | CH11: 2025-09-27 12:49:46 | CI11: 2025-09-21 22:05:09 | CJ11: 2025-09-23 09:00:18 | CK11: 2025-09-23 22:31:48 | CL11: 2025-09-27 21:59:28 | CM11: 2025-09-28 12:08:57 | CN11: 2025-09-23 12:44:16 | CO11: 2025-09-27 09:33:12 | CP11: 2025-09-23 20:00:02 | CQ11: 2025-09-27 19:43:18 | CR11: 2025-09-23 16:06:40 | CS11: 2025-09-24 10:00:35 | CT11: 2025-09-24 19:13:40 | CU11: 2025-09-25 07:36:10 | CV11: 2025-09-26 04:28:56 | CW11: 2025-09-25 04:03:37 | CX11: 2025-09-23 21:29:28 | CY11: 2025-09-26 02:05:02 | CZ11: 2025-09-22 10:27:25 | DA11: 2025-09-28 09:35:08 | DB11: 2025-09-24 10:25:27 | DC11: 2025-09-23 10:21:38 | DD11: 2025-09-22 07:17:53 | DE11: 2025-09-25 15:39:43 | DF11: 2025-09-26 14:29:59 | DG11: 2025-09-23 07:37:44 | DH11: 2025-09-24 07:42:37 | DI11: 2025-09-25 00:49:12 | DJ11: 2025-09-22 20:16:15 | DK11: 2025-09-22 01:11:11 | DL11: 2025-09-24 20:05:48 | DM11: 2025-09-22 08:48:01 | DN11: 2025-09-24 12:21:26 | DO11: 2025-09-23 01:30:17 | DP11: 2025-09-22 18:22:02 | DQ11: 2025-09-22 02:42:05 | DR11: 2025-09-24 04:44:34 | DS11: 2025-09-21 18:55:26 | DT11: 2025-09-24 18:38:29 | DU11: 2025-09-22 07:14:34 | DV11: 2025-09-25 21:56:51 | DW11: 2025-09-21 19:37:37 | DX11: 2025-09-25 03:14:38 | DY11: 2025-09-27 00:26:17 | DZ11: 2025-09-22 15:10:04 | EA11: 2025-09-25 07:33:13 | EB11: 2025-09-26 21:44:59 | EC11: 2025-09-25 10:43:00 | ED11: 2025-09-24 10:17:08 | EE11: 2025-09-28 07:25:51 | EF11: 2025-09-23 13:39:41 | EG11: 2025-09-24 23:43:08 | EH11: 2025-09-23 18:28:28 | EI11: 2025-09-23 01:02:55 | EJ11: 2025-09-27 17:26:18 | EK11: 2025-09-22 10:57:46 | EL11: 2025-09-28 03:03:27 | EM11: 2025-09-24 21:08:15 | EN11: 2025-09-22 23:38:53 | EO11: 2025-09-22 05:43:40 | EP11: 2025-09-24 20:02:12 | EQ11: 2025-09-25 06:30:24 | ER11: 2025-09-28 17:25:19 | ES11: 2025-09-26 16:48:14 | ET11: 2025-09-26 07:22:16 | EU11: 2025-09-24 03:53:43 | EV11: 2025-09-24 02:05:00 | EW11: 2025-09-26 20:07:04 | EX11: 2025-09-26 10:41:38 | EY11: 2025-09-22 11:51:20 | EZ11: 2025-09-24 04:58:34 | FA11: 2025-09-24 18:22:09 | FB11: 2025-09-27 06:42:59 | FC11: 2025-09-25 13:43:22 | FD11: 2025-09-22 20:52:18 | FE11: 2025-09-22 14:48:23 | FF11: 2025-09-28 01:01:51 | FG11: 2025-09-23 21:41:56 | FH11: 2025-09-26 09:11:32 | FI11: 2025-09-26 12:27:41 | FJ11: 2025-09-21 22:20:07 | FK11: 2025-09-27 09:03:56 | FL11: 2025-09-28 16:45:54 | FM11: 2025-09-28 16:56:44 | FN11: 2025-09-28 07:20:40 | FO11: 2025-09-24 17:13:10 | FP11: 2025-09-27 02:57:15 | FQ11: 2025-09-22 20:21:29 | FR11: 2025-09-23 20:41:52 | FS11: 2025-09-22 05:02:52 | FT11: 2025-09-22 01:44:37 | FU11: 2025-09-22 19:41:38 | FV11: 2025-09-24 03:40:51 | FW11: 2025-09-27 22:24:38 | FX11: 2025-09-23 13:50:39 | FY11: 2025-09-23 15:07:55 | FZ11: 2025-09-25 20:46:48 | GA11: 2025-09-25 20:36:06 | GB11: 2025-09-22 07:12:00 | GC11: 2025-09-24 08:01:12 | GD11: 2025-09-28 08:28:19 | GE11: 2025-09-27 06:59:16 | GF11: 2025-09-28 09:38:39 | GG11: 2025-09-25 03:30:08 | GH11: 2025-09-24 04:03:35 | GI11: 2025-09-24 08:23:21 | GJ11: 2025-09-25 15:55:19 | GK11: 2025-09-24 19:28:38 | GL11: 2025-09-25 19:27:54 | GM11: 2025-09-26 02:57:02 | GN11: 2025-09-28 13:40:47 | GO11: 2025-09-27 04:40:34 | GP11: 2025-09-22 13:32:15 | GQ11: 2025-09-21 20:27:12 | GR11: 2025-09-25 21:17:13 | GS11: 2025-09-26 18:33:59 | GT11: 2025-09-22 02:23:44 | GU11: 2025-09-26 08:11:43 | GV11: 2025-09-23 04:43:14 | GW11: 2025-09-22 05:21:33 | GX11: 2025-09-23 22:21:21 | GY11: 2025-09-22 15:09:49 | GZ11: 2025-09-27 11:05:28 | HA11: 2025-09-23 09:46:51 | HB11: 2025-09-28 10:36:43 | HC11: 2025-09-22 11:18:05 | HD11: 2025-09-23 16:03:03 | HE11: 2025-09-23 21:19:31 | HF11: 2025-09-26 15:29:34 | HG11: 2025-09-27 00:46:15 | HH11: 2025-09-28 03:09:11 | HI11: 2025-09-25 08:54:54 | HJ11: 2025-09-27 17:00:01 | HK11: 2025-09-23 03:18:35 | HL11: 2025-09-22 04:45:56 | HM11: 2025-09-23 15:10:15 | HN11: 2025-09-27 10:51:29 | HO11: 2025-09-25 22:37:22 | HP11: 2025-09-22 08:57:13 | HQ11: 2025-09-23 23:29:52 | HR11: 2025-09-21 23:11:07 | HS11: 2025-09-24 14:41:29 | HT11: 2025-09-25 18:02:21 | HU11: 2025-09-22 18:44:36 | HV11: 2025-09-25 07:11:40 | HW11: 2025-09-28 00:59:19 | HX11: 2025-09-27 20:33:18 | HY11: 2025-09-26 21:06:59 | HZ11: 2025-09-27 23:45:02 | IA11: 2025-09-23 14:31:22 | IB11: 2025-09-25 02:44:09 | IC11: 2025-09-21 23:38:26 | ID11: 2025-09-26 16:01:27 | IE11: 2025-09-27 03:23:24 | IF11: 2025-09-27 06:32:28 | IG11: 2025-09-24 20:51:58 | IH11: 2025-09-23 08:46:52 | II11: 2025-09-26 07:34:16 | IJ11: 2025-09-23 15:18:05 | IK11: 2025-09-21 23:24:02 | IL11: 2025-09-25 14:38:13 | IM11: 2025-09-23 19:17:39 | IN11: 2025-09-26 01:14:28 | IO11: 2025-09-23 13:47:01 | IP11: 2025-09-27 12:56:20 | IQ11: 2025-09-27 19:05:53 | IR11: 2025-09-24 23:17:13 | IS11: 2025-09-23 02:48:47 | IT11: 2025-09-22 12:01:08 | IU11: 2025-09-22 11:36:29 | IV11: 2025-09-21 17:47:01 | IW11: 2025-09-28 01:12:18 | IX11: 2025-09-26 15:35:33 | IY11: 2025-09-27 13:09:31 | IZ11: 2025-09-24 17:27:19 | JA11: 2025-09-27 06:32:28 | JB11: 2025-09-22 05:40:25 | JC11: 2025-09-25 05:41:06 | JD11: 2025-09-28 16:00:00 | JE11: 2025-09-26 04:26:49 | JF11: 2025-09-25 20:48:21 | JG11: 2025-09-26 09:09:41 | JH11: 2025-09-25 09:41:21 | JI11: 2025-09-27 11:37:20 | JJ11: 2025-09-26 14:58:49 | JK11: 2025-09-24 04:52:37 | JL11: 2025-09-28 23:41:55 | JM11: 2025-09-23 02:07:06 | JN11: 2025-09-23 04:54:46 | JO11: 2025-09-28 05:47:55 | JP11: 2025-09-23 09:06:01 | JQ11: 2025-09-23 08:22:03 | JR11: 2025-09-26 01:23:02 | JS11: 2025-09-26 03:47:46 | JT11: 2025-09-25 00:47:09 | JU11: 2025-09-26 06:06:58 | JV11: 2025-09-24 16:45:47 | JW11: 2025-09-26 09:42:18 | JX11: 2025-09-24 01:50:32 | JY11: 2025-09-27 15:55:50 | JZ11: 2025-09-28 05:10:24
B12: OC | C12: 15 | D12: 0.0001 | N12: Endtime | O12: 2025-09-23 18:17:00 | P12: 2025-09-28 13:37:27 | Q12: 2025-09-23 07:34:42 | R12: 2025-09-25 20:37:42 | S12: 2025-09-24 12:17:47 | T12: 2025-09-24 04:02:15 | U12: 2025-09-22 19:22:05 | V12: 2025-09-25 02:30:08 | W12: 2025-09-27 21:12:38 | X12: 2025-09-22 01:09:25 | Y12: 2025-09-25 21:28:28 | Z12: 2025-09-27 02:55:04 | AA12: 2025-09-23 04:52:31 | AB12: 2025-09-26 23:51:38 | AC12: 2025-09-22 07:09:53 | AD12: 2025-09-23 23:26:21 | AE12: 2025-09-25 23:17:12 | AF12: 2025-09-22 22:48:40 | AG12: 2025-09-26 17:12:10 | AH12: 2025-09-27 04:56:43 | AI12: 2025-09-22 04:16:24 | AJ12: 2025-09-23 17:51:04 | AK12: 2025-09-26 03:33:19 | AL12: 2025-09-28 22:42:00 | AM12: 2025-09-28 14:12:56 | AN12: 2025-09-24 19:32:13 | AO12: 2025-09-24 08:46:48 | AP12: 2025-09-25 13:30:42 | AQ12: 2025-09-25 14:20:57 | AR12: 2025-09-25 02:08:03 | AS12: 2025-09-25 14:44:48 | AT12: 2025-09-22 23:36:00 | AU12: 2025-09-28 21:06:54 | AV12: 2025-09-23 00:28:04 | AW12: 2025-09-23 17:57:10 | AX12: 2025-09-25 17:26:50 | AY12: 2025-09-25 06:34:51 | AZ12: 2025-09-27 12:47:24 | BA12: 2025-09-28 05:44:08 | BB12: 2025-09-27 05:29:39 | BC12: 2025-09-23 09:03:32 | BD12: 2025-09-23 12:21:54 | BE12: 2025-09-23 08:03:47 | BF12: 2025-09-27 11:34:52 | BG12: 2025-09-22 07:10:19 | BH12: 2025-09-23 08:02:24 | BI12: 2025-09-25 19:37:30 | BJ12: 2025-09-24 04:40:09 | BK12: 2025-09-28 16:25:59 | BL12: 2025-09-26 09:39:49 | BM12: 2025-09-25 08:18:57 | BN12: 2025-09-24 19:55:46 | BO12: 2025-09-22 10:25:09 | BP12: 2025-09-26 02:02:47 | BQ12: 2025-09-22 19:30:45 | BR12: 2025-09-28 10:33:24 | BS12: 2025-09-24 10:14:41 | BT12: 2025-09-24 15:07:01 | BU12: 2025-09-27 23:37:49 | BV12: 2025-09-26 09:07:31 | BW12: 2025-09-23 15:59:30 | BX12: 2025-09-28 23:25:44 | BY12: 2025-09-22 02:21:18 | BZ12: 2025-09-27 06:21:33 | CA12: 2025-09-25 22:34:58 | CB12: 2025-09-23 04:39:45 | CC12: 2025-09-25 21:54:30 | CD12: 2025-09-24 07:40:09 | CE12: 2025-09-23 08:19:50 | CF12: 2025-09-25 13:24:47 | CG12: 2025-09-27 11:03:22 | CH12: 2025-09-27 19:41:46 | CI12: 2025-09-22 04:43:49 | CJ12: 2025-09-23 15:08:09 | CK12: 2025-09-24 04:55:01 | CL12: 2025-09-28 04:26:09 | CM12: 2025-09-28 18:16:14 | CN12: 2025-09-23 12:44:37 | CO12: 2025-09-27 15:50:58 | CP12: 2025-09-24 02:02:45 | CQ12: 2025-09-28 02:09:20 | CR12: 2025-09-23 22:21:56 | CS12: 2025-09-24 16:03:35 | CT12: 2025-09-25 01:24:47 | CU12: 2025-09-25 10:59:23 | CV12: 2025-09-26 10:39:20 | CW12: 2025-09-25 04:52:57 | CX12: 2025-09-24 03:38:21 | CY12: 2025-09-26 08:09:27 | CZ12: 2025-09-22 16:40:37 | DA12: 2025-09-28 15:56:52 | DB12: 2025-09-24 16:43:25 | DC12: 2025-09-23 16:30:41 | DD12: 2025-09-22 13:25:23 | DE12: 2025-09-25 17:31:35 | DF12: 2025-09-26 20:46:54 | DG12: 2025-09-23 13:48:03 | DH12: 2025-09-24 13:47:11 | DI12: 2025-09-25 07:30:23 | DJ12: 2025-09-23 02:42:41 | DK12: 2025-09-22 07:15:25 | DL12: 2025-09-25 00:13:35 | DM12: 2025-09-22 15:07:23 | DN12: 2025-09-24 18:35:05 | DO12: 2025-09-23 07:35:06 | DP12: 2025-09-23 00:37:40 | DQ12: 2025-09-22 08:54:34 | DR12: 2025-09-24 13:04:02 | DS12: 2025-09-22 01:02:58 | DT12: 2025-09-25 00:46:21 | DU12: 2025-09-22 13:29:11 | DV12: 2025-09-26 04:24:24 | DW12: 2025-09-22 01:42:12 | DX12: 2025-09-25 09:37:10 | DY12: 2025-09-27 06:40:43 | DZ12: 2025-09-22 21:35:01 | EA12: 2025-09-25 13:40:28 | EB12: 2025-09-27 04:38:02 | EC12: 2025-09-25 17:10:54 | ED12: 2025-09-24 16:23:30 | EE12: 2025-09-28 13:31:12 | EF12: 2025-09-23 16:12:55 | EG12: 2025-09-25 06:28:08 | EH12: 2025-09-24 00:55:48 | EI12: 2025-09-23 01:03:26 | EJ12: 2025-09-27 23:42:24 | EK12: 2025-09-22 18:03:26 | EL12: 2025-09-28 09:32:04 | EM12: 2025-09-24 23:40:54 | EN12: 2025-09-23 05:52:01 | EO12: 2025-09-22 11:49:04 | EP12: 2025-09-25 02:41:30 | EQ12: 2025-09-25 12:34:51 | ER12: 2025-09-28 23:36:09 | ES12: 2025-09-27 00:23:59 | ET12: 2025-09-26 14:56:23 | EU12: 2025-09-24 09:58:28 | EV12: 2025-09-24 08:21:06 | EW12: 2025-09-27 02:26:22 | EX12: 2025-09-26 16:45:59 | EY12: 2025-09-22 18:00:31 | EZ12: 2025-09-24 11:27:22 | FA12: 2025-09-25 00:45:03 | FB12: 2025-09-27 12:51:41 | FC12: 2025-09-25 19:53:16 | FD12: 2025-09-23 03:16:29 | FE12: 2025-09-22 15:44:17 | FF12: 2025-09-28 07:23:25 | FG12: 2025-09-24 04:01:10 | FH12: 2025-09-26 15:26:25 | FI12: 2025-09-26 18:30:56 | FJ12: 2025-09-22 04:59:58 | FK12: 2025-09-27 15:10:38 | FL12: 2025-09-28 22:54:01 | FM12: 2025-09-28 22:57:46 | FN12: 2025-09-28 15:48:37 | FO12: 2025-09-24 19:05:33 | FP12: 2025-09-27 09:01:40 | FQ12: 2025-09-23 02:46:38 | FR12: 2025-09-24 02:47:00 | FS12: 2025-09-22 11:15:13 | FT12: 2025-09-22 07:51:51 | FU12: 2025-09-23 01:51:06 | FV12: 2025-09-24 10:20:22 | FW12: 2025-09-28 04:30:32 | FX12: 2025-09-23 21:33:24 | FY12: 2025-09-23 21:39:33 | FZ12: 2025-09-26 02:52:20 | GA12: 2025-09-26 03:21:38 | GB12: 2025-09-22 13:19:08 | GC12: 2025-09-24 14:38:24 | GD12: 2025-09-28 15:02:52 | GE12: 2025-09-27 13:06:25 | GF12: 2025-09-28 16:07:13 | GG12: 2025-09-25 09:38:16 | GH12: 2025-09-24 10:23:01 | GI12: 2025-09-24 14:28:54 | GJ12: 2025-09-25 22:04:19 | GK12: 2025-09-24 19:54:35 | GL12: 2025-09-26 02:34:55 | GM12: 2025-09-26 09:03:03 | GN12: 2025-09-28 21:45:31 | GO12: 2025-09-27 10:49:03 | GP12: 2025-09-22 19:38:33 | GQ12: 2025-09-22 02:39:30 | GR12: 2025-09-26 03:44:48 | GS12: 2025-09-27 00:43:10 | GT12: 2025-09-22 08:45:23 | GU12: 2025-09-26 14:27:46 | GV12: 2025-09-23 11:05:38 | GW12: 2025-09-22 11:32:53 | GX12: 2025-09-24 04:50:03 | GY12: 2025-09-23 01:25:29 | GZ12: 2025-09-27 17:28:40 | HA12: 2025-09-23 16:04:32 | HB12: 2025-09-28 16:43:40 | HC12: 2025-09-22 17:26:50 | HD12: 2025-09-23 22:28:15 | HE12: 2025-09-24 03:35:57 | HF12: 2025-09-26 21:42:33 | HG12: 2025-09-27 06:56:13 | HH12: 2025-09-28 09:36:13 | HI12: 2025-09-25 15:04:41 | HJ12: 2025-09-27 23:37:53 | HK12: 2025-09-23 09:44:41 | HL12: 2025-09-22 10:55:34 | HM12: 2025-09-23 21:17:24 | HN12: 2025-09-27 16:57:34 | HO12: 2025-09-26 06:20:46 | HP12: 2025-09-22 15:07:12 | HQ12: 2025-09-24 06:11:25 | HR12: 2025-09-22 05:18:00 | HS12: 2025-09-24 20:48:56 | HT12: 2025-09-25 18:10:40 | HU12: 2025-09-23 01:06:48 | HV12: 2025-09-25 13:18:24 | HW12: 2025-09-28 07:09:36 | HX12: 2025-09-28 03:06:47 | HY12: 2025-09-27 03:20:58 | HZ12: 2025-09-28 06:45:57 | IA12: 2025-09-23 20:39:38 | IB12: 2025-09-25 08:52:21 | IC12: 2025-09-22 05:41:25 | ID12: 2025-09-26 23:19:33 | IE12: 2025-09-27 09:30:45 | IF12: 2025-09-27 17:23:42 | IG12: 2025-09-25 03:24:45 | IH12: 2025-09-23 15:05:32 | II12: 2025-09-26 14:14:39 | IJ12: 2025-09-23 21:26:59 | IK12: 2025-09-22 05:38:03 | IL12: 2025-09-25 20:46:16 | IM12: 2025-09-24 01:47:21 | IN12: 2025-09-26 06:03:53 | IO12: 2025-09-23 19:57:46 | IP12: 2025-09-27 19:03:38 | IQ12: 2025-09-28 01:10:03 | IR12: 2025-09-25 05:38:41 | IS12: 2025-09-23 08:58:11 | IT12: 2025-09-22 18:19:38 | IU12: 2025-09-22 18:00:35 | IV12: 2025-09-22 01:08:40 | IW12: 2025-09-28 07:36:30 | IX12: 2025-09-26 21:43:47 | IY12: 2025-09-27 19:40:14 | IZ12: 2025-09-24 17:31:52 | JA12: 2025-09-27 11:02:33 | JB12: 2025-09-22 11:58:47 | JC12: 2025-09-25 12:12:03 | JD12: 2025-09-28 22:24:27 | JE12: 2025-09-26 10:52:21 | JF12: 2025-09-26 03:02:54 | JG12: 2025-09-26 15:33:23 | JH12: 2025-09-25 15:52:16 | JI12: 2025-09-27 17:46:51 | JJ12: 2025-09-26 21:04:35 | JK12: 2025-09-24 11:05:05 | JL12: 2025-09-28 23:42:12 | JM12: 2025-09-23 08:44:31 | JN12: 2025-09-23 11:02:54 | JO12: 2025-09-28 12:06:52 | JP12: 2025-09-23 15:15:38 | JQ12: 2025-09-23 14:29:06 | JR12: 2025-09-26 07:31:41 | JS12: 2025-09-26 10:06:02 | JT12: 2025-09-25 07:09:33 | JU12: 2025-09-26 12:24:36 | JV12: 2025-09-24 23:14:51 | JW12: 2025-09-26 15:58:58 | JX12: 2025-09-24 07:58:09 | JY12: 2025-09-27 22:22:13 | JZ12: 2025-09-28 11:44:11
A13: 1 | B13: PASS BIN | C13: 267118 | D13: 0.9026 | E13: PASS BIN | N13: Week | O13: 202539 | P13: 202539 | Q13: 202539 | R13: 202539 | S13: 202539 | T13: 202539 | U13: 202539 | V13: 202539 | W13: 202539 | X13: 202539 | Y13: 202539 | Z13: 202539 | AA13: 202539 | AB13: 202539 | AC13: 202539 | AD13: 202539 | AE13: 202539 | AF13: 202539 | AG13: 202539 | AH13: 202539 | AI13: 202539 | AJ13: 202539 | AK13: 202539 | AL13: 202539 | AM13: 202539 | AN13: 202539 | AO13: 202539 | AP13: 202539 | AQ13: 202539 | AR13: 202539 | AS13: 202539 | AT13: 202539 | AU13: 202539 | AV13: 202539 | AW13: 202539 | AX13: 202539 | AY13: 202539 | AZ13: 202539 | BA13: 202539 | BB13: 202539 | BC13: 202539 | BD13: 202539 | BE13: 202539 | BF13: 202539 | BG13: 202539 | BH13: 202539 | BI13: 202539 | BJ13: 202539 | BK13: 202539 | BL13: 202539 | BM13: 202539 | BN13: 202539 | BO13: 202539 | BP13: 202539 | BQ13: 202539 | BR13: 202539 | BS13: 202539 | BT13: 202539 | BU13: 202539 | BV13: 202539 | BW13: 202539 | BX13: 202539 | BY13: 202539 | BZ13: 202539 | CA13: 202539 | CB13: 202539 | CC13: 202539 | CD13: 202539 | CE13: 202539 | CF13: 202539 | CG13: 202539 | CH13: 202539 | CI13: 202539 | CJ13: 202539 | CK13: 202539 | CL13: 202539 | CM13: 202539 | CN13: 202539 | CO13: 202539 | CP13: 202539 | CQ13: 202539 | CR13: 202539 | CS13: 202539 | CT13: 202539 | CU13: 202539 | CV13: 202539 | CW13: 202539 | CX13: 202539 | CY13: 202539 | CZ13: 202539 | DA13: 202539 | DB13: 202539 | DC13: 202539 | DD13: 202539 | DE13: 202539 | DF13: 202539 | DG13: 202539 | DH13: 202539 | DI13: 202539 | DJ13: 202539 | DK13: 202539 | DL13: 202539 | DM13: 202539 | DN13: 202539 | DO13: 202539 | DP13: 202539 | DQ13: 202539 | DR13: 202539 | DS13: 202539 | DT13: 202539 | DU13: 202539 | DV13: 202539 | DW13: 202539 | DX13: 202539 | DY13: 202539 | DZ13: 202539 | EA13: 202539 | EB13: 202539 | EC13: 202539 | ED13: 202539 | EE13: 202539 | EF13: 202539 | EG13: 202539 | EH13: 202539 | EI13: 202539 | EJ13: 202539 | EK13: 202539 | EL13: 202539 | EM13: 202539 | EN13: 202539 | EO13: 202539 | EP13: 202539 | EQ13: 202539 | ER13: 202539 | ES13: 202539 | ET13: 202539 | EU13: 202539 | EV13: 202539 | EW13: 202539 | EX13: 202539 | EY13: 202539 | EZ13: 202539 | FA13: 202539 | FB13: 202539 | FC13: 202539 | FD13: 202539 | FE13: 202539 | FF13: 202539 | FG13: 202539 | FH13: 202539 | FI13: 202539 | FJ13: 202539 | FK13: 202539 | FL13: 202539 | FM13: 202539 | FN13: 202539 | FO13: 202539 | FP13: 202539 | FQ13: 202539 | FR13: 202539 | FS13: 202539 | FT13: 202539 | FU13: 202539 | FV13: 202539 | FW13: 202539 | FX13: 202539 | FY13: 202539 | FZ13: 202539 | GA13: 202539 | GB13: 202539 | GC13: 202539 | GD13: 202539 | GE13: 202539 | GF13: 202539 | GG13: 202539 | GH13: 202539 | GI13: 202539 | GJ13: 202539 | GK13: 202539 | GL13: 202539 | GM13: 202539 | GN13: 202539 | GO13: 202539 | GP13: 202539 | GQ13: 202539 | GR13: 202539 | GS13: 202539 | GT13: 202539 | GU13: 202539 | GV13: 202539 | GW13: 202539 | GX13: 202539 | GY13: 202539 | GZ13: 202539 | HA13: 202539 | HB13: 202539 | HC13: 202539 | HD13: 202539 | HE13: 202539 | HF13: 202539 | HG13: 202539 | HH13: 202539 | HI13: 202539 | HJ13: 202539 | HK13: 202539 | HL13: 202539 | HM13: 202539 | HN13: 202539 | HO13: 202539 | HP13: 202539 | HQ13: 202539 | HR13: 202539 | HS13: 202539 | HT13: 202539 | HU13: 202539 | HV13: 202539 | HW13: 202539 | HX13: 202539 | HY13: 202539 | HZ13: 202539 | IA13: 202539 | IB13: 202539 | IC13: 202539 | ID13: 202539 | IE13: 202539 | IF13: 202539 | IG13: 202539 | IH13: 202539 | II13: 202539 | IJ13: 202539 | IK13: 202539 | IL13: 202539 | IM13: 202539 | IN13: 202539 | IO13: 202539 | IP13: 202539 | IQ13: 202539 | IR13: 202539 | IS13: 202539 | IT13: 202539 | IU13: 202539 | IV13: 202539 | IW13: 202539 | IX13: 202539 | IY13: 202539 | IZ13: 202539 | JA13: 202539 | JB13: 202539 | JC13: 202539 | JD13: 202539 | JE13: 202539 | JF13: 202539 | JG13: 202539 | JH13: 202539 | JI13: 202539 | JJ13: 202539 | JK13: 202539 | JL13: 202539 | JM13: 202539 | JN13: 202539 | JO13: 202539 | JP13: 202539 | JQ13: 202539 | JR13: 202539 | JS13: 202539 | JT13: 202539 | JU13: 202539 | JV13: 202539 | JW13: 202539 | JX13: 202539 | JY13: 202539 | JZ13: 202539
B14: BIN1 | C14: 267118 | D14: 0.9026 | E14: PASS BIN | N14: Month | O14: 2025-09 | P14: 2025-09 | Q14: 2025-09 | R14: 2025-09 | S14: 2025-09 | T14: 2025-09 | U14: 2025-09 | V14: 2025-09 | W14: 2025-09 | X14: 2025-09 | Y14: 2025-09 | Z14: 2025-09 | AA14: 2025-09 | AB14: 2025-09 | AC14: 2025-09 | AD14: 2025-09 | AE14: 2025-09 | AF14: 2025-09 | AG14: 2025-09 | AH14: 2025-09 | AI14: 2025-09 | AJ14: 2025-09 | AK14: 2025-09 | AL14: 2025-09 | AM14: 2025-09 | AN14: 2025-09 | AO14: 2025-09 | AP14: 2025-09 | AQ14: 2025-09 | AR14: 2025-09 | AS14: 2025-09 | AT14: 2025-09 | AU14: 2025-09 | AV14: 2025-09 | AW14: 2025-09 | AX14: 2025-09 | AY14: 2025-09 | AZ14: 2025-09 | BA14: 2025-09 | BB14: 2025-09 | BC14: 2025-09 | BD14: 2025-09 | BE14: 2025-09 | BF14: 2025-09 | BG14: 2025-09 | BH14: 2025-09 | BI14: 2025-09 | BJ14: 2025-09 | BK14: 2025-09 | BL14: 2025-09 | BM14: 2025-09 | BN14: 2025-09 | BO14: 2025-09 | BP14: 2025-09 | BQ14: 2025-09 | BR14: 2025-09 | BS14: 2025-09 | BT14: 2025-09 | BU14: 2025-09 | BV14: 2025-09 | BW14: 2025-09 | BX14: 2025-09 | BY14: 2025-09 | BZ14: 2025-09 | CA14: 2025-09 | CB14: 2025-09 | CC14: 2025-09 | CD14: 2025-09 | CE14: 2025-09 | CF14: 2025-09 | CG14: 2025-09 | CH14: 2025-09 | CI14: 2025-09 | CJ14: 2025-09 | CK14: 2025-09 | CL14: 2025-09 | CM14: 2025-09 | CN14: 2025-09 | CO14: 2025-09 | CP14: 2025-09 | CQ14: 2025-09 | CR14: 2025-09 | CS14: 2025-09 | CT14: 2025-09 | CU14: 2025-09 | CV14: 2025-09 | CW14: 2025-09 | CX14: 2025-09 | CY14: 2025-09 | CZ14: 2025-09 | DA14: 2025-09 | DB14: 2025-09 | DC14: 2025-09 | DD14: 2025-09 | DE14: 2025-09 | DF14: 2025-09 | DG14: 2025-09 | DH14: 2025-09 | DI14: 2025-09 | DJ14: 2025-09 | DK14: 2025-09 | DL14: 2025-09 | DM14: 2025-09 | DN14: 2025-09 | DO14: 2025-09 | DP14: 2025-09 | DQ14: 2025-09 | DR14: 2025-09 | DS14: 2025-09 | DT14: 2025-09 | DU14: 2025-09 | DV14: 2025-09 | DW14: 2025-09 | DX14: 2025-09 | DY14: 2025-09 | DZ14: 2025-09 | EA14: 2025-09 | EB14: 2025-09 | EC14: 2025-09 | ED14: 2025-09 | EE14: 2025-09 | EF14: 2025-09 | EG14: 2025-09 | EH14: 2025-09 | EI14: 2025-09 | EJ14: 2025-09 | EK14: 2025-09 | EL14: 2025-09 | EM14: 2025-09 | EN14: 2025-09 | EO14: 2025-09 | EP14: 2025-09 | EQ14: 2025-09 | ER14: 2025-09 | ES14: 2025-09 | ET14: 2025-09 | EU14: 2025-09 | EV14: 2025-09 | EW14: 2025-09 | EX14: 2025-09 | EY14: 2025-09 | EZ14: 2025-09 | FA14: 2025-09 | FB14: 2025-09 | FC14: 2025-09 | FD14: 2025-09 | FE14: 2025-09 | FF14: 2025-09 | FG14: 2025-09 | FH14: 2025-09 | FI14: 2025-09 | FJ14: 2025-09 | FK14: 2025-09 | FL14: 2025-09 | FM14: 2025-09 | FN14: 2025-09 | FO14: 2025-09 | FP14: 2025-09 | FQ14: 2025-09 | FR14: 2025-09 | FS14: 2025-09 | FT14: 2025-09 | FU14: 2025-09 | FV14: 2025-09 | FW14: 2025-09 | FX14: 2025-09 | FY14: 2025-09 | FZ14: 2025-09 | GA14: 2025-09 | GB14: 2025-09 | GC14: 2025-09 | GD14: 2025-09 | GE14: 2025-09 | GF14: 2025-09 | GG14: 2025-09 | GH14: 2025-09 | GI14: 2025-09 | GJ14: 2025-09 | GK14: 2025-09 | GL14: 2025-09 | GM14: 2025-09 | GN14: 2025-09 | GO14: 2025-09 | GP14: 2025-09 | GQ14: 2025-09 | GR14: 2025-09 | GS14: 2025-09 | GT14: 2025-09 | GU14: 2025-09 | GV14: 2025-09 | GW14: 2025-09 | GX14: 2025-09 | GY14: 2025-09 | GZ14: 2025-09 | HA14: 2025-09 | HB14: 2025-09 | HC14: 2025-09 | HD14: 2025-09 | HE14: 2025-09 | HF14: 2025-09 | HG14: 2025-09 | HH14: 2025-09 | HI14: 2025-09 | HJ14: 2025-09 | HK14: 2025-09 | HL14: 2025-09 | HM14: 2025-09 | HN14: 2025-09 | HO14: 2025-09 | HP14: 2025-09 | HQ14: 2025-09 | HR14: 2025-09 | HS14: 2025-09 | HT14: 2025-09 | HU14: 2025-09 | HV14: 2025-09 | HW14: 2025-09 | HX14: 2025-09 | HY14: 2025-09 | HZ14: 2025-09 | IA14: 2025-09 | IB14: 2025-09 | IC14: 2025-09 | ID14: 2025-09 | IE14: 2025-09 | IF14: 2025-09 | IG14: 2025-09 | IH14: 2025-09 | II14: 2025-09 | IJ14: 2025-09 | IK14: 2025-09 | IL14: 2025-09 | IM14: 2025-09 | IN14: 2025-09 | IO14: 2025-09 | IP14: 2025-09 | IQ14: 2025-09 | IR14: 2025-09 | IS14: 2025-09 | IT14: 2025-09 | IU14: 2025-09 | IV14: 2025-09 | IW14: 2025-09 | IX14: 2025-09 | IY14: 2025-09 | IZ14: 2025-09 | JA14: 2025-09 | JB14: 2025-09 | JC14: 2025-09 | JD14: 2025-09 | JE14: 2025-09 | JF14: 2025-09 | JG14: 2025-09 | JH14: 2025-09 | JI14: 2025-09 | JJ14: 2025-09 | JK14: 2025-09 | JL14: 2025-09 | JM14: 2025-09 | JN14: 2025-09 | JO14: 2025-09 | JP14: 2025-09 | JQ14: 2025-09 | JR14: 2025-09 | JS14: 2025-09 | JT14: 2025-09 | JU14: 2025-09 | JV14: 2025-09 | JW14: 2025-09 | JX14: 2025-09 | JY14: 2025-09 | JZ14: 2025-09
B15: OTHER | C15: 242 | D15: 0.0008 | E15: OTHER | N15: Program | O15: RL6982_HD_TA01 | P15: RL6982_HD_TA01 | Q15: RL6982_HD_TA01 | R15: RL6982_HD_TA01 | S15: RL6982_HD_TA01 | T15: RL6982_HD_TA01 | U15: RL6982_HD_TA01 | V15: RL6982_HD_TA01 | W15: RL6982_HD_TA01 | X15: RL6982_HD_TA01 | Y15: RL6982_HD_TA01 | Z15: RL6982_HD_TA01 | AA15: RL6982_HD_TA01 | AB15: RL6982_HD_TA01 | AC15: RL6982_HD_TA01 | AD15: RL6982_HD_TA01 | AE15: RL6982_HD_TA01 | AF15: RL6982_HD_TA01 | AG15: RL6982_HD_TA01 | AH15: RL6982_HD_TA01 | AI15: RL6982_HD_TA01 | AJ15: RL6982_HD_TA01 | AK15: RL6982_HD_TA01 | AL15: RL6982_HD_TA01 | AM15: RL6982_HD_TA01 | AN15: RL6982_HD_TA01 | AO15: RL6982_HD_TA01 | AP15: RL6982_HD_TA01 | AQ15: RL6982_HD_TA01 | AR15: RL6982_HD_TA01 | AS15: RL6982_HD_TA01 | AT15: RL6982_HD_TA01 | AU15: RL6982_HD_TA01 | AV15: RL6982_HD_TA01 | AW15: RL6982_HD_TA01 | AX15: RL6982_HD_TA01 | AY15: RL6982_HD_TA01 | AZ15: RL6982_HD_TA01 | BA15: RL6982_HD_TA01 | BB15: RL6982_HD_TA01 | BC15: RL6982_HD_TA01 | BD15: RL6982_HD_TA01 | BE15: RL6982_HD_TA01 | BF15: RL6982_HD_TA01 | BG15: RL6982_HD_TA01 | BH15: RL6982_HD_TA01 | BI15: RL6982_HD_TA01 | BJ15: RL6982_HD_TA01 | BK15: RL6982_HD_TA01 | BL15: RL6982_HD_TA01 | BM15: RL6982_HD_TA01 | BN15: RL6982_HD_TA01 | BO15: RL6982_HD_TA01 | BP15: RL6982_HD_TA01 | BQ15: RL6982_HD_TA01 | BR15: RL6982_HD_TA01 | BS15: RL6982_HD_TA01 | BT15: RL6982_HD_TA01 | BU15: RL6982_HD_TA01 | BV15: RL6982_HD_TA01 | BW15: RL6982_HD_TA01 | BX15: RL6982_HD_TA01 | BY15: RL6982_HD_TA01 | BZ15: RL6982_HD_TA01 | CA15: RL6982_HD_TA01 | CB15: RL6982_HD_TA01 | CC15: RL6982_HD_TA01 | CD15: RL6982_HD_TA01 | CE15: RL6982_HD_TA01 | CF15: RL6982_HD_TA01 | CG15: RL6982_HD_TA01 | CH15: RL6982_HD_TA01 | CI15: RL6982_HD_TA01 | CJ15: RL6982_HD_TA01 | CK15: RL6982_HD_TA01 | CL15: RL6982_HD_TA01 | CM15: RL6982_HD_TA01 | CN15: RL6982_HD_TA01 | CO15: RL6982_HD_TA01 | CP15: RL6982_HD_TA01 | CQ15: RL6982_HD_TA01 | CR15: RL6982_HD_TA01 | CS15: RL6982_HD_TA01 | CT15: RL6982_HD_TA01 | CU15: RL6982_HD_TA01 | CV15: RL6982_HD_TA01 | CW15: RL6982_HD_TA01 | CX15: RL6982_HD_TA01 | CY15: RL6982_HD_TA01 | CZ15: RL6982_HD_TA01 | DA15: RL6982_HD_TA01 | DB15: RL6982_HD_TA01 | DC15: RL6982_HD_TA01 | DD15: RL6982_HD_TA01 | DE15: RL6982_HD_TA01 | DF15: RL6982_HD_TA01 | DG15: RL6982_HD_TA01 | DH15: RL6982_HD_TA01 | DI15: RL6982_HD_TA01 | DJ15: RL6982_HD_TA01 | DK15: RL6982_HD_TA01 | DL15: RL6982_HD_TA01 | DM15: RL6982_HD_TA01 | DN15: RL6982_HD_TA01 | DO15: RL6982_HD_TA01 | DP15: RL6982_HD_TA01 | DQ15: RL6982_HD_TA01 | DR15: RL6982_HD_TA01 | DS15: RL6982_HD_TA01 | DT15: RL6982_HD_TA01 | DU15: RL6982_HD_TA01 | DV15: RL6982_HD_TA01 | DW15: RL6982_HD_TA01 | DX15: RL6982_HD_TA01 | DY15: RL6982_HD_TA01 | DZ15: RL6982_HD_TA01 | EA15: RL6982_HD_TA01 | EB15: RL6982_HD_TA01 | EC15: RL6982_HD_TA01 | ED15: RL6982_HD_TA01 | EE15: RL6982_HD_TA01 | EF15: RL6982_HD_TA01 | EG15: RL6982_HD_TA01 | EH15: RL6982_HD_TA01 | EI15: RL6982_HD_TA01 | EJ15: RL6982_HD_TA01 | EK15: RL6982_HD_TA01 | EL15: RL6982_HD_TA01 | EM15: RL6982_HD_TA01 | EN15: RL6982_HD_TA01 | EO15: RL6982_HD_TA01 | EP15: RL6982_HD_TA01 | EQ15: RL6982_HD_TA01 | ER15: RL6982_HD_TA01 | ES15: RL6982_HD_TA01 | ET15: RL6982_HD_TA01 | EU15: RL6982_HD_TA01 | EV15: RL6982_HD_TA01 | EW15: RL6982_HD_TA01 | EX15: RL6982_HD_TA01 | EY15: RL6982_HD_TA01 | EZ15: RL6982_HD_TA01 | FA15: RL6982_HD_TA01 | FB15: RL6982_HD_TA01 | FC15: RL6982_HD_TA01 | FD15: RL6982_HD_TA01 | FE15: RL6982_HD_TA01 | FF15: RL6982_HD_TA01 | FG15: RL6982_HD_TA01 | FH15: RL6982_HD_TA01 | FI15: RL6982_HD_TA01 | FJ15: RL6982_HD_TA01 | FK15: RL6982_HD_TA01 | FL15: RL6982_HD_TA01 | FM15: RL6982_HD_TA01 | FN15: RL6982_HD_TA01 | FO15: RL6982_HD_TA01 | FP15: RL6982_HD_TA01 | FQ15: RL6982_HD_TA01 | FR15: RL6982_HD_TA01 | FS15: RL6982_HD_TA01 | FT15: RL6982_HD_TA01 | FU15: RL6982_HD_TA01 | FV15: RL6982_HD_TA01 | FW15: RL6982_HD_TA01 | FX15: RL6982_HD_TA01 | FY15: RL6982_HD_TA01 | FZ15: RL6982_HD_TA01 | GA15: RL6982_HD_TA01 | GB15: RL6982_HD_TA01 | GC15: RL6982_HD_TA01 | GD15: RL6982_HD_TA01 | GE15: RL6982_HD_TA01 | GF15: RL6982_HD_TA01 | GG15: RL6982_HD_TA01 | GH15: RL6982_HD_TA01 | GI15: RL6982_HD_TA01 | GJ15: RL6982_HD_TA01 | GK15: RL6982_HD_TA01 | GL15: RL6982_HD_TA01 | GM15: RL6982_HD_TA01 | GN15: RL6982_HD_TA01 | GO15: RL6982_HD_TA01 | GP15: RL6982_HD_TA01 | GQ15: RL6982_HD_TA01 | GR15: RL6982_HD_TA01 | GS15: RL6982_HD_TA01 | GT15: RL6982_HD_TA01 | GU15: RL6982_HD_TA01 | GV15: RL6982_HD_TA01 | GW15: RL6982_HD_TA01 | GX15: RL6982_HD_TA01 | GY15: RL6982_HD_TA01 | GZ15: RL6982_HD_TA01 | HA15: RL6982_HD_TA01 | HB15: RL6982_HD_TA01 | HC15: RL6982_HD_TA01 | HD15: RL6982_HD_TA01 | HE15: RL6982_HD_TA01 | HF15: RL6982_HD_TA01 | HG15: RL6982_HD_TA01 | HH15: RL6982_HD_TA01 | HI15: RL6982_HD_TA01 | HJ15: RL6982_HD_TA01 | HK15: RL6982_HD_TA01 | HL15: RL6982_HD_TA01 | HM15: RL6982_HD_TA01 | HN15: RL6982_HD_TA01 | HO15: RL6982_HD_TA01 | HP15: RL6982_HD_TA01 | HQ15: RL6982_HD_TA01 | HR15: RL6982_HD_TA01 | HS15: RL6982_HD_TA01 | HT15: RL6982_HD_TA01 | HU15: RL6982_HD_TA01 | HV15: RL6982_HD_TA01 | HW15: RL6982_HD_TA01 | HX15: RL6982_HD_TA01 | HY15: RL6982_HD_TA01 | HZ15: RL6982_HD_TA01 | IA15: RL6982_HD_TA01 | IB15: RL6982_HD_TA01 | IC15: RL6982_HD_TA01 | ID15: RL6982_HD_TA01 | IE15: RL6982_HD_TA01 | IF15: RL6982_HD_TA01 | IG15: RL6982_HD_TA01 | IH15: RL6982_HD_TA01 | II15: RL6982_HD_TA01 | IJ15: RL6982_HD_TA01 | IK15: RL6982_HD_TA01 | IL15: RL6982_HD_TA01 | IM15: RL6982_HD_TA01 | IN15: RL6982_HD_TA01 | IO15: RL6982_HD_TA01 | IP15: RL6982_HD_TA01 | IQ15: RL6982_HD_TA01 | IR15: RL6982_HD_TA01 | IS15: RL6982_HD_TA01 | IT15: RL6982_HD_TA01 | IU15: RL6982_HD_TA01 | IV15: RL6982_HD_TA01 | IW15: RL6982_HD_TA01 | IX15: RL6982_HD_TA01 | IY15: RL6982_HD_TA01 | IZ15: RL6982_HD_TA01 | JA15: RL6982_HD_TA01 | JB15: RL6982_HD_TA01 | JC15: RL6982_HD_TA01 | JD15: RL6982_HD_TA01 | JE15: RL6982_HD_TA01 | JF15: RL6982_HD_TA01 | JG15: RL6982_HD_TA01 | JH15: RL6982_HD_TA01 | JI15: RL6982_HD_TA01 | JJ15: RL6982_HD_TA01 | JK15: RL6982_HD_TA01 | JL15: RL6982_HD_TA01 | JM15: RL6982_HD_TA01 | JN15: RL6982_HD_TA01 | JO15: RL6982_HD_TA01 | JP15: RL6982_HD_TA01 | JQ15: RL6982_HD_TA01 | JR15: RL6982_HD_TA01 | JS15: RL6982_HD_TA01 | JT15: RL6982_HD_TA01 | JU15: RL6982_HD_TA01 | JV15: RL6982_HD_TA01 | JW15: RL6982_HD_TA01 | JX15: RL6982_HD_TA01 | JY15: RL6982_HD_TA01 | JZ15: RL6982_HD_TA01
B16: OS | C16: 866 | D16: 0.0029 | E16: OS | N16: Version(ECN) | O16: RL6982_HD_TA01_V03 | P16: RL6982_HD_TA01_V03 | Q16: RL6982_HD_TA01_V03 | R16: RL6982_HD_TA01_V03 | S16: RL6982_HD_TA01_V03 | T16: RL6982_HD_TA01_V03 | U16: RL6982_HD_TA01_V03 | V16: RL6982_HD_TA01_V03 | W16: RL6982_HD_TA01_V03 | X16: RL6982_HD_TA01_V03 | Y16: RL6982_HD_TA01_V03 | Z16: RL6982_HD_TA01_V03 | AA16: RL6982_HD_TA01_V03 | AB16: RL6982_HD_TA01_V03 | AC16: RL6982_HD_TA01_V03 | AD16: RL6982_HD_TA01_V03 | AE16: RL6982_HD_TA01_V03 | AF16: RL6982_HD_TA01_V03 | AG16: RL6982_HD_TA01_V03 | AH16: RL6982_HD_TA01_V03 | AI16: RL6982_HD_TA01_V03 | AJ16: RL6982_HD_TA01_V03 | AK16: RL6982_HD_TA01_V03 | AL16: RL6982_HD_TA01_V03 | AM16: RL6982_HD_TA01_V03 | AN16: RL6982_HD_TA01_V03 | AO16: RL6982_HD_TA01_V03 | AP16: RL6982_HD_TA01_V03 | AQ16: RL6982_HD_TA01_V03 | AR16: RL6982_HD_TA01_V03 | AS16: RL6982_HD_TA01_V03 | AT16: RL6982_HD_TA01_V03 | AU16: RL6982_HD_TA01_V03 | AV16: RL6982_HD_TA01_V03 | AW16: RL6982_HD_TA01_V03 | AX16: RL6982_HD_TA01_V03 | AY16: RL6982_HD_TA01_V03 | AZ16: RL6982_HD_TA01_V03 | BA16: RL6982_HD_TA01_V03 | BB16: RL6982_HD_TA01_V03 | BC16: RL6982_HD_TA01_V03 | BD16: RL6982_HD_TA01_V03 | BE16: RL6982_HD_TA01_V03 | BF16: RL6982_HD_TA01_V03 | BG16: RL6982_HD_TA01_V03 | BH16: RL6982_HD_TA01_V03 | BI16: RL6982_HD_TA01_V03 | BJ16: RL6982_HD_TA01_V03 | BK16: RL6982_HD_TA01_V03 | BL16: RL6982_HD_TA01_V03 | BM16: RL6982_HD_TA01_V03 | BN16: RL6982_HD_TA01_V03 | BO16: RL6982_HD_TA01_V03 | BP16: RL6982_HD_TA01_V03 | BQ16: RL6982_HD_TA01_V03 | BR16: RL6982_HD_TA01_V03 | BS16: RL6982_HD_TA01_V03 | BT16: RL6982_HD_TA01_V03 | BU16: RL6982_HD_TA01_V03 | BV16: RL6982_HD_TA01_V03 | BW16: RL6982_HD_TA01_V03 | BX16: RL6982_HD_TA01_V03 | BY16: RL6982_HD_TA01_V03 | BZ16: RL6982_HD_TA01_V03 | CA16: RL6982_HD_TA01_V03 | CB16: RL6982_HD_TA01_V03 | CC16: RL6982_HD_TA01_V03 | CD16: RL6982_HD_TA01_V03 | CE16: RL6982_HD_TA01_V03 | CF16: RL6982_HD_TA01_V03 | CG16: RL6982_HD_TA01_V03 | CH16: RL6982_HD_TA01_V03 | CI16: RL6982_HD_TA01_V03 | CJ16: RL6982_HD_TA01_V03 | CK16: RL6982_HD_TA01_V03 | CL16: RL6982_HD_TA01_V03 | CM16: RL6982_HD_TA01_V03 | CN16: RL6982_HD_TA01_V03 | CO16: RL6982_HD_TA01_V03 | CP16: RL6982_HD_TA01_V03 | CQ16: RL6982_HD_TA01_V03 | CR16: RL6982_HD_TA01_V03 | CS16: RL6982_HD_TA01_V03 | CT16: RL6982_HD_TA01_V03 | CU16: RL6982_HD_TA01_V03 | CV16: RL6982_HD_TA01_V03 | CW16: RL6982_HD_TA01_V03 | CX16: RL6982_HD_TA01_V03 | CY16: RL6982_HD_TA01_V03 | CZ16: RL6982_HD_TA01_V03 | DA16: RL6982_HD_TA01_V03 | DB16: RL6982_HD_TA01_V03 | DC16: RL6982_HD_TA01_V03 | DD16: RL6982_HD_TA01_V03 | DE16: RL6982_HD_TA01_V03 | DF16: RL6982_HD_TA01_V03 | DG16: RL6982_HD_TA01_V03 | DH16: RL6982_HD_TA01_V03 | DI16: RL6982_HD_TA01_V03 | DJ16: RL6982_HD_TA01_V03 | DK16: RL6982_HD_TA01_V03 | DL16: RL6982_HD_TA01_V03 | DM16: RL6982_HD_TA01_V03 | DN16: RL6982_HD_TA01_V03 | DO16: RL6982_HD_TA01_V03 | DP16: RL6982_HD_TA01_V03 | DQ16: RL6982_HD_TA01_V03 | DR16: RL6982_HD_TA01_V03 | DS16: RL6982_HD_TA01_V03 | DT16: RL6982_HD_TA01_V03 | DU16: RL6982_HD_TA01_V03 | DV16: RL6982_HD_TA01_V03 | DW16: RL6982_HD_TA01_V03 | DX16: RL6982_HD_TA01_V03 | DY16: RL6982_HD_TA01_V03 | DZ16: RL6982_HD_TA01_V03 | EA16: RL6982_HD_TA01_V03 | EB16: RL6982_HD_TA01_V03 | EC16: RL6982_HD_TA01_V03 | ED16: RL6982_HD_TA01_V03 | EE16: RL6982_HD_TA01_V03 | EF16: RL6982_HD_TA01_V03 | EG16: RL6982_HD_TA01_V03 | EH16: RL6982_HD_TA01_V03 | EI16: RL6982_HD_TA01_V03 | EJ16: RL6982_HD_TA01_V03 | EK16: RL6982_HD_TA01_V03 | EL16: RL6982_HD_TA01_V03 | EM16: RL6982_HD_TA01_V03 | EN16: RL6982_HD_TA01_V03 | EO16: RL6982_HD_TA01_V03 | EP16: RL6982_HD_TA01_V03 | EQ16: RL6982_HD_TA01_V03 | ER16: RL6982_HD_TA01_V03 | ES16: RL6982_HD_TA01_V03 | ET16: RL6982_HD_TA01_V03 | EU16: RL6982_HD_TA01_V03 | EV16: RL6982_HD_TA01_V03 | EW16: RL6982_HD_TA01_V03 | EX16: RL6982_HD_TA01_V03 | EY16: RL6982_HD_TA01_V03 | EZ16: RL6982_HD_TA01_V03 | FA16: RL6982_HD_TA01_V03 | FB16: RL6982_HD_TA01_V03 | FC16: RL6982_HD_TA01_V03 | FD16: RL6982_HD_TA01_V03 | FE16: RL6982_HD_TA01_V03 | FF16: RL6982_HD_TA01_V03 | FG16: RL6982_HD_TA01_V03 | FH16: RL6982_HD_TA01_V03 | FI16: RL6982_HD_TA01_V03 | FJ16: RL6982_HD_TA01_V03 | FK16: RL6982_HD_TA01_V03 | FL16: RL6982_HD_TA01_V03 | FM16: RL6982_HD_TA01_V03 | FN16: RL6982_HD_TA01_V03 | FO16: RL6982_HD_TA01_V03 | FP16: RL6982_HD_TA01_V03 | FQ16: RL6982_HD_TA01_V03 | FR16: RL6982_HD_TA01_V03 | FS16: RL6982_HD_TA01_V03 | FT16: RL6982_HD_TA01_V03 | FU16: RL6982_HD_TA01_V03 | FV16: RL6982_HD_TA01_V03 | FW16: RL6982_HD_TA01_V03 | FX16: RL6982_HD_TA01_V03 | FY16: RL6982_HD_TA01_V03 | FZ16: RL6982_HD_TA01_V03 | GA16: RL6982_HD_TA01_V03 | GB16: RL6982_HD_TA01_V03 | GC16: RL6982_HD_TA01_V03 | GD16: RL6982_HD_TA01_V03 | GE16: RL6982_HD_TA01_V03 | GF16: RL6982_HD_TA01_V03 | GG16: RL6982_HD_TA01_V03 | GH16: RL6982_HD_TA01_V03 | GI16: RL6982_HD_TA01_V03 | GJ16: RL6982_HD_TA01_V03 | GK16: RL6982_HD_TA01_V03 | GL16: RL6982_HD_TA01_V03 | GM16: RL6982_HD_TA01_V03 | GN16: RL6982_HD_TA01_V03 | GO16: RL6982_HD_TA01_V03 | GP16: RL6982_HD_TA01_V03 | GQ16: RL6982_HD_TA01_V03 | GR16: RL6982_HD_TA01_V03 | GS16: RL6982_HD_TA01_V03 | GT16: RL6982_HD_TA01_V03 | GU16: RL6982_HD_TA01_V03 | GV16: RL6982_HD_TA01_V03 | GW16: RL6982_HD_TA01_V03 | GX16: RL6982_HD_TA01_V03 | GY16: RL6982_HD_TA01_V03 | GZ16: RL6982_HD_TA01_V03 | HA16: RL6982_HD_TA01_V03 | HB16: RL6982_HD_TA01_V03 | HC16: RL6982_HD_TA01_V03 | HD16: RL6982_HD_TA01_V03 | HE16: RL6982_HD_TA01_V03 | HF16: RL6982_HD_TA01_V03 | HG16: RL6982_HD_TA01_V03 | HH16: RL6982_HD_TA01_V03 | HI16: RL6982_HD_TA01_V03 | HJ16: RL6982_HD_TA01_V03 | HK16: RL6982_HD_TA01_V03 | HL16: RL6982_HD_TA01_V03 | HM16: RL6982_HD_TA01_V03 | HN16: RL6982_HD_TA01_V03 | HO16: RL6982_HD_TA01_V03 | HP16: RL6982_HD_TA01_V03 | HQ16: RL6982_HD_TA01_V03 | HR16: RL6982_HD_TA01_V03 | HS16: RL6982_HD_TA01_V03 | HT16: RL6982_HD_TA01_V03 | HU16: RL6982_HD_TA01_V03 | HV16: RL6982_HD_TA01_V03 | HW16: RL6982_HD_TA01_V03 | HX16: RL6982_HD_TA01_V03 | HY16: RL6982_HD_TA01_V03 | HZ16: RL6982_HD_TA01_V03 | IA16: RL6982_HD_TA01_V03 | IB16: RL6982_HD_TA01_V03 | IC16: RL6982_HD_TA01_V03 | ID16: RL6982_HD_TA01_V03 | IE16: RL6982_HD_TA01_V03 | IF16: RL6982_HD_TA01_V03 | IG16: RL6982_HD_TA01_V03 | IH16: RL6982_HD_TA01_V03 | II16: RL6982_HD_TA01_V03 | IJ16: RL6982_HD_TA01_V03 | IK16: RL6982_HD_TA01_V03 | IL16: RL6982_HD_TA01_V03 | IM16: RL6982_HD_TA01_V03 | IN16: RL6982_HD_TA01_V03 | IO16: RL6982_HD_TA01_V03 | IP16: RL6982_HD_TA01_V03 | IQ16: RL6982_HD_TA01_V03 | IR16: RL6982_HD_TA01_V03 | IS16: RL6982_HD_TA01_V03 | IT16: RL6982_HD_TA01_V03 | IU16: RL6982_HD_TA01_V03 | IV16: RL6982_HD_TA01_V03 | IW16: RL6982_HD_TA01_V03 | IX16: RL6982_HD_TA01_V03 | IY16: RL6982_HD_TA01_V03 | IZ16: RL6982_HD_TA01_V03 | JA16: RL6982_HD_TA01_V03 | JB16: RL6982_HD_TA01_V03 | JC16: RL6982_HD_TA01_V03 | JD16: RL6982_HD_TA01_V03 | JE16: RL6982_HD_TA01_V03 | JF16: RL6982_HD_TA01_V03 | JG16: RL6982_HD_TA01_V03 | JH16: RL6982_HD_TA01_V03 | JI16: RL6982_HD_TA01_V03 | JJ16: RL6982_HD_TA01_V03 | JK16: RL6982_HD_TA01_V03 | JL16: RL6982_HD_TA01_V03 | JM16: RL6982_HD_TA01_V03 | JN16: RL6982_HD_TA01_V03 | JO16: RL6982_HD_TA01_V03 | JP16: RL6982_HD_TA01_V03 | JQ16: RL6982_HD_TA01_V03 | JR16: RL6982_HD_TA01_V03 | JS16: RL6982_HD_TA01_V03 | JT16: RL6982_HD_TA01_V03 | JU16: RL6982_HD_TA01_V03 | JV16: RL6982_HD_TA01_V03 | JW16: RL6982_HD_TA01_V03 | JX16: RL6982_HD_TA01_V03 | JY16: RL6982_HD_TA01_V03 | JZ16: RL6982_HD_TA01_V03
B17: HDMI | C17: 7 | D17: 0 | E17: SD | N17: Pass Die | O17: 875 | P17: 888 | Q17: 918 | R17: 918 | S17: 921 | T17: 927 | U17: 929 | V17: 931 | W17: 933 | X17: 939 | Y17: 943 | Z17: 943 | AA17: 944 | AB17: 945 | AC17: 946 | AD17: 948 | AE17: 949 | AF17: 952 | AG17: 953 | AH17: 954 | AI17: 954 | AJ17: 955 | AK17: 955 | AL17: 957 | AM17: 958 | AN17: 959 | AO17: 960 | AP17: 961 | AQ17: 961 | AR17: 962 | AS17: 962 | AT17: 963 | AU17: 963 | AV17: 963 | AW17: 964 | AX17: 964 | AY17: 964 | AZ17: 964 | BA17: 965 | BB17: 965 | BC17: 965 | BD17: 965 | BE17: 965 | BF17: 966 | BG17: 966 | BH17: 966 | BI17: 966 | BJ17: 967 | BK17: 967 | BL17: 967 | BM17: 968 | BN17: 968 | BO17: 968 | BP17: 969 | BQ17: 970 | BR17: 970 | BS17: 970 | BT17: 971 | BU17: 971 | BV17: 971 | BW17: 971 | BX17: 972 | BY17: 972 | BZ17: 972 | CA17: 973 | CB17: 974 | CC17: 974 | CD17: 974 | CE17: 974 | CF17: 974 | CG17: 975 | CH17: 975 | CI17: 975 | CJ17: 975 | CK17: 976 | CL17: 976 | CM17: 976 | CN17: 976 | CO17: 976 | CP17: 976 | CQ17: 976 | CR17: 977 | CS17: 977 | CT17: 977 | CU17: 977 | CV17: 977 | CW17: 977 | CX17: 978 | CY17: 978 | CZ17: 978 | DA17: 979 | DB17: 979 | DC17: 979 | DD17: 979 | DE17: 979 | DF17: 979 | DG17: 980 | DH17: 980 | DI17: 980 | DJ17: 980 | DK17: 980 | DL17: 980 | DM17: 980 | DN17: 980 | DO17: 981 | DP17: 981 | DQ17: 982 | DR17: 982 | DS17: 982 | DT17: 982 | DU17: 982 | DV17: 982 | DW17: 982 | DX17: 982 | DY17: 982 | DZ17: 982 | EA17: 982 | EB17: 983 | EC17: 983 | ED17: 983 | EE17: 983 | EF17: 983 | EG17: 983 | EH17: 983 | EI17: 984 | EJ17: 984 | EK17: 984 | EL17: 984 | EM17: 984 | EN17: 984 | EO17: 984 | EP17: 984 | EQ17: 984 | ER17: 984 | ES17: 984 | ET17: 985 | EU17: 985 | EV17: 985 | EW17: 985 | EX17: 985 | EY17: 985 | EZ17: 985 | FA17: 986 | FB17: 986 | FC17: 986 | FD17: 986 | FE17: 986 | FF17: 986 | FG17: 986 | FH17: 986 | FI17: 987 | FJ17: 987 | FK17: 987 | FL17: 987 | FM17: 988 | FN17: 988 | FO17: 988 | FP17: 988 | FQ17: 988 | FR17: 988 | FS17: 988 | FT17: 989 | FU17: 989 | FV17: 989 | FW17: 989 | FX17: 989 | FY17: 989 | FZ17: 990 | GA17: 990 | GB17: 990 | GC17: 990 | GD17: 990 | GE17: 990 | GF17: 990 | GG17: 991 | GH17: 991 | GI17: 991 | GJ17: 991 | GK17: 991 | GL17: 991 | GM17: 991 | GN17: 991 | GO17: 991 | GP17: 991 | GQ17: 992 | GR17: 992 | GS17: 992 | GT17: 992 | GU17: 992 | GV17: 992 | GW17: 992 | GX17: 993 | GY17: 993 | GZ17: 993 | HA17: 993 | HB17: 993 | HC17: 994 | HD17: 994 | HE17: 994 | HF17: 994 | HG17: 994 | HH17: 994 | HI17: 994 | HJ17: 994 | HK17: 994 | HL17: 995 | HM17: 995 | HN17: 995 | HO17: 995 | HP17: 995 | HQ17: 995 | HR17: 996 | HS17: 996 | HT17: 996 | HU17: 996 | HV17: 996 | HW17: 996 | HX17: 997 | HY17: 997 | HZ17: 997 | IA17: 997 | IB17: 997 | IC17: 997 | ID17: 998 | IE17: 998 | IF17: 998 | IG17: 998 | IH17: 998 | II17: 999 | IJ17: 999 | IK17: 999 | IL17: 1000 | IM17: 1000 | IN17: 1000 | IO17: 1000 | IP17: 1000 | IQ17: 1001 | IR17: 1001 | IS17: 1001 | IT17: 1001 | IU17: 1002 | IV17: 1002 | IW17: 1002 | IX17: 1002 | IY17: 1002 | IZ17: 1002 | JA17: 1003 | JB17: 1004 | JC17: 1004 | JD17: 1004 | JE17: 1005 | JF17: 1005 | JG17: 1005 | JH17: 1005 | JI17: 1006 | JJ17: 1006 | JK17: 1006 | JL17: 1006 | JM17: 1007 | JN17: 1008 | JO17: 1009 | JP17: 1010 | JQ17: 1010 | JR17: 1010 | JS17: 1012 | JT17: 1012 | JU17: 1014 | JV17: 1014 | JW17: 1014 | JX17: 1014 | JY17: 1022 | JZ17: 1024
B18: SD_OTHER | C18: 164 | D18: 0.0006 | E18: SD | N18: Total Die | O18: 1088 | P18: 1088 | Q18: 1088 | R18: 1088 | S18: 1088 | T18: 1087 | U18: 1088 | V18: 1088 | W18: 1088 | X18: 1088 | Y18: 1088 | Z18: 1088 | AA18: 1088 | AB18: 1088 | AC18: 1088 | AD18: 1088 | AE18: 1088 | AF18: 1088 | AG18: 1088 | AH18: 1088 | AI18: 1088 | AJ18: 1088 | AK18: 1088 | AL18: 1088 | AM18: 1088 | AN18: 1088 | AO18: 1088 | AP18: 1088 | AQ18: 1088 | AR18: 1088 | AS18: 1088 | AT18: 1088 | AU18: 1088 | AV18: 1088 | AW18: 1088 | AX18: 1088 | AY18: 1088 | AZ18: 1088 | BA18: 1088 | BB18: 1088 | BC18: 1088 | BD18: 1088 | BE18: 1088 | BF18: 1088 | BG18: 1088 | BH18: 1088 | BI18: 1088 | BJ18: 1088 | BK18: 1088 | BL18: 1088 | BM18: 1088 | BN18: 1088 | BO18: 1088 | BP18: 1088 | BQ18: 1088 | BR18: 1088 | BS18: 1088 | BT18: 1088 | BU18: 1088 | BV18: 1088 | BW18: 1088 | BX18: 1088 | BY18: 1088 | BZ18: 1088 | CA18: 1088 | CB18: 1088 | CC18: 1088 | CD18: 1088 | CE18: 1088 | CF18: 1088 | CG18: 1088 | CH18: 1088 | CI18: 1088 | CJ18: 1088 | CK18: 1088 | CL18: 1088 | CM18: 1088 | CN18: 1088 | CO18: 1088 | CP18: 1088 | CQ18: 1088 | CR18: 1088 | CS18: 1088 | CT18: 1088 | CU18: 1088 | CV18: 1088 | CW18: 1088 | CX18: 1088 | CY18: 1088 | CZ18: 1088 | DA18: 1088 | DB18: 1088 | DC18: 1088 | DD18: 1088 | DE18: 1088 | DF18: 1088 | DG18: 1088 | DH18: 1088 | DI18: 1088 | DJ18: 1088 | DK18: 1088 | DL18: 1088 | DM18: 1088 | DN18: 1088 | DO18: 1088 | DP18: 1088 | DQ18: 1088 | DR18: 1088 | DS18: 1088 | DT18: 1088 | DU18: 1088 | DV18: 1088 | DW18: 1088 | DX18: 1088 | DY18: 1088 | DZ18: 1088 | EA18: 1088 | EB18: 1088 | EC18: 1088 | ED18: 1088 | EE18: 1088 | EF18: 1088 | EG18: 1088 | EH18: 1088 | EI18: 1088 | EJ18: 1088 | EK18: 1088 | EL18: 1088 | EM18: 1088 | EN18: 1088 | EO18: 1088 | EP18: 1088 | EQ18: 1088 | ER18: 1088 | ES18: 1088 | ET18: 1088 | EU18: 1088 | EV18: 1088 | EW18: 1088 | EX18: 1088 | EY18: 1088 | EZ18: 1088 | FA18: 1088 | FB18: 1088 | FC18: 1088 | FD18: 1088 | FE18: 1088 | FF18: 1088 | FG18: 1088 | FH18: 1088 | FI18: 1088 | FJ18: 1088 | FK18: 1088 | FL18: 1088 | FM18: 1088 | FN18: 1088 | FO18: 1088 | FP18: 1088 | FQ18: 1088 | FR18: 1088 | FS18: 1088 | FT18: 1088 | FU18: 1088 | FV18: 1088 | FW18: 1088 | FX18: 1088 | FY18: 1088 | FZ18: 1088 | GA18: 1088 | GB18: 1088 | GC18: 1088 | GD18: 1088 | GE18: 1088 | GF18: 1088 | GG18: 1088 | GH18: 1088 | GI18: 1088 | GJ18: 1088 | GK18: 1088 | GL18: 1088 | GM18: 1088 | GN18: 1088 | GO18: 1088 | GP18: 1088 | GQ18: 1088 | GR18: 1088 | GS18: 1088 | GT18: 1088 | GU18: 1088 | GV18: 1088 | GW18: 1088 | GX18: 1088 | GY18: 1088 | GZ18: 1088 | HA18: 1088 | HB18: 1088 | HC18: 1088 | HD18: 1088 | HE18: 1088 | HF18: 1088 | HG18: 1088 | HH18: 1088 | HI18: 1088 | HJ18: 1088 | HK18: 1088 | HL18: 1088 | HM18: 1088 | HN18: 1088 | HO18: 1088 | HP18: 1088 | HQ18: 1088 | HR18: 1088 | HS18: 1088 | HT18: 1088 | HU18: 1088 | HV18: 1088 | HW18: 1088 | HX18: 1088 | HY18: 1088 | HZ18: 1088 | IA18: 1088 | IB18: 1088 | IC18: 1088 | ID18: 1088 | IE18: 1088 | IF18: 1088 | IG18: 1088 | IH18: 1088 | II18: 1088 | IJ18: 1088 | IK18: 1088 | IL18: 1088 | IM18: 1088 | IN18: 1088 | IO18: 1088 | IP18: 1088 | IQ18: 1088 | IR18: 1088 | IS18: 1088 | IT18: 1088 | IU18: 1088 | IV18: 1088 | IW18: 1088 | IX18: 1088 | IY18: 1088 | IZ18: 1088 | JA18: 1088 | JB18: 1088 | JC18: 1088 | JD18: 1088 | JE18: 1088 | JF18: 1088 | JG18: 1088 | JH18: 1088 | JI18: 1088 | JJ18: 1088 | JK18: 1088 | JL18: 1088 | JM18: 1088 | JN18: 1088 | JO18: 1088 | JP18: 1088 | JQ18: 1088 | JR18: 1088 | JS18: 1088 | JT18: 1088 | JU18: 1088 | JV18: 1088 | JW18: 1088 | JX18: 1088 | JY18: 1088 | JZ18: 1088
B19: PLL | C19: 86 | D19: 0.0003 | E19: SD | I19: PASS BIN | M19: 0.89746731 | N19: 1.7949346 | O19: 0.80422794 | P19: 0.81617647 | Q19: 0.84375 | R19: 0.84375 | S19: 0.84650735 | T19: 0.85280589 | U19: 0.85386029 | V19: 0.85569853 | W19: 0.85753676 | X19: 0.86305147 | Y19: 0.86672794 | Z19: 0.86672794 | AA19: 0.86764706 | AB19: 0.86856618 | AC19: 0.86948529 | AD19: 0.87132353 | AE19: 0.87224265 | AF19: 0.875 | AG19: 0.87591912 | AH19: 0.87683824 | AI19: 0.87683824 | AJ19: 0.87775735 | AK19: 0.87775735 | AL19: 0.87959559 | AM19: 0.88051471 | AN19: 0.88143382 | AO19: 0.88235294 | AP19: 0.88327206 | AQ19: 0.88327206 | AR19: 0.88419118 | AS19: 0.88419118 | AT19: 0.88511029 | AU19: 0.88511029 | AV19: 0.88511029 | AW19: 0.88602941 | AX19: 0.88602941 | AY19: 0.88602941 | AZ19: 0.88602941 | BA19: 0.88694853 | BB19: 0.88694853 | BC19: 0.88694853 | BD19: 0.88694853 | BE19: 0.88694853 | BF19: 0.88786765 | BG19: 0.88786765 | BH19: 0.88786765 | BI19: 0.88786765 | BJ19: 0.88878676 | BK19: 0.88878676 | BL19: 0.88878676 | BM19: 0.88970588 | BN19: 0.88970588 | BO19: 0.88970588 | BP19: 0.890625 | BQ19: 0.89154412 | BR19: 0.89154412 | BS19: 0.89154412 | BT19: 0.89246324 | BU19: 0.89246324 | BV19: 0.89246324 | BW19: 0.89246324 | BX19: 0.89338235 | BY19: 0.89338235 | BZ19: 0.89338235 | CA19: 0.89430147 | CB19: 0.89522059 | CC19: 0.89522059 | CD19: 0.89522059 | CE19: 0.89522059 | CF19: 0.89522059 | CG19: 0.89613971 | CH19: 0.89613971 | CI19: 0.89613971 | CJ19: 0.89613971 | CK19: 0.89705882 | CL19: 0.89705882 | CM19: 0.89705882 | CN19: 0.89705882 | CO19: 0.89705882 | CP19: 0.89705882 | CQ19: 0.89705882 | CR19: 0.89797794 | CS19: 0.89797794 | CT19: 0.89797794 | CU19: 0.89797794 | CV19: 0.89797794 | CW19: 0.89797794 | CX19: 0.89889706 | CY19: 0.89889706 | CZ19: 0.89889706 | DA19: 0.89981618 | DB19: 0.89981618 | DC19: 0.89981618 | DD19: 0.89981618 | DE19: 0.89981618 | DF19: 0.89981618 | DG19: 0.90073529 | DH19: 0.90073529 | DI19: 0.90073529 | DJ19: 0.90073529 | DK19: 0.90073529 | DL19: 0.90073529 | DM19: 0.90073529 | DN19: 0.90073529 | DO19: 0.90165441 | DP19: 0.90165441 | DQ19: 0.90257353 | DR19: 0.90257353 | DS19: 0.90257353 | DT19: 0.90257353 | DU19: 0.90257353 | DV19: 0.90257353 | DW19: 0.90257353 | DX19: 0.90257353 | DY19: 0.90257353 | DZ19: 0.90257353 | EA19: 0.90257353 | EB19: 0.90349265 | EC19: 0.90349265 | ED19: 0.90349265 | EE19: 0.90349265 | EF19: 0.90349265 | EG19: 0.90349265 | EH19: 0.90349265 | EI19: 0.90441176 | EJ19: 0.90441176 | EK19: 0.90441176 | EL19: 0.90441176 | EM19: 0.90441176 | EN19: 0.90441176 | EO19: 0.90441176 | EP19: 0.90441176 | EQ19: 0.90441176 | ER19: 0.90441176 | ES19: 0.90441176 | ET19: 0.90533088 | EU19: 0.90533088 | EV19: 0.90533088 | EW19: 0.90533088 | EX19: 0.90533088 | EY19: 0.90533088 | EZ19: 0.90533088 | FA19: 0.90625 | FB19: 0.90625 | FC19: 0.90625 | FD19: 0.90625 | FE19: 0.90625 | FF19: 0.90625 | FG19: 0.90625 | FH19: 0.90625 | FI19: 0.90716912 | FJ19: 0.90716912 | FK19: 0.90716912 | FL19: 0.90716912 | FM19: 0.90808824 | FN19: 0.90808824 | FO19: 0.90808824 | FP19: 0.90808824 | FQ19: 0.90808824 | FR19: 0.90808824 | FS19: 0.90808824 | FT19: 0.90900735 | FU19: 0.90900735 | FV19: 0.90900735 | FW19: 0.90900735 | FX19: 0.90900735 | FY19: 0.90900735 | FZ19: 0.90992647 | GA19: 0.90992647 | GB19: 0.90992647 | GC19: 0.90992647 | GD19: 0.90992647 | GE19: 0.90992647 | GF19: 0.90992647 | GG19: 0.91084559 | GH19: 0.91084559 | GI19: 0.91084559 | GJ19: 0.91084559 | GK19: 0.91084559 | GL19: 0.91084559 | GM19: 0.91084559 | GN19: 0.91084559 | GO19: 0.91084559 | GP19: 0.91084559 | GQ19: 0.91176471 | GR19: 0.91176471 | GS19: 0.91176471 | GT19: 0.91176471 | GU19: 0.91176471 | GV19: 0.91176471 | GW19: 0.91176471 | GX19: 0.91268382 | GY19: 0.91268382 | GZ19: 0.91268382 | HA19: 0.91268382 | HB19: 0.91268382 | HC19: 0.91360294 | HD19: 0.91360294 | HE19: 0.91360294 | HF19: 0.91360294 | HG19: 0.91360294 | HH19: 0.91360294 | HI19: 0.91360294 | HJ19: 0.91360294 | HK19: 0.91360294 | HL19: 0.91452206 | HM19: 0.91452206 | HN19: 0.91452206 | HO19: 0.91452206 | HP19: 0.91452206 | HQ19: 0.91452206 | HR19: 0.91544118 | HS19: 0.91544118 | HT19: 0.91544118 | HU19: 0.91544118 | HV19: 0.91544118 | HW19: 0.91544118 | HX19: 0.91636029 | HY19: 0.91636029 | HZ19: 0.91636029 | IA19: 0.91636029 | IB19: 0.91636029 | IC19: 0.91636029 | ID19: 0.91727941 | IE19: 0.91727941 | IF19: 0.91727941 | IG19: 0.91727941 | IH19: 0.91727941 | II19: 0.91819853 | IJ19: 0.91819853 | IK19: 0.91819853 | IL19: 0.91911765 | IM19: 0.91911765 | IN19: 0.91911765 | IO19: 0.91911765 | IP19: 0.91911765 | IQ19: 0.92003676 | IR19: 0.92003676 | IS19: 0.92003676 | IT19: 0.92003676 | IU19: 0.92095588 | IV19: 0.92095588 | IW19: 0.92095588 | IX19: 0.92095588 | IY19: 0.92095588 | IZ19: 0.92095588 | JA19: 0.921875 | JB19: 0.92279412 | JC19: 0.92279412 | JD19: 0.92279412 | JE19: 0.92371324 | JF19: 0.92371324 | JG19: 0.92371324 | JH19: 0.92371324 | JI19: 0.92463235 | JJ19: 0.92463235 | JK19: 0.92463235 | JL19: 0.92463235 | JM19: 0.92555147 | JN19: 0.92647059 | JO19: 0.92738971 | JP19: 0.92830882 | JQ19: 0.92830882 | JR19: 0.92830882 | JS19: 0.93014706 | JT19: 0.93014706 | JU19: 0.93198529 | JV19: 0.93198529 | JW19: 0.93198529 | JX19: 0.93198529 | JY19: 0.93933824 | JZ19: 0.94117647
B20: LDO | C20: 21 | D20: 0.0001 | E20: SD | I20: OTHER | M20: 0.00115771 | N20: 0.00231542 | O20: 0.00091912 | P20: 0.00367647 | Q20: 0.00091912 | R20: 0.00091912 | S20: 0.00091912 | T20: 0.00091996 | U20: 0 | V20: 0 | W20: 0.00183824 | X20: 0 | Y20: 0.00091912 | Z20: 0.00183824 | AA20: 0 | AB20: 0 | AC20: 0 | AD20: 0.00091912 | AE20: 0 | AF20: 0.00183824 | AG20: 0.00091912 | AH20: 0.00091912 | AI20: 0.00091912 | AJ20: 0.00459559 | AK20: 0.00091912 | AL20: 0.00275735 | AM20: 0.00275735 | AN20: 0.00183824 | AO20: 0.00183824 | AP20: 0.00091912 | AQ20: 0.00459559 | AR20: 0 | AS20: 0.00091912 | AT20: 0 | AU20: 0.00183824 | AV20: 0.00183824 | AW20: 0 | AX20: 0.00091912 | AY20: 0.00183824 | AZ20: 0 | BA20: 0 | BB20: 0.00091912 | BC20: 0 | BD20: 0 | BE20: 0.00183824 | BF20: 0 | BG20: 0 | BH20: 0.00091912 | BI20: 0.00183824 | BJ20: 0 | BK20: 0 | BL20: 0 | BM20: 0.00091912 | BN20: 0.00091912 | BO20: 0 | BP20: 0 | BQ20: 0 | BR20: 0 | BS20: 0.00275735 | BT20: 0.00091912 | BU20: 0 | BV20: 0.00091912 | BW20: 0.00091912 | BX20: 0.00091912 | BY20: 0 | BZ20: 0.00183824 | CA20: 0 | CB20: 0 | CC20: 0.00091912 | CD20: 0.00091912 | CE20: 0 | CF20: 0 | CG20: 0.00091912 | CH20: 0 | CI20: 0.00091912 | CJ20: 0.00091912 | CK20: 0 | CL20: 0 | CM20: 0 | CN20: 0.00183824 | CO20: 0.00091912 | CP20: 0 | CQ20: 0 | CR20: 0 | CS20: 0 | CT20: 0.00091912 | CU20: 0.00183824 | CV20: 0 | CW20: 0.00183824 | CX20: 0.00091912 | CY20: 0.00091912 | CZ20: 0 | DA20: 0 | DB20: 0.00183824 | DC20: 0.00091912 | DD20: 0 | DE20: 0.00091912 | DF20: 0 | DG20: 0.00091912 | DH20: 0 | DI20: 0 | DJ20: 0.00183824 | DK20: 0 | DL20: 0.00275735 | DM20: 0 | DN20: 0 | DO20: 0.00091912 | DP20: 0 | DQ20: 0.00183824 | DR20: 0.00183824 | DS20: 0.00183824 | DT20: 0 | DU20: 0.00275735 | DV20: 0 | DW20: 0 | DX20: 0.00275735 | DY20: 0.00183824 | DZ20: 0 | EA20: 0.00091912 | EB20: 0.00091912 | EC20: 0.00091912 | ED20: 0.00183824 | EE20: 0.00275735 | EF20: 0 | EG20: 0 | EH20: 0 | EI20: 0 | EJ20: 0.00183824 | EK20: 0.00091912 | EL20: 0.00091912 | EM20: 0 | EN20: 0 | EO20: 0 | EP20: 0 | EQ20: 0 | ER20: 0 | ES20: 0.00275735 | ET20: 0.00091912 | EU20: 0.00091912 | EV20: 0.00091912 | EW20: 0 | EX20: 0.00275735 | EY20: 0.00183824 | EZ20: 0.00091912 | FA20: 0.00091912 | FB20: 0 | FC20: 0.00091912 | FD20: 0.00183824 | FE20: 0.00091912 | FF20: 0 | FG20: 0.00091912 | FH20: 0.00091912 | FI20: 0.00091912 | FJ20: 0.00091912 | FK20: 0.00183824 | FL20: 0.00091912 | FM20: 0 | FN20: 0 | FO20: 0 | FP20: 0.00183824 | FQ20: 0 | FR20: 0.00091912 | FS20: 0.00091912 | FT20: 0.00183824 | FU20: 0.00183824 | FV20: 0.00183824 | FW20: 0 | FX20: 0 | FY20: 0.00275735 | FZ20: 0 | GA20: 0 | GB20: 0.00091912 | GC20: 0 | GD20: 0 | GE20: 0.00183824 | GF20: 0 | GG20: 0.00183824 | GH20: 0.00183824 | GI20: 0.00091912 | GJ20: 0.00091912 | GK20: 0.00367647 | GL20: 0.00091912 | GM20: 0.00091912 | GN20: 0.00091912 | GO20: 0 | GP20: 0.00183824 | GQ20: 0.00091912 | GR20: 0.00367647 | GS20: 0.00183824 | GT20: 0 | GU20: 0 | GV20: 0 | GW20: 0 | GX20: 0 | GY20: 0.00183824 | GZ20: 0.00091912 | HA20: 0 | HB20: 0 | HC20: 0 | HD20: 0.00091912 | HE20: 0 | HF20: 0 | HG20: 0.00091912 | HH20: 0.00091912 | HI20: 0.00183824 | HJ20: 0 | HK20: 0.00183824 | HL20: 0.00091912 | HM20: 0.00183824 | HN20: 0 | HO20: 0 | HP20: 0 | HQ20: 0.00091912 | HR20: 0.00183824 | HS20: 0.00091912 | HT20: 0 | HU20: 0.00091912 | HV20: 0 | HW20: 0.00183824 | HX20: 0 | HY20: 0 | HZ20: 0.00091912 | IA20: 0 | IB20: 0 | IC20: 0.00091912 | ID20: 0 | IE20: 0 | IF20: 0 | IG20: 0.00183824 | IH20: 0.00091912 | II20: 0 | IJ20: 0 | IK20: 0 | IL20: 0 | IM20: 0.00091912 | IN20: 0.00183824 | IO20: 0.00091912 | IP20: 0.00367647 | IQ20: 0.00091912 | IR20: 0.00091912 | IS20: 0 | IT20: 0 | IU20: 0.00091912 | IV20: 0 | IW20: 0 | IX20: 0.00091912 | IY20: 0.00183824 | IZ20: 0.00275735 | JA20: 0.00091912 | JB20: 0 | JC20: 0 | JD20: 0 | JE20: 0.00091912 | JF20: 0 | JG20: 0 | JH20: 0 | JI20: 0.00091912 | JJ20: 0.00091912 | JK20: 0 | JL20: 0 | JM20: 0.00183824 | JN20: 0.00091912 | JO20: 0.00091912 | JP20: 0.00275735 | JQ20: 0.00091912 | JR20: 0.00091912 | JS20: 0.00091912 | JT20: 0 | JU20: 0 | JV20: 0.00091912 | JW20: 0 | JX20: 0.00183824 | JY20: 0 | JZ20: 0.00183824
B21: DDR | C21: 9 | D21: 0 | E21: SD | I21: OS | M21: 0.00331596 | N21: 0.00663192 | O21: 0.00459559 | P21: 0.00275735 | Q21: 0.00459559 | R21: 0.00275735 | S21: 0.00459559 | T21: 0.00275989 | U21: 0.00183824 | V21: 0.00551471 | W21: 0.00091912 | X21: 0.00459559 | Y21: 0.00459559 | Z21: 0.00275735 | AA21: 0.00183824 | AB21: 0.00367647 | AC21: 0.00275735 | AD21: 0.00459559 | AE21: 0.00459559 | AF21: 0.00275735 | AG21: 0.00367647 | AH21: 0.00275735 | AI21: 0.00275735 | AJ21: 0.00919118 | AK21: 0.00183824 | AL21: 0.00183824 | AM21: 0.00275735 | AN21: 0.00367647 | AO21: 0.00183824 | AP21: 0.00275735 | AQ21: 0.00183824 | AR21: 0.00459559 | AS21: 0.00551471 | AT21: 0.00367647 | AU21: 0.00275735 | AV21: 0.00459559 | AW21: 0.00275735 | AX21: 0.00183824 | AY21: 0.00367647 | AZ21: 0.00367647 | BA21: 0.00091912 | BB21: 0.00643382 | BC21: 0.00275735 | BD21: 0.00091912 | BE21: 0.00367647 | BF21: 0.00275735 | BG21: 0.00183824 | BH21: 0.00183824 | BI21: 0.00183824 | BJ21: 0.00183824 | BK21: 0.00183824 | BL21: 0.00183824 | BM21: 0.00183824 | BN21: 0.00367647 | BO21: 0.00275735 | BP21: 0.00551471 | BQ21: 0.00367647 | BR21: 0.00183824 | BS21: 0.00183824 | BT21: 0.00275735 | BU21: 0.00275735 | BV21: 0.00091912 | BW21: 0.00183824 | BX21: 0.00459559 | BY21: 0 | BZ21: 0.00459559 | CA21: 0.00367647 | CB21: 0.00275735 | CC21: 0.00091912 | CD21: 0.00367647 | CE21: 0.00183824 | CF21: 0.00827206 | CG21: 0.00275735 | CH21: 0.00551471 | CI21: 0.00091912 | CJ21: 0.00091912 | CK21: 0.00091912 | CL21: 0.00091912 | CM21: 0.00183824 | CN21: 0.01838235 | CO21: 0.00275735 | CP21: 0.00367647 | CQ21: 0.00275735 | CR21: 0.00459559 | CS21: 0.00459559 | CT21: 0.00091912 | CU21: 0.00183824 | CV21: 0.00183824 | CW21: 0.00183824 | CX21: 0.00091912 | CY21: 0.00275735 | CZ21: 0.00459559 | DA21: 0.00367647 | DB21: 0.00091912 | DC21: 0.00183824 | DD21: 0.00183824 | DE21: 0.00459559 | DF21: 0.00091912 | DG21: 0.00275735 | DH21: 0.00275735 | DI21: 0.00367647 | DJ21: 0.00275735 | DK21: 0.00183824 | DL21: 0.00551471 | DM21: 0.00183824 | DN21: 0.00551471 | DO21: 0.00275735 | DP21: 0.00091912 | DQ21: 0.00183824 | DR21: 0.00275735 | DS21: 0.00275735 | DT21: 0.00183824 | DU21: 0.00275735 | DV21: 0.00091912 | DW21: 0.00183824 | DX21: 0.00367647 | DY21: 0.00367647 | DZ21: 0.00183824 | EA21: 0.00275735 | EB21: 0.00367647 | EC21: 0.00275735 | ED21: 0.00183824 | EE21: 0.00275735 | EF21: 0.00183824 | EG21: 0.00275735 | EH21: 0.00367647 | EI21: 0.00367647 | EJ21: 0.00091912 | EK21: 0.00275735 | EL21: 0.00275735 | EM21: 0.00367647 | EN21: 0.00091912 | EO21: 0.00459559 | EP21: 0.00183824 | EQ21: 0.00275735 | ER21: 0.00275735 | ES21: 0.00275735 | ET21: 0.00183824 | EU21: 0.00367647 | EV21: 0.00275735 | EW21: 0.00643382 | EX21: 0.00551471 | EY21: 0.00275735 | EZ21: 0.00275735 | FA21: 0.00275735 | FB21: 0.00091912 | FC21: 0.00183824 | FD21: 0.00275735 | FE21: 0.00551471 | FF21: 0.00459559 | FG21: 0.00275735 | FH21: 0.00183824 | FI21: 0.00367647 | FJ21: 0.00091912 | FK21: 0.00275735 | FL21: 0.00183824 | FM21: 0.00275735 | FN21: 0.00367647 | FO21: 0.00183824 | FP21: 0.00459559 | FQ21: 0.00367647 | FR21: 0.00091912 | FS21: 0 | FT21: 0.00091912 | FU21: 0.00275735 | FV21: 0.00275735 | FW21: 0.00091912 | FX21: 0.00367647 | FY21: 0.00091912 | FZ21: 0.00275735 | GA21: 0.00275735 | GB21: 0.00551471 | GC21: 0.00091912 | GD21: 0.00459559 | GE21: 0.00367647 | GF21: 0.00367647 | GG21: 0.00183824 | GH21: 0.00183824 | GI21: 0.00183824 | GJ21: 0.00367647 | GK21: 0.00091912 | GL21: 0.00919118 | GM21: 0.00367647 | GN21: 0.00551471 | GO21: 0.00183824 | GP21: 0.00183824 | GQ21: 0.00459559 | GR21: 0.00091912 | GS21: 0.00459559 | GT21: 0.00275735 | GU21: 0.00275735 | GV21: 0.00091912 | GW21: 0.00183824 | GX21: 0.00183824 | GY21: 0.00183824 | GZ21: 0.00183824 | HA21: 0.00459559 | HB21: 0.00275735 | HC21: 0.00367647 | HD21: 0.00091912 | HE21: 0.00735294 | HF21: 0.00183824 | HG21: 0.00275735 | HH21: 0.00367647 | HI21: 0.00367647 | HJ21: 0.00275735 | HK21: 0.00091912 | HL21: 0.00735294 | HM21: 0.00183824 | HN21: 0.00367647 | HO21: 0.00367647 | HP21: 0.00459559 | HQ21: 0.00183824 | HR21: 0.00275735 | HS21: 0.00275735 | HT21: 0.00367647 | HU21: 0.00183824 | HV21: 0.00091912 | HW21: 0.00183824 | HX21: 0.00275735 | HY21: 0.00183824 | HZ21: 0.00551471 | IA21: 0.00183824 | IB21: 0.00275735 | IC21: 0.00275735 | ID21: 0.00459559 | IE21: 0.00091912 | IF21: 0.00183824 | IG21: 0.00183824 | IH21: 0.00459559 | II21: 0.00183824 | IJ21: 0.00367647 | IK21: 0.00459559 | IL21: 0.00091912 | IM21: 0.00275735 | IN21: 0.00183824 | IO21: 0.00459559 | IP21: 0.00367647 | IQ21: 0.00459559 | IR21: 0.00183824 | IS21: 0.00183824 | IT21: 0.00275735 | IU21: 0.00183824 | IV21: 0.00091912 | IW21: 0.00459559 | IX21: 0.00275735 | IY21: 0.00551471 | IZ21: 0.00459559 | JA21: 0.00367647 | JB21: 0.00459559 | JC21: 0.00275735 | JD21: 0.00183824 | JE21: 0.00183824 | JF21: 0.00183824 | JG21: 0.00183824 | JH21: 0.00275735 | JI21: 0.00275735 | JJ21: 0.00367647 | JK21: 0.00643382 | JL21: 0.00183824 | JM21: 0.00183824 | JN21: 0.00091912 | JO21: 0.00275735 | JP21: 0.00183824 | JQ21: 0.00275735 | JR21: 0.00183824 | JS21: 0.00459559 | JT21: 0.00367647 | JU21: 0.00183824 | JV21: 0.00275735 | JW21: 0.00091912 | JX21: 0.00091912 | JY21: 0.00275735 | JZ21: 0.00183824
B22: EARC | C22: 7 | D22: 0 | E22: SD | I22: HDMI | M22: 1.994e-05 | N22: 3.988e-05 | O22: 0 | P22: 0.00091912 | Q22: 0 | R22: 0 | S22: 0 | T22: 0 | U22: 0 | V22: 0 | W22: 0.00091912 | X22: 0 | Y22: 0 | Z22: 0 | AA22: 0 | AB22: 0 | AC22: 0 | AD22: 0 | AE22: 0 | AF22: 0 | AG22: 0 | AH22: 0 | AI22: 0 | AJ22: 0 | AK22: 0 | AL22: 0 | AM22: 0 | AN22: 0 | AO22: 0 | AP22: 0 | AQ22: 0 | AR22: 0 | AS22: 0 | AT22: 0 | AU22: 0 | AV22: 0.00091912 | AW22: 0 | AX22: 0 | AY22: 0 | AZ22: 0 | BA22: 0 | BB22: 0 | BC22: 0 | BD22: 0 | BE22: 0 | BF22: 0 | BG22: 0 | BH22: 0 | BI22: 0 | BJ22: 0 | BK22: 0 | BL22: 0 | BM22: 0 | BN22: 0 | BO22: 0 | BP22: 0 | BQ22: 0 | BR22: 0 | BS22: 0 | BT22: 0 | BU22: 0 | BV22: 0 | BW22: 0 | BX22: 0 | BY22: 0 | BZ22: 0 | CA22: 0.00091912 | CB22: 0 | CC22: 0 | CD22: 0 | CE22: 0 | CF22: 0 | CG22: 0 | CH22: 0 | CI22: 0 | CJ22: 0 | CK22: 0 | CL22: 0 | CM22: 0 | CN22: 0 | CO22: 0 | CP22: 0 | CQ22: 0 | CR22: 0 | CS22: 0 | CT22: 0 | CU22: 0 | CV22: 0 | CW22: 0 | CX22: 0 | CY22: 0 | CZ22: 0 | DA22: 0 | DB22: 0 | DC22: 0 | DD22: 0 | DE22: 0 | DF22: 0 | DG22: 0 | DH22: 0 | DI22: 0 | DJ22: 0 | DK22: 0 | DL22: 0 | DM22: 0 | DN22: 0 | DO22: 0 | DP22: 0 | DQ22: 0 | DR22: 0 | DS22: 0 | DT22: 0 | DU22: 0 | DV22: 0 | DW22: 0 | DX22: 0 | DY22: 0 | DZ22: 0 | EA22: 0 | EB22: 0 | EC22: 0 | ED22: 0 | EE22: 0 | EF22: 0 | EG22: 0 | EH22: 0 | EI22: 0 | EJ22: 0 | EK22: 0 | EL22: 0 | EM22: 0 | EN22: 0 | EO22: 0 | EP22: 0 | EQ22: 0 | ER22: 0 | ES22: 0 | ET22: 0 | EU22: 0 | EV22: 0 | EW22: 0 | EX22: 0 | EY22: 0 | EZ22: 0 | FA22: 0 | FB22: 0 | FC22: 0 | FD22: 0 | FE22: 0 | FF22: 0 | FG22: 0 | FH22: 0 | FI22: 0 | FJ22: 0 | FK22: 0 | FL22: 0 | FM22: 0 | FN22: 0 | FO22: 0 | FP22: 0 | FQ22: 0 | FR22: 0 | FS22: 0 | FT22: 0 | FU22: 0 | FV22: 0 | FW22: 0 | FX22: 0 | FY22: 0 | FZ22: 0 | GA22: 0 | GB22: 0 | GC22: 0 | GD22: 0 | GE22: 0 | GF22: 0 | GG22: 0 | GH22: 0 | GI22: 0 | GJ22: 0 | GK22: 0 | GL22: 0 | GM22: 0 | GN22: 0 | GO22: 0 | GP22: 0 | GQ22: 0 | GR22: 0 | GS22: 0 | GT22: 0 | GU22: 0.00091912 | GV22: 0 | GW22: 0 | GX22: 0 | GY22: 0 | GZ22: 0 | HA22: 0.00091912 | HB22: 0 | HC22: 0 | HD22: 0 | HE22: 0 | HF22: 0 | HG22: 0 | HH22: 0 | HI22: 0 | HJ22: 0 | HK22: 0 | HL22: 0 | HM22: 0 | HN22: 0 | HO22: 0 | HP22: 0 | HQ22: 0 | HR22: 0 | HS22: 0 | HT22: 0 | HU22: 0 | HV22: 0 | HW22: 0 | HX22: 0 | HY22: 0 | HZ22: 0 | IA22: 0 | IB22: 0 | IC22: 0 | ID22: 0 | IE22: 0 | IF22: 0 | IG22: 0 | IH22: 0 | II22: 0 | IJ22: 0 | IK22: 0 | IL22: 0 | IM22: 0 | IN22: 0 | IO22: 0 | IP22: 0.00091912 | IQ22: 0 | IR22: 0 | IS22: 0 | IT22: 0 | IU22: 0 | IV22: 0 | IW22: 0 | IX22: 0 | IY22: 0 | IZ22: 0 | JA22: 0 | JB22: 0 | JC22: 0 | JD22: 0 | JE22: 0 | JF22: 0 | JG22: 0 | JH22: 0 | JI22: 0 | JJ22: 0 | JK22: 0 | JL22: 0 | JM22: 0 | JN22: 0 | JO22: 0 | JP22: 0 | JQ22: 0 | JR22: 0 | JS22: 0 | JT22: 0 | JU22: 0 | JV22: 0 | JW22: 0 | JX22: 0 | JY22: 0 | JZ22: 0
B23: GPIO | C23: 51 | D23: 0.0002 | E23: SD | I23: SD_OTHER | M23: 0.00046198 | N23: 0.00092396 | O23: 0 | P23: 0 | Q23: 0.00091912 | R23: 0 | S23: 0 | T23: 0 | U23: 0 | V23: 0 | W23: 0 | X23: 0.00275735 | Y23: 0 | Z23: 0 | AA23: 0 | AB23: 0 | AC23: 0.00091912 | AD23: 0 | AE23: 0 | AF23: 0.00091912 | AG23: 0 | AH23: 0 | AI23: 0 | AJ23: 0 | AK23: 0 | AL23: 0.00183824 | AM23: 0.00091912 | AN23: 0 | AO23: 0.00091912 | AP23: 0.00183824 | AQ23: 0 | AR23: 0.00091912 | AS23: 0 | AT23: 0 | AU23: 0 | AV23: 0 | AW23: 0 | AX23: 0.00091912 | AY23: 0.00091912 | AZ23: 0 | BA23: 0 | BB23: 0 | BC23: 0 | BD23: 0 | BE23: 0.00183824 | BF23: 0.00091912 | BG23: 0 | BH23: 0 | BI23: 0 | BJ23: 0 | BK23: 0.00551471 | BL23: 0.00091912 | BM23: 0 | BN23: 0.00091912 | BO23: 0 | BP23: 0.00183824 | BQ23: 0 | BR23: 0.00091912 | BS23: 0.00091912 | BT23: 0.00091912 | BU23: 0 | BV23: 0.00367647 | BW23: 0.00091912 | BX23: 0.00183824 | BY23: 0 | BZ23: 0 | CA23: 0.00091912 | CB23: 0 | CC23: 0.00183824 | CD23: 0 | CE23: 0 | CF23: 0 | CG23: 0.00091912 | CH23: 0.00367647 | CI23: 0.00091912 | CJ23: 0.00091912 | CK23: 0 | CL23: 0.00091912 | CM23: 0 | CN23: 0.00091912 | CO23: 0.00183824 | CP23: 0 | CQ23: 0 | CR23: 0 | CS23: 0 | CT23: 0.00091912 | CU23: 0.00091912 | CV23: 0 | CW23: 0 | CX23: 0 | CY23: 0 | CZ23: 0 | DA23: 0 | DB23: 0 | DC23: 0 | DD23: 0 | DE23: 0.00091912 | DF23: 0 | DG23: 0 | DH23: 0 | DI23: 0 | DJ23: 0 | DK23: 0 | DL23: 0 | DM23: 0 | DN23: 0 | DO23: 0 | DP23: 0.00183824 | DQ23: 0 | DR23: 0.00091912 | DS23: 0 | DT23: 0 | DU23: 0 | DV23: 0.00091912 | DW23: 0 | DX23: 0 | DY23: 0.00091912 | DZ23: 0.00091912 | EA23: 0 | EB23: 0 | EC23: 0 | ED23: 0 | EE23: 0 | EF23: 0 | EG23: 0 | EH23: 0.00091912 | EI23: 0.00367647 | EJ23: 0.00091912 | EK23: 0.00091912 | EL23: 0 | EM23: 0.00275735 | EN23: 0 | EO23: 0.00275735 | EP23: 0 | EQ23: 0 | ER23: 0.00459559 | ES23: 0 | ET23: 0 | EU23: 0 | EV23: 0 | EW23: 0 | EX23: 0 | EY23: 0.00275735 | EZ23: 0 | FA23: 0.00459559 | FB23: 0 | FC23: 0 | FD23: 0 | FE23: 0.00367647 | FF23: 0 | FG23: 0.00091912 | FH23: 0 | FI23: 0 | FJ23: 0 | FK23: 0 | FL23: 0 | FM23: 0 | FN23: 0 | FO23: 0 | FP23: 0 | FQ23: 0 | FR23: 0.00183824 | FS23: 0 | FT23: 0.00091912 | FU23: 0 | FV23: 0 | FW23: 0 | FX23: 0 | FY23: 0.00183824 | FZ23: 0 | GA23: 0 | GB23: 0 | GC23: 0 | GD23: 0 | GE23: 0.00091912 | GF23: 0 | GG23: 0 | GH23: 0.00275735 | GI23: 0 | GJ23: 0 | GK23: 0 | GL23: 0 | GM23: 0.00183824 | GN23: 0 | GO23: 0 | GP23: 0 | GQ23: 0 | GR23: 0 | GS23: 0 | GT23: 0 | GU23: 0 | GV23: 0.00459559 | GW23: 0.00091912 | GX23: 0.00091912 | GY23: 0.00091912 | GZ23: 0 | HA23: 0.00091912 | HB23: 0.00091912 | HC23: 0 | HD23: 0 | HE23: 0.00091912 | HF23: 0.00091912 | HG23: 0 | HH23: 0.00091912 | HI23: 0.00827206 | HJ23: 0 | HK23: 0.00091912 | HL23: 0.00091912 | HM23: 0 | HN23: 0.00091912 | HO23: 0 | HP23: 0 | HQ23: 0 | HR23: 0 | HS23: 0 | HT23: 0 | HU23: 0.00091912 | HV23: 0.00183824 | HW23: 0 | HX23: 0 | HY23: 0 | HZ23: 0.00183824 | IA23: 0.00091912 | IB23: 0 | IC23: 0.00275735 | ID23: 0.00091912 | IE23: 0.00091912 | IF23: 0 | IG23: 0 | IH23: 0.00091912 | II23: 0.00275735 | IJ23: 0 | IK23: 0 | IL23: 0.00091912 | IM23: 0 | IN23: 0 | IO23: 0 | IP23: 0 | IQ23: 0 | IR23: 0 | IS23: 0 | IT23: 0 | IU23: 0 | IV23: 0 | IW23: 0 | IX23: 0.00367647 | IY23: 0 | IZ23: 0.00459559 | JA23: 0.00091912 | JB23: 0 | JC23: 0.00091912 | JD23: 0 | JE23: 0.00183824 | JF23: 0 | JG23: 0 | JH23: 0 | JI23: 0 | JJ23: 0.00275735 | JK23: 0 | JL23: 0.00091912 | JM23: 0 | JN23: 0.00091912 | JO23: 0 | JP23: 0 | JQ23: 0.00091912 | JR23: 0.00091912 | JS23: 0 | JT23: 0 | JU23: 0 | JV23: 0 | JW23: 0 | JX23: 0 | JY23: 0 | JZ23: 0
B24: PIF | C24: 27 | D24: 0.0001 | E24: SD | I24: PLL | M24: 0.00038647 | N24: 0.00077294 | O24: 0 | P24: 0 | Q24: 0.00091912 | R24: 0.00091912 | S24: 0 | T24: 0 | U24: 0 | V24: 0 | W24: 0 | X24: 0 | Y24: 0.00091912 | Z24: 0 | AA24: 0.00091912 | AB24: 0 | AC24: 0.00091912 | AD24: 0 | AE24: 0 | AF24: 0.00091912 | AG24: 0 | AH24: 0 | AI24: 0 | AJ24: 0.00183824 | AK24: 0.00091912 | AL24: 0 | AM24: 0 | AN24: 0.00091912 | AO24: 0 | AP24: 0.00183824 | AQ24: 0 | AR24: 0.00091912 | AS24: 0.00091912 | AT24: 0 | AU24: 0 | AV24: 0 | AW24: 0 | AX24: 0 | AY24: 0 | AZ24: 0 | BA24: 0 | BB24: 0 | BC24: 0 | BD24: 0 | BE24: 0 | BF24: 0 | BG24: 0.00091912 | BH24: 0.00091912 | BI24: 0 | BJ24: 0 | BK24: 0.00275735 | BL24: 0 | BM24: 0.00091912 | BN24: 0.00091912 | BO24: 0 | BP24: 0 | BQ24: 0.00091912 | BR24: 0 | BS24: 0 | BT24: 0.00091912 | BU24: 0 | BV24: 0 | BW24: 0.00091912 | BX24: 0 | BY24: 0 | BZ24: 0 | CA24: 0 | CB24: 0 | CC24: 0 | CD24: 0 | CE24: 0 | CF24: 0.00183824 | CG24: 0 | CH24: 0 | CI24: 0 | CJ24: 0 | CK24: 0.00091912 | CL24: 0 | CM24: 0.00091912 | CN24: 0.00367647 | CO24: 0.00091912 | CP24: 0 | CQ24: 0 | CR24: 0.00183824 | CS24: 0 | CT24: 0 | CU24: 0 | CV24: 0.00091912 | CW24: 0.00091912 | CX24: 0 | CY24: 0 | CZ24: 0 | DA24: 0 | DB24: 0 | DC24: 0 | DD24: 0 | DE24: 0 | DF24: 0 | DG24: 0 | DH24: 0.00091912 | DI24: 0 | DJ24: 0 | DK24: 0 | DL24: 0.00091912 | DM24: 0 | DN24: 0 | DO24: 0 | DP24: 0 | DQ24: 0 | DR24: 0 | DS24: 0 | DT24: 0 | DU24: 0.00275735 | DV24: 0 | DW24: 0 | DX24: 0 | DY24: 0.00091912 | DZ24: 0 | EA24: 0 | EB24: 0 | EC24: 0 | ED24: 0 | EE24: 0 | EF24: 0 | EG24: 0 | EH24: 0 | EI24: 0 | EJ24: 0.00091912 | EK24: 0.00275735 | EL24: 0 | EM24: 0 | EN24: 0 | EO24: 0 | EP24: 0 | EQ24: 0 | ER24: 0 | ES24: 0 | ET24: 0 | EU24: 0 | EV24: 0 | EW24: 0 | EX24: 0 | EY24: 0 | EZ24: 0.00183824 | FA24: 0 | FB24: 0 | FC24: 0.00183824 | FD24: 0.00183824 | FE24: 0 | FF24: 0 | FG24: 0 | FH24: 0 | FI24: 0 | FJ24: 0 | FK24: 0.00091912 | FL24: 0 | FM24: 0 | FN24: 0 | FO24: 0 | FP24: 0 | FQ24: 0.00091912 | FR24: 0 | FS24: 0 | FT24: 0 | FU24: 0 | FV24: 0 | FW24: 0 | FX24: 0 | FY24: 0.00091912 | FZ24: 0 | GA24: 0 | GB24: 0 | GC24: 0.00183824 | GD24: 0 | GE24: 0.00091912 | GF24: 0 | GG24: 0 | GH24: 0 | GI24: 0 | GJ24: 0 | GK24: 0 | GL24: 0 | GM24: 0 | GN24: 0 | GO24: 0 | GP24: 0.00091912 | GQ24: 0 | GR24: 0 | GS24: 0 | GT24: 0 | GU24: 0 | GV24: 0 | GW24: 0.00091912 | GX24: 0 | GY24: 0 | GZ24: 0 | HA24: 0.00091912 | HB24: 0 | HC24: 0 | HD24: 0 | HE24: 0.00091912 | HF24: 0 | HG24: 0 | HH24: 0 | HI24: 0 | HJ24: 0.00091912 | HK24: 0 | HL24: 0 | HM24: 0 | HN24: 0 | HO24: 0 | HP24: 0.00091912 | HQ24: 0 | HR24: 0.00091912 | HS24: 0 | HT24: 0 | HU24: 0.00275735 | HV24: 0 | HW24: 0 | HX24: 0 | HY24: 0.00091912 | HZ24: 0.00091912 | IA24: 0 | IB24: 0 | IC24: 0 | ID24: 0.00183824 | IE24: 0 | IF24: 0 | IG24: 0 | IH24: 0 | II24: 0 | IJ24: 0 | IK24: 0 | IL24: 0 | IM24: 0 | IN24: 0.00091912 | IO24: 0 | IP24: 0 | IQ24: 0 | IR24: 0 | IS24: 0 | IT24: 0.00091912 | IU24: 0 | IV24: 0 | IW24: 0 | IX24: 0 | IY24: 0 | IZ24: 0.00091912 | JA24: 0 | JB24: 0 | JC24: 0 | JD24: 0 | JE24: 0 | JF24: 0.00091912 | JG24: 0 | JH24: 0.00275735 | JI24: 0 | JJ24: 0.00091912 | JK24: 0 | JL24: 0 | JM24: 0 | JN24: 0.00091912 | JO24: 0 | JP24: 0.00091912 | JQ24: 0 | JR24: 0 | JS24: 0 | JT24: 0 | JU24: 0.00183824 | JV24: 0 | JW24: 0.00091912 | JX24: 0 | JY24: 0 | JZ24: 0
B25: USB | C25: 356 | D25: 0.0012 | E25: SD | I25: LDO | M25: 5.345e-05 | N25: 0.0001069 | O25: 0 | P25: 0 | Q25: 0 | R25: 0 | S25: 0 | T25: 0 | U25: 0 | V25: 0 | W25: 0 | X25: 0 | Y25: 0 | Z25: 0 | AA25: 0 | AB25: 0 | AC25: 0 | AD25: 0 | AE25: 0 | AF25: 0 | AG25: 0 | AH25: 0 | AI25: 0 | AJ25: 0 | AK25: 0 | AL25: 0 | AM25: 0 | AN25: 0 | AO25: 0 | AP25: 0 | AQ25: 0 | AR25: 0 | AS25: 0 | AT25: 0.00091912 | AU25: 0 | AV25: 0 | AW25: 0 | AX25: 0 | AY25: 0 | AZ25: 0 | BA25: 0 | BB25: 0 | BC25: 0 | BD25: 0.00183824 | BE25: 0 | BF25: 0 | BG25: 0 | BH25: 0 | BI25: 0 | BJ25: 0 | BK25: 0 | BL25: 0 | BM25: 0 | BN25: 0 | BO25: 0 | BP25: 0 | BQ25: 0.00091912 | BR25: 0 | BS25: 0 | BT25: 0.00091912 | BU25: 0.00091912 | BV25: 0 | BW25: 0 | BX25: 0 | BY25: 0 | BZ25: 0 | CA25: 0 | CB25: 0 | CC25: 0 | CD25: 0 | CE25: 0 | CF25: 0 | CG25: 0 | CH25: 0 | CI25: 0 | CJ25: 0 | CK25: 0 | CL25: 0.00275735 | CM25: 0 | CN25: 0 | CO25: 0 | CP25: 0 | CQ25: 0 | CR25: 0 | CS25: 0 | CT25: 0 | CU25: 0 | CV25: 0 | CW25: 0 | CX25: 0 | CY25: 0 | CZ25: 0 | DA25: 0 | DB25: 0 | DC25: 0 | DD25: 0 | DE25: 0 | DF25: 0 | DG25: 0 | DH25: 0 | DI25: 0 | DJ25: 0 | DK25: 0 | DL25: 0 | DM25: 0 | DN25: 0 | DO25: 0 | DP25: 0 | DQ25: 0 | DR25: 0 | DS25: 0 | DT25: 0 | DU25: 0 | DV25: 0 | DW25: 0 | DX25: 0 | DY25: 0 | DZ25: 0 | EA25: 0 | EB25: 0 | EC25: 0 | ED25: 0 | EE25: 0 | EF25: 0 | EG25: 0 | EH25: 0 | EI25: 0 | EJ25: 0 | EK25: 0 | EL25: 0 | EM25: 0 | EN25: 0 | EO25: 0 | EP25: 0 | EQ25: 0 | ER25: 0 | ES25: 0 | ET25: 0 | EU25: 0 | EV25: 0 | EW25: 0 | EX25: 0.00091912 | EY25: 0.00091912 | EZ25: 0 | FA25: 0 | FB25: 0 | FC25: 0 | FD25: 0 | FE25: 0 | FF25: 0 | FG25: 0 | FH25: 0 | FI25: 0 | FJ25: 0 | FK25: 0 | FL25: 0 | FM25: 0 | FN25: 0.00091912 | FO25: 0 | FP25: 0 | FQ25: 0 | FR25: 0 | FS25: 0 | FT25: 0 | FU25: 0 | FV25: 0 | FW25: 0 | FX25: 0 | FY25: 0 | FZ25: 0 | GA25: 0 | GB25: 0.00091912 | GC25: 0 | GD25: 0 | GE25: 0 | GF25: 0 | GG25: 0 | GH25: 0 | GI25: 0 | GJ25: 0 | GK25: 0 | GL25: 0 | GM25: 0 | GN25: 0 | GO25: 0 | GP25: 0 | GQ25: 0 | GR25: 0 | GS25: 0.00091912 | GT25: 0 | GU25: 0 | GV25: 0.00091912 | GW25: 0 | GX25: 0 | GY25: 0 | GZ25: 0 | HA25: 0 | HB25: 0 | HC25: 0 | HD25: 0 | HE25: 0 | HF25: 0 | HG25: 0.00091912 | HH25: 0 | HI25: 0 | HJ25: 0 | HK25: 0 | HL25: 0 | HM25: 0 | HN25: 0 | HO25: 0 | HP25: 0 | HQ25: 0 | HR25: 0 | HS25: 0 | HT25: 0 | HU25: 0 | HV25: 0 | HW25: 0 | HX25: 0 | HY25: 0 | HZ25: 0 | IA25: 0 | IB25: 0 | IC25: 0 | ID25: 0 | IE25: 0 | IF25: 0 | IG25: 0 | IH25: 0 | II25: 0 | IJ25: 0 | IK25: 0.00091912 | IL25: 0 | IM25: 0 | IN25: 0 | IO25: 0 | IP25: 0.00091912 | IQ25: 0 | IR25: 0 | IS25: 0 | IT25: 0.00091912 | IU25: 0 | IV25: 0 | IW25: 0 | IX25: 0 | IY25: 0 | IZ25: 0 | JA25: 0 | JB25: 0 | JC25: 0 | JD25: 0 | JE25: 0 | JF25: 0 | JG25: 0 | JH25: 0 | JI25: 0 | JJ25: 0.00091912 | JK25: 0.00091912 | JL25: 0 | JM25: 0 | JN25: 0 | JO25: 0 | JP25: 0 | JQ25: 0 | JR25: 0 | JS25: 0 | JT25: 0 | JU25: 0 | JV25: 0 | JW25: 0 | JX25: 0 | JY25: 0 | JZ25: 0
B26: POR | C26: 40 | D26: 0.0001 | E26: POR | I26: DDR | M26: 2.121e-05 | N26: 4.242e-05 | O26: 0 | P26: 0 | Q26: 0 | R26: 0 | S26: 0 | T26: 0 | U26: 0 | V26: 0 | W26: 0 | X26: 0 | Y26: 0 | Z26: 0 | AA26: 0 | AB26: 0 | AC26: 0 | AD26: 0 | AE26: 0 | AF26: 0 | AG26: 0 | AH26: 0 | AI26: 0 | AJ26: 0 | AK26: 0 | AL26: 0 | AM26: 0 | AN26: 0 | AO26: 0 | AP26: 0 | AQ26: 0 | AR26: 0 | AS26: 0 | AT26: 0 | AU26: 0 | AV26: 0 | AW26: 0 | AX26: 0 | AY26: 0 | AZ26: 0 | BA26: 0 | BB26: 0 | BC26: 0 | BD26: 0.00091912 | BE26: 0 | BF26: 0 | BG26: 0 | BH26: 0 | BI26: 0 | BJ26: 0 | BK26: 0 | BL26: 0 | BM26: 0 | BN26: 0 | BO26: 0 | BP26: 0 | BQ26: 0 | BR26: 0 | BS26: 0 | BT26: 0 | BU26: 0 | BV26: 0 | BW26: 0 | BX26: 0 | BY26: 0 | BZ26: 0 | CA26: 0 | CB26: 0 | CC26: 0 | CD26: 0 | CE26: 0 | CF26: 0 | CG26: 0 | CH26: 0 | CI26: 0 | CJ26: 0 | CK26: 0 | CL26: 0 | CM26: 0 | CN26: 0 | CO26: 0 | CP26: 0 | CQ26: 0 | CR26: 0 | CS26: 0 | CT26: 0 | CU26: 0.00091912 | CV26: 0 | CW26: 0 | CX26: 0 | CY26: 0 | CZ26: 0 | DA26: 0 | DB26: 0 | DC26: 0 | DD26: 0 | DE26: 0 | DF26: 0 | DG26: 0 | DH26: 0 | DI26: 0 | DJ26: 0 | DK26: 0 | DL26: 0 | DM26: 0 | DN26: 0 | DO26: 0 | DP26: 0 | DQ26: 0 | DR26: 0 | DS26: 0 | DT26: 0 | DU26: 0 | DV26: 0 | DW26: 0 | DX26: 0 | DY26: 0 | DZ26: 0 | EA26: 0 | EB26: 0 | EC26: 0 | ED26: 0 | EE26: 0 | EF26: 0 | EG26: 0 | EH26: 0 | EI26: 0 | EJ26: 0 | EK26: 0 | EL26: 0 | EM26: 0 | EN26: 0 | EO26: 0 | EP26: 0 | EQ26: 0.00091912 | ER26: 0 | ES26: 0 | ET26: 0 | EU26: 0 | EV26: 0 | EW26: 0 | EX26: 0 | EY26: 0 | EZ26: 0 | FA26: 0 | FB26: 0 | FC26: 0 | FD26: 0 | FE26: 0 | FF26: 0 | FG26: 0 | FH26: 0 | FI26: 0 | FJ26: 0 | FK26: 0 | FL26: 0 | FM26: 0 | FN26: 0 | FO26: 0 | FP26: 0 | FQ26: 0 | FR26: 0 | FS26: 0 | FT26: 0 | FU26: 0 | FV26: 0 | FW26: 0 | FX26: 0 | FY26: 0 | FZ26: 0 | GA26: 0 | GB26: 0 | GC26: 0.00091912 | GD26: 0 | GE26: 0 | GF26: 0 | GG26: 0 | GH26: 0 | GI26: 0 | GJ26: 0 | GK26: 0 | GL26: 0 | GM26: 0 | GN26: 0 | GO26: 0 | GP26: 0 | GQ26: 0 | GR26: 0 | GS26: 0 | GT26: 0 | GU26: 0 | GV26: 0 | GW26: 0 | GX26: 0 | GY26: 0 | GZ26: 0 | HA26: 0 | HB26: 0 | HC26: 0 | HD26: 0 | HE26: 0 | HF26: 0 | HG26: 0 | HH26: 0 | HI26: 0 | HJ26: 0 | HK26: 0 | HL26: 0 | HM26: 0 | HN26: 0 | HO26: 0 | HP26: 0 | HQ26: 0 | HR26: 0 | HS26: 0 | HT26: 0 | HU26: 0 | HV26: 0 | HW26: 0 | HX26: 0 | HY26: 0 | HZ26: 0.00091912 | IA26: 0 | IB26: 0 | IC26: 0 | ID26: 0 | IE26: 0 | IF26: 0 | IG26: 0 | IH26: 0 | II26: 0 | IJ26: 0 | IK26: 0 | IL26: 0 | IM26: 0.00091912 | IN26: 0 | IO26: 0 | IP26: 0 | IQ26: 0 | IR26: 0 | IS26: 0 | IT26: 0 | IU26: 0 | IV26: 0 | IW26: 0 | IX26: 0 | IY26: 0.00091912 | IZ26: 0 | JA26: 0 | JB26: 0 | JC26: 0 | JD26: 0 | JE26: 0 | JF26: 0 | JG26: 0 | JH26: 0.00091912 | JI26: 0.00091912 | JJ26: 0 | JK26: 0 | JL26: 0 | JM26: 0 | JN26: 0 | JO26: 0 | JP26: 0 | JQ26: 0 | JR26: 0 | JS26: 0 | JT26: 0 | JU26: 0 | JV26: 0 | JW26: 0 | JX26: 0 | JY26: 0 | JZ26: 0
B27: IDD | C27: 163 | D27: 0.0006 | E27: IDD | I27: EARC | M27: 1.485e-05 | N27: 2.97e-05 | O27: 0 | P27: 0 | Q27: 0 | R27: 0 | S27: 0 | T27: 0 | U27: 0 | V27: 0 | W27: 0 | X27: 0 | Y27: 0 | Z27: 0 | AA27: 0.00091912 | AB27: 0 | AC27: 0 | AD27: 0 | AE27: 0 | AF27: 0 | AG27: 0 | AH27: 0 | AI27: 0 | AJ27: 0 | AK27: 0 | AL27: 0 | AM27: 0 | AN27: 0 | AO27: 0 | AP27: 0 | AQ27: 0 | AR27: 0 | AS27: 0 | AT27: 0 | AU27: 0 | AV27: 0 | AW27: 0 | AX27: 0 | AY27: 0 | AZ27: 0 | BA27: 0 | BB27: 0 | BC27: 0 | BD27: 0.00091912 | BE27: 0 | BF27: 0 | BG27: 0 | BH27: 0 | BI27: 0 | BJ27: 0 | BK27: 0 | BL27: 0 | BM27: 0 | BN27: 0 | BO27: 0 | BP27: 0 | BQ27: 0 | BR27: 0 | BS27: 0 | BT27: 0 | BU27: 0.00091912 | BV27: 0 | BW27: 0 | BX27: 0 | BY27: 0 | BZ27: 0 | CA27: 0 | CB27: 0 | CC27: 0 | CD27: 0 | CE27: 0 | CF27: 0 | CG27: 0 | CH27: 0 | CI27: 0 | CJ27: 0 | CK27: 0 | CL27: 0 | CM27: 0 | CN27: 0 | CO27: 0 | CP27: 0 | CQ27: 0.00091912 | CR27: 0 | CS27: 0 | CT27: 0 | CU27: 0 | CV27: 0 | CW27: 0 | CX27: 0 | CY27: 0 | CZ27: 0 | DA27: 0 | DB27: 0 | DC27: 0 | DD27: 0 | DE27: 0 | DF27: 0 | DG27: 0 | DH27: 0 | DI27: 0 | DJ27: 0 | DK27: 0 | DL27: 0 | DM27: 0 | DN27: 0 | DO27: 0 | DP27: 0 | DQ27: 0 | DR27: 0 | DS27: 0 | DT27: 0 | DU27: 0 | DV27: 0 | DW27: 0 | DX27: 0 | DY27: 0 | DZ27: 0 | EA27: 0 | EB27: 0 | EC27: 0 | ED27: 0 | EE27: 0 | EF27: 0 | EG27: 0 | EH27: 0 | EI27: 0 | EJ27: 0 | EK27: 0 | EL27: 0 | EM27: 0 | EN27: 0 | EO27: 0 | EP27: 0 | EQ27: 0 | ER27: 0 | ES27: 0 | ET27: 0 | EU27: 0 | EV27: 0 | EW27: 0 | EX27: 0 | EY27: 0 | EZ27: 0 | FA27: 0 | FB27: 0 | FC27: 0 | FD27: 0 | FE27: 0 | FF27: 0 | FG27: 0 | FH27: 0 | FI27: 0 | FJ27: 0 | FK27: 0 | FL27: 0 | FM27: 0 | FN27: 0 | FO27: 0 | FP27: 0 | FQ27: 0 | FR27: 0 | FS27: 0 | FT27: 0 | FU27: 0 | FV27: 0 | FW27: 0 | FX27: 0 | FY27: 0 | FZ27: 0 | GA27: 0 | GB27: 0 | GC27: 0 | GD27: 0 | GE27: 0 | GF27: 0 | GG27: 0 | GH27: 0 | GI27: 0 | GJ27: 0 | GK27: 0 | GL27: 0 | GM27: 0 | GN27: 0 | GO27: 0 | GP27: 0 | GQ27: 0 | GR27: 0 | GS27: 0 | GT27: 0 | GU27: 0 | GV27: 0 | GW27: 0 | GX27: 0 | GY27: 0 | GZ27: 0 | HA27: 0 | HB27: 0 | HC27: 0 | HD27: 0 | HE27: 0 | HF27: 0 | HG27: 0 | HH27: 0 | HI27: 0 | HJ27: 0 | HK27: 0 | HL27: 0 | HM27: 0 | HN27: 0 | HO27: 0 | HP27: 0 | HQ27: 0 | HR27: 0 | HS27: 0 | HT27: 0 | HU27: 0 | HV27: 0 | HW27: 0 | HX27: 0 | HY27: 0 | HZ27: 0 | IA27: 0 | IB27: 0 | IC27: 0 | ID27: 0 | IE27: 0 | IF27: 0 | IG27: 0 | IH27: 0 | II27: 0 | IJ27: 0.00091912 | IK27: 0 | IL27: 0 | IM27: 0 | IN27: 0 | IO27: 0 | IP27: 0 | IQ27: 0 | IR27: 0 | IS27: 0 | IT27: 0 | IU27: 0 | IV27: 0 | IW27: 0 | IX27: 0.00091912 | IY27: 0 | IZ27: 0 | JA27: 0 | JB27: 0 | JC27: 0 | JD27: 0 | JE27: 0 | JF27: 0 | JG27: 0 | JH27: 0.00091912 | JI27: 0 | JJ27: 0 | JK27: 0 | JL27: 0 | JM27: 0 | JN27: 0 | JO27: 0 | JP27: 0 | JQ27: 0 | JR27: 0 | JS27: 0 | JT27: 0 | JU27: 0 | JV27: 0 | JW27: 0 | JX27: 0 | JY27: 0 | JZ27: 0
B28: OTP | C28: 19 | D28: 0.0001 | E28: OTP | I28: GPIO | M28: 0.00022484 | N28: 0.00044968 | O28: 0 | P28: 0 | Q28: 0 | R28: 0 | S28: 0 | T28: 0.00091996 | U28: 0 | V28: 0 | W28: 0 | X28: 0 | Y28: 0 | Z28: 0.00091912 | AA28: 0 | AB28: 0 | AC28: 0 | AD28: 0 | AE28: 0 | AF28: 0 | AG28: 0 | AH28: 0 | AI28: 0.00091912 | AJ28: 0 | AK28: 0.00091912 | AL28: 0.00091912 | AM28: 0.00183824 | AN28: 0 | AO28: 0 | AP28: 0 | AQ28: 0 | AR28: 0 | AS28: 0 | AT28: 0.00091912 | AU28: 0 | AV28: 0 | AW28: 0 | AX28: 0 | AY28: 0.00091912 | AZ28: 0.00091912 | BA28: 0 | BB28: 0 | BC28: 0.00091912 | BD28: 0 | BE28: 0 | BF28: 0 | BG28: 0.00183824 | BH28: 0 | BI28: 0.00091912 | BJ28: 0 | BK28: 0 | BL28: 0.00091912 | BM28: 0 | BN28: 0 | BO28: 0 | BP28: 0 | BQ28: 0 | BR28: 0 | BS28: 0 | BT28: 0 | BU28: 0 | BV28: 0 | BW28: 0 | BX28: 0 | BY28: 0.00091912 | BZ28: 0 | CA28: 0.00091912 | CB28: 0 | CC28: 0 | CD28: 0 | CE28: 0 | CF28: 0 | CG28: 0 | CH28: 0 | CI28: 0 | CJ28: 0 | CK28: 0.00091912 | CL28: 0 | CM28: 0 | CN28: 0 | CO28: 0 | CP28: 0 | CQ28: 0 | CR28: 0 | CS28: 0 | CT28: 0.00091912 | CU28: 0 | CV28: 0 | CW28: 0 | CX28: 0 | CY28: 0 | CZ28: 0 | DA28: 0 | DB28: 0.00091912 | DC28: 0 | DD28: 0.00091912 | DE28: 0 | DF28: 0 | DG28: 0 | DH28: 0 | DI28: 0.00091912 | DJ28: 0 | DK28: 0.00091912 | DL28: 0 | DM28: 0 | DN28: 0.00091912 | DO28: 0.00091912 | DP28: 0 | DQ28: 0 | DR28: 0 | DS28: 0 | DT28: 0.00183824 | DU28: 0 | DV28: 0 | DW28: 0 | DX28: 0 | DY28: 0 | DZ28: 0.00091912 | EA28: 0.00091912 | EB28: 0 | EC28: 0 | ED28: 0 | EE28: 0 | EF28: 0 | EG28: 0.00091912 | EH28: 0 | EI28: 0 | EJ28: 0 | EK28: 0 | EL28: 0 | EM28: 0 | EN28: 0 | EO28: 0 | EP28: 0 | EQ28: 0 | ER28: 0 | ES28: 0 | ET28: 0 | EU28: 0 | EV28: 0 | EW28: 0 | EX28: 0 | EY28: 0 | EZ28: 0 | FA28: 0.00091912 | FB28: 0 | FC28: 0 | FD28: 0 | FE28: 0 | FF28: 0 | FG28: 0 | FH28: 0.00091912 | FI28: 0 | FJ28: 0 | FK28: 0 | FL28: 0 | FM28: 0 | FN28: 0 | FO28: 0 | FP28: 0 | FQ28: 0 | FR28: 0 | FS28: 0 | FT28: 0.00183824 | FU28: 0 | FV28: 0 | FW28: 0.00091912 | FX28: 0 | FY28: 0 | FZ28: 0 | GA28: 0 | GB28: 0 | GC28: 0 | GD28: 0 | GE28: 0 | GF28: 0 | GG28: 0 | GH28: 0 | GI28: 0 | GJ28: 0 | GK28: 0.00091912 | GL28: 0 | GM28: 0 | GN28: 0.00091912 | GO28: 0.00091912 | GP28: 0 | GQ28: 0 | GR28: 0 | GS28: 0.00091912 | GT28: 0 | GU28: 0 | GV28: 0 | GW28: 0 | GX28: 0.00091912 | GY28: 0 | GZ28: 0 | HA28: 0 | HB28: 0 | HC28: 0 | HD28: 0 | HE28: 0 | HF28: 0 | HG28: 0 | HH28: 0 | HI28: 0 | HJ28: 0 | HK28: 0 | HL28: 0 | HM28: 0 | HN28: 0.00091912 | HO28: 0.00091912 | HP28: 0 | HQ28: 0 | HR28: 0.00091912 | HS28: 0 | HT28: 0 | HU28: 0 | HV28: 0 | HW28: 0 | HX28: 0 | HY28: 0 | HZ28: 0.00091912 | IA28: 0 | IB28: 0 | IC28: 0 | ID28: 0 | IE28: 0 | IF28: 0 | IG28: 0 | IH28: 0 | II28: 0 | IJ28: 0 | IK28: 0 | IL28: 0 | IM28: 0 | IN28: 0.00091912 | IO28: 0 | IP28: 0.00091912 | IQ28: 0 | IR28: 0 | IS28: 0 | IT28: 0 | IU28: 0 | IV28: 0 | IW28: 0 | IX28: 0 | IY28: 0 | IZ28: 0 | JA28: 0 | JB28: 0 | JC28: 0 | JD28: 0 | JE28: 0 | JF28: 0.00091912 | JG28: 0 | JH28: 0 | JI28: 0 | JJ28: 0 | JK28: 0 | JL28: 0.00091912 | JM28: 0 | JN28: 0.00091912 | JO28: 0 | JP28: 0 | JQ28: 0.00091912 | JR28: 0 | JS28: 0.00091912 | JT28: 0 | JU28: 0 | JV28: 0 | JW28: 0 | JX28: 0 | JY28: 0 | JZ28: 0
B29: SAF | C29: 17176 | D29: 0.058 | E29: SCAN | I29: PIF | M29: 0.00011327 | N29: 0.00022654 | O29: 0 | P29: 0 | Q29: 0 | R29: 0 | S29: 0 | T29: 0 | U29: 0.00091912 | V29: 0 | W29: 0 | X29: 0 | Y29: 0 | Z29: 0 | AA29: 0 | AB29: 0 | AC29: 0 | AD29: 0 | AE29: 0 | AF29: 0.00091912 | AG29: 0 | AH29: 0 | AI29: 0 | AJ29: 0 | AK29: 0 | AL29: 0 | AM29: 0 | AN29: 0 | AO29: 0 | AP29: 0 | AQ29: 0 | AR29: 0 | AS29: 0 | AT29: 0 | AU29: 0.00091912 | AV29: 0 | AW29: 0 | AX29: 0 | AY29: 0 | AZ29: 0.00091912 | BA29: 0 | BB29: 0 | BC29: 0 | BD29: 0.00091912 | BE29: 0 | BF29: 0 | BG29: 0 | BH29: 0 | BI29: 0 | BJ29: 0 | BK29: 0 | BL29: 0 | BM29: 0.00091912 | BN29: 0 | BO29: 0 | BP29: 0 | BQ29: 0 | BR29: 0 | BS29: 0 | BT29: 0 | BU29: 0 | BV29: 0 | BW29: 0 | BX29: 0 | BY29: 0 | BZ29: 0 | CA29: 0 | CB29: 0.00091912 | CC29: 0 | CD29: 0 | CE29: 0 | CF29: 0 | CG29: 0 | CH29: 0 | CI29: 0 | CJ29: 0 | CK29: 0 | CL29: 0 | CM29: 0 | CN29: 0 | CO29: 0 | CP29: 0 | CQ29: 0 | CR29: 0 | CS29: 0 | CT29: 0 | CU29: 0 | CV29: 0 | CW29: 0 | CX29: 0 | CY29: 0 | CZ29: 0 | DA29: 0 | DB29: 0 | DC29: 0 | DD29: 0 | DE29: 0 | DF29: 0.00091912 | DG29: 0 | DH29: 0 | DI29: 0 | DJ29: 0 | DK29: 0 | DL29: 0 | DM29: 0 | DN29: 0.00367647 | DO29: 0 | DP29: 0 | DQ29: 0 | DR29: 0 | DS29: 0 | DT29: 0 | DU29: 0 | DV29: 0 | DW29: 0 | DX29: 0 | DY29: 0 | DZ29: 0 | EA29: 0 | EB29: 0 | EC29: 0 | ED29: 0 | EE29: 0 | EF29: 0 | EG29: 0 | EH29: 0 | EI29: 0 | EJ29: 0 | EK29: 0.00091912 | EL29: 0 | EM29: 0 | EN29: 0 | EO29: 0.00091912 | EP29: 0 | EQ29: 0 | ER29: 0 | ES29: 0 | ET29: 0 | EU29: 0 | EV29: 0 | EW29: 0.00091912 | EX29: 0 | EY29: 0 | EZ29: 0 | FA29: 0 | FB29: 0 | FC29: 0 | FD29: 0 | FE29: 0 | FF29: 0 | FG29: 0 | FH29: 0 | FI29: 0 | FJ29: 0 | FK29: 0.00091912 | FL29: 0 | FM29: 0 | FN29: 0.00091912 | FO29: 0 | FP29: 0.00091912 | FQ29: 0 | FR29: 0 | FS29: 0 | FT29: 0 | FU29: 0 | FV29: 0 | FW29: 0 | FX29: 0 | FY29: 0.00091912 | FZ29: 0 | GA29: 0.00091912 | GB29: 0 | GC29: 0 | GD29: 0 | GE29: 0 | GF29: 0 | GG29: 0 | GH29: 0 | GI29: 0 | GJ29: 0 | GK29: 0 | GL29: 0 | GM29: 0 | GN29: 0 | GO29: 0 | GP29: 0 | GQ29: 0 | GR29: 0 | GS29: 0 | GT29: 0 | GU29: 0 | GV29: 0 | GW29: 0 | GX29: 0 | GY29: 0 | GZ29: 0 | HA29: 0 | HB29: 0 | HC29: 0 | HD29: 0 | HE29: 0 | HF29: 0 | HG29: 0 | HH29: 0 | HI29: 0 | HJ29: 0 | HK29: 0 | HL29: 0 | HM29: 0 | HN29: 0 | HO29: 0 | HP29: 0 | HQ29: 0 | HR29: 0 | HS29: 0 | HT29: 0.00091912 | HU29: 0 | HV29: 0.00091912 | HW29: 0 | HX29: 0 | HY29: 0 | HZ29: 0 | IA29: 0 | IB29: 0 | IC29: 0 | ID29: 0 | IE29: 0 | IF29: 0.00091912 | IG29: 0 | IH29: 0 | II29: 0 | IJ29: 0 | IK29: 0 | IL29: 0 | IM29: 0 | IN29: 0 | IO29: 0.00091912 | IP29: 0 | IQ29: 0 | IR29: 0 | IS29: 0 | IT29: 0 | IU29: 0 | IV29: 0 | IW29: 0.00091912 | IX29: 0 | IY29: 0 | IZ29: 0 | JA29: 0.00091912 | JB29: 0 | JC29: 0 | JD29: 0 | JE29: 0 | JF29: 0 | JG29: 0 | JH29: 0 | JI29: 0 | JJ29: 0 | JK29: 0 | JL29: 0 | JM29: 0 | JN29: 0 | JO29: 0 | JP29: 0 | JQ29: 0 | JR29: 0 | JS29: 0 | JT29: 0 | JU29: 0 | JV29: 0 | JW29: 0 | JX29: 0.00091912 | JY29: 0 | JZ29: 0
B30: BF | C30: 72 | D30: 0.0002 | E30: SCAN | I30: USB | M30: 0.00105187 | N30: 0.00210374 | O30: 0.00091912 | P30: 0 | Q30: 0.00459559 | R30: 0 | S30: 0.00275735 | T30: 0.00183993 | U30: 0.00091912 | V30: 0.00091912 | W30: 0 | X30: 0.00091912 | Y30: 0.00183824 | Z30: 0.00091912 | AA30: 0.00183824 | AB30: 0.00183824 | AC30: 0 | AD30: 0 | AE30: 0.00091912 | AF30: 0.00091912 | AG30: 0.00183824 | AH30: 0.00091912 | AI30: 0.00091912 | AJ30: 0.00091912 | AK30: 0.00091912 | AL30: 0.00183824 | AM30: 0 | AN30: 0.00459559 | AO30: 0 | AP30: 0.00367647 | AQ30: 0 | AR30: 0 | AS30: 0 | AT30: 0 | AU30: 0 | AV30: 0.00091912 | AW30: 0.00643382 | AX30: 0.00091912 | AY30: 0.00183824 | AZ30: 0 | BA30: 0.00275735 | BB30: 0.00183824 | BC30: 0.00367647 | BD30: 0.00275735 | BE30: 0 | BF30: 0 | BG30: 0 | BH30: 0.00091912 | BI30: 0.00091912 | BJ30: 0.00183824 | BK30: 0.00091912 | BL30: 0 | BM30: 0.00367647 | BN30: 0.00091912 | BO30: 0.00091912 | BP30: 0.00183824 | BQ30: 0.00183824 | BR30: 0.00275735 | BS30: 0.00091912 | BT30: 0 | BU30: 0 | BV30: 0 | BW30: 0.00091912 | BX30: 0 | BY30: 0.00091912 | BZ30: 0 | CA30: 0.00091912 | CB30: 0.00183824 | CC30: 0.00091912 | CD30: 0.00091912 | CE30: 0.00275735 | CF30: 0.00091912 | CG30: 0.00183824 | CH30: 0 | CI30: 0.00367647 | CJ30: 0.00551471 | CK30: 0.00183824 | CL30: 0 | CM30: 0.00091912 | CN30: 0 | CO30: 0 | CP30: 0 | CQ30: 0.00183824 | CR30: 0.00091912 | CS30: 0.00183824 | CT30: 0 | CU30: 0.00091912 | CV30: 0.00091912 | CW30: 0.00091912 | CX30: 0.00367647 | CY30: 0.00183824 | CZ30: 0.00183824 | DA30: 0.00091912 | DB30: 0.00551471 | DC30: 0.00091912 | DD30: 0.00183824 | DE30: 0 | DF30: 0.00091912 | DG30: 0.00091912 | DH30: 0.00367647 | DI30: 0.00183824 | DJ30: 0.00459559 | DK30: 0.00091912 | DL30: 0.00091912 | DM30: 0 | DN30: 0 | DO30: 0.00091912 | DP30: 0 | DQ30: 0.00275735 | DR30: 0.00367647 | DS30: 0.00091912 | DT30: 0 | DU30: 0.00459559 | DV30: 0.00091912 | DW30: 0.00367647 | DX30: 0.00183824 | DY30: 0 | DZ30: 0.00183824 | EA30: 0.00091912 | EB30: 0 | EC30: 0.00091912 | ED30: 0 | EE30: 0.00091912 | EF30: 0 | EG30: 0.00091912 | EH30: 0.00091912 | EI30: 0 | EJ30: 0.00091912 | EK30: 0 | EL30: 0.00091912 | EM30: 0.00275735 | EN30: 0.00091912 | EO30: 0 | EP30: 0 | EQ30: 0 | ER30: 0 | ES30: 0.00275735 | ET30: 0.00183824 | EU30: 0.00091912 | EV30: 0.00183824 | EW30: 0 | EX30: 0 | EY30: 0.00275735 | EZ30: 0 | FA30: 0.00091912 | FB30: 0 | FC30: 0.00091912 | FD30: 0.00367647 | FE30: 0 | FF30: 0.00091912 | FG30: 0.00275735 | FH30: 0 | FI30: 0 | FJ30: 0 | FK30: 0 | FL30: 0.00275735 | FM30: 0.00091912 | FN30: 0.00091912 | FO30: 0.00091912 | FP30: 0 | FQ30: 0.00275735 | FR30: 0.00091912 | FS30: 0 | FT30: 0 | FU30: 0.00183824 | FV30: 0.00183824 | FW30: 0 | FX30: 0.00091912 | FY30: 0.00183824 | FZ30: 0 | GA30: 0.00091912 | GB30: 0 | GC30: 0 | GD30: 0 | GE30: 0.00275735 | GF30: 0 | GG30: 0 | GH30: 0.00091912 | GI30: 0.00183824 | GJ30: 0 | GK30: 0.00183824 | GL30: 0 | GM30: 0.00091912 | GN30: 0.00091912 | GO30: 0.00091912 | GP30: 0 | GQ30: 0.00367647 | GR30: 0 | GS30: 0.00459559 | GT30: 0 | GU30: 0.00183824 | GV30: 0.00091912 | GW30: 0 | GX30: 0.00091912 | GY30: 0.00367647 | GZ30: 0.00275735 | HA30: 0.00183824 | HB30: 0 | HC30: 0.00275735 | HD30: 0 | HE30: 0.00091912 | HF30: 0.00091912 | HG30: 0.00275735 | HH30: 0 | HI30: 0.00183824 | HJ30: 0 | HK30: 0.00183824 | HL30: 0 | HM30: 0.00183824 | HN30: 0 | HO30: 0.00091912 | HP30: 0.00183824 | HQ30: 0.00091912 | HR30: 0 | HS30: 0.00183824 | HT30: 0.00459559 | HU30: 0.00091912 | HV30: 0.00091912 | HW30: 0.00367647 | HX30: 0.00275735 | HY30: 0.00091912 | HZ30: 0.00275735 | IA30: 0.00091912 | IB30: 0 | IC30: 0 | ID30: 0 | IE30: 0 | IF30: 0.00183824 | IG30: 0.00091912 | IH30: 0 | II30: 0 | IJ30: 0.00183824 | IK30: 0 | IL30: 0.00275735 | IM30: 0.00275735 | IN30: 0 | IO30: 0 | IP30: 0 | IQ30: 0.00183824 | IR30: 0.00459559 | IS30: 0.00275735 | IT30: 0.00275735 | IU30: 0.00091912 | IV30: 0 | IW30: 0.00275735 | IX30: 0 | IY30: 0.00183824 | IZ30: 0 | JA30: 0.00367647 | JB30: 0.00183824 | JC30: 0.00183824 | JD30: 0.00091912 | JE30: 0 | JF30: 0 | JG30: 0 | JH30: 0 | JI30: 0.00275735 | JJ30: 0.00091912 | JK30: 0.00091912 | JL30: 0 | JM30: 0 | JN30: 0.00275735 | JO30: 0 | JP30: 0.00091912 | JQ30: 0 | JR30: 0.00183824 | JS30: 0.00459559 | JT30: 0.00091912 | JU30: 0.00183824 | JV30: 0.00183824 | JW30: 0 | JX30: 0.00091912 | JY30: 0 | JZ30: 0.00091912
... B37: OC | C37: 15 | D37: 0.0001 | E37: OC | I37: SDD_LV | M37: 0.00045244 | N37: 0.00090488 | O37: 0.00275735 | P37: 0 | Q37: 0 | R37: 0 | S37: 0 | T37: 0 | U37: 0 | V37: 0.00183824 | W37: 0.00091912 | X37: 0.00091912 | Y37: 0.00275735 | Z37: 0.00367647 | AA37: 0 | AB37: 0.00091912 | AC37: 0 | AD37: 0 | AE37: 0 | AF37: 0 | AG37: 0.00183824 | AH37: 0 | AI37: 0.00091912 | AJ37: 0.00091912 | AK37: 0 | AL37: 0.00091912 | AM37: 0.00091912 | AN37: 0 | AO37: 0 | AP37: 0.00183824 | AQ37: 0.00091912 | AR37: 0.00091912 | AS37: 0 | AT37: 0.00183824 | AU37: 0 | AV37: 0 | AW37: 0 | AX37: 0.00091912 | AY37: 0 | AZ37: 0 | BA37: 0 | BB37: 0 | BC37: 0.00091912 | BD37: 0 | BE37: 0.00275735 | BF37: 0.00183824 | BG37: 0.00091912 | BH37: 0 | BI37: 0.00091912 | BJ37: 0.00183824 | BK37: 0.00091912 | BL37: 0 | BM37: 0 | BN37: 0 | BO37: 0.00091912 | BP37: 0 | BQ37: 0 | BR37: 0 | BS37: 0 | BT37: 0 | BU37: 0 | BV37: 0.00091912 | BW37: 0.00091912 | BX37: 0 | BY37: 0.00091912 | BZ37: 0 | CA37: 0.00091912 | CB37: 0 | CC37: 0 | CD37: 0 | CE37: 0.00091912 | CF37: 0 | CG37: 0 | CH37: 0.00091912 | CI37: 0 | CJ37: 0 | CK37: 0 | CL37: 0.00091912 | CM37: 0 | CN37: 0.00091912 | CO37: 0 | CP37: 0.00275735 | CQ37: 0.00091912 | CR37: 0.00183824 | CS37: 0 | CT37: 0 | CU37: 0 | CV37: 0 | CW37: 0 | CX37: 0.00183824 | CY37: 0 | CZ37: 0.00091912 | DA37: 0 | DB37: 0 | DC37: 0 | DD37: 0 | DE37: 0 | DF37: 0.00091912 | DG37: 0 | DH37: 0 | DI37: 0 | DJ37: 0 | DK37: 0.00091912 | DL37: 0.00091912 | DM37: 0 | DN37: 0 | DO37: 0.00275735 | DP37: 0 | DQ37: 0.00091912 | DR37: 0.00091912 | DS37: 0 | DT37: 0 | DU37: 0 | DV37: 0.00183824 | DW37: 0 | DX37: 0 | DY37: 0.00091912 | DZ37: 0 | EA37: 0 | EB37: 0 | EC37: 0 | ED37: 0 | EE37: 0.00091912 | EF37: 0 | EG37: 0 | EH37: 0.00091912 | EI37: 0 | EJ37: 0 | EK37: 0 | EL37: 0.00091912 | EM37: 0.00275735 | EN37: 0.00091912 | EO37: 0.00091912 | EP37: 0 | EQ37: 0 | ER37: 0.00091912 | ES37: 0.00091912 | ET37: 0 | EU37: 0.00091912 | EV37: 0 | EW37: 0 | EX37: 0 | EY37: 0 | EZ37: 0.00091912 | FA37: 0 | FB37: 0 | FC37: 0 | FD37: 0.00091912 | FE37: 0 | FF37: 0 | FG37: 0.00091912 | FH37: 0 | FI37: 0 | FJ37: 0 | FK37: 0.00275735 | FL37: 0 | FM37: 0 | FN37: 0.00091912 | FO37: 0 | FP37: 0 | FQ37: 0.00091912 | FR37: 0 | FS37: 0 | FT37: 0.00183824 | FU37: 0.00091912 | FV37: 0 | FW37: 0 | FX37: 0 | FY37: 0 | FZ37: 0.00183824 | GA37: 0.00091912 | GB37: 0 | GC37: 0.00091912 | GD37: 0.00091912 | GE37: 0 | GF37: 0.00091912 | GG37: 0.00091912 | GH37: 0.00091912 | GI37: 0.00091912 | GJ37: 0 | GK37: 0 | GL37: 0 | GM37: 0.00091912 | GN37: 0 | GO37: 0 | GP37: 0 | GQ37: 0 | GR37: 0 | GS37: 0 | GT37: 0.00091912 | GU37: 0 | GV37: 0.00091912 | GW37: 0.00091912 | GX37: 0 | GY37: 0 | GZ37: 0 | HA37: 0.00183824 | HB37: 0 | HC37: 0.00091912 | HD37: 0 | HE37: 0.00091912 | HF37: 0.00183824 | HG37: 0 | HH37: 0 | HI37: 0 | HJ37: 0 | HK37: 0.00091912 | HL37: 0 | HM37: 0 | HN37: 0 | HO37: 0 | HP37: 0 | HQ37: 0 | HR37: 0 | HS37: 0.00183824 | HT37: 0.00091912 | HU37: 0 | HV37: 0 | HW37: 0 | HX37: 0.00183824 | HY37: 0 | HZ37: 0 | IA37: 0 | IB37: 0 | IC37: 0 | ID37: 0 | IE37: 0 | IF37: 0 | IG37: 0 | IH37: 0.00091912 | II37: 0.00091912 | IJ37: 0 | IK37: 0 | IL37: 0.00367647 | IM37: 0 | IN37: 0.00091912 | IO37: 0.00091912 | IP37: 0 | IQ37: 0.00091912 | IR37: 0.00091912 | IS37: 0 | IT37: 0 | IU37: 0 | IV37: 0 | IW37: 0 | IX37: 0 | IY37: 0 | IZ37: 0.00091912 | JA37: 0.00183824 | JB37: 0 | JC37: 0 | JD37: 0 | JE37: 0.00091912 | JF37: 0 | JG37: 0 | JH37: 0 | JI37: 0 | JJ37: 0 | JK37: 0.00091912 | JL37: 0 | JM37: 0 | JN37: 0 | JO37: 0.00091912 | JP37: 0 | JQ37: 0 | JR37: 0.00183824 | JS37: 0 | JT37: 0.00183824 | JU37: 0 | JV37: 0 | JW37: 0.00091912 | JX37: 0 | JY37: 0 | JZ37: 0.00091912
I38: TDF_LV | M38: 0.001527 | N38: 0.003054 | O38: 0.00643382 | P38: 0.00551471 | Q38: 0 | R38: 0 | S38: 0 | T38: 0 | U38: 0.00091912 | V38: 0.00459559 | W38: 0.00091912 | X38: 0.00275735 | Y38: 0.00551471 | Z38: 0.00643382 | AA38: 0.00091912 | AB38: 0.00091912 | AC38: 0 | AD38: 0.00183824 | AE38: 0.00091912 | AF38: 0 | AG38: 0 | AH38: 0.00275735 | AI38: 0.00183824 | AJ38: 0.00275735 | AK38: 0 | AL38: 0.00551471 | AM38: 0.00091912 | AN38: 0 | AO38: 0.00091912 | AP38: 0.00183824 | AQ38: 0.00091912 | AR38: 0.00091912 | AS38: 0.00275735 | AT38: 0.00091912 | AU38: 0 | AV38: 0.00091912 | AW38: 0 | AX38: 0.00275735 | AY38: 0 | AZ38: 0 | BA38: 0 | BB38: 0.00091912 | BC38: 0.00275735 | BD38: 0 | BE38: 0.00183824 | BF38: 0.00183824 | BG38: 0.00183824 | BH38: 0.00091912 | BI38: 0 | BJ38: 0.00183824 | BK38: 0.00091912 | BL38: 0.00091912 | BM38: 0.00367647 | BN38: 0 | BO38: 0.00091912 | BP38: 0.01838235 | BQ38: 0.00183824 | BR38: 0.00827206 | BS38: 0.00091912 | BT38: 0 | BU38: 0 | BV38: 0.00183824 | BW38: 0.00091912 | BX38: 0.00091912 | BY38: 0.00367647 | BZ38: 0.00183824 | CA38: 0.00275735 | CB38: 0.00091912 | CC38: 0.00275735 | CD38: 0.00183824 | CE38: 0.00091912 | CF38: 0.00091912 | CG38: 0.00367647 | CH38: 0 | CI38: 0.00183824 | CJ38: 0.00183824 | CK38: 0.00367647 | CL38: 0.00275735 | CM38: 0.00275735 | CN38: 0.00091912 | CO38: 0.00183824 | CP38: 0.00643382 | CQ38: 0 | CR38: 0.00091912 | CS38: 0.00183824 | CT38: 0.00091912 | CU38: 0.00183824 | CV38: 0.00275735 | CW38: 0.00183824 | CX38: 0.00367647 | CY38: 0.00827206 | CZ38: 0.00275735 | DA38: 0.00091912 | DB38: 0.00183824 | DC38: 0.00183824 | DD38: 0.00091912 | DE38: 0.00091912 | DF38: 0.01286765 | DG38: 0.00275735 | DH38: 0.00183824 | DI38: 0.00091912 | DJ38: 0.00183824 | DK38: 0.00091912 | DL38: 0 | DM38: 0 | DN38: 0.00275735 | DO38: 0.00367647 | DP38: 0.00183824 | DQ38: 0.00367647 | DR38: 0.00275735 | DS38: 0 | DT38: 0 | DU38: 0.00183824 | DV38: 0.00367647 | DW38: 0 | DX38: 0.00183824 | DY38: 0.00275735 | DZ38: 0.00091912 | EA38: 0.00183824 | EB38: 0.00183824 | EC38: 0.00367647 | ED38: 0.00091912 | EE38: 0.00275735 | EF38: 0.00091912 | EG38: 0.00091912 | EH38: 0.00091912 | EI38: 0 | EJ38: 0.00091912 | EK38: 0.00275735 | EL38: 0.00091912 | EM38: 0 | EN38: 0.00091912 | EO38: 0.00091912 | EP38: 0.00183824 | EQ38: 0.00367647 | ER38: 0.00183824 | ES38: 0.00459559 | ET38: 0 | EU38: 0 | EV38: 0.00183824 | EW38: 0 | EX38: 0 | EY38: 0.00183824 | EZ38: 0.00183824 | FA38: 0.00091912 | FB38: 0.00275735 | FC38: 0.00091912 | FD38: 0.00275735 | FE38: 0 | FF38: 0.00091912 | FG38: 0.00091912 | FH38: 0.00091912 | FI38: 0.00275735 | FJ38: 0.00091912 | FK38: 0.00183824 | FL38: 0.00091912 | FM38: 0.00183824 | FN38: 0 | FO38: 0 | FP38: 0.00551471 | FQ38: 0.00183824 | FR38: 0.00091912 | FS38: 0.00091912 | FT38: 0.00183824 | FU38: 0.00183824 | FV38: 0.00183824 | FW38: 0 | FX38: 0.00091912 | FY38: 0.00459559 | FZ38: 0.00183824 | GA38: 0 | GB38: 0.00091912 | GC38: 0 | GD38: 0 | GE38: 0 | GF38: 0.00275735 | GG38: 0.00091912 | GH38: 0.00091912 | GI38: 0.00275735 | GJ38: 0 | GK38: 0.00091912 | GL38: 0.00183824 | GM38: 0 | GN38: 0.00091912 | GO38: 0 | GP38: 0.00183824 | GQ38: 0 | GR38: 0.00275735 | GS38: 0.00091912 | GT38: 0.00275735 | GU38: 0.01194853 | GV38: 0.00183824 | GW38: 0.00183824 | GX38: 0.00183824 | GY38: 0.00183824 | GZ38: 0.00091912 | HA38: 0.00183824 | HB38: 0.00091912 | HC38: 0.00091912 | HD38: 0.00275735 | HE38: 0.00367647 | HF38: 0 | HG38: 0.00367647 | HH38: 0.00091912 | HI38: 0 | HJ38: 0.00367647 | HK38: 0.00275735 | HL38: 0.00183824 | HM38: 0.00183824 | HN38: 0.00183824 | HO38: 0.00091912 | HP38: 0 | HQ38: 0 | HR38: 0.00091912 | HS38: 0 | HT38: 0.00183824 | HU38: 0 | HV38: 0.00091912 | HW38: 0.00091912 | HX38: 0.00091912 | HY38: 0 | HZ38: 0 | IA38: 0.00091912 | IB38: 0.00091912 | IC38: 0 | ID38: 0.00275735 | IE38: 0.00091912 | IF38: 0 | IG38: 0.00091912 | IH38: 0.00275735 | II38: 0 | IJ38: 0.00459559 | IK38: 0 | IL38: 0.00091912 | IM38: 0 | IN38: 0 | IO38: 0.00091912 | IP38: 0.00183824 | IQ38: 0 | IR38: 0.00275735 | IS38: 0.00367647 | IT38: 0.00091912 | IU38: 0.00091912 | IV38: 0.00091912 | IW38: 0 | IX38: 0 | IY38: 0 | IZ38: 0 | JA38: 0 | JB38: 0.00091912 | JC38: 0 | JD38: 0 | JE38: 0.00091912 | JF38: 0.00183824 | JG38: 0 | JH38: 0.00091912 | JI38: 0.00091912 | JJ38: 0.00091912 | JK38: 0 | JL38: 0.00091912 | JM38: 0.00275735 | JN38: 0 | JO38: 0 | JP38: 0.00183824 | JQ38: 0.00459559 | JR38: 0.00275735 | JS38: 0.00091912 | JT38: 0 | JU38: 0.00091912 | JV38: 0.00275735 | JW38: 0.00091912 | JX38: 0.00091912 | JY38: 0.00183824 | JZ38: 0.00091912
I39: BIST_HV | M39: 0.02457134 | N39: 0.04914268 | O39: 0.04963235 | P39: 0.04136029 | Q39: 0.04136029 | R39: 0.03584559 | S39: 0.03125 | T39: 0.03403864 | U39: 0.04779412 | V39: 0.03492647 | W39: 0.04871324 | X39: 0.03308824 | Y39: 0.02757353 | Z39: 0.03308824 | AA39: 0.03400735 | AB39: 0.02941176 | AC39: 0.03033088 | AD39: 0.02849265 | AE39: 0.02941176 | AF39: 0.03033088 | AG39: 0.02849265 | AH39: 0.02941176 | AI39: 0.02573529 | AJ39: 0.015625 | AK39: 0.02113971 | AL39: 0.03033088 | AM39: 0.03308824 | AN39: 0.01654412 | AO39: 0.01654412 | AP39: 0.02022059 | AQ39: 0.02481618 | AR39: 0.03125 | AS39: 0.03676471 | AT39: 0.03768382 | AU39: 0.02665441 | AV39: 0.01930147 | AW39: 0.03125 | AX39: 0.02757353 | AY39: 0.02573529 | AZ39: 0.03308824 | BA39: 0.03308824 | BB39: 0.02757353 | BC39: 0.02757353 | BD39: 0.03033088 | BE39: 0.03952206 | BF39: 0.02665441 | BG39: 0.02941176 | BH39: 0.02573529 | BI39: 0.02665441 | BJ39: 0.03216912 | BK39: 0.02205882 | BL39: 0.02481618 | BM39: 0.01838235 | BN39: 0.03033088 | BO39: 0.03492647 | BP39: 0.02481618 | BQ39: 0.02941176 | BR39: 0.02665441 | BS39: 0.03216912 | BT39: 0.02205882 | BU39: 0.03584559 | BV39: 0.02941176 | BW39: 0.02205882 | BX39: 0.02849265 | BY39: 0.02849265 | BZ39: 0.04411765 | CA39: 0.02941176 | CB39: 0.03125 | CC39: 0.03400735 | CD39: 0.02757353 | CE39: 0.02941176 | CF39: 0.03125 | CG39: 0.02022059 | CH39: 0.02757353 | CI39: 0.015625 | CJ39: 0.03400735 | CK39: 0.03033088 | CL39: 0.02022059 | CM39: 0.03492647 | CN39: 0.02481618 | CO39: 0.02849265 | CP39: 0.02573529 | CQ39: 0.02389706 | CR39: 0.02205882 | CS39: 0.02481618 | CT39: 0.02481618 | CU39: 0.02849265 | CV39: 0.01930147 | CW39: 0.02849265 | CX39: 0.02297794 | CY39: 0.01378676 | CZ39: 0.03125 | DA39: 0.03400735 | DB39: 0.01838235 | DC39: 0.01838235 | DD39: 0.02665441 | DE39: 0.03216912 | DF39: 0.03308824 | DG39: 0.03676471 | DH39: 0.01838235 | DI39: 0.02297794 | DJ39: 0.03492647 | DK39: 0.02113971 | DL39: 0.02849265 | DM39: 0.03125 | DN39: 0.02389706 | DO39: 0.02573529 | DP39: 0.02297794 | DQ39: 0.01654412 | DR39: 0.02573529 | DS39: 0.02941176 | DT39: 0.02573529 | DU39: 0.01930147 | DV39: 0.02389706 | DW39: 0.02205882 | DX39: 0.02481618 | DY39: 0.03308824 | DZ39: 0.02022059 | EA39: 0.01011029 | EB39: 0.03125 | EC39: 0.02665441 | ED39: 0.02481618 | EE39: 0.02665441 | EF39: 0.01746324 | EG39: 0.02573529 | EH39: 0.01930147 | EI39: 0.02113971 | EJ39: 0.03216912 | EK39: 0.02297794 | EL39: 0.02389706 | EM39: 0.01930147 | EN39: 0.02389706 | EO39: 0.02665441 | EP39: 0.02022059 | EQ39: 0.02113971 | ER39: 0.02205882 | ES39: 0.015625 | ET39: 0.02481618 | EU39: 0.01286765 | EV39: 0.02297794 | EW39: 0.02481618 | EX39: 0.02573529 | EY39: 0.02205882 | EZ39: 0.01194853 | FA39: 0.02022059 | FB39: 0.02941176 | FC39: 0.01838235 | FD39: 0.01654412 | FE39: 0.02389706 | FF39: 0.02849265 | FG39: 0.02665441 | FH39: 0.03033088 | FI39: 0.02113971 | FJ39: 0.03033088 | FK39: 0.02849265 | FL39: 0.02665441 | FM39: 0.02665441 | FN39: 0.02389706 | FO39: 0.03308824 | FP39: 0.02297794 | FQ39: 0.02481618 | FR39: 0.015625 | FS39: 0.02849265 | FT39: 0.02389706 | FU39: 0.02665441 | FV39: 0.02665441 | FW39: 0.02389706 | FX39: 0.03033088 | FY39: 0.01930147 | FZ39: 0.02481618 | GA39: 0.02665441 | GB39: 0.02205882 | GC39: 0.02022059 | GD39: 0.02113971 | GE39: 0.02665441 | GF39: 0.02297794 | GG39: 0.01838235 | GH39: 0.015625 | GI39: 0.02297794 | GJ39: 0.02389706 | GK39: 0.02205882 | GL39: 0.02481618 | GM39: 0.03033088 | GN39: 0.01838235 | GO39: 0.02665441 | GP39: 0.02389706 | GQ39: 0.02665441 | GR39: 0.01838235 | GS39: 0.02022059 | GT39: 0.02481618 | GU39: 0.01470588 | GV39: 0.02205882 | GW39: 0.02481618 | GX39: 0.02297794 | GY39: 0.02205882 | GZ39: 0.02665441 | HA39: 0.02205882 | HB39: 0.02205882 | HC39: 0.01378676 | HD39: 0.01930147 | HE39: 0.01378676 | HF39: 0.02297794 | HG39: 0.02757353 | HH39: 0.02297794 | HI39: 0.02022059 | HJ39: 0.02849265 | HK39: 0.02297794 | HL39: 0.01470588 | HM39: 0.02205882 | HN39: 0.02113971 | HO39: 0.01838235 | HP39: 0.01838235 | HQ39: 0.01930147 | HR39: 0.01746324 | HS39: 0.02022059 | HT39: 0.01194853 | HU39: 0.01930147 | HV39: 0.01746324 | HW39: 0.02481618 | HX39: 0.02389706 | HY39: 0.02481618 | HZ39: 0.01654412 | IA39: 0.01930147 | IB39: 0.02205882 | IC39: 0.02205882 | ID39: 0.01470588 | IE39: 0.02573529 | IF39: 0.01838235 | IG39: 0.015625 | IH39: 0.02205882 | II39: 0.02665441 | IJ39: 0.01378676 | IK39: 0.02389706 | IL39: 0.02113971 | IM39: 0.015625 | IN39: 0.01746324 | IO39: 0.01654412 | IP39: 0.02665441 | IQ39: 0.01654412 | IR39: 0.015625 | IS39: 0.01654412 | IT39: 0.02205882 | IU39: 0.02665441 | IV39: 0.01746324 | IW39: 0.015625 | IX39: 0.02022059 | IY39: 0.01654412 | IZ39: 0.01654412 | JA39: 0.01470588 | JB39: 0.02205882 | JC39: 0.02113971 | JD39: 0.01654412 | JE39: 0.02022059 | JF39: 0.02113971 | JG39: 0.02297794 | JH39: 0.02113971 | JI39: 0.01654412 | JJ39: 0.01838235 | JK39: 0.01930147 | JL39: 0.02022059 | JM39: 0.01194853 | JN39: 0.02022059 | JO39: 0.01654412 | JP39: 0.02205882 | JQ39: 0.01746324 | JR39: 0.015625 | JS39: 0.02022059 | JT39: 0.02389706 | JU39: 0.01654412 | JV39: 0.015625 | JW39: 0.02022059 | JX39: 0.01470588 | JY39: 0.01654412 | JZ39: 0.01011029
I40: BIST_LV | M40: 0.00099269 | N40: 0.00198538 | O40: 0.00827206 | P40: 0.00091912 | Q40: 0.00091912 | R40: 0 | S40: 0 | T40: 0 | U40: 0 | V40: 0.00275735 | W40: 0.00091912 | X40: 0 | Y40: 0.00367647 | Z40: 0.00275735 | AA40: 0.00091912 | AB40: 0.00091912 | AC40: 0.00091912 | AD40: 0.00091912 | AE40: 0.00275735 | AF40: 0.00091912 | AG40: 0.00091912 | AH40: 0.00091912 | AI40: 0.00183824 | AJ40: 0 | AK40: 0 | AL40: 0.00459559 | AM40: 0.00183824 | AN40: 0 | AO40: 0.00183824 | AP40: 0 | AQ40: 0.00183824 | AR40: 0 | AS40: 0 | AT40: 0 | AU40: 0.00275735 | AV40: 0.00091912 | AW40: 0.00183824 | AX40: 0.00091912 | AY40: 0 | AZ40: 0.00091912 | BA40: 0.00091912 | BB40: 0.00183824 | BC40: 0.00091912 | BD40: 0.00091912 | BE40: 0 | BF40: 0.00183824 | BG40: 0 | BH40: 0.00367647 | BI40: 0.00183824 | BJ40: 0.00091912 | BK40: 0.00275735 | BL40: 0.00367647 | BM40: 0 | BN40: 0.00091912 | BO40: 0.00275735 | BP40: 0.00091912 | BQ40: 0.00091912 | BR40: 0.00367647 | BS40: 0 | BT40: 0 | BU40: 0.00183824 | BV40: 0.00275735 | BW40: 0.00183824 | BX40: 0 | BY40: 0 | BZ40: 0.00091912 | CA40: 0 | CB40: 0.00091912 | CC40: 0.00091912 | CD40: 0 | CE40: 0.00367647 | CF40: 0 | CG40: 0.00367647 | CH40: 0.00183824 | CI40: 0.00091912 | CJ40: 0 | CK40: 0.00091912 | CL40: 0.00367647 | CM40: 0 | CN40: 0 | CO40: 0.00183824 | CP40: 0 | CQ40: 0.00183824 | CR40: 0.00091912 | CS40: 0.00183824 | CT40: 0.00091912 | CU40: 0.00091912 | CV40: 0.00091912 | CW40: 0.00183824 | CX40: 0.00275735 | CY40: 0.00091912 | CZ40: 0.00183824 | DA40: 0.00183824 | DB40: 0.00275735 | DC40: 0.00091912 | DD40: 0 | DE40: 0 | DF40: 0 | DG40: 0 | DH40: 0.00091912 | DI40: 0.00091912 | DJ40: 0 | DK40: 0.00183824 | DL40: 0.00183824 | DM40: 0 | DN40: 0.00091912 | DO40: 0.00091912 | DP40: 0.00275735 | DQ40: 0 | DR40: 0.00091912 | DS40: 0.00091912 | DT40: 0 | DU40: 0.00183824 | DV40: 0.00183824 | DW40: 0.00183824 | DX40: 0.00091912 | DY40: 0.00183824 | DZ40: 0.00275735 | EA40: 0.00091912 | EB40: 0.00091912 | EC40: 0 | ED40: 0 | EE40: 0 | EF40: 0 | EG40: 0 | EH40: 0.00091912 | EI40: 0 | EJ40: 0 | EK40: 0 | EL40: 0.00091912 | EM40: 0 | EN40: 0.00367647 | EO40: 0.00183824 | EP40: 0 | EQ40: 0.00091912 | ER40: 0.00275735 | ES40: 0.00091912 | ET40: 0.00275735 | EU40: 0 | EV40: 0 | EW40: 0 | EX40: 0 | EY40: 0.00183824 | EZ40: 0.00091912 | FA40: 0 | FB40: 0.00091912 | FC40: 0 | FD40: 0.00183824 | FE40: 0 | FF40: 0.00091912 | FG40: 0 | FH40: 0 | FI40: 0.00091912 | FJ40: 0.00091912 | FK40: 0.00091912 | FL40: 0.00183824 | FM40: 0.00091912 | FN40: 0 | FO40: 0 | FP40: 0.00275735 | FQ40: 0 | FR40: 0 | FS40: 0.00091912 | FT40: 0.00183824 | FU40: 0.00091912 | FV40: 0.00183824 | FW40: 0 | FX40: 0.00091912 | FY40: 0 | FZ40: 0.00183824 | GA40: 0.00091912 | GB40: 0 | GC40: 0.00183824 | GD40: 0.00183824 | GE40: 0 | GF40: 0 | GG40: 0.00183824 | GH40: 0.00091912 | GI40: 0.00183824 | GJ40: 0 | GK40: 0.00091912 | GL40: 0.00091912 | GM40: 0 | GN40: 0 | GO40: 0.00091912 | GP40: 0.00091912 | GQ40: 0.00091912 | GR40: 0 | GS40: 0.00091912 | GT40: 0 | GU40: 0.00183824 | GV40: 0.00183824 | GW40: 0 | GX40: 0.00091912 | GY40: 0.00091912 | GZ40: 0.00091912 | HA40: 0.00091912 | HB40: 0 | HC40: 0.00183824 | HD40: 0.00091912 | HE40: 0.00183824 | HF40: 0.00091912 | HG40: 0.00091912 | HH40: 0 | HI40: 0.00091912 | HJ40: 0.00183824 | HK40: 0 | HL40: 0.00183824 | HM40: 0.00091912 | HN40: 0 | HO40: 0.00091912 | HP40: 0.00091912 | HQ40: 0.00091912 | HR40: 0.00091912 | HS40: 0 | HT40: 0 | HU40: 0.00091912 | HV40: 0 | HW40: 0.00091912 | HX40: 0 | HY40: 0 | HZ40: 0 | IA40: 0.00091912 | IB40: 0.00091912 | IC40: 0 | ID40: 0.00275735 | IE40: 0.00091912 | IF40: 0.00091912 | IG40: 0 | IH40: 0 | II40: 0.00091912 | IJ40: 0 | IK40: 0 | IL40: 0 | IM40: 0 | IN40: 0.00183824 | IO40: 0.00091912 | IP40: 0.00183824 | IQ40: 0.00183824 | IR40: 0 | IS40: 0 | IT40: 0 | IU40: 0.00091912 | IV40: 0.00091912 | IW40: 0 | IX40: 0 | IY40: 0 | IZ40: 0 | JA40: 0.00183824 | JB40: 0 | JC40: 0.00275735 | JD40: 0.00091912 | JE40: 0.00091912 | JF40: 0 | JG40: 0.00091912 | JH40: 0 | JI40: 0 | JJ40: 0 | JK40: 0 | JL40: 0.00091912 | JM40: 0 | JN40: 0 | JO40: 0 | JP40: 0 | JQ40: 0.00091912 | JR40: 0 | JS40: 0.00091912 | JT40: 0.00091912 | JU40: 0.00091912 | JV40: 0.00091912 | JW40: 0 | JX40: 0.00091912 | JY40: 0 | JZ40: 0
I41: DIC | M41: 0.00031287 | N41: 0.00062574 | O41: 0.00091912 | P41: 0 | Q41: 0 | R41: 0.00183824 | S41: 0 | T41: 0 | U41: 0 | V41: 0 | W41: 0 | X41: 0.00183824 | Y41: 0.00183824 | Z41: 0 | AA41: 0 | AB41: 0.00091912 | AC41: 0.00091912 | AD41: 0 | AE41: 0 | AF41: 0 | AG41: 0.00183824 | AH41: 0 | AI41: 0 | AJ41: 0 | AK41: 0 | AL41: 0.00275735 | AM41: 0 | AN41: 0 | AO41: 0 | AP41: 0 | AQ41: 0.00183824 | AR41: 0 | AS41: 0 | AT41: 0 | AU41: 0 | AV41: 0 | AW41: 0.00091912 | AX41: 0 | AY41: 0 | AZ41: 0 | BA41: 0 | BB41: 0 | BC41: 0 | BD41: 0 | BE41: 0 | BF41: 0 | BG41: 0 | BH41: 0 | BI41: 0 | BJ41: 0.00091912 | BK41: 0 | BL41: 0 | BM41: 0 | BN41: 0 | BO41: 0 | BP41: 0.00091912 | BQ41: 0 | BR41: 0.00091912 | BS41: 0.00091912 | BT41: 0.00091912 | BU41: 0 | BV41: 0 | BW41: 0 | BX41: 0 | BY41: 0 | BZ41: 0.00091912 | CA41: 0 | CB41: 0 | CC41: 0 | CD41: 0.00183824 | CE41: 0.00091912 | CF41: 0 | CG41: 0 | CH41: 0 | CI41: 0 | CJ41: 0 | CK41: 0.00091912 | CL41: 0 | CM41: 0 | CN41: 0 | CO41: 0 | CP41: 0 | CQ41: 0 | CR41: 0 | CS41: 0 | CT41: 0.00091912 | CU41: 0.00183824 | CV41: 0.00091912 | CW41: 0 | CX41: 0.00091912 | CY41: 0 | CZ41: 0 | DA41: 0 | DB41: 0 | DC41: 0 | DD41: 0 | DE41: 0 | DF41: 0 | DG41: 0 | DH41: 0 | DI41: 0 | DJ41: 0.00091912 | DK41: 0 | DL41: 0 | DM41: 0 | DN41: 0 | DO41: 0 | DP41: 0 | DQ41: 0 | DR41: 0.00183824 | DS41: 0 | DT41: 0.00091912 | DU41: 0 | DV41: 0 | DW41: 0 | DX41: 0 | DY41: 0 | DZ41: 0 | EA41: 0.00091912 | EB41: 0 | EC41: 0.00091912 | ED41: 0 | EE41: 0 | EF41: 0 | EG41: 0 | EH41: 0 | EI41: 0 | EJ41: 0 | EK41: 0 | EL41: 0 | EM41: 0 | EN41: 0.00091912 | EO41: 0.00091912 | EP41: 0 | EQ41: 0.00091912 | ER41: 0 | ES41: 0 | ET41: 0 | EU41: 0 | EV41: 0 | EW41: 0 | EX41: 0 | EY41: 0 | EZ41: 0 | FA41: 0 | FB41: 0 | FC41: 0.00091912 | FD41: 0 | FE41: 0 | FF41: 0.00091912 | FG41: 0 | FH41: 0 | FI41: 0 | FJ41: 0.00091912 | FK41: 0 | FL41: 0 | FM41: 0.00091912 | FN41: 0 | FO41: 0 | FP41: 0 | FQ41: 0 | FR41: 0.00091912 | FS41: 0.00091912 | FT41: 0 | FU41: 0 | FV41: 0 | FW41: 0.00091912 | FX41: 0.00091912 | FY41: 0.00183824 | FZ41: 0 | GA41: 0 | GB41: 0 | GC41: 0.00091912 | GD41: 0.00091912 | GE41: 0 | GF41: 0 | GG41: 0.00091912 | GH41: 0 | GI41: 0 | GJ41: 0 | GK41: 0 | GL41: 0 | GM41: 0.00091912 | GN41: 0 | GO41: 0 | GP41: 0 | GQ41: 0 | GR41: 0 | GS41: 0 | GT41: 0 | GU41: 0.00091912 | GV41: 0 | GW41: 0 | GX41: 0 | GY41: 0.00183824 | GZ41: 0 | HA41: 0 | HB41: 0 | HC41: 0 | HD41: 0.00091912 | HE41: 0 | HF41: 0 | HG41: 0.00183824 | HH41: 0.00091912 | HI41: 0.00183824 | HJ41: 0 | HK41: 0.00091912 | HL41: 0 | HM41: 0 | HN41: 0 | HO41: 0 | HP41: 0 | HQ41: 0 | HR41: 0 | HS41: 0.00091912 | HT41: 0 | HU41: 0.00091912 | HV41: 0 | HW41: 0 | HX41: 0.00091912 | HY41: 0.00091912 | HZ41: 0 | IA41: 0 | IB41: 0 | IC41: 0.00091912 | ID41: 0 | IE41: 0.00091912 | IF41: 0 | IG41: 0 | IH41: 0 | II41: 0 | IJ41: 0 | IK41: 0 | IL41: 0 | IM41: 0 | IN41: 0.00183824 | IO41: 0.00091912 | IP41: 0 | IQ41: 0 | IR41: 0 | IS41: 0.00091912 | IT41: 0 | IU41: 0 | IV41: 0 | IW41: 0 | IX41: 0.00091912 | IY41: 0 | IZ41: 0 | JA41: 0.00091912 | JB41: 0.00091912 | JC41: 0 | JD41: 0 | JE41: 0 | JF41: 0 | JG41: 0 | JH41: 0 | JI41: 0 | JJ41: 0 | JK41: 0 | JL41: 0.00183824 | JM41: 0 | JN41: 0 | JO41: 0 | JP41: 0 | JQ41: 0.00091912 | JR41: 0 | JS41: 0 | JT41: 0 | JU41: 0 | JV41: 0.00091912 | JW41: 0.00091912 | JX41: 0 | JY41: 0 | JZ41: 0.00091912
I42: OC | M42: 3.076e-05 | N42: 6.152e-05 | O42: 0.00091912 | P42: 0 | Q42: 0 | R42: 0 | S42: 0 | T42: 0 | U42: 0 | V42: 0 | W42: 0 | X42: 0 | Y42: 0.00091912 | Z42: 0 | AA42: 0.00091912 | AB42: 0 | AC42: 0 | AD42: 0 | AE42: 0 | AF42: 0 | AG42: 0 | AH42: 0 | AI42: 0 | AJ42: 0 | AK42: 0 | AL42: 0 | AM42: 0 | AN42: 0 | AO42: 0 | AP42: 0 | AQ42: 0 | AR42: 0 | AS42: 0 | AT42: 0 | AU42: 0 | AV42: 0 | AW42: 0 | AX42: 0 | AY42: 0.00091912 | AZ42: 0 | BA42: 0 | BB42: 0 | BC42: 0 | BD42: 0 | BE42: 0 | BF42: 0 | BG42: 0 | BH42: 0 | BI42: 0 | BJ42: 0 | BK42: 0 | BL42: 0 | BM42: 0 | BN42: 0 | BO42: 0 | BP42: 0 | BQ42: 0 | BR42: 0 | BS42: 0 | BT42: 0.00091912 | BU42: 0 | BV42: 0 | BW42: 0 | BX42: 0 | BY42: 0 | BZ42: 0 | CA42: 0 | CB42: 0 | CC42: 0 | CD42: 0 | CE42: 0.00091912 | CF42: 0 | CG42: 0 | CH42: 0 | CI42: 0 | CJ42: 0 | CK42: 0 | CL42: 0 | CM42: 0 | CN42: 0 | CO42: 0 | CP42: 0 | CQ42: 0 | CR42: 0 | CS42: 0 | CT42: 0 | CU42: 0 | CV42: 0 | CW42: 0.00091912 | CX42: 0 | CY42: 0 | CZ42: 0 | DA42: 0 | DB42: 0 | DC42: 0.00091912 | DD42: 0 | DE42: 0 | DF42: 0 | DG42: 0 | DH42: 0 | DI42: 0.00091912 | DJ42: 0 | DK42: 0 | DL42: 0 | DM42: 0.00091912 | DN42: 0 | DO42: 0 | DP42: 0 | DQ42: 0.00091912 | DR42: 0 | DS42: 0 | DT42: 0 | DU42: 0 | DV42: 0 | DW42: 0 | DX42: 0 | DY42: 0 | DZ42: 0 | EA42: 0 | EB42: 0 | EC42: 0 | ED42: 0 | EE42: 0 | EF42: 0 | EG42: 0.00091912 | EH42: 0 | EI42: 0 | EJ42: 0 | EK42: 0 | EL42: 0 | EM42: 0 | EN42: 0 | EO42: 0 | EP42: 0 | EQ42: 0 | ER42: 0 | ES42: 0 | ET42: 0 | EU42: 0 | EV42: 0 | EW42: 0 | EX42: 0 | EY42: 0 | EZ42: 0 | FA42: 0 | FB42: 0 | FC42: 0 | FD42: 0 | FE42: 0 | FF42: 0 | FG42: 0 | FH42: 0 | FI42: 0 | FJ42: 0 | FK42: 0 | FL42: 0 | FM42: 0 | FN42: 0 | FO42: 0 | FP42: 0 | FQ42: 0 | FR42: 0 | FS42: 0 | FT42: 0 | FU42: 0 | FV42: 0 | FW42: 0 | FX42: 0 | FY42: 0 | FZ42: 0 | GA42: 0 | GB42: 0 | GC42: 0 | GD42: 0 | GE42: 0 | GF42: 0 | GG42: 0 | GH42: 0 | GI42: 0 | GJ42: 0 | GK42: 0 | GL42: 0 | GM42: 0 | GN42: 0 | GO42: 0 | GP42: 0 | GQ42: 0 | GR42: 0 | GS42: 0 | GT42: 0 | GU42: 0 | GV42: 0 | GW42: 0 | GX42: 0 | GY42: 0 | GZ42: 0 | HA42: 0 | HB42: 0 | HC42: 0 | HD42: 0 | HE42: 0 | HF42: 0 | HG42: 0 | HH42: 0 | HI42: 0 | HJ42: 0 | HK42: 0.00091912 | HL42: 0 | HM42: 0 | HN42: 0 | HO42: 0 | HP42: 0 | HQ42: 0 | HR42: 0 | HS42: 0 | HT42: 0 | HU42: 0 | HV42: 0 | HW42: 0 | HX42: 0 | HY42: 0 | HZ42: 0 | IA42: 0 | IB42: 0 | IC42: 0 | ID42: 0 | IE42: 0 | IF42: 0 | IG42: 0 | IH42: 0 | II42: 0 | IJ42: 0 | IK42: 0 | IL42: 0 | IM42: 0 | IN42: 0 | IO42: 0 | IP42: 0 | IQ42: 0 | IR42: 0 | IS42: 0 | IT42: 0 | IU42: 0 | IV42: 0.00091912 | IW42: 0 | IX42: 0 | IY42: 0 | IZ42: 0 | JA42: 0 | JB42: 0 | JC42: 0 | JD42: 0 | JE42: 0 | JF42: 0 | JG42: 0 | JH42: 0 | JI42: 0 | JJ42: 0 | JK42: 0 | JL42: 0 | JM42: 0 | JN42: 0 | JO42: 0 | JP42: 0 | JQ42: 0 | JR42: 0 | JS42: 0 | JT42: 0 | JU42: 0 | JV42: 0.00091912 | JW42: 0 | JX42: 0 | JY42: 0 | JZ42: 0
A43: 2025-09-22-2025-09-28 | J43: 272
A44: Order | B44: Item | C44: Bin | D44: Test program | E44: Test voltage | F44: Fail Type | G44: Fail Type | H44: q'ty | I44: % | J44: >10% | K44: >avg*2 | L44: Max | M44: Avg % | N44: Highlight %
A45: TOP | B45: PASS BIN | D45: PASS BIN | F45: PASS BIN | G45: PASS BIN | H45: 267118 | I45: 0.9026 | M45: 0.89746731 | N45: wafer_count=4336 | O45: 0.80422794 | P45: 0.81617647 | Q45: 0.84375 | R45: 0.84375 | S45: 0.84650735 | T45: 0.85280589 | U45: 0.85386029 | V45: 0.85569853 | W45: 0.85753676 | X45: 0.86305147 | Y45: 0.86672794 | Z45: 0.86672794 | AA45: 0.86764706 | AB45: 0.86856618 | AC45: 0.86948529 | AD45: 0.87132353 | AE45: 0.87224265 | AF45: 0.875 | AG45: 0.87591912 | AH45: 0.87683824 | AI45: 0.87683824 | AJ45: 0.87775735 | AK45: 0.87775735 | AL45: 0.87959559 | AM45: 0.88051471 | AN45: 0.88143382 | AO45: 0.88235294 | AP45: 0.88327206 | AQ45: 0.88327206 | AR45: 0.88419118 | AS45: 0.88419118 | AT45: 0.88511029 | AU45: 0.88511029 | AV45: 0.88511029 | AW45: 0.88602941 | AX45: 0.88602941 | AY45: 0.88602941 | AZ45: 0.88602941 | BA45: 0.88694853 | BB45: 0.88694853 | BC45: 0.88694853 | BD45: 0.88694853 | BE45: 0.88694853 | BF45: 0.88786765 | BG45: 0.88786765 | BH45: 0.88786765 | BI45: 0.88786765 | BJ45: 0.88878676 | BK45: 0.88878676 | BL45: 0.88878676 | BM45: 0.88970588 | BN45: 0.88970588 | BO45: 0.88970588 | BP45: 0.890625 | BQ45: 0.89154412 | BR45: 0.89154412 | BS45: 0.89154412 | BT45: 0.89246324 | BU45: 0.89246324 | BV45: 0.89246324 | BW45: 0.89246324 | BX45: 0.89338235 | BY45: 0.89338235 | BZ45: 0.89338235 | CA45: 0.89430147 | CB45: 0.89522059 | CC45: 0.89522059 | CD45: 0.89522059 | CE45: 0.89522059 | CF45: 0.89522059 | CG45: 0.89613971 | CH45: 0.89613971 | CI45: 0.89613971 | CJ45: 0.89613971 | CK45: 0.89705882 | CL45: 0.89705882 | CM45: 0.89705882 | CN45: 0.89705882 | CO45: 0.89705882 | CP45: 0.89705882 | CQ45: 0.89705882 | CR45: 0.89797794 | CS45: 0.89797794 | CT45: 0.89797794 | CU45: 0.89797794 | CV45: 0.89797794 | CW45: 0.89797794 | CX45: 0.89889706 | CY45: 0.89889706 | CZ45: 0.89889706 | DA45: 0.89981618 | DB45: 0.89981618 | DC45: 0.89981618 | DD45: 0.89981618 | DE45: 0.89981618 | DF45: 0.89981618 | DG45: 0.90073529 | DH45: 0.90073529 | DI45: 0.90073529 | DJ45: 0.90073529 | DK45: 0.90073529 | DL45: 0.90073529 | DM45: 0.90073529 | DN45: 0.90073529 | DO45: 0.90165441 | DP45: 0.90165441 | DQ45: 0.90257353 | DR45: 0.90257353 | DS45: 0.90257353 | DT45: 0.90257353 | DU45: 0.90257353 | DV45: 0.90257353 | DW45: 0.90257353 | DX45: 0.90257353 | DY45: 0.90257353 | DZ45: 0.90257353 | EA45: 0.90257353 | EB45: 0.90349265 | EC45: 0.90349265 | ED45: 0.90349265 | EE45: 0.90349265 | EF45: 0.90349265 | EG45: 0.90349265 | EH45: 0.90349265 | EI45: 0.90441176 | EJ45: 0.90441176 | EK45: 0.90441176 | EL45: 0.90441176 | EM45: 0.90441176 | EN45: 0.90441176 | EO45: 0.90441176 | EP45: 0.90441176 | EQ45: 0.90441176 | ER45: 0.90441176 | ES45: 0.90441176 | ET45: 0.90533088 | EU45: 0.90533088 | EV45: 0.90533088 | EW45: 0.90533088 | EX45: 0.90533088 | EY45: 0.90533088 | EZ45: 0.90533088 | FA45: 0.90625 | FB45: 0.90625 | FC45: 0.90625 | FD45: 0.90625 | FE45: 0.90625 | FF45: 0.90625 | FG45: 0.90625 | FH45: 0.90625 | FI45: 0.90716912 | FJ45: 0.90716912 | FK45: 0.90716912 | FL45: 0.90716912 | FM45: 0.90808824 | FN45: 0.90808824 | FO45: 0.90808824 | FP45: 0.90808824 | FQ45: 0.90808824 | FR45: 0.90808824 | FS45: 0.90808824 | FT45: 0.90900735 | FU45: 0.90900735 | FV45: 0.90900735 | FW45: 0.90900735 | FX45: 0.90900735 | FY45: 0.90900735 | FZ45: 0.90992647 | GA45: 0.90992647 | GB45: 0.90992647 | GC45: 0.90992647 | GD45: 0.90992647 | GE45: 0.90992647 | GF45: 0.90992647 | GG45: 0.91084559 | GH45: 0.91084559 | GI45: 0.91084559 | GJ45: 0.91084559 | GK45: 0.91084559 | GL45: 0.91084559 | GM45: 0.91084559 | GN45: 0.91084559 | GO45: 0.91084559 | GP45: 0.91084559 | GQ45: 0.91176471 | GR45: 0.91176471 | GS45: 0.91176471 | GT45: 0.91176471 | GU45: 0.91176471 | GV45: 0.91176471 | GW45: 0.91176471 | GX45: 0.91268382 | GY45: 0.91268382 | GZ45: 0.91268382 | HA45: 0.91268382 | HB45: 0.91268382 | HC45: 0.91360294 | HD45: 0.91360294 | HE45: 0.91360294 | HF45: 0.91360294 | HG45: 0.91360294 | HH45: 0.91360294 | HI45: 0.91360294 | HJ45: 0.91360294 | HK45: 0.91360294 | HL45: 0.91452206 | HM45: 0.91452206 | HN45: 0.91452206 | HO45: 0.91452206 | HP45: 0.91452206 | HQ45: 0.91452206 | HR45: 0.91544118 | HS45: 0.91544118 | HT45: 0.91544118 | HU45: 0.91544118 | HV45: 0.91544118 | HW45: 0.91544118 | HX45: 0.91636029 | HY45: 0.91636029 | HZ45: 0.91636029 | IA45: 0.91636029 | IB45: 0.91636029 | IC45: 0.91636029 | ID45: 0.91727941 | IE45: 0.91727941 | IF45: 0.91727941 | IG45: 0.91727941 | IH45: 0.91727941 | II45: 0.91819853 | IJ45: 0.91819853 | IK45: 0.91819853 | IL45: 0.91911765 | IM45: 0.91911765 | IN45: 0.91911765 | IO45: 0.91911765 | IP45: 0.91911765 | IQ45: 0.92003676 | IR45: 0.92003676 | IS45: 0.92003676 | IT45: 0.92003676 | IU45: 0.92095588 | IV45: 0.92095588 | IW45: 0.92095588 | IX45: 0.92095588 | IY45: 0.92095588 | IZ45: 0.92095588 | JA45: 0.921875 | JB45: 0.92279412 | JC45: 0.92279412 | JD45: 0.92279412 | JE45: 0.92371324 | JF45: 0.92371324 | JG45: 0.92371324 | JH45: 0.92371324 | JI45: 0.92463235 | JJ45: 0.92463235 | JK45: 0.92463235 | JL45: 0.92463235 | JM45: 0.92555147 | JN45: 0.92647059 | JO45: 0.92738971 | JP45: 0.92830882 | JQ45: 0.92830882 | JR45: 0.92830882 | JS45: 0.93014706 | JT45: 0.93014706 | JU45: 0.93198529 | JV45: 0.93198529 | JW45: 0.93198529 | JX45: 0.93198529 | JY45: 0.93933824 | JZ45: 0.94117647
A46: TOP | B46: PASS BIN | C46: 1 | D46: PASS BIN | F46: PASS BIN | G46: PASS BIN | H46: 267118 | I46: 0.90262389 | J46: 272 | K46: 0 | L46: 0.94117647 | M46: 0.89746731 | N46: 1.7949346 | O46: 0.80422794 | P46: 0.81617647 | Q46: 0.84375 | R46: 0.84375 | S46: 0.84650735 | T46: 0.85280589 | U46: 0.85386029 | V46: 0.85569853 | W46: 0.85753676 | X46: 0.86305147 | Y46: 0.86672794 | Z46: 0.86672794 | AA46: 0.86764706 | AB46: 0.86856618 | AC46: 0.86948529 | AD46: 0.87132353 | AE46: 0.87224265 | AF46: 0.875 | AG46: 0.87591912 | AH46: 0.87683824 | AI46: 0.87683824 | AJ46: 0.87775735 | AK46: 0.87775735 | AL46: 0.87959559 | AM46: 0.88051471 | AN46: 0.88143382 | AO46: 0.88235294 | AP46: 0.88327206 | AQ46: 0.88327206 | AR46: 0.88419118 | AS46: 0.88419118 | AT46: 0.88511029 | AU46: 0.88511029 | AV46: 0.88511029 | AW46: 0.88602941 | AX46: 0.88602941 | AY46: 0.88602941 | AZ46: 0.88602941 | BA46: 0.88694853 | BB46: 0.88694853 | BC46: 0.88694853 | BD46: 0.88694853 | BE46: 0.88694853 | BF46: 0.88786765 | BG46: 0.88786765 | BH46: 0.88786765 | BI46: 0.88786765 | BJ46: 0.88878676 | BK46: 0.88878676 | BL46: 0.88878676 | BM46: 0.88970588 | BN46: 0.88970588 | BO46: 0.88970588 | BP46: 0.890625 | BQ46: 0.89154412 | BR46: 0.89154412 | BS46: 0.89154412 | BT46: 0.89246324 | BU46: 0.89246324 | BV46: 0.89246324 | BW46: 0.89246324 | BX46: 0.89338235 | BY46: 0.89338235 | BZ46: 0.89338235 | CA46: 0.89430147 | CB46: 0.89522059 | CC46: 0.89522059 | CD46: 0.89522059 | CE46: 0.89522059 | CF46: 0.89522059 | CG46: 0.89613971 | CH46: 0.89613971 | CI46: 0.89613971 | CJ46: 0.89613971 | CK46: 0.89705882 | CL46: 0.89705882 | CM46: 0.89705882 | CN46: 0.89705882 | CO46: 0.89705882 | CP46: 0.89705882 | CQ46: 0.89705882 | CR46: 0.89797794 | CS46: 0.89797794 | CT46: 0.89797794 | CU46: 0.89797794 | CV46: 0.89797794 | CW46: 0.89797794 | CX46: 0.89889706 | CY46: 0.89889706 | CZ46: 0.89889706 | DA46: 0.89981618 | DB46: 0.89981618 | DC46: 0.89981618 | DD46: 0.89981618 | DE46: 0.89981618 | DF46: 0.89981618 | DG46: 0.90073529 | DH46: 0.90073529 | DI46: 0.90073529 | DJ46: 0.90073529 | DK46: 0.90073529 | DL46: 0.90073529 | DM46: 0.90073529 | DN46: 0.90073529 | DO46: 0.90165441 | DP46: 0.90165441 | DQ46: 0.90257353 | DR46: 0.90257353 | DS46: 0.90257353 | DT46: 0.90257353 | DU46: 0.90257353 | DV46: 0.90257353 | DW46: 0.90257353 | DX46: 0.90257353 | DY46: 0.90257353 | DZ46: 0.90257353 | EA46: 0.90257353 | EB46: 0.90349265 | EC46: 0.90349265 | ED46: 0.90349265 | EE46: 0.90349265 | EF46: 0.90349265 | EG46: 0.90349265 | EH46: 0.90349265 | EI46: 0.90441176 | EJ46: 0.90441176 | EK46: 0.90441176 | EL46: 0.90441176 | EM46: 0.90441176 | EN46: 0.90441176 | EO46: 0.90441176 | EP46: 0.90441176 | EQ46: 0.90441176 | ER46: 0.90441176 | ES46: 0.90441176 | ET46: 0.90533088 | EU46: 0.90533088 | EV46: 0.90533088 | EW46: 0.90533088 | EX46: 0.90533088 | EY46: 0.90533088 | EZ46: 0.90533088 | FA46: 0.90625 | FB46: 0.90625 | FC46: 0.90625 | FD46: 0.90625 | FE46: 0.90625 | FF46: 0.90625 | FG46: 0.90625 | FH46: 0.90625 | FI46: 0.90716912 | FJ46: 0.90716912 | FK46: 0.90716912 | FL46: 0.90716912 | FM46: 0.90808824 | FN46: 0.90808824 | FO46: 0.90808824 | FP46: 0.90808824 | FQ46: 0.90808824 | FR46: 0.90808824 | FS46: 0.90808824 | FT46: 0.90900735 | FU46: 0.90900735 | FV46: 0.90900735 | FW46: 0.90900735 | FX46: 0.90900735 | FY46: 0.90900735 | FZ46: 0.90992647 | GA46: 0.90992647 | GB46: 0.90992647 | GC46: 0.90992647 | GD46: 0.90992647 | GE46: 0.90992647 | GF46: 0.90992647 | GG46: 0.91084559 | GH46: 0.91084559 | GI46: 0.91084559 | GJ46: 0.91084559 | GK46: 0.91084559 | GL46: 0.91084559 | GM46: 0.91084559 | GN46: 0.91084559 | GO46: 0.91084559 | GP46: 0.91084559 | GQ46: 0.91176471 | GR46: 0.91176471 | GS46: 0.91176471 | GT46: 0.91176471 | GU46: 0.91176471 | GV46: 0.91176471 | GW46: 0.91176471 | GX46: 0.91268382 | GY46: 0.91268382 | GZ46: 0.91268382 | HA46: 0.91268382 | HB46: 0.91268382 | HC46: 0.91360294 | HD46: 0.91360294 | HE46: 0.91360294 | HF46: 0.91360294 | HG46: 0.91360294 | HH46: 0.91360294 | HI46: 0.91360294 | HJ46: 0.91360294 | HK46: 0.91360294 | HL46: 0.91452206 | HM46: 0.91452206 | HN46: 0.91452206 | HO46: 0.91452206 | HP46: 0.91452206 | HQ46: 0.91452206 | HR46: 0.91544118 | HS46: 0.91544118 | HT46: 0.91544118 | HU46: 0.91544118 | HV46: 0.91544118 | HW46: 0.91544118 | HX46: 0.91636029 | HY46: 0.91636029 | HZ46: 0.91636029 | IA46: 0.91636029 | IB46: 0.91636029 | IC46: 0.91636029 | ID46: 0.91727941 | IE46: 0.91727941 | IF46: 0.91727941 | IG46: 0.91727941 | IH46: 0.91727941 | II46: 0.91819853 | IJ46: 0.91819853 | IK46: 0.91819853 | IL46: 0.91911765 | IM46: 0.91911765 | IN46: 0.91911765 | IO46: 0.91911765 | IP46: 0.91911765 | IQ46: 0.92003676 | IR46: 0.92003676 | IS46: 0.92003676 | IT46: 0.92003676 | IU46: 0.92095588 | IV46: 0.92095588 | IW46: 0.92095588 | IX46: 0.92095588 | IY46: 0.92095588 | IZ46: 0.92095588 | JA46: 0.921875 | JB46: 0.92279412 | JC46: 0.92279412 | JD46: 0.92279412 | JE46: 0.92371324 | JF46: 0.92371324 | JG46: 0.92371324 | JH46: 0.92371324 | JI46: 0.92463235 | JJ46: 0.92463235 | JK46: 0.92463235 | JL46: 0.92463235 | JM46: 0.92555147 | JN46: 0.92647059 | JO46: 0.92738971 | JP46: 0.92830882 | JQ46: 0.92830882 | JR46: 0.92830882 | JS46: 0.93014706 | JT46: 0.93014706 | JU46: 0.93198529 | JV46: 0.93198529 | JW46: 0.93198529 | JX46: 0.93198529 | JY46: 0.93933824 | JZ46: 0.94117647
A47: TOP1 | B47: BIN20:cp_mode2_saf_spc30_comp | C47: 20 | D47: cp_mode2_saf_spc30_comp | F47: SAF | G47: SCAN | H47: 7191 | I47: 0.02429925 | J47: 0 | K47: 0 | L47: 0.044158234 | M47: 0.02560369 | N47: 0.05120738 | O47: 0.03584559 | P47: 0.04044118 | Q47: 0.03952206 | R47: 0.04136029 | S47: 0.04227941 | T47: 0.04415823 | U47: 0.04411765 | V47: 0.03676471 | W47: 0.03216912 | X47: 0.03584559 | Y47: 0.03492647 | Z47: 0.02941176 | AA47: 0.03216912 | AB47: 0.03492647 | AC47: 0.03768382 | AD47: 0.03584559 | AE47: 0.03308824 | AF47: 0.03400735 | AG47: 0.03308824 | AH47: 0.03676471 | AI47: 0.03676471 | AJ47: 0.03492647 | AK47: 0.03584559 | AL47: 0.02022059 | AM47: 0.02573529 | AN47: 0.03584559 | AO47: 0.03676471 | AP47: 0.03125 | AQ47: 0.02849265 | AR47: 0.02665441 | AS47: 0.03216912 | AT47: 0.02573529 | AU47: 0.03216912 | AV47: 0.04044118 | AW47: 0.02757353 | AX47: 0.03125 | AY47: 0.03400735 | AZ47: 0.02757353 | BA47: 0.02573529 | BB47: 0.02573529 | BC47: 0.02757353 | BD47: 0.03125 | BE47: 0.02849265 | BF47: 0.02757353 | BG47: 0.03033088 | BH47: 0.03584559 | BI47: 0.03492647 | BJ47: 0.02481618 | BK47: 0.02389706 | BL47: 0.03308824 | BM47: 0.02573529 | BN47: 0.02941176 | BO47: 0.02665441 | BP47: 0.02022059 | BQ47: 0.02757353 | BR47: 0.02205882 | BS47: 0.02389706 | BT47: 0.02757353 | BU47: 0.02665441 | BV47: 0.02297794 | BW47: 0.04044118 | BX47: 0.02757353 | BY47: 0.02757353 | BZ47: 0.01930147 | CA47: 0.015625 | CB47: 0.02481618 | CC47: 0.02941176 | CD47: 0.02941176 | CE47: 0.02297794 | CF47: 0.02757353 | CG47: 0.02849265 | CH47: 0.02113971 | CI47: 0.02757353 | CJ47: 0.01838235 | CK47: 0.02297794 | CL47: 0.01930147 | CM47: 0.02573529 | CN47: 0.02389706 | CO47: 0.02481618 | CP47: 0.02113971 | CQ47: 0.03033088 | CR47: 0.02297794 | CS47: 0.02941176 | CT47: 0.03033088 | CU47: 0.02297794 | CV47: 0.03400735 | CW47: 0.01470588 | CX47: 0.01838235 | CY47: 0.02297794 | CZ47: 0.02205882 | DA47: 0.02205882 | DB47: 0.03125 | DC47: 0.02481618 | DD47: 0.03308824 | DE47: 0.02113971 | DF47: 0.02389706 | DG47: 0.02022059 | DH47: 0.03492647 | DI47: 0.02757353 | DJ47: 0.01838235 | DK47: 0.02757353 | DL47: 0.02022059 | DM47: 0.02757353 | DN47: 0.02481618 | DO47: 0.02022059 | DP47: 0.03308824 | DQ47: 0.02205882 | DR47: 0.02297794 | DS47: 0.01746324 | DT47: 0.02205882 | DU47: 0.02113971 | DV47: 0.02113971 | DW47: 0.02757353 | DX47: 0.02205882 | DY47: 0.01654412 | DZ47: 0.03400735 | EA47: 0.02757353 | EB47: 0.02481618 | EC47: 0.02022059 | ED47: 0.02757353 | EE47: 0.02297794 | EF47: 0.03033088 | EG47: 0.02481618 | EH47: 0.01654412 | EI47: 0.02205882 | EJ47: 0.02205882 | EK47: 0.01746324 | EL47: 0.02941176 | EM47: 0.02757353 | EN47: 0.02573529 | EO47: 0.02389706 | EP47: 0.02849265 | EQ47: 0.03125 | ER47: 0.02665441 | ES47: 0.02665441 | ET47: 0.02481618 | EU47: 0.02665441 | EV47: 0.01930147 | EW47: 0.02389706 | EX47: 0.02022059 | EY47: 0.02022059 | EZ47: 0.02941176 | FA47: 0.02022059 | FB47: 0.02481618 | FC47: 0.02757353 | FD47: 0.02022059 | FE47: 0.02022059 | FF47: 0.02113971 | FG47: 0.02389706 | FH47: 0.02665441 | FI47: 0.02389706 | FJ47: 0.02205882 | FK47: 0.01838235 | FL47: 0.02205882 | FM47: 0.02573529 | FN47: 0.02481618 | FO47: 0.02022059 | FP47: 0.02205882 | FQ47: 0.02481618 | FR47: 0.02389706 | FS47: 0.01838235 | FT47: 0.02205882 | FU47: 0.02113971 | FV47: 0.015625 | FW47: 0.02205882 | FX47: 0.02022059 | FY47: 0.01930147 | FZ47: 0.02022059 | GA47: 0.02573529 | GB47: 0.02481618 | GC47: 0.02481618 | GD47: 0.01930147 | GE47: 0.01930147 | GF47: 0.02481618 | GG47: 0.02573529 | GH47: 0.01930147 | GI47: 0.02573529 | GJ47: 0.02022059 | GK47: 0.01746324 | GL47: 0.01654412 | GM47: 0.02389706 | GN47: 0.02481618 | GO47: 0.02665441 | GP47: 0.02297794 | GQ47: 0.02573529 | GR47: 0.02022059 | GS47: 0.01930147 | GT47: 0.02022059 | GU47: 0.02022059 | GV47: 0.01838235 | GW47: 0.02297794 | GX47: 0.02389706 | GY47: 0.01378676 | GZ47: 0.02205882 | HA47: 0.015625 | HB47: 0.015625 | HC47: 0.02113971 | HD47: 0.02113971 | HE47: 0.01930147 | HF47: 0.02022059 | HG47: 0.02022059 | HH47: 0.02022059 | HI47: 0.01654412 | HJ47: 0.01838235 | HK47: 0.01286765 | HL47: 0.02113971 | HM47: 0.02389706 | HN47: 0.02389706 | HO47: 0.02389706 | HP47: 0.02022059 | HQ47: 0.02205882 | HR47: 0.02022059 | HS47: 0.01470588 | HT47: 0.02022059 | HU47: 0.02205882 | HV47: 0.02481618 | HW47: 0.02665441 | HX47: 0.02481618 | HY47: 0.02205882 | HZ47: 0.01838235 | IA47: 0.03125 | IB47: 0.01746324 | IC47: 0.02389706 | ID47: 0.01746324 | IE47: 0.01930147 | IF47: 0.02297794 | IG47: 0.02389706 | IH47: 0.01654412 | II47: 0.01746324 | IJ47: 0.02389706 | IK47: 0.02389706 | IL47: 0.02113971 | IM47: 0.03033088 | IN47: 0.02297794 | IO47: 0.02297794 | IP47: 0.015625 | IQ47: 0.02481618 | IR47: 0.01746324 | IS47: 0.02849265 | IT47: 0.02022059 | IU47: 0.02205882 | IV47: 0.01930147 | IW47: 0.01470588 | IX47: 0.01838235 | IY47: 0.02113971 | IZ47: 0.01838235 | JA47: 0.015625 | JB47: 0.01746324 | JC47: 0.01838235 | JD47: 0.02022059 | JE47: 0.02113971 | JF47: 0.01746324 | JG47: 0.01470588 | JH47: 0.015625 | JI47: 0.02022059 | JJ47: 0.01746324 | JK47: 0.01011029 | JL47: 0.01654412 | JM47: 0.02665441 | JN47: 0.02022059 | JO47: 0.02022059 | JP47: 0.01930147 | JQ47: 0.00643382 | JR47: 0.01746324 | JS47: 0.01011029 | JT47: 0.01838235 | JU47: 0.01746324 | JV47: 0.01746324 | JW47: 0.015625 | JX47: 0.02481618 | JY47: 0.01930147 | JZ47: 0.01930147
