Workbook

Sheet Summary_RTD
A1: 20260216~20260222 | B1: CP/FT | C1: Total IC | D1: Throughput | E1: Yield | G1: 20260216~20260222 | H1: CP/FT | I1: RTD No. | K1: Total IC | L1: Throughput | M1: Yield
A2: RL7047 | B2: CP | C2: 20790 | D2: 15996 | E2: 0.7694 | G2: RL7047 | H2: CP | I2: RL7047 | K2: 20790 | L2: 15996 | M2: 0.7694
A3: RL7032 Merlin8p | B3: CP | C3: 27196 | D3: 23242 | E3: 0.8546 | G3: RL7032 Merlin8p | H3: CP | I3: RL7032 | K3: 27196 | L3: 23242 | M3: 0.8546
B4: FT1 | C4: 9556 | D4: 9462 | E4: 0.9902 | H4: FT1 | I4: RTD2885QDM_SA_CN_TA01 | K4: 9556 | L4: 9462 | M4: 0.9902
B5: FT2 | C5: 0 | D5: 0 | G5: RL7002 Mac9q | H5: CP | I5: RL7002 | K5: 0 | L5: 0
A6: RL7002 Mac9q | B6: CP | C6: 0 | D6: 0 | G6: RL6990 Dora | H6: CP | I6: RL6990 | K6: 0 | L6: 0
A7: RL6990 Dora | B7: CP | C7: 0 | D7: 0 | G7: RL6982 Merlin9 | H7: CP | I7: RL6982 | K7: 474516 | L7: 426336 | M7: 0.8985
B8: FT1 | C8: 0 | D8: 0 | H8: FT1 | I8: RTD2875QDA_TA01 | K8: 96906 | L8: 96563 | M8: 0.9965
A9: RL6982 Merlin9 | B9: CP | C9: 474516 | D9: 426336 | E9: 0.8985 | I9: RTD2865PCJ_SA_TA01 | K9: 22527 | L9: 22432 | M9: 0.9958
B10: FT1 | C10: 351834 | D10: 350493 | E10: 0.9962 | I10: RTD2875QDB_TA01 | K10: 97211 | L10: 96800 | M10: 0.9958
A11: RL6963 Mac8q | B11: CP | C11: 139138 | D11: 123762 | E11: 0.8895 | I11: RTD2875QDA_HD_TA01 | K11: 73866 | L11: 73590 | M11: 0.9963
B12: FT1 | C12: 77833 | D12: 77157 | E12: 0.9913 | I12: RTD2875QDB_HD_TA01 | K12: 61324 | L12: 61108 | M12: 0.9965
B13: FT2 | C13: 44719 | D13: 44711 | E13: 0.9998 | G13: RL6963 Mac8q | H13: CP | I13: RL6963 | K13: 139138 | L13: 123762 | M13: 0.8895
A14: RL6896 Dante | B14: CP | C14: 0 | D14: 0 | H14: FT1 | I14: RTD2864FLV_TA01 | K14: 70847 | L14: 70190 | M14: 0.9907
B15: FT1 | C15: 0 | D15: 0 | I15: RTD2874FLF_TA01 | K15: 3386 | L15: 3380 | M15: 0.9982
A16: RL6866 Mac8p | B16: CP | C16: 0 | D16: 0 | I16: RTD2841FLW_TA01 | K16: 3600 | L16: 3587 | M16: 0.9964
A17: RL6856 Merlin8 | B17: CP | C17: 0 | D17: 0 | H17: FT2 | I17: RTD2841FLW_TA01 | K17: 44719 | L17: 44711 | M17: 0.9998
B18: FT1 | C18: 69825 | D18: 69533 | E18: 0.9958 | G18: RL6896 Dante | H18: CP | I18: RL6896 | K18: 0 | L18: 0
B19: FT2 | C19: 69532 | D19: 69475 | E19: 0.9992 | G19: RL6866 Mac8p | H19: CP | I19: RL6866 | K19: 0 | L19: 0
A20: RL6750 H5C2 | B20: CP | C20: 0 | D20: 0 | G20: RL6856 Merlin8 | H20: CP | I20: RL6856 | K20: 0 | L20: 0
B21: FT1 | C21: 6262 | D21: 6047 | E21: 0.9657 | H21: FT1 | I21: RTD2885PDM_FT1_TA01 | K21: 43002 | L21: 42785 | M21: 0.995
A22: RL6748 Merlin7 | B22: CP | C22: 21873 | D22: 19458 | E22: 0.8896 | I22: RTD2886NSS_SC_FT1_TA01 | K22: 23956 | L22: 23901 | M22: 0.9977
B23: FT1 | C23: 179064 | D23: 178399 | E23: 0.9963 | I23: RTD2885PGK_SC_FT1_TA01 | K23: 2867 | L23: 2847 | M23: 0.993
B24: FT2 | C24: 819 | D24: 818 | E24: 0.9988 | H24: FT2 | I24: RTD2885PDM_FT2_TA01 | K24: 42785 | L24: 42757 | M24: 0.9993
A25: RL6746 MIO | B25: CP | C25: 0 | D25: 0 | I25: RTD2886NSP_SC_FT2_TA01 | K25: 26747 | L25: 26718 | M25: 0.9989
B26: FT1 | C26: 0 | D26: 0 | G26: RL6750 H5C2 | H26: CP | I26: RL6750 | K26: 0 | L26: 0
A27: RL6708 Bridge | B27: CP | C27: 0 | D27: 0 | H27: FT1 | I27: RTD2890_B19_TA01 | K27: 6262 | L27: 6047 | M27: 0.9657
B28: FT1 | C28: 0 | D28: 0 | G28: RL6748 Merlin7 | H28: CP | I28: RL6748 | K28: 21873 | L28: 19458 | M28: 0.8896
A29: RL6681 ATSC3 | B29: CP | C29: 0 | D29: 0 | H29: FT1 | I29: RTD2881PSP_SDY_TA01 | K29: 17943 | L29: 17912 | M29: 0.9983
B30: FT1 | C30: 0 | D30: 0 | I30: RTD2875NDB_LC_TA01 | K30: 4952 | L30: 4936 | M30: 0.9968
A31: RL6672 Merlin6 | B31: CP | C31: 104448 | D31: 87872 | E31: 0.8413 | I31: RTD2875NDA_LC_TA01 | K31: 820 | L31: 819 | M31: 0.9988
B32: FT1 | C32: 0 | D32: 0 | I32: RTD2875PSP_SC_TA01 | K32: 130618 | L32: 130301 | M32: 0.9976
B33: FT2 | C33: 0 | D33: 0 | I33: RTD2881PSD_WDC_TA01 | K33: 22300 | L33: 22012 | M33: 0.9871
A34: RL6641 Mac7p | B34: CP | C34: 0 | D34: 0 | I34: RTD2885NDP_HSC | J34: 4K120 without ATSC C版 | K34: 2431 | L34: 2419 | M34: 0.9951
B35: FT1 | C35: 40314 | D35: 39980 | E35: 0.9917 | H35: FT2 | I35: RTD2875_C_FT2 | K35: 819 | L35: 818 | M35: 0.9988
A36: RL6617 Merlin5 | B36: CP | C36: 0 | D36: 0 | G36: RL6746 MIO | H36: CP | I36: RL6746 | K36: 0 | L36: 0
B37: FT1 | C37: 0 | D37: 0 | G37: RL6708 Bridge | H37: CP | I37: RL6708 | K37: 0 | L37: 0
B38: FT2 | C38: 0 | D38: 0 | G38: RL6681 ATSC3 | H38: CP | I38: RL6681 | K38: 0 | L38: 0
G39: RL6672 Merlin6 | H39: CP | I39: RL6672 | K39: 104448 | L39: 87872 | M39: 0.8413
G40: RL6641 Mac7p | H40: CP | I40: RL6641 | K40: 0 | L40: 0
H41: FT1 | I41: RTD2841ACM_PS_TA01 | K41: 31409 | L41: 31172 | M41: 0.9925
I42: RTD2841ASM_PS_TA01 | K42: 8905 | L42: 8808 | M42: 0.9891
G43: RL6617 Merlin5 | H43: CP | I43: RL6617 | K43: 0 | L43: 0

Sheet Top_all
A1: Project | B1: CP/FT | C1: RTD No. | E1: ECN Ver. | G1: summary | H1: Y26_W08 | J1: Top1 | K1: Top2 | L1: Top3 | M1: Top4 | N1: Top5 | O1: Top6 | P1: Top7 | Q1: Top8 | R1: Top9 | S1: Top10 | Y1: Project | Z1: CP/FT | AA1: RTD No. | AC1: ECN Ver. | AD1: Total IC | AE1: Throughput | AF1: Yield | AG1: Top1 | AH1: Top2 | AI1: Top3 | AJ1: Top4 | AK1: Top5 | AL1: Top6 | AM1: Top7 | AN1: Top8 | AO1: Top9 | AP1: Top10
A2: RL7047 | B2: CP | C2: RL7047 | E2: V01 | F2: Total IC | G2: 20790 | H2: 20790 | I2: Test item | J2: cp_mode1_saf_comp | K2: cp_mode2_saf_comp | L2: cp_mode0_tdf_cov94_gpu_c5_comp | M2: cp_mode5_tdf_sync_comp | N2: cp_mode0_saf_comp | O2: MD_PLLUSB2_CP | P2: CP_PCIe_REFCLK | Q2: cp_mode2_tdf_sync_comp_lv | R2: cp_mode5_saf_comp | S2: cp_mode3_saf_comp | Y2: RL7047 | Z2: CP | AA2: RL7047 | AC2: V01 | AD2: 20790 | AE2: 15996 | AF2: 0.7694 | AG2: cp_mode1_saf_comp(1251ea,6.02%) | AH2: cp_mode2_saf_comp(678ea,3.26%) | AI2: cp_mode0_tdf_cov94_gpu_c5_comp(641ea,3.08%) | AJ2: cp_mode5_tdf_sync_comp(387ea,1.86%) | AK2: cp_mode0_saf_comp(367ea,1.77%) | AL2: MD_PLLUSB2_CP(236ea,1.14%) | AM2: CP_PCIe_REFCLK(192ea,0.92%) | AN2: cp_mode2_tdf_sync_comp_lv(138ea,0.66%) | AO2: cp_mode5_saf_comp(127ea,0.61%) | AP2: cp_mode3_saf_comp(118ea,0.57%)
F3: Throughput | G3: 15996 | H3: 15996 | I3: q'ty | J3: 1251 | K3: 678 | L3: 641 | M3: 387 | N3: 367 | O3: 236 | P3: 192 | Q3: 138 | R3: 127 | S3: 118 | Y3: RL7032 Merlin8p | Z3: CP | AA3: RL7032 | AC3: V02 | AD3: 27196 | AE3: 23242 | AF3: 0.8546 | AG3: cp_mode3_saf_comp_retest(957ea,3.52%) | AH3: cp_mode2_saf_spc25_comp_retest(763ea,2.81%) | AI3: all_bist_mp_HV(481ea,1.77%) | AJ3: cp_mode0_saf_comp(277ea,1.02%) | AK3: cp_mode1_saf_comp(227ea,0.83%) | AL3: scpu_bisr_bist_drf_vddr_mp_X1(179ea,0.66%) | AM3: cp_mode3_tdf_comp_HV_retest(138ea,0.51%) | AN3: IDD(105ea,0.39%) | AO3: OTP_iddq_rtk(84ea,0.31%) | AP3: OpenShort(82ea,0.30%)
F4: Yield | G4: 0.7694 | H4: 0.7694 | I4: % | J4: 0.0602 | K4: 0.0326 | L4: 0.0308 | M4: 0.0186 | N4: 0.0177 | O4: 0.0114 | P4: 0.0092 | Q4: 0.0066 | R4: 0.0061 | S4: 0.0057 | Z4: FT1 | AA4: RTD2885QDM_SA_CN_TA01 | AC4: V02 | AD4: 9556 | AE4: 9462 | AF4: 0.9902 | AG4: IDDQ_m8p_new(36ea,0.38%) | AH4: FW_MD_Domain(27ea,0.28%) | AI4: DDR_single_RW_DC1_debug(10ea,0.10%) | AJ4: FW_other(8ea,0.08%) | AK4: DDR_single_RW_DC2_debug(3ea,0.03%) | AL4: all_bist_mp(3ea,0.03%) | AM4: scpu_bist_all_mp(2ea,0.02%) | AN4: scpu_bisr_bist_drf_vddr(2ea,0.02%) | AO4: PIF_PP_SWING_LV43(1ea,0.01%) | AP4: POR(1ea,0.01%)
A5: RL7032 Merlin8p | B5: CP | C5: RL7032 | E5: V02 | F5: Total IC | G5: 27196 | H5: 27196 | I5: Test item | J5: cp_mode3_saf_comp_retest | K5: cp_mode2_saf_spc25_comp_retest | L5: all_bist_mp_HV | M5: cp_mode0_saf_comp | N5: cp_mode1_saf_comp | O5: scpu_bisr_bist_drf_vddr_mp_X1 | P5: cp_mode3_tdf_comp_HV_retest | Q5: IDD | R5: OTP_iddq_rtk | S5: OpenShort | Y5: RL6982 Merlin9 | Z5: CP | AA5: RL6982 | AC5: V05 | AD5: 460472 | AE5: 414394 | AF5: 0.8999 | AG5: cp_mode2_saf_spc30_comp(11324ea,2.46%) | AH5: cp_mode3_saf_comp(7147ea,1.55%) | AI5: all_bist_mp_3_HV(6652ea,1.44%) | AJ5: cp_mode1_saf_comp(4439ea,0.96%) | AK5: cp_mode0_saf_comp(3662ea,0.80%) | AL5: scpu_bisr_bist_drf_vddr_mp_1(1974ea,0.43%) | AM5: scpu_bist_all_1p2_HV(1278ea,0.28%) | AN5: all_bisr_drf_mp_1(1028ea,0.22%) | AO5: PowerShort(939ea,0.20%) | AP5: cp_mode3_tdf_c5_cov92_comp_HV(779ea,0.17%)
F6: Throughput | G6: 23242 | H6: 23242 | I6: q'ty | J6: 957 | K6: 763 | L6: 481 | M6: 277 | N6: 227 | O6: 179 | P6: 138 | Q6: 105 | R6: 84 | S6: 82 | Z6: CP | AA6: RL6982 | AC6: V05 | AD6: 14044 | AE6: 11942 | AF6: 0.8503 | AG6: cp_mode4_saf_comp_retest(489ea,3.48%) | AH6: cp_mode2_saf_spc30_comp(403ea,2.87%) | AI6: cp_mode3_saf_comp(259ea,1.84%) | AJ6: all_bist_mp_3_HV(195ea,1.39%) | AK6: cp_mode1_saf_comp(155ea,1.10%) | AL6: cp_mode0_saf_comp(135ea,0.96%) | AM6: PowerShort(57ea,0.41%) | AN6: scpu_bisr_bist_drf_vddr_mp_1(49ea,0.35%) | AO6: cp_mode3_tdf_c5_cov92_comp_HV(45ea,0.32%) | AP6: cp_mode0_sdd_c10_plp9_icgC100_1_cov0to96_comp_LV(34ea,0.24%)
F7: Yield | G7: 0.8546 | H7: 0.8546 | I7: % | J7: 0.0352 | K7: 0.0281 | L7: 0.0177 | M7: 0.0102 | N7: 0.0083 | O7: 0.0066 | P7: 0.0051 | Q7: 0.0039 | R7: 0.0031 | S7: 0.003 | Z7: FT1 | AA7: RTD2875QDA_TA01 | AC7: V05 | AD7: 74606 | AE7: 74342 | AF7: 0.9965 | AG7: FW_other(102ea,0.14%) | AH7: DDR4_2G_3000_SS_single_RW_FT(88ea,0.12%) | AI7: OS_500uA(21ea,0.03%) | AJ7: PIF_LVDS_FT(11ea,0.01%) | AK7: PowerShort(7ea,0.01%) | AL7: all_bisr_drf(6ea,0.01%) | AM7: USB2_disconnect_mea(3ea,0.00%) | AN7: EFUSE_ReadAll_CRC(3ea,0.00%) | AO7: chip_id_HRAM(2ea,0.00%) | AP7: scpu_bisr_bist_drf(2ea,0.00%)
B8: FT1 | C8: RTD2885QDM_SA_CN_TA01 | E8: V02 | F8: Total IC | G8: 9556 | H8: 9556 | I8: Test item | J8: IDDQ_m8p_new | K8: FW_MD_Domain | L8: DDR_single_RW_DC1_debug | M8: FW_other | N8: DDR_single_RW_DC2_debug | O8: all_bist_mp | P8: scpu_bist_all_mp | Q8: scpu_bisr_bist_drf_vddr | R8: PIF_PP_SWING_LV43 | S8: POR | Z8: FT1 | AA8: RTD2865PCJ_SA_TA01 | AC8: V03 | AD8: 22527 | AE8: 22432 | AF8: 0.9958 | AG8: USB2_FT_Z0(50ea,0.22%) | AH8: (13ea,0.06%) | AI8: DDR4_1p5G_3200_SS_single_RW_FT(12ea,0.05%) | AJ8: (7ea,0.03%) | AK8: OS_500uA(4ea,0.02%) | AL8: (2ea,0.01%) | AM8: USB2_swing_mea(2ea,0.01%) | AN8: BB_FT01(1ea,0.00%) | AO8: HDMI20_250M_VB(1ea,0.00%) | AP8: IFD_FT01_SNR(1ea,0.00%)
F9: Throughput | G9: 9462 | H9: 9462 | I9: q'ty | J9: 36 | K9: 27 | L9: 10 | M9: 8 | N9: 3 | O9: 3 | P9: 2 | Q9: 2 | R9: 1 | S9: 1 | Z9: FT1 | AA9: RTD2875QDA_TA01 | AC9: V03 | AD9: 22300 | AE9: 22221 | AF9: 0.9965 | AG9: DDR4_2G_3000_SS_FRC_ZQp5p(19ea,0.09%) | AH9: DDR4_2G_3000_SS_single_RW_FT(18ea,0.08%) | AI9: FW_other(14ea,0.06%) | AJ9: PowerShort(8ea,0.04%) | AK9: OS_500uA(4ea,0.02%) | AL9: scpu_bist_all_1p2_HV(3ea,0.01%) | AM9: scpu_bisr_bist_drf(2ea,0.01%) | AN9: chip_id_HRAM(1ea,0.00%) | AO9: EFUSE_ReadAll_CRC(1ea,0.00%) | AP9: scpu_bist_all_1p2_LV(1ea,0.00%)
F10: Yield | G10: 0.9902 | H10: 0.9902 | I10: % | J10: 0.0038 | K10: 0.0028 | L10: 0.001 | M10: 0.0008 | N10: 0.0003 | O10: 0.0003 | P10: 0.0002 | Q10: 0.0002 | R10: 0.0001 | S10: 0.0001 | Z10: FT1 | AA10: RTD2875QDB_TA01 | AC10: V04 | AD10: 24973 | AE10: 24888 | AF10: 0.9966 | AG10: DDR4_2G_3000_SS_FRC_ZQp5p(20ea,0.08%) | AH10: DDR4_2G_3000_SS_single_RW_FT(19ea,0.08%) | AI10: FW_other(18ea,0.07%) | AJ10: OS_500uA(11ea,0.04%) | AK10: FW_MULTI_CORE_TEST(3ea,0.01%) | AL10: SIF_FT01(2ea,0.01%) | AM10: FW_VE(2ea,0.01%) | AN10: USB2_disconnect_trim_RT(1ea,0.00%) | AO10: USB2_FT_Z0(1ea,0.00%) | AP10: IDDQ(1ea,0.00%)
A11: RL6982 Merlin9 | B11: CP | C11: RL6982 | E11: V05 | F11: Total IC | G11: 460472 | H11: 460472 | I11: Test item | J11: cp_mode2_saf_spc30_comp | K11: cp_mode3_saf_comp | L11: all_bist_mp_3_HV | M11: cp_mode1_saf_comp | N11: cp_mode0_saf_comp | O11: scpu_bisr_bist_drf_vddr_mp_1 | P11: scpu_bist_all_1p2_HV | Q11: all_bisr_drf_mp_1 | R11: PowerShort | S11: cp_mode3_tdf_c5_cov92_comp_HV | Z11: FT1 | AA11: RTD2875QDA_HD_TA01 | AC11: V03 | AD11: 73866 | AE11: 73590 | AF11: 0.9963 | AG11: DDR4_2G_3000_SS_FRC_ZQp5p(52ea,0.07%) | AH11: DDR4_2G_3000_SS_single_RW_FT(50ea,0.07%) | AI11: FW_other(47ea,0.06%) | AJ11: USB2_disconnect_mea(29ea,0.04%) | AK11: OS_500uA(28ea,0.04%) | AL11: PowerShort(17ea,0.02%) | AM11: all_bisr_drf(10ea,0.01%) | AN11: Wire_Bond_Leak(8ea,0.01%) | AO11: FW_VE(5ea,0.01%) | AP11: scpu_bist_all_1p2_HV(4ea,0.01%)
F12: Throughput | G12: 414394 | H12: 414394 | I12: q'ty | J12: 11324 | K12: 7147 | L12: 6652 | M12: 4439 | N12: 3662 | O12: 1974 | P12: 1278 | Q12: 1028 | R12: 939 | S12: 779 | Z12: FT1 | AA12: RTD2875QDB_TA01 | AC12: V05 | AD12: 72238 | AE12: 71912 | AF12: 0.9955 | AG12: FW_other(140ea,0.19%) | AH12: DDR4_2G_3000_SS_single_RW_FT(88ea,0.12%) | AI12: POR(19ea,0.03%) | AJ12: USB2_disconnect_mea(11ea,0.02%) | AK12: OS_500uA(10ea,0.01%) | AL12: all_bisr_drf(9ea,0.01%) | AM12: USB2_disconnect_trim_RT(6ea,0.01%) | AN12: IDDQ(5ea,0.01%) | AO12: PIF_LVDS_FT(5ea,0.01%) | AP12: scpu_bisr_bist_drf(4ea,0.01%)
F13: Yield | G13: 0.8999 | H13: 0.8999 | I13: % | J13: 0.0246 | K13: 0.0155 | L13: 0.0144 | M13: 0.0096 | N13: 0.008 | O13: 0.0043 | P13: 0.0028 | Q13: 0.0022 | R13: 0.002 | S13: 0.0017 | Z13: FT1 | AA13: RTD2875QDB_HD_TA01 | AC13: V04 | AD13: 61324 | AE13: 61108 | AF13: 0.9965 | AG13: DDR4_2G_3000_SS_single_RW_FT(54ea,0.09%) | AH13: DDR4_2G_3000_SS_FRC_ZQp5p(40ea,0.07%) | AI13: FW_other(37ea,0.06%) | AJ13: OS_500uA(20ea,0.03%) | AK13: PowerShort(9ea,0.01%) | AL13: FW_MULTI_CORE_TEST(7ea,0.01%) | AM13: USB2_disconnect_mea(6ea,0.01%) | AN13: FW_VE(6ea,0.01%) | AO13: scpu_bist_all_1p2_HV(5ea,0.01%) | AP13: all_bisr_drf(5ea,0.01%)
B14: CP | C14: RL6982 | E14: V05 | F14: Total IC | G14: 14044 | H14: 14044 | I14: Test item | J14: cp_mode4_saf_comp_retest | K14: cp_mode2_saf_spc30_comp | L14: cp_mode3_saf_comp | M14: all_bist_mp_3_HV | N14: cp_mode1_saf_comp | O14: cp_mode0_saf_comp | P14: PowerShort | Q14: scpu_bisr_bist_drf_vddr_mp_1 | R14: cp_mode3_tdf_c5_cov92_comp_HV | S14: cp_mode0_sdd_c10_plp9_icgC100_1_cov0to96_comp_LV | Y14: RL6963 Mac8q | Z14: CP | AA14: RL6963 | AC14: V07 | AD14: 139138 | AE14: 123762 | AF14: 0.8895 | AG14: cp_mode1_saf_comp_B(3414ea,2.45%) | AH14: cp_mode0_saf_comp(1894ea,1.36%) | AI14: mac8p_scpu_bisr_bist_drf_etn_phy_LV_only_drf_0214(1693ea,1.22%) | AJ14: cp_mode2_saf_comp_B(1575ea,1.13%) | AK14: IDD(1381ea,0.99%) | AL14: all_bist_m_0217_p1_BIST_LDOoff_OC700_HV(1247ea,0.90%) | AM14: PowerShort(389ea,0.28%) | AN14: mac8p_scpu_vddr_part1_0p9v(338ea,0.24%) | AO14: cp_mode1_tdf_cov70_comp_HV(310ea,0.22%) | AP14: PLLSCPUA_CP05_APP(288ea,0.21%)
F15: Throughput | G15: 11942 | H15: 11942 | I15: q'ty | J15: 489 | K15: 403 | L15: 259 | M15: 195 | N15: 155 | O15: 135 | P15: 57 | Q15: 49 | R15: 45 | S15: 34 | Z15: FT1 | AA15: RTD2864FLV_TA01 | AC15: V10 | AD15: 70847 | AE15: 70190 | AF15: 0.9907 | AG15: FW_HDMI_4K60(216ea,0.30%) | AH15: FW_other(152ea,0.21%) | AI15: os(38ea,0.05%) | AJ15: D4_2666M_FRC_4K60_uhd_LB_FT(30ea,0.04%) | AK15: VDC02_FT_ADC_SNR(29ea,0.04%) | AL15: Wire_bond_leak(25ea,0.04%) | AM15: IFD_FT02(19ea,0.03%) | AN15: FW_NAND(14ea,0.02%) | AO15: FW_HDMI_480P(13ea,0.02%) | AP15: IFD_FT01(9ea,0.01%)
F16: Yield | G16: 0.8503 | H16: 0.8503 | I16: % | J16: 0.0348 | K16: 0.0287 | L16: 0.0184 | M16: 0.0139 | N16: 0.011 | O16: 0.0096 | P16: 0.0041 | Q16: 0.0035 | R16: 0.0032 | S16: 0.0024 | Z16: FT1 | AA16: RTD2874FLF_TA01 | AC16: V10 | AD16: 3386 | AE16: 3380 | AF16: 0.9982 | AG16: D4_2666M_FRC_4K60_uhd_LB_FT(4ea,0.12%) | AH16: SCPU_BISR_HV(1ea,0.03%) | AI16: FW_other(1ea,0.03%)
B17: FT1 | C17: RTD2875QDA_TA01 | E17: V05 | F17: Total IC | G17: 74606 | H17: 74606 | I17: Test item | J17: FW_other | K17: DDR4_2G_3000_SS_single_RW_FT | L17: OS_500uA | M17: PIF_LVDS_FT | N17: PowerShort | O17: all_bisr_drf | P17: USB2_disconnect_mea | Q17: EFUSE_ReadAll_CRC | R17: chip_id_HRAM | S17: scpu_bisr_bist_drf | Z17: FT1 | AA17: RTD2841FLW_TA01 | AC17: V10 | AD17: 3600 | AE17: 3587 | AF17: 0.9964 | AG17: FW_other(5ea,0.14%) | AH17: D4_2666M_FRC_4K60_uhd_LB_FT(1ea,0.03%) | AI17: FW_MD_Domain(1ea,0.03%) | AJ17: ETN_MLT3(1ea,0.03%) | AK17: FW_HDMI_4K60(1ea,0.03%) | AL17: FW_CP(1ea,0.03%) | AM17: all_bist_m_0217_p5_scpu_bist_LDOon_HV(1ea,0.03%) | AN17: all_bist_m_0217_p1_BIST_LDOon_LV(1ea,0.03%) | AO17: all_bist_m_0217_p1_BIST_LDOon_HV(1ea,0.03%)
F18: Throughput | G18: 74342 | H18: 74342 | I18: q'ty | J18: 102 | K18: 88 | L18: 21 | M18: 11 | N18: 7 | O18: 6 | P18: 3 | Q18: 3 | R18: 2 | S18: 2 | Z18: FT2 | AA18: RTD2841FLW_TA01 | AC18: V02 | AD18: 44719 | AE18: 44711 | AF18: 0.9998 | AG18: USB2_Swing(6ea,0.01%) | AH18: Wire_bond_leak(2ea,0.00%)
F19: Yield | G19: 0.9965 | H19: 0.9965 | I19: % | J19: 0.0014 | K19: 0.0012 | L19: 0.0003 | M19: 0.0001 | N19: 0.0001 | O19: 0.0001 | P19: 0 | Q19: 0 | R19: 0 | S19: 0 | Y19: RL6856 Merlin8 | Z19: FT1 | AA19: RTD2885PDM_FT1_TA01 | AC19: V08 | AD19: 43002 | AE19: 42785 | AF19: 0.995 | AG19: FW_M8(99ea,0.23%) | AH19: DDR_single_RW_D4(29ea,0.07%) | AI19: DDR_ZQ_P(26ea,0.06%) | AJ19: VDC01_FT01_SNR(13ea,0.03%) | AK19: IDDQ(12ea,0.03%) | AL19: HDMI_12G(11ea,0.03%) | AM19: Power_Short(9ea,0.02%) | AN19: set-error-bin(6ea,0.01%) | AO19: OS_500uA(5ea,0.01%) | AP19: ETN_TX_FT0(2ea,0.00%)
B20: FT1 | C20: RTD2865PCJ_SA_TA01 | E20: V03 | F20: Total IC | G20: 22527 | H20: 22527 | I20: Test item | J20: USB2_FT_Z0 | L20: DDR4_1p5G_3200_SS_single_RW_FT | N20: OS_500uA | P20: USB2_swing_mea | Q20: BB_FT01 | R20: HDMI20_250M_VB | S20: IFD_FT01_SNR | Z20: FT1 | AA20: RTD2886NSS_SC_FT1_TA01 | AC20: V09 | AD20: 23956 | AE20: 23901 | AF20: 0.9977 | AG20: FW_M8(33ea,0.14%) | AH20: PIF_PP_FT_tt(4ea,0.02%) | AI20: HDMI_12G_ALL_Port(4ea,0.02%) | AJ20: set-error-bin(4ea,0.02%) | AK20: ddr_single_rw(3ea,0.01%) | AL20: Power_Short(1ea,0.00%) | AM20: Thermal_IDD_comp_4K(1ea,0.00%) | AN20: ddr_FRC_CN_n5percent(1ea,0.00%) | AO20: POR(1ea,0.00%) | AP20: VDC01_SNR_FT01(1ea,0.00%)
F21: Throughput | G21: 22432 | H21: 22432 | I21: q'ty | J21: 50 | K21: 13 | L21: 12 | M21: 7 | N21: 4 | O21: 2 | P21: 2 | Q21: 1 | R21: 1 | S21: 1 | Z21: FT1 | AA21: RTD2885PGK_SC_FT1_TA01 | AC21: V10 | AD21: 2867 | AE21: 2847 | AF21: 0.993 | AG21: Power_Short(20ea,0.70%)
F22: Yield | G22: 0.9958 | H22: 0.9958 | I22: % | J22: 0.0022 | K22: 0.0006 | L22: 0.0005 | M22: 0.0003 | N22: 0.0002 | O22: 0.0001 | P22: 0.0001 | Q22: 0 | R22: 0 | S22: 0 | Z22: FT2 | AA22: RTD2885PDM_FT2_TA01 | AC22: V05 | AD22: 42785 | AE22: 42757 | AF22: 0.9993 | AG22: USB2_disconnect_mea(27ea,0.06%) | AH22: OS(1ea,0.00%)
B23: FT1 | C23: RTD2875QDA_TA01 | E23: V03 | F23: Total IC | G23: 22300 | H23: 22300 | I23: Test item | J23: DDR4_2G_3000_SS_FRC_ZQp5p | K23: DDR4_2G_3000_SS_single_RW_FT | L23: FW_other | M23: PowerShort | N23: OS_500uA | O23: scpu_bist_all_1p2_HV | P23: scpu_bisr_bist_drf | Q23: chip_id_HRAM | R23: EFUSE_ReadAll_CRC | S23: scpu_bist_all_1p2_LV | Z23: FT2 | AA23: RTD2886NSP_SC_FT2_TA01 | AC23: V04 | AD23: 26747 | AE23: 26718 | AF23: 0.9989 | AG23: USB2_Disconnect_trim(29ea,0.11%)
F24: Throughput | G24: 22221 | H24: 22221 | I24: q'ty | J24: 19 | K24: 18 | L24: 14 | M24: 8 | N24: 4 | O24: 3 | P24: 2 | Q24: 1 | R24: 1 | S24: 1 | Y24: RL6750 H5C2 | Z24: FT1 | AA24: RTD2890_B19_TA01 | AC24: V03 | AD24: 6262 | AE24: 6047 | AF24: 0.9657 | AG24: D3_WB_0p25G_single_RW(143ea,2.28%) | AH24: OS_2mA(31ea,0.50%) | AI24: OS_check_switch_B19(29ea,0.46%) | AJ24: FW_Other(4ea,0.06%) | AK24: OS_500uA(3ea,0.05%) | AL24: FW_SCPU_QC(2ea,0.03%) | AM24: OTP_RSA_HASH_VALUE_check_NV(2ea,0.03%) | AN24: Power_Short(1ea,0.02%)
F25: Yield | G25: 0.9965 | H25: 0.9965 | I25: % | J25: 0.0009 | K25: 0.0008 | L25: 0.0006 | M25: 0.0004 | N25: 0.0002 | O25: 0.0001 | P25: 0.0001 | Q25: 0 | R25: 0 | S25: 0 | Y25: RL6748 Merlin7 | Z25: CP | AA25: RL6748 | AC25: V25 | AD25: 21873 | AE25: 19458 | AF25: 0.8896 | AG25: cp_mode0_saf_0to90_comp_C(625ea,2.86%) | AH25: all_bist_mp_scpu_all_bist_1106_CLK144_GPU_ETN_HV(510ea,2.33%) | AI25: cp_mode2_saf_0to90_comp_C_slow(400ea,1.83%) | AJ25: cp_mode1_saf_0to90_comp_C(281ea,1.28%) | AK25: IDD(82ea,0.37%) | AL25: PowerShort(77ea,0.35%) | AM25: cp_mode0_2_sdd_se0_a75_lp14_dsu_lp28_cat_cs1013_comp_LV(66ea,0.30%) | AN25: cp_mode0_0_tdf_lp8_cat_comp_C_LV(48ea,0.22%) | AO25: cp_mode0_tdf_se0_l3mcp_ttr_cov70_comp_HV(43ea,0.20%) | AP25: GPIO_04_GPIReadH_normal(24ea,0.11%)
B26: FT1 | C26: RTD2875QDB_TA01 | E26: V04 | F26: Total IC | G26: 24973 | H26: 24973 | I26: Test item | J26: DDR4_2G_3000_SS_FRC_ZQp5p | K26: DDR4_2G_3000_SS_single_RW_FT | L26: FW_other | M26: OS_500uA | N26: FW_MULTI_CORE_TEST | O26: SIF_FT01 | P26: FW_VE | Q26: USB2_disconnect_trim_RT | R26: USB2_FT_Z0 | S26: IDDQ | Z26: FT1 | AA26: RTD2881PSP_SDY_TA01 | AC26: V03 | AD26: 17943 | AE26: 17912 | AF26: 0.9983 | AG26: FW_M7(12ea,0.07%) | AH26: HDMI20_1p5G(5ea,0.03%) | AI26: HDMI21_12G_144hz(3ea,0.02%) | AJ26: Power_Short(3ea,0.02%) | AK26: USB_squelch_trim(2ea,0.01%) | AL26: IDDQ(1ea,0.01%) | AM26: HDMI20_6G(1ea,0.01%) | AN26: ETN_TX_FT0(1ea,0.01%) | AO26: CEC_FT01(1ea,0.01%) | AP26: OS_500uA(1ea,0.01%)
F27: Throughput | G27: 24888 | H27: 24888 | I27: q'ty | J27: 20 | K27: 19 | L27: 18 | M27: 11 | N27: 3 | O27: 2 | P27: 2 | Q27: 1 | R27: 1 | S27: 1 | Z27: FT1 | AA27: RTD2875NDB_LC_TA01 | AC27: V27 | AD27: 4952 | AE27: 4936 | AF27: 0.9968 | AG27: DDR_1p5GB_FRC_HV_1st(5ea,0.10%) | AH27: HDMI20_1p5G(2ea,0.04%) | AI27: BB_FT01(2ea,0.04%) | AJ27: FW_M7(2ea,0.04%) | AK27: Power_Short(1ea,0.02%) | AL27: IFD_FT03_QADC_ramp(1ea,0.02%) | AM27: ETN_TX_FT0(1ea,0.02%) | AN27: HDMI20_6G_VB(1ea,0.02%) | AO27: OS_500uA(1ea,0.02%)
F28: Yield | G28: 0.9966 | H28: 0.9966 | I28: % | J28: 0.0008 | K28: 0.0008 | L28: 0.0007 | M28: 0.0004 | N28: 0.0001 | O28: 0.0001 | P28: 0.0001 | Q28: 0 | R28: 0 | S28: 0 | Z28: FT1 | AA28: RTD2875NDA_LC_TA01 | AC28: V27 | AD28: 820 | AE28: 819 | AF28: 0.9988 | AG28: HDMI20_1p5G(1ea,0.12%)
B29: FT1 | C29: RTD2875QDA_HD_TA01 | E29: V03 | F29: Total IC | G29: 73866 | H29: 73866 | I29: Test item | J29: DDR4_2G_3000_SS_FRC_ZQp5p | K29: DDR4_2G_3000_SS_single_RW_FT | L29: FW_other | M29: USB2_disconnect_mea | N29: OS_500uA | O29: PowerShort | P29: all_bisr_drf | Q29: Wire_Bond_Leak | R29: FW_VE | S29: scpu_bist_all_1p2_HV | Z29: FT1 | AA29: RTD2875PSP_SC_TA01 | AC29: V12 | AD29: 130618 | AE29: 130301 | AF29: 0.9976 | AG29: FW_other(140ea,0.11%) | AH29: OS_500uA(56ea,0.04%) | AI29: HDMI20_6G_VB(29ea,0.02%) | AJ29: Power_Short(17ea,0.01%) | AK29: OS_2mA(11ea,0.01%) | AL29: HDMI20_1p5G(10ea,0.01%) | AM29: FW_MD_Domain(6ea,0.00%) | AN29: FW_ETN(6ea,0.00%) | AO29: FW_MTEST(5ea,0.00%) | AP29: FW_VDE(3ea,0.00%)
F30: Throughput | G30: 73590 | H30: 73590 | I30: q'ty | J30: 52 | K30: 50 | L30: 47 | M30: 29 | N30: 28 | O30: 17 | P30: 10 | Q30: 8 | R30: 5 | S30: 4 | Z30: FT1 | AA30: RTD2881PSD_WDC_TA01 | AC30: V23 | AD30: 22300 | AE30: 22012 | AF30: 0.9871 | AG30: DDR4_3GB_single_RW(103ea,0.46%) | AH30: FW_other(70ea,0.31%) | AI30: Power_Short(29ea,0.13%) | AJ30: FW_MD_Domain(28ea,0.13%) | AK30: IDDQ(23ea,0.10%) | AL30: os_500uA_s(12ea,0.05%) | AM30: USB_disconnect_trim(9ea,0.04%) | AN30: HDMI20_6G(4ea,0.02%) | AO30: HDMI21_3G(3ea,0.01%) | AP30: HDMI_5VDET_HPD(1ea,0.00%)
F31: Yield | G31: 0.9963 | H31: 0.9963 | I31: % | J31: 0.0007 | K31: 0.0007 | L31: 0.0006 | M31: 0.0004 | N31: 0.0004 | O31: 0.0002 | P31: 0.0001 | Q31: 0.0001 | R31: 0.0001 | S31: 0.0001 | Z31: FT1 | AA31: RTD2885NDP_HSC | AB31: 4K120 without ATSC C版 | AC31: V19 | AD31: 2431 | AE31: 2419 | AF31: 0.9951 | AG31: DDR_FRC_HV_1st(7ea,0.29%) | AH31: VDC01_FT01_SNR(2ea,0.08%) | AI31: USB_xZ0_MNT(1ea,0.04%) | AJ31: HDMI20_6G_VB(1ea,0.04%) | AK31: EARC_FT4_CM_swing_cm7(1ea,0.04%)
B32: FT1 | C32: RTD2875QDB_TA01 | E32: V05 | F32: Total IC | G32: 72238 | H32: 72238 | I32: Test item | J32: FW_other | K32: DDR4_2G_3000_SS_single_RW_FT | L32: POR | M32: USB2_disconnect_mea | N32: OS_500uA | O32: all_bisr_drf | P32: USB2_disconnect_trim_RT | Q32: IDDQ | R32: PIF_LVDS_FT | S32: scpu_bisr_bist_drf | Z32: FT2 | AA32: RTD2875_C_FT2 | AC32: V07 | AD32: 819 | AE32: 818 | AF32: 0.9988 | AG32: PIF_CML_SWING_CAL(1ea,0.12%)
F33: Throughput | G33: 71912 | H33: 71912 | I33: q'ty | J33: 140 | K33: 88 | L33: 19 | M33: 11 | N33: 10 | O33: 9 | P33: 6 | Q33: 5 | R33: 5 | S33: 4 | Y33: RL6672 Merlin6 | Z33: CP | AA33: RL6672 | AC33: V19 | AD33: 104448 | AE33: 87872 | AF33: 0.8413 | AG33: all_bist_mp_etn_HV(3506ea,3.36%) | AH33: IDDQ_final_check_mln6(2788ea,2.67%) | AI33: E_cp_saf_mode2_comp(2419ea,2.32%) | AJ33: cp_saf_mode0_comp(2407ea,2.30%) | AK33: C_cp_saf_mode1_comp(1638ea,1.57%) | AL33: Power_short(672ea,0.64%) | AM33: scpu_bist_all_mode_HV(318ea,0.30%) | AN33: cp_sdd_mode0_2_con_94to95_comp_lv(248ea,0.24%) | AO33: OS(238ea,0.23%) | AP33: E_cp_tdf_mode2_TiEx_tmax2_MaskHidden_lp_5_comp_lv(225ea,0.22%)
F34: Yield | G34: 0.9955 | H34: 0.9955 | I34: % | J34: 0.0019 | K34: 0.0012 | L34: 0.0003 | M34: 0.0002 | N34: 0.0001 | O34: 0.0001 | P34: 0.0001 | Q34: 0.0001 | R34: 0.0001 | S34: 0.0001 | Y34: RL6641 Mac7p | Z34: FT1 | AA34: RTD2841ACM_PS_TA01 | AC34: V26 | AD34: 31409 | AE34: 31172 | AF34: 0.9925 | AG34: FW_other(131ea,0.42%) | AH34: DDR4_FRC_1G_8G(25ea,0.08%) | AI34: FW_VE (16ea,0.05%) | AJ34: HDMI_6G(14ea,0.04%) | AK34: os_DDR4_8G1G(12ea,0.04%) | AL34: FW_ACPU (10ea,0.03%) | AM34: chip_id(7ea,0.02%) | AN34: PowerShort(5ea,0.02%) | AO34: FW_MD_DOMAIN (4ea,0.01%) | AP34: HDMI_250M(4ea,0.01%)
B35: FT1 | C35: RTD2875QDB_HD_TA01 | E35: V04 | F35: Total IC | G35: 61324 | H35: 61324 | I35: Test item | J35: DDR4_2G_3000_SS_single_RW_FT | K35: DDR4_2G_3000_SS_FRC_ZQp5p | L35: FW_other | M35: OS_500uA | N35: PowerShort | O35: FW_MULTI_CORE_TEST | P35: USB2_disconnect_mea | Q35: FW_VE | R35: scpu_bist_all_1p2_HV | S35: all_bisr_drf | Z35: FT1 | AA35: RTD2841ASM_PS_TA01 | AC35: V26 | AD35: 8905 | AE35: 8808 | AF35: 0.9891 | AG35: FW_other(54ea,0.61%) | AH35: os_DDR4_8G1G(21ea,0.24%) | AI35: DDR4_FRC_1G_8G(5ea,0.06%) | AJ35: FW_VE (3ea,0.03%) | AK35: HDMI_6G(2ea,0.02%) | AL35: chip_id(2ea,0.02%) | AM35: ETN_TX_FT0(2ea,0.02%) | AN35: FW_ACPU (1ea,0.01%) | AO35: FW_MD_DOMAIN (1ea,0.01%) | AP35: PIF_CML_FT(1ea,0.01%)
F36: Throughput | G36: 61108 | H36: 61108 | I36: q'ty | J36: 54 | K36: 40 | L36: 37 | M36: 20 | N36: 9 | O36: 7 | P36: 6 | Q36: 6 | R36: 5 | S36: 5
F37: Yield | G37: 0.9965 | H37: 0.9965 | I37: % | J37: 0.0009 | K37: 0.0007 | L37: 0.0006 | M37: 0.0003 | N37: 0.0001 | O37: 0.0001 | P37: 0.0001 | Q37: 0.0001 | R37: 0.0001 | S37: 0.0001
A38: RL6963 Mac8q | B38: CP | C38: RL6963 | E38: V07 | F38: Total IC | G38: 139138 | H38: 139138 | I38: Test item | J38: cp_mode1_saf_comp_B | K38: cp_mode0_saf_comp | L38: mac8p_scpu_bisr_bist_drf_etn_phy_LV_only_drf_0214 | M38: cp_mode2_saf_comp_B | N38: IDD | O38: all_bist_m_0217_p1_BIST_LDOoff_OC700_HV | P38: PowerShort | Q38: mac8p_scpu_vddr_part1_0p9v | R38: cp_mode1_tdf_cov70_comp_HV | S38: PLLSCPUA_CP05_APP
F39: Throughput | G39: 123762 | H39: 123762 | I39: q'ty | J39: 3414 | K39: 1894 | L39: 1693 | M39: 1575 | N39: 1381 | O39: 1247 | P39: 389 | Q39: 338 | R39: 310 | S39: 288
F40: Yield | G40: 0.8895 | H40: 0.8895 | I40: % | J40: 0.0245 | K40: 0.0136 | L40: 0.0122 | M40: 0.0113 | N40: 0.0099 | O40: 0.009 | P40: 0.0028 | Q40: 0.0024 | R40: 0.0022 | S40: 0.0021
B41: FT1 | C41: RTD2864FLV_TA01 | E41: V10 | F41: Total IC | G41: 70847 | H41: 70847 | I41: Test item | J41: FW_HDMI_4K60 | K41: FW_other | L41: os | M41: D4_2666M_FRC_4K60_uhd_LB_FT | N41: VDC02_FT_ADC_SNR | O41: Wire_bond_leak | P41: IFD_FT02 | Q41: FW_NAND | R41: FW_HDMI_480P | S41: IFD_FT01
F42: Throughput | G42: 70190 | H42: 70190 | I42: q'ty | J42: 216 | K42: 152 | L42: 38 | M42: 30 | N42: 29 | O42: 25 | P42: 19 | Q42: 14 | R42: 13 | S42: 9
F43: Yield | G43: 0.9907 | H43: 0.9907 | I43: % | J43: 0.003 | K43: 0.0021 | L43: 0.0005 | M43: 0.0004 | N43: 0.0004 | O43: 0.0004 | P43: 0.0003 | Q43: 0.0002 | R43: 0.0002 | S43: 0.0001
B44: FT1 | C44: RTD2874FLF_TA01 | E44: V10 | F44: Total IC | G44: 3386 | H44: 3386 | I44: Test item | J44: D4_2666M_FRC_4K60_uhd_LB_FT | K44: SCPU_BISR_HV | L44: FW_other
F45: Throughput | G45: 3380 | H45: 3380 | I45: q'ty | J45: 4 | K45: 1 | L45: 1
F46: Yield | G46: 0.9982 | H46: 0.9982 | I46: % | J46: 0.0012 | K46: 0.0003 | L46: 0.0003
B47: FT1 | C47: RTD2841FLW_TA01 | E47: V10 | F47: Total IC | G47: 3600 | H47: 3600 | I47: Test item | J47: FW_other | K47: D4_2666M_FRC_4K60_uhd_LB_FT | L47: FW_MD_Domain | M47: ETN_MLT3 | N47: FW_HDMI_4K60 | O47: FW_CP | P47: all_bist_m_0217_p5_scpu_bist_LDOon_HV | Q47: all_bist_m_0217_p1_BIST_LDOon_LV | R47: all_bist_m_0217_p1_BIST_LDOon_HV
F48: Throughput | G48: 3587 | H48: 3587 | I48: q'ty | J48: 5 | K48: 1 | L48: 1 | M48: 1 | N48: 1 | O48: 1 | P48: 1 | Q48: 1 | R48: 1
F49: Yield | G49: 0.9964 | H49: 0.9964 | I49: % | J49: 0.0014 | K49: 0.0003 | L49: 0.0003 | M49: 0.0003 | N49: 0.0003 | O49: 0.0003 | P49: 0.0003 | Q49: 0.0003 | R49: 0.0003
B50: FT2 | C50: RTD2841FLW_TA01 | E50: V02 | F50: Total IC | G50: 44719 | H50: 44719 | I50: Test item | J50: USB2_Swing | K50: Wire_bond_leak
F51: Throughput | G51: 44711 | H51: 44711 | I51: q'ty | J51: 6 | K51: 2
F52: Yield | G52: 0.9998 | H52: 0.9998 | I52: % | J52: 0.0001 | K52: 0
A53: RL6856 Merlin8 | B53: FT1 | C53: RTD2885PDM_FT1_TA01 | E53: V08 | F53: Total IC | G53: 43002 | H53: 43002 | I53: Test item | J53: FW_M8 | K53: DDR_single_RW_D4 | L53: DDR_ZQ_P | M53: VDC01_FT01_SNR | N53: IDDQ | O53: HDMI_12G | P53: Power_Short | Q53: set-error-bin | R53: OS_500uA | S53: ETN_TX_FT0
F54: Throughput | G54: 42785 | H54: 42785 | I54: q'ty | J54: 99 | K54: 29 | L54: 26 | M54: 13 | N54: 12 | O54: 11 | P54: 9 | Q54: 6 | R54: 5 | S54: 2
F55: Yield | G55: 0.995 | H55: 0.995 | I55: % | J55: 0.0023 | K55: 0.0007 | L55: 0.0006 | M55: 0.0003 | N55: 0.0003 | O55: 0.0003 | P55: 0.0002 | Q55: 0.0001 | R55: 0.0001 | S55: 0
B56: FT1 | C56: RTD2886NSS_SC_FT1_TA01 | E56: V09 | F56: Total IC | G56: 23956 | H56: 23956 | I56: Test item | J56: FW_M8 | K56: PIF_PP_FT_tt | L56: HDMI_12G_ALL_Port | M56: set-error-bin | N56: ddr_single_rw | O56: Power_Short | P56: Thermal_IDD_comp_4K | Q56: ddr_FRC_CN_n5percent | R56: POR | S56: VDC01_SNR_FT01
F57: Throughput | G57: 23901 | H57: 23901 | I57: q'ty | J57: 33 | K57: 4 | L57: 4 | M57: 4 | N57: 3 | O57: 1 | P57: 1 | Q57: 1 | R57: 1 | S57: 1
F58: Yield | G58: 0.9977 | H58: 0.9977 | I58: % | J58: 0.0014 | K58: 0.0002 | L58: 0.0002 | M58: 0.0002 | N58: 0.0001 | O58: 0 | P58: 0 | Q58: 0 | R58: 0 | S58: 0
B59: FT1 | C59: RTD2885PGK_SC_FT1_TA01 | E59: V10 | F59: Total IC | G59: 2867 | H59: 2867 | I59: Test item | J59: Power_Short
F60: Throughput | G60: 2847 | H60: 2847 | I60: q'ty | J60: 20
F61: Yield | G61: 0.993 | H61: 0.993 | I61: % | J61: 0.007
B62: FT2 | C62: RTD2885PDM_FT2_TA01 | E62: V05 | F62: Total IC | G62: 42785 | H62: 42785 | I62: Test item | J62: USB2_disconnect_mea | K62: OS
F63: Throughput | G63: 42757 | H63: 42757 | I63: q'ty | J63: 27 | K63: 1
F64: Yield | G64: 0.9993 | H64: 0.9993 | I64: % | J64: 0.0006 | K64: 0
B65: FT2 | C65: RTD2886NSP_SC_FT2_TA01 | E65: V04 | F65: Total IC | G65: 26747 | H65: 26747 | I65: Test item | J65: USB2_Disconnect_trim
F66: Throughput | G66: 26718 | H66: 26718 | I66: q'ty | J66: 29
F67: Yield | G67: 0.9989 | H67: 0.9989 | I67: % | J67: 0.0011
A68: RL6750 H5C2 | B68: FT1 | C68: RTD2890_B19_TA01 | E68: V03 | F68: Total IC | G68: 6262 | H68: 6262 | I68: Test item | J68: D3_WB_0p25G_single_RW | K68: OS_2mA | L68: OS_check_switch_B19 | M68: FW_Other | N68: OS_500uA | O68: FW_SCPU_QC | P68: OTP_RSA_HASH_VALUE_check_NV | Q68: Power_Short
F69: Throughput | G69: 6047 | H69: 6047 | I69: q'ty | J69: 143 | K69: 31 | L69: 29 | M69: 4 | N69: 3 | O69: 2 | P69: 2 | Q69: 1
F70: Yield | G70: 0.9657 | H70: 0.9657 | I70: % | J70: 0.0228 | K70: 0.005 | L70: 0.0046 | M70: 0.0006 | N70: 0.0005 | O70: 0.0003 | P70: 0.0003 | Q70: 0.0002
A71: RL6748 Merlin7 | B71: CP | C71: RL6748 | E71: V25 | F71: Total IC | G71: 21873 | H71: 21873 | I71: Test item | J71: cp_mode0_saf_0to90_comp_C | K71: all_bist_mp_scpu_all_bist_1106_CLK144_GPU_ETN_HV | L71: cp_mode2_saf_0to90_comp_C_slow | M71: cp_mode1_saf_0to90_comp_C | N71: IDD | O71: PowerShort | P71: cp_mode0_2_sdd_se0_a75_lp14_dsu_lp28_cat_cs1013_comp_LV | Q71: cp_mode0_0_tdf_lp8_cat_comp_C_LV | R71: cp_mode0_tdf_se0_l3mcp_ttr_cov70_comp_HV | S71: GPIO_04_GPIReadH_normal
F72: Throughput | G72: 19458 | H72: 19458 | I72: q'ty | J72: 625 | K72: 510 | L72: 400 | M72: 281 | N72: 82 | O72: 77 | P72: 66 | Q72: 48 | R72: 43 | S72: 24
F73: Yield | G73: 0.8896 | H73: 0.8896 | I73: % | J73: 0.0286 | K73: 0.0233 | L73: 0.0183 | M73: 0.0128 | N73: 0.0037 | O73: 0.0035 | P73: 0.003 | Q73: 0.0022 | R73: 0.002 | S73: 0.0011
B74: FT1 | C74: RTD2881PSP_SDY_TA01 | E74: V03 | F74: Total IC | G74: 17943 | H74: 17943 | I74: Test item | J74: FW_M7 | K74: HDMI20_1p5G | L74: HDMI21_12G_144hz | M74: Power_Short | N74: USB_squelch_trim | O74: IDDQ | P74: HDMI20_6G | Q74: ETN_TX_FT0 | R74: CEC_FT01 | S74: OS_500uA
F75: Throughput | G75: 17912 | H75: 17912 | I75: q'ty | J75: 12 | K75: 5 | L75: 3 | M75: 3 | N75: 2 | O75: 1 | P75: 1 | Q75: 1 | R75: 1 | S75: 1
F76: Yield | G76: 0.9983 | H76: 0.9983 | I76: % | J76: 0.0007 | K76: 0.0003 | L76: 0.0002 | M76: 0.0002 | N76: 0.0001 | O76: 0.0001 | P76: 0.0001 | Q76: 0.0001 | R76: 0.0001 | S76: 0.0001
B77: FT1 | C77: RTD2875NDB_LC_TA01 | E77: V27 | F77: Total IC | G77: 4952 | H77: 4952 | I77: Test item | J77: DDR_1p5GB_FRC_HV_1st | K77: HDMI20_1p5G | L77: BB_FT01 | M77: FW_M7 | N77: Power_Short | O77: IFD_FT03_QADC_ramp | P77: ETN_TX_FT0 | Q77: HDMI20_6G_VB | R77: OS_500uA
F78: Throughput | G78: 4936 | H78: 4936 | I78: q'ty | J78: 5 | K78: 2 | L78: 2 | M78: 2 | N78: 1 | O78: 1 | P78: 1 | Q78: 1 | R78: 1
F79: Yield | G79: 0.9968 | H79: 0.9968 | I79: % | J79: 0.001 | K79: 0.0004 | L79: 0.0004 | M79: 0.0004 | N79: 0.0002 | O79: 0.0002 | P79: 0.0002 | Q79: 0.0002 | R79: 0.0002
B80: FT1 | C80: RTD2875NDA_LC_TA01 | E80: V27 | F80: Total IC | G80: 820 | H80: 820 | I80: Test item | J80: HDMI20_1p5G
F81: Throughput | G81: 819 | H81: 819 | I81: q'ty | J81: 1
F82: Yield | G82: 0.9988 | H82: 0.9988 | I82: % | J82: 0.0012
B83: FT1 | C83: RTD2875PSP_SC_TA01 | E83: V12 | F83: Total IC | G83: 130618 | H83: 130618 | I83: Test item | J83: FW_other | K83: OS_500uA | L83: HDMI20_6G_VB | M83: Power_Short | N83: OS_2mA | O83: HDMI20_1p5G | P83: FW_MD_Domain | Q83: FW_ETN | R83: FW_MTEST | S83: FW_VDE
F84: Throughput | G84: 130301 | H84: 130301 | I84: q'ty | J84: 140 | K84: 56 | L84: 29 | M84: 17 | N84: 11 | O84: 10 | P84: 6 | Q84: 6 | R84: 5 | S84: 3
F85: Yield | G85: 0.9976 | H85: 0.9976 | I85: % | J85: 0.0011 | K85: 0.0004 | L85: 0.0002 | M85: 0.0001 | N85: 0.0001 | O85: 0.0001 | P85: 0 | Q85: 0 | R85: 0 | S85: 0
B86: FT1 | C86: RTD2881PSD_WDC_TA01 | E86: V23 | F86: Total IC | G86: 22300 | H86: 22300 | I86: Test item | J86: DDR4_3GB_single_RW | K86: FW_other | L86: Power_Short | M86: FW_MD_Domain | N86: IDDQ | O86: os_500uA_s | P86: USB_disconnect_trim | Q86: HDMI20_6G | R86: HDMI21_3G | S86: HDMI_5VDET_HPD
F87: Throughput | G87: 22012 | H87: 22012 | I87: q'ty | J87: 103 | K87: 70 | L87: 29 | M87: 28 | N87: 23 | O87: 12 | P87: 9 | Q87: 4 | R87: 3 | S87: 1
F88: Yield | G88: 0.9871 | H88: 0.9871 | I88: % | J88: 0.0046 | K88: 0.0031 | L88: 0.0013 | M88: 0.0013 | N88: 0.001 | O88: 0.0005 | P88: 0.0004 | Q88: 0.0002 | R88: 0.0001 | S88: 0
B89: FT1 | C89: RTD2885NDP_HSC | D89: 4K120 without ATSC C版 | E89: V19 | F89: Total IC | G89: 2431 | H89: 2431 | I89: Test item | J89: DDR_FRC_HV_1st | K89: VDC01_FT01_SNR | L89: USB_xZ0_MNT | M89: HDMI20_6G_VB | N89: EARC_FT4_CM_swing_cm7
F90: Throughput | G90: 2419 | H90: 2419 | I90: q'ty | J90: 7 | K90: 2 | L90: 1 | M90: 1 | N90: 1
F91: Yield | G91: 0.9951 | H91: 0.9951 | I91: % | J91: 0.0029 | K91: 0.0008 | L91: 0.0004 | M91: 0.0004 | N91: 0.0004
B92: FT2 | C92: RTD2875_C_FT2 | E92: V07 | F92: Total IC | G92: 819 | H92: 819 | I92: Test item | J92: PIF_CML_SWING_CAL
F93: Throughput | G93: 818 | H93: 818 | I93: q'ty | J93: 1
F94: Yield | G94: 0.9988 | H94: 0.9988 | I94: % | J94: 0.0012
A95: RL6672 Merlin6 | B95: CP | C95: RL6672 | E95: V19 | F95: Total IC | G95: 104448 | H95: 104448 | I95: Test item | J95: all_bist_mp_etn_HV | K95: IDDQ_final_check_mln6 | L95: E_cp_saf_mode2_comp | M95: cp_saf_mode0_comp | N95: C_cp_saf_mode1_comp | O95: Power_short | P95: scpu_bist_all_mode_HV | Q95: cp_sdd_mode0_2_con_94to95_comp_lv | R95: OS | S95: E_cp_tdf_mode2_TiEx_tmax2_MaskHidden_lp_5_comp_lv
F96: Throughput | G96: 87872 | H96: 87872 | I96: q'ty | J96: 3506 | K96: 2788 | L96: 2419 | M96: 2407 | N96: 1638 | O96: 672 | P96: 318 | Q96: 248 | R96: 238 | S96: 225
F97: Yield | G97: 0.8413 | H97: 0.8413 | I97: % | J97: 0.0336 | K97: 0.0267 | L97: 0.0232 | M97: 0.023 | N97: 0.0157 | O97: 0.0064 | P97: 0.003 | Q97: 0.0024 | R97: 0.0023 | S97: 0.0022
A98: RL6641 Mac7p | B98: FT1 | C98: RTD2841ACM_PS_TA01 | E98: V26 | F98: Total IC | G98: 31409 | H98: 31409 | I98: Test item | J98: FW_other | K98: DDR4_FRC_1G_8G | L98: FW_VE | M98: HDMI_6G | N98: os_DDR4_8G1G | O98: FW_ACPU | P98: chip_id | Q98: PowerShort | R98: FW_MD_DOMAIN | S98: HDMI_250M
F99: Throughput | G99: 31172 | H99: 31172 | I99: q'ty | J99: 131 | K99: 25 | L99: 16 | M99: 14 | N99: 12 | O99: 10 | P99: 7 | Q99: 5 | R99: 4 | S99: 4
F100: Yield | G100: 0.9925 | H100: 0.9925 | I100: % | J100: 0.0042 | K100: 0.0008 | L100: 0.0005 | M100: 0.0004 | N100: 0.0004 | O100: 0.0003 | P100: 0.0002 | Q100: 0.0002 | R100: 0.0001 | S100: 0.0001
...

Sheet RL7047_TA01_V01_summary_raw_da
A1: 0.9888 | B1: PASS BIN | C1: 15996 | D1: 0.7694 | N1: Project | O1: RL7047 | P1: RL7047 | Q1: RL7047 | R1: RL7047 | S1: RL7047 | T1: RL7047 | U1: RL7047 | V1: RL7047 | W1: RL7047 | X1: RL7047 | Y1: RL7047 | Z1: RL7047 | AA1: RL7047 | AB1: RL7047 | AC1: RL7047 | AD1: RL7047 | AE1: RL7047 | AF1: RL7047 | AG1: RL7047 | AH1: RL7047 | AI1: RL7047 | AJ1: RL7047 | AK1: RL7047 | AL1: RL7047 | AM1: RL7047 | AN1: RL7047 | AO1: RL7047
A2: Top_all | B2: BIN1 | C2: 15996 | D2: 0.7694 | N2: Product | O2: RL7047_CA | P2: RL7047_CA | Q2: RL7047_CA | R2: RL7047_CA | S2: RL7047_CA | T2: RL7047_CA | U2: RL7047_CA | V2: RL7047_CA | W2: RL7047_CA | X2: RL7047_CA | Y2: RL7047_CA | Z2: RL7047_CA | AA2: RL7047_CA | AB2: RL7047_CA | AC2: RL7047_CA | AD2: RL7047_CA | AE2: RL7047_CA | AF2: RL7047_CA | AG2: RL7047_CA | AH2: RL7047_CA | AI2: RL7047_CA | AJ2: RL7047_CA | AK2: RL7047_CA | AL2: RL7047_CA | AM2: RL7047_CA | AN2: RL7047_CA | AO2: RL7047_CA
B3: OTHER | C3: 14 | D3: 0.0007 | N3: Short Lot ID | O3: Q1G74 | P3: Q1H21 | Q3: Q1G74 | R3: Q1HP5 | S3: Q1HP5 | T3: Q1G74 | U3: Q1H21 | V3: Q1HP5 | W3: Q1H21 | X3: Q1H21 | Y3: Q1H21 | Z3: Q1H21 | AA3: Q1H21 | AB3: Q1H21 | AC3: Q1H21 | AD3: Q1H21 | AE3: Q1H21 | AF3: Q1H21 | AG3: Q1H21 | AH3: Q1H21 | AI3: Q1H21 | AJ3: Q1H21 | AK3: Q1H21 | AL3: Q1H21 | AM3: Q1H21 | AN3: Q1H21 | AO3: Q1H21
B4: OS | C4: 125 | D4: 0.006 | N4: Lot ID | O4: Q1G74 | P4: Q1H21 | Q4: Q1G74 | R4: Q1HP5 | S4: Q1HP5 | T4: Q1G74 | U4: Q1H21 | V4: Q1HP5 | W4: Q1H21 | X4: Q1H21 | Y4: Q1H21 | Z4: Q1H21 | AA4: Q1H21 | AB4: Q1H21 | AC4: Q1H21 | AD4: Q1H21 | AE4: Q1H21 | AF4: Q1H21 | AG4: Q1H21 | AH4: Q1H21 | AI4: Q1H21 | AJ4: Q1H21 | AK4: Q1H21 | AL4: Q1H21 | AM4: Q1H21 | AN4: Q1H21 | AO4: Q1H21
B5: IDD | C5: 0 | D5: 0 | N5: Wafer ID | O5: P6FV25-17C6 | P5: PF8L96-24E3 | Q5: P6FV25-18C1 | R5: P6FV25-15E0 | S5: P6FV25-14E5 | T5: P6FV25-19B4 | U5: PF8L96-16A6 | V5: P6FV25-16D3 | W5: PF8L96-20G7 | X5: PF8L96-07F1 | Y5: PF8L96-13C5 | Z5: PF8L96-21G2 | AA5: PF8L96-17A1 | AB5: PF8L96-12D2 | AC5: PF8L96-19G2 | AD5: PF8L96-25D6 | AE5: PF8L96-22F5 | AF5: PF8L96-09D7 | AG5: PF8L96-05G3 | AH5: PF8L96-11D7 | AI5: PF8L96-10E4 | AJ5: PF8L96-08E4 | AK5: PF8L96-06F6 | AL5: PF8L96-15B3 | AM5: PF8L96-18G7 | AN5: PF8L96-14C0 | AO5: PF8L96-23F0
B6: SD | C6: 475 | D6: 0.0228 | N6: Wafer NO. | O6: 17 | P6: 24 | Q6: 18 | R6: 15 | S6: 14 | T6: 19 | U6: 16 | V6: 16 | W6: 20 | X6: 7 | Y6: 13 | Z6: 21 | AA6: 17 | AB6: 12 | AC6: 19 | AD6: 25 | AE6: 22 | AF6: 9 | AG6: 5 | AH6: 11 | AI6: 10 | AJ6: 8 | AK6: 6 | AL6: 15 | AM6: 18 | AN6: 14 | AO6: 23
B7: OTP | C7: 0 | D7: 0 | N7: Re-Test | O7: 1 | P7: 1 | Q7: 1 | R7: 2 | S7: 2 | T7: 1 | U7: 1 | V7: 2 | W7: 1 | X7: 1 | Y7: 1 | Z7: 1 | AA7: 1 | AB7: 1 | AC7: 1 | AD7: 1 | AE7: 1 | AF7: 1 | AG7: 1 | AH7: 1 | AI7: 1 | AJ7: 1 | AK7: 1 | AL7: 1 | AM7: 1 | AN7: 1 | AO7: 1
B8: SCAN | C8: 3912 | D8: 0.1882 | N8: ProbeCard | O8: JP10902 | P8: JP10902 | Q8: JP10902 | R8: JP10902 | S8: JP10902 | T8: JP10902 | U8: JP10902 | V8: JP10902 | W8: JP10902 | X8: JP10902 | Y8: JP10902 | Z8: JP10902 | AA8: JP10902 | AB8: JP10902 | AC8: JP10902 | AD8: JP10902 | AE8: JP10902 | AF8: JP10902 | AG8: JP10902 | AH8: JP10902 | AI8: JP10902 | AJ8: JP10902 | AK8: JP10902 | AL8: JP10902 | AM8: JP10902 | AN8: JP10902 | AO8: JP10902
B9: BIST | C9: 35 | D9: 0.0017 | N9: Yield | O9: 0.6338 | P9: 0.6831 | Q9: 0.7039 | R9: 0.7078 | S9: 0.7351 | T9: 0.7364 | U9: 0.7364 | V9: 0.7506 | W9: 0.7545 | X9: 0.7675 | Y9: 0.7701 | Z9: 0.7818 | AA9: 0.7818 | AB9: 0.7818 | AC9: 0.7818 | AD9: 0.7844 | AE9: 0.7857 | AF9: 0.7961 | AG9: 0.8013 | AH9: 0.8013 | AI9: 0.8026 | AJ9: 0.8078 | AK9: 0.8091 | AL9: 0.813 | AM9: 0.8169 | AN9: 0.8247 | AO9: 0.8247
B10: DIC | C10: 1 | D10: 0 | N10: CP | O10: CP1 | P10: CP1 | Q10: CP1 | R10: CP1 | S10: CP1 | T10: CP1 | U10: CP1 | V10: CP1 | W10: CP1 | X10: CP1 | Y10: CP1 | Z10: CP1 | AA10: CP1 | AB10: CP1 | AC10: CP1 | AD10: CP1 | AE10: CP1 | AF10: CP1 | AG10: CP1 | AH10: CP1 | AI10: CP1 | AJ10: CP1 | AK10: CP1 | AL10: CP1 | AM10: CP1 | AN10: CP1 | AO10: CP1
C11: 0 | D11: 0 | N11: Starttime | O11: 2026-02-21 23:19:26 | P11: 2026-02-21 08:53:02 | Q11: 2026-02-22 05:40:01 | R11: 2026-02-20 22:00:19 | S11: 2026-02-20 21:19:02 | T11: 2026-02-22 11:59:45 | U11: 2026-02-18 21:58:30 | V11: 2026-02-20 23:03:02 | W11: 2026-02-20 00:52:08 | X11: 2026-02-16 08:01:23 | Y11: 2026-02-18 01:09:36 | Z11: 2026-02-20 07:22:24 | AA11: 2026-02-19 04:43:44 | AB11: 2026-02-17 18:28:10 | AC11: 2026-02-19 18:06:43 | AD11: 2026-02-21 14:59:45 | AE11: 2026-02-20 14:01:27 | AF11: 2026-02-16 22:10:23 | AG11: 2026-02-15 18:07:32 | AH11: 2026-02-17 11:47:25 | AI11: 2026-02-17 04:56:49 | AJ11: 2026-02-16 14:39:07 | AK11: 2026-02-16 00:58:00 | AL11: 2026-02-18 15:02:45 | AM11: 2026-02-19 11:21:07 | AN11: 2026-02-18 08:07:38 | AO11: 2026-02-21 01:36:04
A12: 0.9888 | B12: PASS BIN | C12: 15996 | D12: 0.7694 | E12: PASS BIN | N12: Endtime | O12: 2026-02-22 05:38:09 | P12: 2026-02-21 14:57:50 | Q12: 2026-02-22 11:57:52 | R12: 2026-02-20 23:01:11 | S12: 2026-02-20 21:58:30 | T12: 2026-02-22 18:21:23 | U12: 2026-02-19 04:41:51 | V12: 2026-02-20 23:53:48 | W12: 2026-02-20 07:20:31 | X12: 2026-02-16 14:36:50 | Y12: 2026-02-18 08:05:45 | Z12: 2026-02-20 13:59:34 | AA12: 2026-02-19 11:19:15 | AB12: 2026-02-18 01:07:44 | AC12: 2026-02-20 00:50:16 | AD12: 2026-02-21 21:41:39 | AE12: 2026-02-20 20:49:08 | AF12: 2026-02-17 04:54:57 | AG12: 2026-02-16 00:55:41 | AH12: 2026-02-17 18:26:17 | AI12: 2026-02-17 11:45:33 | AJ12: 2026-02-16 22:08:32 | AK12: 2026-02-16 07:59:05 | AL12: 2026-02-18 21:56:37 | AM12: 2026-02-19 18:04:52 | AN12: 2026-02-18 15:00:52 | AO12: 2026-02-21 08:51:11
B13: BIN1 | C13: 15996 | D13: 0.7694 | E13: PASS BIN | N13: Week | O13: 202608 | P13: 202608 | Q13: 202608 | R13: 202608 | S13: 202608 | T13: 202608 | U13: 202608 | V13: 202608 | W13: 202608 | X13: 202608 | Y13: 202608 | Z13: 202608 | AA13: 202608 | AB13: 202608 | AC13: 202608 | AD13: 202608 | AE13: 202608 | AF13: 202608 | AG13: 202608 | AH13: 202608 | AI13: 202608 | AJ13: 202608 | AK13: 202608 | AL13: 202608 | AM13: 202608 | AN13: 202608 | AO13: 202608
B14: OTHER | C14: 14 | D14: 0.0007 | E14: OTHER | N14: Month | O14: 2026-02 | P14: 2026-02 | Q14: 2026-02 | R14: 2026-02 | S14: 2026-02 | T14: 2026-02 | U14: 2026-02 | V14: 2026-02 | W14: 2026-02 | X14: 2026-02 | Y14: 2026-02 | Z14: 2026-02 | AA14: 2026-02 | AB14: 2026-02 | AC14: 2026-02 | AD14: 2026-02 | AE14: 2026-02 | AF14: 2026-02 | AG14: 2026-02 | AH14: 2026-02 | AI14: 2026-02 | AJ14: 2026-02 | AK14: 2026-02 | AL14: 2026-02 | AM14: 2026-02 | AN14: 2026-02 | AO14: 2026-02
B15: OS | C15: 125 | D15: 0.006 | E15: OS | N15: Program | O15: RL7047_TA01 | P15: RL7047_TA01 | Q15: RL7047_TA01 | R15: RL7047_TA01 | S15: RL7047_TA01 | T15: RL7047_TA01 | U15: RL7047_TA01 | V15: RL7047_TA01 | W15: RL7047_TA01 | X15: RL7047_TA01 | Y15: RL7047_TA01 | Z15: RL7047_TA01 | AA15: RL7047_TA01 | AB15: RL7047_TA01 | AC15: RL7047_TA01 | AD15: RL7047_TA01 | AE15: RL7047_TA01 | AF15: RL7047_TA01 | AG15: RL7047_TA01 | AH15: RL7047_TA01 | AI15: RL7047_TA01 | AJ15: RL7047_TA01 | AK15: RL7047_TA01 | AL15: RL7047_TA01 | AM15: RL7047_TA01 | AN15: RL7047_TA01 | AO15: RL7047_TA01
B16: IDD | C16: 0 | D16: 0 | E16: IDD | N16: Version(ECN) | O16: RL7047_TA01_V01 | P16: RL7047_TA01_V01 | Q16: RL7047_TA01_V01 | R16: RL7047_TA01_V01 | S16: RL7047_TA01_V01 | T16: RL7047_TA01_V01 | U16: RL7047_TA01_V01 | V16: RL7047_TA01_V01 | W16: RL7047_TA01_V01 | X16: RL7047_TA01_V01 | Y16: RL7047_TA01_V01 | Z16: RL7047_TA01_V01 | AA16: RL7047_TA01_V01 | AB16: RL7047_TA01_V01 | AC16: RL7047_TA01_V01 | AD16: RL7047_TA01_V01 | AE16: RL7047_TA01_V01 | AF16: RL7047_TA01_V01 | AG16: RL7047_TA01_V01 | AH16: RL7047_TA01_V01 | AI16: RL7047_TA01_V01 | AJ16: RL7047_TA01_V01 | AK16: RL7047_TA01_V01 | AL16: RL7047_TA01_V01 | AM16: RL7047_TA01_V01 | AN16: RL7047_TA01_V01 | AO16: RL7047_TA01_V01
B17: SD_OTHER | C17: 8 | D17: 0.0004 | E17: SD | N17: Pass Die | O17: 488 | P17: 526 | Q17: 542 | R17: 545 | S17: 566 | T17: 567 | U17: 567 | V17: 578 | W17: 581 | X17: 591 | Y17: 593 | Z17: 602 | AA17: 602 | AB17: 602 | AC17: 602 | AD17: 604 | AE17: 605 | AF17: 613 | AG17: 617 | AH17: 617 | AI17: 618 | AJ17: 622 | AK17: 623 | AL17: 626 | AM17: 629 | AN17: 635 | AO17: 635
B18: PLL | C18: 251 | D18: 0.0121 | E18: SD | N18: Total Die | O18: 770 | P18: 770 | Q18: 770 | R18: 770 | S18: 770 | T18: 770 | U18: 770 | V18: 770 | W18: 770 | X18: 770 | Y18: 770 | Z18: 770 | AA18: 770 | AB18: 770 | AC18: 770 | AD18: 770 | AE18: 770 | AF18: 770 | AG18: 770 | AH18: 770 | AI18: 770 | AJ18: 770 | AK18: 770 | AL18: 770 | AM18: 770 | AN18: 770 | AO18: 770
B19: BB | C19: 0 | D19: 0 | E19: SD | I19: PASS BIN | M19: 0.7483353 | N19: 1.4966706 | O19: 0.63376623 | P19: 0.68311688 | Q19: 0.7038961 | R19: 0.70779221 | S19: 0.73506494 | T19: 0.73636364 | U19: 0.73636364 | V19: 0.75064935 | W19: 0.75454545 | X19: 0.76753247 | Y19: 0.77012987 | Z19: 0.78181818 | AA19: 0.78181818 | AB19: 0.78181818 | AC19: 0.78181818 | AD19: 0.78441558 | AE19: 0.78571429 | AF19: 0.7961039 | AG19: 0.8012987 | AH19: 0.8012987 | AI19: 0.8025974 | AJ19: 0.80779221 | AK19: 0.80909091 | AL19: 0.81298701 | AM19: 0.81688312 | AN19: 0.82467532 | AO19: 0.82467532
B20: GPIO | C20: 0 | D20: 0 | E20: SD | I20: OTHER | M20: 0.00049587 | N20: 0.00099174 | O20: 0.0012987 | P20: 0 | Q20: 0 | R20: 0 | S20: 0.0025974 | T20: 0.0012987 | U20: 0.0012987 | V20: 0 | W20: 0 | X20: 0.0012987 | Y20: 0 | Z20: 0.0012987 | AA20: 0 | AB20: 0 | AC20: 0.0012987 | AD20: 0.0025974 | AE20: 0.0012987 | AF20: 0 | AG20: 0 | AH20: 0 | AI20: 0 | AJ20: 0.0012987 | AK20: 0 | AL20: 0 | AM20: 0.0012987 | AN20: 0 | AO20: 0.0012987
B21: LSADC | C21: 0 | D21: 0 | E21: SD | I21: OS | M21: 0.00798111 | N21: 0.01596222 | O21: 0.00519481 | P21: 0.0038961 | Q21: 0.00649351 | R21: 0.00519481 | S21: 0.00909091 | T21: 0.01428571 | U21: 0 | V21: 0.01558442 | W21: 0.00649351 | X21: 0.00909091 | Y21: 0.00909091 | Z21: 0.0025974 | AA21: 0.0038961 | AB21: 0.0038961 | AC21: 0.01038961 | AD21: 0.00519481 | AE21: 0.0012987 | AF21: 0.00649351 | AG21: 0.00779221 | AH21: 0.0038961 | AI21: 0.0038961 | AJ21: 0.0025974 | AK21: 0.0025974 | AL21: 0.00649351 | AM21: 0.0038961 | AN21: 0.00909091 | AO21: 0.0038961
B22: PIF | C22: 21 | D22: 0.001 | E22: SD | I22: IDD | M22: 0.00186541 | N22: 0.00373082 | O22: 0 | P22: 0 | Q22: 0 | R22: 0 | S22: 0 | T22: 0 | U22: 0 | V22: 0 | W22: 0 | X22: 0 | Y22: 0 | Z22: 0 | AA22: 0 | AB22: 0 | AC22: 0 | AD22: 0 | AE22: 0 | AF22: 0 | AG22: 0 | AH22: 0 | AI22: 0 | AJ22: 0 | AK22: 0 | AL22: 0 | AM22: 0 | AN22: 0 | AO22: 0
B23: SFM | C23: 0 | D23: 0 | E23: SD | I23: SD_OTHER | M23: 0.0003778 | N23: 0.0007556 | O23: 0 | P23: 0.0025974 | Q23: 0 | R23: 0 | S23: 0 | T23: 0 | U23: 0 | V23: 0 | W23: 0.0012987 | X23: 0.0012987 | Y23: 0 | Z23: 0 | AA23: 0 | AB23: 0 | AC23: 0 | AD23: 0 | AE23: 0.0012987 | AF23: 0 | AG23: 0 | AH23: 0 | AI23: 0.0025974 | AJ23: 0 | AK23: 0 | AL23: 0.0012987 | AM23: 0 | AN23: 0 | AO23: 0
B24: TCON | C24: 3 | D24: 0.0001 | E24: SD | I24: PLL | M24: 0.01286895 | N24: 0.0257379 | O24: 0.02857143 | P24: 0.00779221 | Q24: 0.01688312 | R24: 0.00649351 | S24: 0.05324675 | T24: 0.02337662 | U24: 0.00779221 | V24: 0.01818182 | W24: 0.00909091 | X24: 0.00909091 | Y24: 0.01298701 | Z24: 0.01168831 | AA24: 0.00649351 | AB24: 0.00909091 | AC24: 0.00649351 | AD24: 0.01298701 | AE24: 0.00519481 | AF24: 0.00649351 | AG24: 0.00909091 | AH24: 0.01428571 | AI24: 0.01168831 | AJ24: 0.00779221 | AK24: 0.00649351 | AL24: 0.00649351 | AM24: 0.00519481 | AN24: 0.00649351 | AO24: 0.00649351
B25: PCIE | C25: 192 | D25: 0.0092 | E25: SD | I25: BB | M25: 0.00016529 | N25: 0.00033058 | O25: 0 | P25: 0 | Q25: 0 | R25: 0 | S25: 0 | T25: 0 | U25: 0 | V25: 0 | W25: 0 | X25: 0 | Y25: 0 | Z25: 0 | AA25: 0 | AB25: 0 | AC25: 0 | AD25: 0 | AE25: 0 | AF25: 0 | AG25: 0 | AH25: 0 | AI25: 0 | AJ25: 0 | AK25: 0 | AL25: 0 | AM25: 0 | AN25: 0 | AO25: 0
B26: USB2 | C26: 0 | D26: 0 | E26: SD | I26: GPIO | M26: 2.361e-05 | N26: 4.722e-05 | O26: 0 | P26: 0 | Q26: 0 | R26: 0 | S26: 0 | T26: 0 | U26: 0 | V26: 0 | W26: 0 | X26: 0 | Y26: 0 | Z26: 0 | AA26: 0 | AB26: 0 | AC26: 0 | AD26: 0 | AE26: 0 | AF26: 0 | AG26: 0 | AH26: 0 | AI26: 0 | AJ26: 0 | AK26: 0 | AL26: 0 | AM26: 0 | AN26: 0 | AO26: 0
B27: ETN | C27: 0 | D27: 0 | E27: SD | I27: LSADC | M27: 0.00011806 | N27: 0.00023612 | O27: 0 | P27: 0 | Q27: 0 | R27: 0 | S27: 0 | T27: 0 | U27: 0 | V27: 0 | W27: 0 | X27: 0 | Y27: 0 | Z27: 0 | AA27: 0 | AB27: 0 | AC27: 0 | AD27: 0 | AE27: 0 | AF27: 0 | AG27: 0 | AH27: 0 | AI27: 0 | AJ27: 0 | AK27: 0 | AL27: 0 | AM27: 0 | AN27: 0 | AO27: 0
B28: SNR | C28: 0 | D28: 0 | E28: SD | I28: PIF | M28: 0.0011098 | N28: 0.0022196 | O28: 0 | P28: 0.0012987 | Q28: 0.0012987 | R28: 0 | S28: 0 | T28: 0 | U28: 0.0012987 | V28: 0 | W28: 0.0025974 | X28: 0 | Y28: 0.0012987 | Z28: 0.0012987 | AA28: 0 | AB28: 0.0038961 | AC28: 0.0038961 | AD28: 0 | AE28: 0.0012987 | AF28: 0.0025974 | AG28: 0.0012987 | AH28: 0 | AI28: 0 | AJ28: 0 | AK28: 0.0012987 | AL28: 0.0012987 | AM28: 0.0012987 | AN28: 0 | AO28: 0.0012987
B29: DPRX | C29: 0 | D29: 0 | E29: SD | I29: SFM | M29: 0 | N29: 0 | O29: 0 | P29: 0 | Q29: 0 | R29: 0 | S29: 0 | T29: 0 | U29: 0 | V29: 0 | W29: 0 | X29: 0 | Y29: 0 | Z29: 0 | AA29: 0 | AB29: 0 | AC29: 0 | AD29: 0 | AE29: 0 | AF29: 0 | AG29: 0 | AH29: 0 | AI29: 0 | AJ29: 0 | AK29: 0 | AL29: 0 | AM29: 0 | AN29: 0 | AO29: 0
B30: USB3 | C30: 0 | D30: 0 | E30: SD | I30: TCON | M30: 0.00047226 | N30: 0.00094452 | O30: 0 | P30: 0 | Q30: 0 | R30: 0 | S30: 0 | T30: 0 | U30: 0 | V30: 0 | W30: 0 | X30: 0 | Y30: 0 | Z30: 0 | AA30: 0 | AB30: 0 | AC30: 0 | AD30: 0.0012987 | AE30: 0 | AF30: 0 | AG30: 0 | AH30: 0 | AI30: 0 | AJ30: 0 | AK30: 0 | AL30: 0.0012987 | AM30: 0.0012987 | AN30: 0 | AO30: 0
... B41: DIC | C41: 1 | D41: 0 | E41: DIC | I41: SDD_HV | M41: 0.00016529 | N41: 0.00033058 | O41: 0 | P41: 0 | Q41: 0 | R41: 0 | S41: 0 | T41: 0.0012987 | U41: 0 | V41: 0.0012987 | W41: 0 | X41: 0 | Y41: 0 | Z41: 0 | AA41: 0 | AB41: 0 | AC41: 0 | AD41: 0 | AE41: 0 | AF41: 0 | AG41: 0 | AH41: 0 | AI41: 0 | AJ41: 0 | AK41: 0 | AL41: 0 | AM41: 0 | AN41: 0 | AO41: 0
C42: 0 | D42: 0 | I42: TDF_HV | M42: 0.0638961 | N42: 0.1277922 | O42: 0.16103896 | P42: 0.02467532 | Q42: 0.11428571 | R42: 0.12597403 | S42: 0.04025974 | T42: 0.09090909 | U42: 0.02727273 | V42: 0.09220779 | W42: 0.07922078 | X42: 0.06753247 | Y42: 0.03896104 | Z42: 0.02207792 | AA42: 0.05714286 | AB42: 0.02597403 | AC42: 0.05194805 | AD42: 0.01818182 | AE42: 0.01948052 | AF42: 0.04935065 | AG42: 0.03246753 | AH42: 0.05324675 | AI42: 0.03636364 | AJ42: 0.04415584 | AK42: 0.03506494 | AL42: 0.05194805 | AM42: 0.01688312 | AN42: 0.02467532 | AO42: 0.03896104
I43: SDD_LV | M43: 0.00059032 | N43: 0.00118064 | O43: 0.0012987 | P43: 0.0012987 | Q43: 0.0012987 | R43: 0.0012987 | S43: 0 | T43: 0 | U43: 0 | V43: 0 | W43: 0 | X43: 0 | Y43: 0.0012987 | Z43: 0 | AA43: 0 | AB43: 0.0012987 | AC43: 0 | AD43: 0 | AE43: 0 | AF43: 0 | AG43: 0.0012987 | AH43: 0 | AI43: 0 | AJ43: 0 | AK43: 0.0012987 | AL43: 0.0012987 | AM43: 0 | AN43: 0 | AO43: 0
I44: TDF_LV | M44: 0.00892562 | N44: 0.01785124 | O44: 0.00649351 | P44: 0.01038961 | Q44: 0.00779221 | R44: 0.01428571 | S44: 0.01038961 | T44: 0.01428571 | U44: 0.00649351 | V44: 0.01298701 | W44: 0.00519481 | X44: 0.00519481 | Y44: 0.01038961 | Z44: 0.01168831 | AA44: 0.01038961 | AB44: 0.01558442 | AC44: 0.00779221 | AD44: 0.01298701 | AE44: 0.0038961 | AF44: 0.00779221 | AG44: 0.01558442 | AH44: 0.0038961 | AI44: 0.01298701 | AJ44: 0.00779221 | AK44: 0.00909091 | AL44: 0.0038961 | AM44: 0.00779221 | AN44: 0.00649351 | AO44: 0.00779221
I45: BIST_HV | M45: 0.0022196 | N45: 0.0044392 | O45: 0 | P45: 0.0025974 | Q45: 0 | R45: 0 | S45: 0 | T45: 0.0012987 | U45: 0.0025974 | V45: 0.0012987 | W45: 0 | X45: 0.0025974 | Y45: 0.0012987 | Z45: 0.0025974 | AA45: 0 | AB45: 0.0012987 | AC45: 0.0025974 | AD45: 0.0012987 | AE45: 0.0012987 | AF45: 0.0038961 | AG45: 0.0025974 | AH45: 0.0038961 | AI45: 0.0012987 | AJ45: 0.0025974 | AK45: 0.0012987 | AL45: 0 | AM45: 0 | AN45: 0.0012987 | AO45: 0.0012987
I46: BIST_LV | M46: 0.00035419 | N46: 0.00070838 | O46: 0 | P46: 0.0012987 | Q46: 0 | R46: 0 | S46: 0.0012987 | T46: 0 | U46: 0 | V46: 0 | W46: 0 | X46: 0 | Y46: 0 | Z46: 0.0012987 | AA46: 0 | AB46: 0 | AC46: 0 | AD46: 0 | AE46: 0.0025974 | AF46: 0 | AG46: 0 | AH46: 0 | AI46: 0 | AJ46: 0 | AK46: 0 | AL46: 0 | AM46: 0 | AN46: 0 | AO46: 0
I47: DIC | M47: 0.00153483 | N47: 0.00306966 | O47: 0 | P47: 0 | Q47: 0 | R47: 0 | S47: 0 | T47: 0 | U47: 0 | V47: 0 | W47: 0 | X47: 0 | Y47: 0.0012987 | Z47: 0 | AA47: 0 | AB47: 0 | AC47: 0 | AD47: 0 | AE47: 0 | AF47: 0 | AG47: 0 | AH47: 0 | AI47: 0 | AJ47: 0 | AK47: 0 | AL47: 0 | AM47: 0 | AN47: 0 | AO47: 0
M48: 0 | N48: 0 | O48: 0 | P48: 0 | Q48: 0 | R48: 0 | S48: 0 | T48: 0 | U48: 0 | V48: 0 | W48: 0 | X48: 0 | Y48: 0 | Z48: 0 | AA48: 0 | AB48: 0 | AC48: 0 | AD48: 0 | AE48: 0 | AF48: 0 | AG48: 0 | AH48: 0 | AI48: 0 | AJ48: 0 | AK48: 0 | AL48: 0 | AM48: 0 | AN48: 0 | AO48: 0
A49: 2026-02-16-2026-02-22 | J49: 27
A50: Order | B50: Item | C50: Bin | D50: Test program | E50: Test voltage | F50: Fail Type | G50: Fail Type | H50: q'ty | I50: % | J50: >10% | K50: >avg*2 | L50: Max | M50: Avg % | N50: Highlight %
A51: TOP | B51: PASS BIN | D51: PASS BIN | F51: PASS BIN | G51: PASS BIN | H51: 15996 | I51: 0.7694 | M51: 0.7483353 | N51: wafer_count=55 | O51: 0.63376623 | P51: 0.68311688 | Q51: 0.7038961 | R51: 0.70779221 | S51: 0.73506494 | T51: 0.73636364 | U51: 0.73636364 | V51: 0.75064935 | W51: 0.75454545 | X51: 0.76753247 | Y51: 0.77012987 | Z51: 0.78181818 | AA51: 0.78181818 | AB51: 0.78181818 | AC51: 0.78181818 | AD51: 0.78441558 | AE51: 0.78571429 | AF51: 0.7961039 | AG51: 0.8012987 | AH51: 0.8012987 | AI51: 0.8025974 | AJ51: 0.80779221 | AK51: 0.80909091 | AL51: 0.81298701 | AM51: 0.81688312 | AN51: 0.82467532 | AO51: 0.82467532
A52: TOP | B52: PASS BIN | C52: 1 | D52: PASS BIN | F52: PASS BIN | G52: PASS BIN | H52: 15996 | I52: 0.76940837 | J52: 27 | K52: 0 | L52: 0.82467532 | M52: 0.7483353 | N52: 1.4966706 | O52: 0.63376623 | P52: 0.68311688 | Q52: 0.7038961 | R52: 0.70779221 | S52: 0.73506494 | T52: 0.73636364 | U52: 0.73636364 | V52: 0.75064935 | W52: 0.75454545 | X52: 0.76753247 | Y52: 0.77012987 | Z52: 0.78181818 | AA52: 0.78181818 | AB52: 0.78181818 | AC52: 0.78181818 | AD52: 0.78441558 | AE52: 0.78571429 | AF52: 0.7961039 | AG52: 0.8012987 | AH52: 0.8012987 | AI52: 0.8025974 | AJ52: 0.80779221 | AK52: 0.80909091 | AL52: 0.81298701 | AM52: 0.81688312 | AN52: 0.82467532 | AO52: 0.82467532
A53: TOP1 | B53: BIN13:cp_mode1_saf_comp | C53: 13 | D53: cp_mode1_saf_comp | F53: SAF | G53: SCAN | H53: 1251 | I53: 0.06017316 | J53: 2 | K53: 0 | L53: 0.11428571 | M53: 0.06255018 | N53: 0.12510036 | O53: 0.05324675 | P53: 0.11428571 | Q53: 0.06623377 | R53: 0.05194805 | S53: 0.06753247 | T53: 0.04285714 | U53: 0.10519481 | V53: 0.05194805 | W53: 0.07402597 | X53: 0.05714286 | Y53: 0.05454545 | Z53: 0.06753247 | AA53: 0.06493506 | AB53: 0.06753247 | AC53: 0.05844156 | AD53: 0.07012987 | AE53: 0.07532468 | AF53: 0.04025974 | AG53: 0.05454545 | AH53: 0.05324675 | AI53: 0.04675325 | AJ53: 0.04285714 | AK53: 0.05844156 | AL53: 0.04025974 | AM53: 0.05714286 | AN53: 0.05194805 | AO53: 0.03636364
A54: TOP2 | B54: BIN15:cp_mode2_saf_comp | C54: 15 | D54: cp_mode2_saf_comp | F54: SAF | G54: SCAN | H54: 678 | I54: 0.03261183 | J54: 0 | K54: 1 | L54: 0.07012987 | M54: 0.02949233 | N54: 0.05898466 | O54: 0.03506494 | P54: 0.07012987 | Q54: 0.02337662 | R54: 0.03376623 | S54: 0.03376623 | T54: 0.02857143 | U54: 0.05324675 | V54: 0.02207792 | W54: 0.02727273 | X54: 0.02987013 | Y54: 0.03766234 | Z54: 0.03506494 | AA54: 0.02987013 | AB54: 0.03116883 | AC54: 0.03116883 | AD54: 0.02597403 | AE54: 0.03506494 | AF54: 0.03636364 | AG54: 0.02727273 | AH54: 0.03246753 | AI54: 0.02727273 | AJ54: 0.02987013 | AK54: 0.01818182 | AL54: 0.03506494 | AM54: 0.02987013 | AN54: 0.02987013 | AO54: 0.03116883
A55: TOP3 | B55: BIN38:cp_mode0_tdf_cov94_gpu_c5_comp | C55: 38 | D55: cp_mode0_tdf_cov94_gpu_c5_comp | F55: TDF_HV | G55: SCAN | H55: 641 | I55: 0.03083213 | J55: 3 | K55: 3 | L55: 0.14675325 | M55: 0.04181818 | N55: 0.08363636 | O55: 0.14675325 | P55: 0.01948052 | Q55: 0.10779221 | R55: 0.10519481 | S55: 0.02987013 | T55: 0.08311688 | U55: 0.01168831 | V55: 0.07532468 | W55: 0.06623377 | X55: 0.01558442 | Y55: 0.01298701 | Z55: 0.00649351 | AA55: 0.00649351 | AB55: 0.01428571 | AC55: 0.03896104 | AD55: 0.00519481 | AE55: 0.00779221 | AF55: 0.01688312 | AG55: 0.0012987 | AH55: 0.00909091 | AI55: 0.01428571 | AJ55: 0.00779221 | AK55: 0.00779221 | AL55: 0.0025974 | AM55: 0.00779221 | AN55: 0.0025974 | AO55: 0.00909091
A56: TOP4 | B56: BIN48:cp_mode5_tdf_sync_comp | C56: 48 | D56: cp_mode5_tdf_sync_comp | F56: TDF_HV | G56: SCAN | H56: 387 | I56: 0.01861472 | J56: 0 | K56: 8 | L56: 0.046753247 | M56: 0.01310508 | N56: 0.02621016 | O56: 0.00779221 | P56: 0.0025974 | Q56: 0.0025974 | R56: 0.00779221 | S56: 0.0025974 | T56: 0.0025974 | U56: 0.00909091 | V56: 0.00909091 | W56: 0.0038961 | X56: 0.04675325 | Y56: 0.02467532 | Z56: 0.01558442 | AA56: 0.04675325 | AB56: 0.01168831 | AC56: 0.01168831 | AD56: 0.01298701 | AE56: 0.00909091 | AF56: 0.02987013 | AG56: 0.03116883 | AH56: 0.04155844 | AI56: 0.01818182 | AJ56: 0.03246753 | AK56: 0.02467532 | AL56: 0.04415584 | AM56: 0.00649351 | AN56: 0.01948052 | AO56: 0.02727273
A57: TOP5 | B57: BIN11:cp_mode0_saf_comp | C57: 11 | D57: cp_mode0_saf_comp | F57: SAF | G57: SCAN | H57: 367 | I57: 0.01765272 | J57: 0 | K57: 0 | L57: 0.02987013 | M57: 0.02070838 | N57: 0.04141676 | O57: 0.02987013 | P57: 0.02337662 | Q57: 0.01688312 | R57: 0.02337662 | S57: 0.01818182 | T57: 0.01948052 | U57: 0.02467532 | V57: 0.00909091 | W57: 0.01298701 | X57: 0.01688312 | Y57: 0.01688312 | Z57: 0.02077922 | AA57: 0.01688312 | AB57: 0.02597403 | AC57: 0.01168831 | AD57: 0.02207792 | AE57: 0.01948052 | AF57: 0.01688312 | AG57: 0.01428571 | AH57: 0.00909091 | AI57: 0.01558442 | AJ57: 0.01558442 | AK57: 0.02207792 | AL57: 0.01298701 | AM57: 0.01558442 | AN57: 0.01688312 | AO57: 0.00909091
A58: TOP6 | B58: BIN212:MD_PLLUSB2_CP | C58: 212 | D58: MD_PLLUSB2_CP | F58: PLL | G58: SD | H58: 236 | I58: 0.01135161 | J58: 0 | K58: 1 | L58: 0.051948052 | M58: 0.01234947 | N58: 0.02469894 | O58: 0.02337662 | P58: 0.00649351 | Q58: 0.01688312 | R58: 0.00649351 | S58: 0.05194805 | T58: 0.02337662 | U58: 0.00779221 | V58: 0.01818182 | W58: 0.00909091 | X58: 0.00649351 | Y58: 0.01298701 | Z58: 0.00909091 | AA58: 0.00649351 | AB58: 0.00779221 | AC58: 0.00649351 | AD58: 0.01168831 | AE58: 0.00519481 | AF58: 0.00649351 | AG58: 0.00779221 | AH58: 0.01168831 | AI58: 0.01168831 | AJ58: 0.00779221 | AK58: 0.00649351 | AL58: 0.00649351 | AM58: 0.00519481 | AN58: 0.00649351 | AO58: 0.00649351
A59: TOP7 | B59: BIN177:CP_PCIe_REFCLK | C59: 177 | D59: CP_PCIe_REFCLK | F59: PCIE | G59: SD | H59: 192 | I59: 0.00923521 | J59: 0 | K59: 3 | L59: 0.016883117 | M59: 0.00760331 | N59: 0.01520662 | O59: 0.01168831 | P59: 0.01168831 | Q59: 0.00519481 | R59: 0.0025974 | S59: 0.0012987 | T59: 0.00909091 | U59: 0.00649351 | V59: 0.0025974 | W59: 0.00649351 | X59: 0.00779221 | Y59: 0.01558442 | Z59: 0.00649351 | AA59: 0.00779221 | AB59: 0.01168831 | AC59: 0.00779221 | AD59: 0.01688312 | AE59: 0.00909091 | AF59: 0.01168831 | AG59: 0.01298701 | AH59: 0.00519481 | AI59: 0.01428571 | AJ59: 0.01298701 | AK59: 0.00909091 | AL59: 0.00519481 | AM59: 0.01038961 | AN59: 0.01558442 | AO59: 0.01168831
A60: TOP8 | B60: BIN59:cp_mode2_tdf_sync_comp_lv | C60: 59 | D60: cp_mode2_tdf_sync_comp_lv | F60: TDF_LV | G60: SCAN | H60: 138 | I60: 0.00663781 | J60: 0 | K60: 1 | L60: 0.012987013 | M60: 0.0059268 | N60: 0.0118536 | O60: 0.00519481 | P60: 0.00649351 | Q60: 0.0038961 | R60: 0.01298701 | S60: 0.00649351 | T60: 0.01038961 | U60: 0.0038961 | V60: 0.00519481 | W60: 0.0038961 | X60: 0.0038961 | Y60: 0.00909091 | Z60: 0.00909091 | AA60: 0.00779221 | AB60: 0.00909091 | AC60: 0.00649351 | AD60: 0.01038961 | AE60: 0.0025974 | AF60: 0.00519481 | AG60: 0.01168831 | AH60: 0.0025974 | AI60: 0.01038961 | AJ60: 0.00649351 | AK60: 0.00519481 | AL60: 0.0038961 | AM60: 0.00519481 | AN60: 0.00649351 | AO60: 0.00519481
A61: TOP9 | B61: BIN20:cp_mode5_saf_comp | C61: 20 | D61: cp_mode5_saf_comp | F61: SAF | G61: SCAN | H61: 127 | I61: 0.00610871 | J61: 0 | K61: 1 | L61: 0.023376623 | M61: 0.00545455 | N61: 0.0109091 | O61: 0.0038961 | P61: 0.02337662 | Q61: 0.01038961 | R61: 0.0025974 | S61: 0.00649351 | T61: 0.0025974 | U61: 0.00909091 | V61: 0.0025974 | W61: 0.00909091 | X61: 0.00519481 | Y61: 0.00519481 | Z61: 0.00519481 | AA61: 0.00649351 | AB61: 0.0038961 | AC61: 0.00779221 | AD61: 0.00649351 | AE61: 0.00909091 | AF61: 0.00649351 | AG61: 0.0012987 | AH61: 0.00909091 | AI61: 0.0025974 | AJ61: 0.00909091 | AK61: 0 | AL61: 0.0038961 | AM61: 0.00649351 | AN61: 0.0025974 | AO61: 0.0038961
A62: TOP10 | B62: BIN17:cp_mode3_saf_comp | C62: 17 | D62: cp_mode3_saf_comp | F62: SAF | G62: SCAN | H62: 118 | I62: 0.00567581 | J62: 0 | K62: 1 | L62: 0.018181818 | M62: 0.00536009 | N62: 0.01072018 | O62: 0.01818182 | P62: 0.01038961 | Q62: 0.0025974 | R62: 0.0012987 | S62: 0.00779221 | T62: 0.0025974 | U62: 0.00519481 | V62: 0.0038961 | W62: 0.0025974 | X62: 0.0038961 | Y62: 0.00779221 | Z62: 0.00519481 | AA62: 0.00519481 | AB62: 0.00779221 | AC62: 0.00909091 | AD62: 0.00519481 | AE62: 0.00909091 | AF62: 0.0038961 | AG62: 0.00649351 | AH62: 0 | AI62: 0.00519481 | AJ62: 0.00519481 | AK62: 0.00519481 | AL62: 0.0038961 | AM62: 0.00909091 | AN62: 0.0025974 | AO62: 0.0038961
A63: TOP11 | B63: PASS BIN | C63: 72 | D63: PASS BIN | H63: 92 | I63: 0.0044252 | J63: 0 | K63: 0 | L63: 0 | M63: 0 | N63: 0 | O63: 0.0012987 | P63: 0.0025974 | Q63: 0.00909091 | R63: 0.00779221 | S63: 0.0038961 | T63: 0.0012987 | U63: 0.00519481 | V63: 0.00649351 | W63: 0.0038961 | X63: 0.0038961 | Y63: 0.00779221 | Z63: 0.01428571 | AA63: 0.0012987 | AB63: 0.0038961 | AC63: 0.0012987 | AD63: 0.00519481 | AE63: 0.0025974 | AF63: 0.0025974 | AG63: 0.0038961 | AH63: 0.0012987 | AI63: 0.00779221 | AJ63: 0.0012987 | AK63: 0.00649351 | AL63: 0.0025974 | AM63: 0.0038961 | AN63: 0.0038961 | AO63: 0.0038961
A64: TOP12 | B64: BIN3:PowerShort | C64: 3 | D64: PowerShort | F64: OS | G64: OS | H64: 74 | I64: 0.0035594 | J64: 0 | K64: 2 | L64: 0.01038961 | M64: 0.00391972 | N64: 0.00783944 | O64: 0.0038961 | P64: 0.0025974 | Q64: 0.0038961 | R64: 0.0025974 | S64: 0.00519481 | T64: 0.00909091 | U64: 0 | V64: 0.01038961 | W64: 0.0038961 | X64: 0.0038961 | Y64: 0.00649351 | Z64: 0 | AA64: 0.0012987 | AB64: 0.0025974 | AC64: 0.00649351 | AD64: 0.0038961 | AE64: 0.0012987 | AF64: 0.0025974 | AG64: 0.0038961 | AH64: 0.0025974 | AI64: 0.0038961 | AJ64: 0.0012987 | AK64: 0 | AL64: 0.0038961 | AM64: 0.0038961 | AN64: 0.0038961 | AO64: 0.0025974
A65: TOP13 | B65: BIN2:os | C65: 2 | D65: os | F65: OS | G65: OS | H65: 49 | I65: 0.0023569 | J65: 0 | K65: 0 | L65: 0.0051948052 | M65: 0.00396694 | N65: 0.00793388 | O65: 0 | P65: 0.0012987 | Q65: 0.0025974 | R65: 0.0025974 | S65: 0.0038961 | T65: 0.00519481 | U65: 0 | V65: 0.00519481 | W65: 0.0025974 | X65: 0.00519481 | Y65: 0.0025974 | Z65: 0.0025974 | AA65: 0.0025974 | AB65: 0.0012987 | AC65: 0.0038961 | AD65: 0.0012987 | AE65: 0 | AF65: 0.0038961 | AG65: 0.0038961 | AH65: 0.0012987 | AI65: 0 | AJ65: 0.0012987 | AK65: 0.0025974 | AL65: 0.0025974 | AM65: 0 | AN65: 0.0038961 | AO65: 0.0012987
A66: TOP14 | B66: PASS BIN | C66: 49 | D66: PASS BIN | H66: 34 | I66: 0.0016354 | J66: 0 | K66: 0 | L66: 0 | M66: 0 | N66: 0 | O66: 0.0025974 | P66: 0 | Q66: 0 | R66: 0.0012987 | S66: 0 | T66: 0 | U66: 0 | V66: 0 | W66: 0.0012987 | X66: 0.0038961 | Y66: 0.0012987 | Z66: 0.0012987 | AA66: 0.0012987 | AB66: 0 | AC66: 0.0012987 | AD66: 0.0038961 | AE66: 0.0012987 | AF66: 0.0025974 | AG66: 0.0025974 | AH66: 0.0025974 | AI66: 0.0038961 | AJ66: 0.0025974 | AK66: 0.00519481 | AL66: 0.0012987 | AM66: 0.0025974 | AN66: 0 | AO66: 0.0012987
A67: TOP15 | B67: PASS BIN | C67: 74 | D67: PASS BIN | H67: 33 | I67: 0.0015873 | J67: 0 | K67: 0 | L67: 0 | M67: 0 | N67: 0 | O67: 0 | P67: 0 | Q67: 0.0038961 | R67: 0.0025974 | S67: 0 | T67: 0.0038961 | U67: 0.0025974 | V67: 0.0012987 | W67: 0 | X67: 0 | Y67: 0 | Z67: 0.0038961 | AA67: 0.0025974 | AB67: 0.0012987 | AC67: 0.0012987 | AD67: 0.0012987 | AE67: 0.00519481 | AF67: 0 | AG67: 0.0012987 | AH67: 0 | AI67: 0 | AJ67: 0.0012987 | AK67: 0.0012987 | AL67: 0.0012987 | AM67: 0.0038961 | AN67: 0.0012987 | AO67: 0.0025974
A68: TOP16 | B68: BIN39:ft_mode2_tdf_c15_12plp25_top10k_tm22024_comp | C68: 39 | D68: ft_mode2_tdf_c15_12plp25_top10k_tm22024_comp | F68: TDF_HV | G68: SCAN | H68: 31 | I68: 0.0014911 | J68: 0 | K68: 2 | L68: 0.0064935065 | M68: 0.00172373 | N68: 0.00344746 | O68: 0.0012987 | P68: 0.0025974 | Q68: 0.0025974 | R68: 0.00649351 | S68: 0.0012987 | T68: 0 | U68: 0.0025974 | V68: 0.0025974 | W68: 0.0038961 | X68: 0.0025974 | Y68: 0 | Z68: 0 | AA68: 0.0025974 | AB68: 0 | AC68: 0 | AD68: 0 | AE68: 0 | AF68: 0.0012987 | AG68: 0 | AH68: 0 | AI68: 0.0012987 | AJ68: 0.0012987 | AK68: 0.0012987 | AL68: 0.0012987 | AM68: 0.0012987 | AN68: 0.0012987 | AO68: 0.0025974
A69: TOP17 | B69: BIN106:scpu_bisr_bist_drf_vddr_etn_BISR_HV_X1 | C69: 106 | D69: scpu_bisr_bist_drf_vddr_etn_BISR_HV_X1 | F69: BIST_HV | G69: BIST | H69: 29 | I69: 0.0013949 | J69: 0 | K69: 8 | L69: 0.0038961039 | M69: 0.00096812 | N69: 0.00193624 | O69: 0 | P69: 0.0025974 | Q69: 0 | R69: 0 | S69: 0 | T69: 0.0012987 | U69: 0.0025974 | V69: 0.0012987 | W69: 0 | X69: 0.0025974 | Y69: 0.0012987 | Z69: 0.0012987 | AA69: 0 | AB69: 0.0012987 | AC69: 0.0025974 | AD69: 0.0012987 | AE69: 0.0012987 | AF69: 0.0038961 | AG69: 0.0025974 | AH69: 0.0038961 | AI69: 0.0012987 | AJ69: 0.0025974 | AK69: 0.0012987 | AL69: 0 | AM69: 0 | AN69: 0.0012987 | AO69: 0.0012987
A70: TOP18 | B70: PASS BIN | C70: 73 | D70: PASS BIN | H70: 29 | I70: 0.0013949 | J70: 0 | K70: 0 | L70: 0 | M70: 0 | N70: 0 | O70: 0.0012987 | P70: 0.0012987 | Q70: 0.00649351 | R70: 0.00779221 | S70: 0.0012987 | T70: 0.0025974 | U70: 0 | V70: 0 | W70: 0 | X70: 0.0025974 | Y70: 0.0025974 | Z70: 0 | AA70: 0.0012987 | AB70: 0 | AC70: 0 | AD70: 0 | AE70: 0.0025974 | AF70: 0.0012987 | AG70: 0.0012987 | AH70: 0 | AI70: 0 | AJ70: 0.0012987 | AK70: 0.0012987 | AL70: 0 | AM70: 0.0012987 | AN70: 0 | AO70: 0.0012987
A71: TOP19 | B71: BIN35:cp_mode1_tdf_comp | C71: 35 | D71: cp_mode1_tdf_comp | F71: TDF_HV | G71: SCAN | H71: 23 | I71: 0.0011063 | J71: 0 | K71: 0 | L71: 0.0051948052 | M71: 0.00330579 | N71: 0.00661158 | O71: 0 | P71: 0 | Q71: 0 | R71: 0.0038961 | S71: 0.0012987 | T71: 0.00519481 | U71: 0.0012987 | V71: 0.0025974 | W71: 0.0025974 | X71: 0 | Y71: 0.0012987 | Z71: 0 | AA71: 0.0012987 | AB71: 0 | AC71: 0 | AD71: 0 | AE71: 0 | AF71: 0 | AG71: 0 | AH71: 0 | AI71: 0.0025974 | AJ71: 0.0012987 | AK71: 0.0012987 | AL71: 0.0038961 | AM71: 0 | AN71: 0.0012987 | AO71: 0
A72: TOP20 | B72: BIN29:cp_mode1_bf_comp | C72: 29 | D72: cp_mode1_bf_comp | F72: BF | G72: SCAN | H72: 23 | I72: 0.0011063 | J72: 0 | K72: 4 | L72: 0.0038961039 | M72: 0.00120425 | N72: 0.0024085 | O72: 0 | P72: 0 | Q72: 0.0012987 | R72: 0.0012987 | S72: 0 | T72: 0.0012987 | U72: 0.0012987 | V72: 0.0012987 | W72: 0.0012987 | X72: 0.0012987 | Y72: 0 | Z72: 0.0012987 | AA72: 0 | AB72: 0 | AC72: 0.0012987 | AD72: 0 | AE72: 0.0038961 | AF72: 0 | AG72: 0 | AH72: 0.0038961 | AI72: 0 | AJ72: 0.0012987 | AK72: 0.0025974 | AL72: 0.0012987 | AM72: 0.0012987 | AN72: 0 | AO72: 0.0038961
A73: TOP21 | B73: BIN62:cp_mode5_tdf_comp_lv | C73: 62 | D73: cp_mode5_tdf_comp_lv | F73: TDF_LV | G73: SCAN | H73: 19 | I73: 0.0009139 | J73: 0 | K73: 5 | L73: 0.0038961039 | M73: 0.00094451 | N73: 0.00188902 | O73: 0 | P73: 0.0038961 | Q73: 0.0025974 | R73: 0 | S73: 0 | T73: 0 | U73: 0.0025974 | V73: 0 | W73: 0 | X73: 0.0012987 | Y73: 0 | Z73: 0.0012987 | AA73: 0.0025974 | AB73: 0.0038961 | AC73: 0 | AD73: 0 | AE73: 0.0012987 | AF73: 0.0012987 | AG73: 0 | AH73: 0 | AI73: 0.0012987 | AJ73: 0.0012987 | AK73: 0.0012987 | AL73: 0 | AM73: 0 | AN73: 0 | AO73: 0
A74: TOP22 | B74: PASS BIN | C74: 55 | D74: PASS BIN | H74: 18 | I74: 0.0008658 | J74: 0 | K74: 0 | L74: 0 | M74: 0 | N74: 0 | O74: 0.0012987 | P74: 0.0038961 | Q74: 0 | R74: 0.0012987 | S74: 0.0025974 | T74: 0 | U74: 0.0012987 | V74: 0 | W74: 0.0012987 | X74: 0 | Y74: 0 | Z74: 0.0012987 | AA74: 0 | AB74: 0.0012987 | AC74: 0.0012987 | AD74: 0.0012987 | AE74: 0.0012987 | AF74: 0 | AG74: 0 | AH74: 0 | AI74: 0.0012987 | AJ74: 0.0012987 | AK74: 0.0012987 | AL74: 0.0012987 | AM74: 0 | AN74: 0 | AO74: 0
A75: TOP23 | B75: BIN161:PIF_MIPI_CML_DIFF_LO_CP | C75: 161 | D75: PIF_MIPI_CML_DIFF_LO_CP | F75: PIF | G75: SD | H75: 17 | I75: 0.0008177 | J75: 0 | K75: 14 | L75: 0.0038961039 | M75: 0.00051948 | N75: 0.00103896 | O75: 0 | P75: 0.0012987 | Q75: 0.0012987 | R75: 0 | S75: 0 | T75: 0 | U75: 0.0012987 | V75: 0 | W75: 0.0012987 | X75: 0 | Y75: 0.0012987 | Z75: 0.0012987 | AA75: 0 | AB75: 0.0012987 | AC75: 0.0038961 | AD75: 0 | AE75: 0.0012987 | AF75: 0.0025974 | AG75: 0.0012987 | AH75: 0 | AI75: 0 | AJ75: 0 | AK75: 0 | AL75: 0.0012987 | AM75: 0.0012987 | AN75: 0 | AO75: 0.0012987
A76: TOP24 | B76: BIN46:cp_mode3_tdf_sync_merge_manually_comp | C76: 46 | D76: cp_mode3_tdf_sync_merge_manually_comp | F76: TDF_HV | G76: SCAN | H76: 15 | I76: 0.0007215 | J76: 0 | K76: 1 | L76: 0.0051948052 | M76: 0.00233766 | N76: 0.00467532 | O76: 0.0038961 | P76: 0 | Q76: 0 | R76: 0.0012987 | S76: 0.00519481 | T76: 0 | U76: 0 | V76: 0.0025974 | W76: 0 | X76: 0.0025974 | Y76: 0 | Z76: 0 | AA76: 0 | AB76: 0 | AC76: 0 | AD76: 0 | AE76: 0.0012987 | AF76: 0 | AG76: 0 | AH76: 0.0025974 | AI76: 0 | AJ76: 0 | AK76: 0 | AL76: 0 | AM76: 0 | AN76: 0 | AO76: 0
A77: TOP25 | B77: BIN30:cp_mode2_bf_comp | C77: 30 | D77: cp_mode2_bf_comp | F77: BF | G77: SCAN | H77: 14 | I77: 0.0006734 | J77: 0 | K77: 12 | L77: 0.0025974026 | M77: 0.00063754 | N77: 0.00127508 | O77: 0 | P77: 0 | Q77: 0.0012987 | R77: 0 | S77: 0 | T77: 0 | U77: 0 | V77: 0 | W77: 0 | X77: 0.0012987 | Y77: 0.0012987 | Z77: 0.0012987 | AA77: 0 | AB77: 0.0012987 | AC77: 0 | AD77: 0.0012987 | AE77: 0 | AF77: 0.0025974 | AG77: 0.0012987 | AH77: 0 | AI77: 0.0025974 | AJ77: 0 | AK77: 0 | AL77: 0.0012987 | AM77: 0 | AN77: 0.0012987 | AO77: 0.0012987
A78: TOP26 | B78: BIN6:chip_id | C78: 6 | D78: chip_id | F78: OTHER | G78: OTHER | H78: 14 | I78: 0.0006734 | J78: 0 | K78: 12 | L78: 0.0025974026 | M78: 0.00049587 | N78: 0.00099174 | O78: 0.0012987 | P78: 0 | Q78: 0 | R78: 0 | S78: 0.0025974 | T78: 0.0012987 | U78: 0.0012987 | V78: 0 | W78: 0 | X78: 0.0012987 | Y78: 0 | Z78: 0.0012987 | AA78: 0 | AB78: 0 | AC78: 0.0012987 | AD78: 0.0025974 | AE78: 0.0012987 | AF78: 0 | AG78: 0 | AH78: 0 | AI78: 0 | AJ78: 0.0012987 | AK78: 0 | AL78: 0 | AM78: 0.0012987 | AN78: 0 | AO78: 0.0012987
A79: TOP27 | B79: PASS BIN | C79: 75 | D79: PASS BIN | H79: 13 | I79: 0.0006253 | J79: 0 | K79: 0 | L79: 0 | M79: 0 | N79: 0 | O79: 0 | P79: 0 | Q79: 0 | R79: 0 | S79: 0 | T79: 0.0025974 | U79: 0.0025974 | V79: 0 | W79: 0.0012987 | X79: 0.0012987 | Y79: 0 | Z79: 0 | AA79: 0.0012987 | AB79: 0 | AC79: 0 | AD79: 0.0012987 | AE79: 0 | AF79: 0.0012987 | AG79: 0 | AH79: 0 | AI79: 0 | AJ79: 0 | AK79: 0.0012987 | AL79: 0 | AM79: 0.0012987 | AN79: 0 | AO79: 0.0025974
A80: TOP28 | B80: BIN60:cp_mode3_tdf_comp_lv | C80: 60 | D80: cp_mode3_tdf_comp_lv | F80: TDF_LV | G80: SCAN | H80: 13 | I80: 0.0006253 | J80: 0 | K80: 10 | L80: 0.0038961039 | M80: 0.00063754 | N80: 0.00127508 | O80: 0 | P80: 0 | Q80: 0 | R80: 0 | S80: 0.0025974 | T80: 0.0012987 | U80: 0 | V80: 0.0012987 | W80: 0 | X80: 0 | Y80: 0 | Z80: 0 | AA80: 0 | AB80: 0.0012987 | AC80: 0 | AD80: 0.0012987 | AE80: 0 | AF80: 0 | AG80: 0.0038961 | AH80: 0.0012987 | AI80: 0 | AJ80: 0 | AK80: 0.0012987 | AL80: 0 | AM80: 0.0012987 | AN80: 0 | AO80: 0.0012987
A81: TOP29 | B81: PASS BIN | C81: 50 | D81: PASS BIN | H81: 12 | I81: 0.0005772 | J81: 0 | K81: 0 | L81: 0 | M81: 0 | N81: 0 | O81: 0.0025974 | P81: 0 | Q81: 0 | R81: 0 | S81: 0.0038961 | T81: 0 | U81: 0 | V81: 0.0038961 | W81: 0 | X81: 0 | Y81: 0 | Z81: 0 | AA81: 0.0012987 | AB81: 0 | AC81: 0 | AD81: 0 | AE81: 0 | AF81: 0 | AG81: 0 | AH81: 0 | AI81: 0.0012987 | AJ81: 0 | AK81: 0 | AL81: 0.0012987 | AM81: 0.0012987 | AN81: 0 | AO81: 0
A82: TOP30 | B82: BIN52:cp_mode0_tdf_cov85_to_94_scpu_bycore_c2_comp_lv | C82: 52 | D82: cp_mode0_tdf_cov85_to_94_scpu_bycore_c2_comp_lv | F82: TDF_LV | G82: SCAN | H82: 12 | I82: 0.0005772 | J82: 0 | K82: 8 | L82: 0.0064935065 | M82: 0.00049587 | N82: 0.00099174 | O82: 0 | P82: 0 | Q82: 0 | R82: 0.0012987 | S82: 0 | T82: 0 | U82: 0 | V82: 0.00649351 | W82: 0 | X82: 0 | Y82: 0.0012987 | Z82: 0.0012987 | AA82: 0 | AB82: 0 | AC82: 0 | AD82: 0.0012987 | AE82: 0 | AF82: 0.0012987 | AG82: 0 | AH82: 0 | AI82: 0.0012987 | AJ82: 0 | AK82: 0.0012987 | AL82: 0 | AM82: 0 | AN82: 0 | AO82: 0
A83: TOP31 | B83: BIN51:cp_mode0_sdd_cov85_scpu_bycore_c2_lv | C83: 51 | D83: cp_mode0_sdd_cov85_scpu_bycore_c2_lv | F83: SDD_LV | G83: SCAN | H83: 9 | I83: 0.0004329 | J83: 0 | K83: 9 | L83: 0.0012987013 | M83: 0.00059032 | N83: 0.00118064 | O83: 0.0012987 | P83: 0.0012987 | Q83: 0.0012987 | R83: 0.0012987 | S83: 0 | T83: 0 | U83: 0 | V83: 0 | W83: 0 | X83: 0 | Y83: 0.0012987 | Z83: 0 | AA83: 0 | AB83: 0.0012987 | AC83: 0 | AD83: 0 | AE83: 0 | AF83: 0 | AG83: 0.0012987 | AH83: 0 | AI83: 0 | AJ83: 0 | AK83: 0.0012987 | AL83: 0.0012987 | AM83: 0 | AN83: 0 | AO83: 0
A84: TOP32 | B84: BIN7:THERMAL_sensor | C84: 7 | D84: THERMAL_sensor | F84: SD_OTHER | G84: SD | H84: 8 | I84: 0.0003848 | J84: 0 | K84: 6 | L84: 0.0025974026 | M84: 0.0003778 | N84: 0.0007556 | O84: 0 | P84: 0.0025974 | Q84: 0 | R84: 0 | S84: 0 | T84: 0 | U84: 0 | V84: 0 | W84: 0.0012987 | X84: 0.0012987 | Y84: 0 | Z84: 0 | AA84: 0 | AB84: 0 | AC84: 0 | AD84: 0 | AE84: 0.0012987 | AF84: 0 | AG84: 0 | AH84: 0 | AI84: 0.0025974 | AJ84: 0 | AK84: 0 | AL84: 0.0012987 | AM84: 0 | AN84: 0 | AO84: 0
A85: TOP33 | B85: BIN16:cp_mode2_saf_intl | C85: 16 | D85: cp_mode2_saf_intl | F85: SAF | G85: SCAN | H85: 7 | I85: 0.0003367 | J85: 0 | K85: 6 | L85: 0.0025974026 | M85: 0.00023613 | N85: 0.00047226 | O85: 0 | P85: 0 | Q85: 0 | R85: 0 | S85: 0.0012987 | T85: 0 | U85: 0 | V85: 0 | W85: 0 | X85: 0 | Y85: 0.0012987 | Z85: 0 | AA85: 0 | AB85: 0.0012987 | AC85: 0.0012987 | AD85: 0 | AE85: 0.0025974 | AF85: 0 | AG85: 0 | AH85: 0 | AI85: 0 | AJ85: 0 | AK85: 0.0012987 | AL85: 0 | AM85: 0 | AN85: 0 | AO85: 0
A86: TOP34 | B86: BIN187:TXPLLEDPTX_SSCG | C86: 187 | D86: TXPLLEDPTX_SSCG | F86: PLL | G86: SD | H86: 6 | I86: 0.0002886 | J86: 0 | K86: 3 | L86: 0.0051948052 | M86: 0.00014168 | N86: 0.00028336 | O86: 0.00519481 | P86: 0 | Q86: 0 | R86: 0 | S86: 0.0012987 | T86: 0 | U86: 0 | V86: 0 | W86: 0 | X86: 0 | Y86: 0 | Z86: 0.0012987 | AA86: 0 | AB86: 0 | AC86: 0 | AD86: 0 | AE86: 0 | AF86: 0 | AG86: 0 | AH86: 0 | AI86: 0 | AJ86: 0 | AK86: 0 | AL86: 0 | AM86: 0 | AN86: 0 | AO86: 0
A87: TOP35 | B87: BIN42:cp_mode2_tdf_cov92_comp | C87: 42 | D87: cp_mode2_tdf_cov92_comp | F87: TDF_HV | G87: SCAN | H87: 6 | I87: 0.0002886 | J87: 0 | K87: 6 | L87: 0.0012987013 | M87: 0.00051948 | N87: 0.00103896 | O87: 0 | P87: 0 | Q87: 0.0012987 | R87: 0.0012987 | S87: 0 | T87: 0 | U87: 0.0012987 | V87: 0 | W87: 0 | X87: 0 | Y87: 0 | Z87: 0 | AA87: 0 | AB87: 0 | AC87: 0.0012987 | AD87: 0 | AE87: 0.0012987 | AF87: 0.0012987 | AG87: 0 | AH87: 0 | AI87: 0 | AJ87: 0 | AK87: 0 | AL87: 0 | AM87: 0 | AN87: 0 | AO87: 0
A88: TOP36 | B88: BIN65:cp_mode0_msm_mcp_cpf_icg_c100_1_comp_lv | C88: 65 | D88: cp_mode0_msm_mcp_cpf_icg_c100_1_comp_lv | F88: TDF_LV | G88: SCAN | H88: 5 | I88: 0.0002405 | J88: 0 | K88: 5 | L88: 0.0012987013 | M88: 0.0003778 | N88: 0.0007556 | O88: 0 | P88: 0 | Q88: 0.0012987 | R88: 0 | S88: 0.0012987 | T88: 0.0012987 | U88: 0 | V88: 0 | W88: 0.0012987 | X88: 0 | Y88: 0 | Z88: 0 | AA88: 0 | AB88: 0.0012987 | AC88: 0 | AD88: 0 | AE88: 0 | AF88: 0 | AG88: 0 | AH88: 0 | AI88: 0 | AJ88: 0 | AK88: 0 | AL88: 0 | AM88: 0 | AN88: 0 | AO88: 0
A89: TOP37 | B89: BIN109:scpu_bisr_bist_drf_vddr_etn_DRF_LV_X4 | C89: 109 | D89: scpu_bisr_bist_drf_vddr_etn_DRF_LV_X4 | F89: BIST_LV | G89: BIST | H89: 5 | I89: 0.0002405 | J89: 0 | K89: 4 | L89: 0.0025974026 | M89: 0.00011806 | N89: 0.00023612 | O89: 0 | P89: 0.0012987 | Q89: 0 | R89: 0 | S89: 0.0012987 | T89: 0 | U89: 0 | V89: 0 | W89: 0 | X89: 0 | Y89: 0 | Z89: 0.0012987 | AA89: 0 | AB89: 0 | AC89: 0 | AD89: 0 | AE89: 0.0025974 | AF89: 0 | AG89: 0 | AH89: 0 | AI89: 0 | AJ89: 0 | AK89: 0 | AL89: 0 | AM89: 0 | AN89: 0 | AO89: 0
A90: TOP38 | B90: BIN28:cp_mode0_bf_comp | C90: 28 | D90: cp_mode0_bf_comp | F90: BF | G90: SCAN | H90: 5 | I90: 0.0002405 | J90: 0 | K90: 5 | L90: 0.0012987013 | M90: 0.00023613 | N90: 0.00047226 | O90: 0 | P90: 0 | Q90: 0.0012987 | R90: 0 | S90: 0 | T90: 0 | U90: 0 | V90: 0.0012987 | W90: 0 | X90: 0.0012987 | Y90: 0 | Z90: 0 | AA90: 0 | AB90: 0 | AC90: 0 | AD90: 0 | AE90: 0 | AF90: 0 | AG90: 0 | AH90: 0.0012987 | AI90: 0 | AJ90: 0 | AK90: 0 | AL90: 0 | AM90: 0 | AN90: 0 | AO90: 0.0012987
A91: TOP39 | B91: BIN210:XTAL27MHz_CLK | C91: 210 | D91: XTAL27MHz_CLK | F91: PLL | G91: SD | H91: 5 | I91: 0.0002405 | J91: 0 | K91: 4 | L91: 0.0025974026 | M91: 0.00011806 | N91: 0.00023612 | O91: 0 | P91: 0 | Q91: 0 | R91: 0 | S91: 0 | T91: 0 | U91: 0 | V91: 0 | W91: 0 | X91: 0.0012987 | Y91: 0 | Z91: 0.0012987 | AA91: 0 | AB91: 0 | AC91: 0 | AD91: 0 | AE91: 0 | AF91: 0 | AG91: 0.0012987 | AH91: 0.0025974 | AI91: 0 | AJ91: 0 | AK91: 0 | AL91: 0 | AM91: 0 | AN91: 0 | AO91: 0
A92: TOP40 | B92: BIN37:cp_mode0_tdf_cov85_to_94_scpu_bycore_c2_comp | C92: 37 | D92: cp_mode0_tdf_cov85_to_94_scpu_bycore_c2_comp | F92: TDF_HV | G92: SCAN | H92: 4 | I92: 0.0001924 | J92: 0 | K92: 3 | L92: 0.0025974026 | M92: 0.00040142 | N92: 0.00080284 | O92: 0 | P92: 0 | Q92: 0 | R92: 0 | S92: 0 | T92: 0 | U92: 0 | V92: 0 | W92: 0.0025974 | X92: 0 | Y92: 0 | Z92: 0 | AA92: 0 | AB92: 0 | AC92: 0 | AD92: 0 | AE92: 0 | AF92: 0 | AG92: 0 | AH92: 0 | AI92: 0 | AJ92: 0.0012987 | AK92: 0 | AL92: 0 | AM92: 0.0012987 | AN92: 0 | AO92: 0
A93: TOP41 | B93: BIN57:cp_mode2_tdf_cov92_comp_lv | C93: 57 | D93: cp_mode2_tdf_cov92_comp_lv | F93: TDF_LV | G93: SCAN | H93: 3 | I93: 0.0001443 | J93: 0 | K93: 3 | L93: 0.0012987013 | M93: 0.00011806 | N93: 0.00023612 | O93: 0.0012987 | P93: 0 | Q93: 0 | R93: 0 | S93: 0 | T93: 0.0012987 | U93: 0 | V93: 0 | W93: 0 | X93: 0 | Y93: 0 | Z93: 0 | AA93: 0 | AB93: 0 | AC93: 0.0012987 | AD93: 0 | AE93: 0 | AF93: 0 | AG93: 0 | AH93: 0 | AI93: 0 | AJ93: 0 | AK93: 0 | AL93: 0 | AM93: 0 | AN93: 0 | AO93: 0
... A111: TOP59 | B111: BIN164:PIF_PP_DIFF_HI | C111: 164 | D111: PIF_PP_DIFF_HI | F111: PIF | G111: SD | H111: 1 | I111: 4.81e-05 | J111: 0 | K111: 1 | L111: 0.0012987013 | M111: 2.361e-05 | N111: 4.722e-05 | O111: 0 | P111: 0 | Q111: 0 | R111: 0 | S111: 0 | T111: 0 | U111: 0 | V111: 0 | W111: 0 | X111: 0 | Y111: 0 | Z111: 0 | AA111: 0 | AB111: 0.0012987 | AC111: 0 | AD111: 0 | AE111: 0 | AF111: 0 | AG111: 0 | AH111: 0 | AI111: 0 | AJ111: 0 | AK111: 0 | AL111: 0 | AM111: 0 | AN111: 0 | AO111: 0
A112: TOP60 | B112: PASS BIN | C112: 76 | D112: PASS BIN | H112: 1 | I112: 4.81e-05 | J112: 0 | K112: 0 | L112: 0 | M112: 0 | N112: 0 | O112: 0 | P112: 0 | Q112: 0 | R112: 0 | S112: 0 | T112: 0 | U112: 0 | V112: 0 | W112: 0 | X112: 0 | Y112: 0.0012987 | Z112: 0 | AA112: 0 | AB112: 0 | AC112: 0 | AD112: 0 | AE112: 0 | AF112: 0 | AG112: 0 | AH112: 0 | AI112: 0 | AJ112: 0 | AK112: 0 | AL112: 0 | AM112: 0 | AN112: 0 | AO112: 0
A113: TOP61 | B113: BIN152:MD_PCR64FS_CP04_192K | C113: 152 | D113: MD_PCR64FS_CP04_192K | F113: PLL | G113: SD | H113: 1 | I113: 4.81e-05 | J113: 0 | K113: 1 | L113: 0.0012987013 | M113: 2.361e-05 | N113: 4.722e-05 | O113: 0 | P113: 0 | Q113: 0 | R113: 0 | S113: 0 | T113: 0 | U113: 0 | V113: 0 | W113: 0 | X113: 0.0012987 | Y113: 0 | Z113: 0 | AA113: 0 | AB113: 0 | AC113: 0 | AD113: 0 | AE113: 0 | AF113: 0 | AG113: 0 | AH113: 0 | AI113: 0 | AJ113: 0 | AK113: 0 | AL113: 0 | AM113: 0 | AN113: 0 | AO113: 0
A114: TOP62 | B114: BIN63:cp_mode5_tdf_sync_comp_lv | C114: 63 | D114: cp_mode5_tdf_sync_comp_lv | F114: TDF_LV | G114: SCAN | H114: 1 | I114: 4.81e-05 | J114: 0 | K114: 1 | L114: 0.0012987013 | M114: 7.084e-05 | N114: 0.00014168 | O114: 0 | P114: 0 | Q114: 0 | R114: 0 | S114: 0 | T114: 0 | U114: 0 | V114: 0 | W114: 0 | X114: 0 | Y114: 0 | Z114: 0 | AA114: 0 | AB114: 0 | AC114: 0 | AD114: 0 | AE114: 0 | AF114: 0 | AG114: 0 | AH114: 0 | AI114: 0 | AJ114: 0 | AK114: 0 | AL114: 0 | AM114: 0.0012987 | AN114: 0 | AO114: 0
A115: TOP63 | B115: PASS BIN | C115: 0 | D115: PASS BIN | H115: 0 | I115: 0 | J115: 0 | K115: 0 | L115: 0 | M115: 0 | N115: 0 | O115: 0 | P115: 0 | Q115: 0 | R115: 0 | S115: 0 | T115: 0 | U115: 0 | V115: 0 | W115: 0 | X115: 0 | Y115: 0 | Z115: 0 | AA115: 0 | AB115: 0 | AC115: 0 | AD115: 0 | AE115: 0 | AF115: 0 | AG115: 0 | AH115: 0 | AI115: 0 | AJ115: 0 | AK115: 0 | AL115: 0 | AM115: 0 | AN115: 0 | AO115: 0
A116: TOP64 | B116: BIN12:cp_mode0_saf_intl | C116: 12 | D116: cp_mode0_saf_intl | F116: SAF | G116: SCAN | H116: 0 | I116: 0 | J116: 0 | K116: 0 | L116: 0 | M116: 0.0009209 | N116: 0.0018418 | O116: 0 | P116: 0 | Q116: 0 | R116: 0 | S116: 0 | T116: 0 | U116: 0 | V116: 0 | W116: 0 | X116: 0 | Y116: 0 | Z116: 0 | AA116: 0 | AB116: 0 | AC116: 0 | AD116: 0 | AE116: 0 | AF116: 0 | AG116: 0 | AH116: 0 | AI116: 0 | AJ116: 0 | AK116: 0 | AL116: 0 | AM116: 0 | AN116: 0 | AO116: 0
A117: TOP65 | B117: BIN14:cp_mode1_saf_intl | C117: 14 | D117: cp_mode1_saf_intl | F117: SAF | G117: SCAN | H117: 0 | I117: 0 | J117: 0 | K117: 0 | L117: 0 | M117: 0.0001889 | N117: 0.0003778 | O117: 0 | P117: 0 | Q117: 0 | R117: 0 | S117: 0 | T117: 0 | U117: 0 | V117: 0 | W117: 0 | X117: 0 | Y117: 0 | Z117: 0 | AA117: 0 | AB117: 0 | AC117: 0 | AD117: 0 | AE117: 0 | AF117: 0 | AG117: 0 | AH117: 0 | AI117: 0 | AJ117: 0 | AK117: 0 | AL117: 0 | AM117: 0 | AN117: 0 | AO117: 0
A118: TOP66 | B118: BIN18:cp_mode3_saf_intl | C118: 18 | D118: cp_mode3_saf_intl | F118: SAF | G118: SCAN | H118: 0 | I118: 0 | J118: 0 | K118: 0 | L118: 0 | M118: 0 | N118: 0 | O118: 0 | P118: 0 | Q118: 0 | R118: 0 | S118: 0 | T118: 0 | U118: 0 | V118: 0 | W118: 0 | X118: 0 | Y118: 0 | Z118: 0 | AA118: 0 | AB118: 0 | AC118: 0 | AD118: 0 | AE118: 0 | AF118: 0 | AG118: 0 | AH118: 0 | AI118: 0 | AJ118: 0 | AK118: 0 | AL118: 0 | AM118: 0 | AN118: 0 | AO118: 0
A119: TOP67 | B119: BIN21:cp_mode5_saf_intl | C119: 21 | D119: cp_mode5_saf_intl | F119: SAF | G119: SCAN | H119: 0 | I119: 0 | J119: 0 | K119: 0 | L119: 0 | M119: 0 | N119: 0 | O119: 0 | P119: 0 | Q119: 0 | R119: 0 | S119: 0 | T119: 0 | U119: 0 | V119: 0 | W119: 0 | X119: 0 | Y119: 0 | Z119: 0 | AA119: 0 | AB119: 0 | AC119: 0 | AD119: 0 | AE119: 0 | AF119: 0 | AG119: 0 | AH119: 0 | AI119: 0 | AJ119: 0 | AK119: 0 | AL119: 0 | AM119: 0 | AN119: 0 | AO119: 0
A120: TOP68 | B120: BIN23:cp_mode1_ca_saf_cov99_comp | C120: 23 | D120: cp_mode1_ca_saf_cov99_comp | F120: SAF | G120: SCAN | H120: 0 | I120: 0 | J120: 0 | K120: 0 | L120: 0 | M120: 2.361e-05 | N120: 4.722e-05 | O120: 0 | P120: 0 | Q120: 0 | R120: 0 | S120: 0 | T120: 0 | U120: 0 | V120: 0 | W120: 0 | X120: 0 | Y120: 0 | Z120: 0 | AA120: 0 | AB120: 0 | AC120: 0 | AD120: 0 | AE120: 0 | AF120: 0 | AG120: 0 | AH120: 0 | AI120: 0 | AJ120: 0 | AK120: 0 | AL120: 0 | AM120: 0 | AN120: 0 | AO120: 0
A121: TOP69 | B121: BIN25:cp_mode3_ca_saf_comp | C121: 25 | D121: cp_mode3_ca_saf_comp | F121: SAF | G121: SCAN | H121: 0 | I121: 0 | J121: 0 | K121: 0 | L121: 0 | M121: 0 | N121: 0 | O121: 0 | P121: 0 | Q121: 0 | R121: 0 | S121: 0 | T121: 0 | U121: 0 | V121: 0 | W121: 0 | X121: 0 | Y121: 0 | Z121: 0 | AA121: 0 | AB121: 0 | AC121: 0 | AD121: 0 | AE121: 0 | AF121: 0 | AG121: 0 | AH121: 0 | AI121: 0 | AJ121: 0 | AK121: 0 | AL121: 0 | AM121: 0 | AN121: 0 | AO121: 0
A122: TOP70 | B122: BIN26:cp_mode4_ca_saf_top100_intl | C122: 26 | D122: cp_mode4_ca_saf_top100_intl | F122: SAF | G122: SCAN | H122: 0 | I122: 0 | J122: 0 | K122: 0 | L122: 0 | M122: 0 | N122: 0 | O122: 0 | P122: 0 | Q122: 0 | R122: 0 | S122: 0 | T122: 0 | U122: 0 | V122: 0 | W122: 0 | X122: 0 | Y122: 0 | Z122: 0 | AA122: 0 | AB122: 0 | AC122: 0 | AD122: 0 | AE122: 0 | AF122: 0 | AG122: 0 | AH122: 0 | AI122: 0 | AJ122: 0 | AK122: 0 | AL122: 0 | AM122: 0 | AN122: 0 | AO122: 0
A123: TOP71 | B123: BIN33:cp_mode4_bf_intl | C123: 33 | D123: cp_mode4_bf_intl | F123: BF | G123: SCAN | H123: 0 | I123: 0 | J123: 0 | K123: 0 | L123: 0 | M123: 0 | N123: 0 | O123: 0 | P123: 0 | Q123: 0 | R123: 0 | S123: 0 | T123: 0 | U123: 0 | V123: 0 | W123: 0 | X123: 0 | Y123: 0 | Z123: 0 | AA123: 0 | AB123: 0 | AC123: 0 | AD123: 0 | AE123: 0 | AF123: 0 | AG123: 0 | AH123: 0 | AI123: 0 | AJ123: 0 | AK123: 0 | AL123: 0 | AM123: 0 | AN123: 0 | AO123: 0
A124: TOP72 | B124: BIN34:cp_mode5_bf_comp | C124: 34 | D124: cp_mode5_bf_comp | F124: BF | G124: SCAN | H124: 0 | I124: 0 | J124: 0 | K124: 0 | L124: 0 | M124: 4.723e-05 | N124: 9.446e-05 | O124: 0 | P124: 0 | Q124: 0 | R124: 0 | S124: 0 | T124: 0 | U124: 0 | V124: 0 | W124: 0 | X124: 0 | Y124: 0 | Z124: 0 | AA124: 0 | AB124: 0 | AC124: 0 | AD124: 0 | AE124: 0 | AF124: 0 | AG124: 0 | AH124: 0 | AI124: 0 | AJ124: 0 | AK124: 0 | AL124: 0 | AM124: 0 | AN124: 0 | AO124: 0
A125: TOP73 | B125: BIN40:ft_mode2_tdf_c15_12plp30_cov75_tm22024_comp | C125: 40 | D125: ft_mode2_tdf_c15_12plp30_cov75_tm22024_comp | F125: TDF_HV | G125: SCAN | H125: 0 | I125: 0 | J125: 0 | K125: 0 | L125: 0 | M125: 9.445e-05 | N125: 0.0001889 | O125: 0 | P125: 0 | Q125: 0 | R125: 0 | S125: 0 | T125: 0 | U125: 0 | V125: 0 | W125: 0 | X125: 0 | Y125: 0 | Z125: 0 | AA125: 0 | AB125: 0 | AC125: 0 | AD125: 0 | AE125: 0 | AF125: 0 | AG125: 0 | AH125: 0 | AI125: 0 | AJ125: 0 | AK125: 0 | AL125: 0 | AM125: 0 | AN125: 0 | AO125: 0
A126: TOP74 | B126: BIN41:ft_mode3_tdf_c15_12plp25_top10k_comp | C126: 41 | D126: ft_mode3_tdf_c15_12plp25_top10k_comp | F126: TDF_HV | G126: SCAN | H126: 0 | I126: 0 | J126: 0 | K126: 0 | L126: 0 | M126: 7.084e-05 | N126: 0.00014168 | O126: 0 | P126: 0 | Q126: 0 | R126: 0 | S126: 0 | T126: 0 | U126: 0 | V126: 0 | W126: 0 | X126: 0 | Y126: 0 | Z126: 0 | AA126: 0 | AB126: 0 | AC126: 0 | AD126: 0 | AE126: 0 | AF126: 0 | AG126: 0 | AH126: 0 | AI126: 0 | AJ126: 0 | AK126: 0 | AL126: 0 | AM126: 0 | AN126: 0 | AO126: 0
A127: TOP75 | B127: BIN43:cp_mode2_tdf_ddr_3200M_cov92_comp | C127: 43 | D127: cp_mode2_tdf_ddr_3200M_cov92_comp | F127: TDF_HV | G127: SCAN | H127: 0 | I127: 0 | J127: 0 | K127: 0 | L127: 0 | M127: 0.00014168 | N127: 0.00028336 | O127: 0 | P127: 0 | Q127: 0 | R127: 0 | S127: 0 | T127: 0 | U127: 0 | V127: 0 | W127: 0 | X127: 0 | Y127: 0 | Z127: 0 | AA127: 0 | AB127: 0 | AC127: 0 | AD127: 0 | AE127: 0 | AF127: 0 | AG127: 0 | AH127: 0 | AI127: 0 | AJ127: 0 | AK127: 0 | AL127: 0 | AM127: 0 | AN127: 0 | AO127: 0
...

Sheet RL7032_TA01_V02_summary_raw_da
A1: 1 | B1: PASS BIN | C1: 23242 | D1: 0.8546 | N1: Project | O1: RL7032 | P1: RL7032 | Q1: RL7032 | R1: RL7032 | S1: RL7032 | T1: RL7032 | U1: RL7032 | V1: RL7032 | W1: RL7032 | X1: RL7032 | Y1: RL7032 | Z1: RL7032 | AA1: RL7032 | AB1: RL7032 | AC1: RL7032 | AD1: RL7032 | AE1: RL7032 | AF1: RL7032 | AG1: RL7032 | AH1: RL7032 | AI1: RL7032 | AJ1: RL7032 | AK1: RL7032 | AL1: RL7032 | AM1: RL7032 | AN1: RL7032
A2: Top_all | B2: BIN1 | C2: 23242 | D2: 0.8546 | N2: Product | O2: RL7032 | P2: RL7032 | Q2: RL7032 | R2: RL7032 | S2: RL7032 | T2: RL7032 | U2: RL7032 | V2: RL7032 | W2: RL7032 | X2: RL7032 | Y2: RL7032 | Z2: RL7032 | AA2: RL7032 | AB2: RL7032 | AC2: RL7032 | AD2: RL7032 | AE2: RL7032 | AF2: RL7032 | AG2: RL7032 | AH2: RL7032 | AI2: RL7032 | AJ2: RL7032 | AK2: RL7032 | AL2: RL7032 | AM2: RL7032 | AN2: RL7032
B3: IDD | C3: 105 | D3: 0.0039 | N3: Short Lot ID | O3: Q2FF2 | P3: Q2FF2 | Q3: Q2FF2 | R3: Q2FF2 | S3: Q2FF2 | T3: Q2FF2 | U3: Q2FF2 | V3: Q2FF2 | W3: Q2C99 | X3: Q2FF2 | Y3: Q2FF2 | Z3: Q2FF2 | AA3: Q2C99 | AB3: Q2C99 | AC3: Q2C99 | AD3: Q2FF2 | AE3: Q2C99 | AF3: Q2FF2 | AG3: Q2C99 | AH3: Q2FF2 | AI3: Q2FF2 | AJ3: Q2FF2 | AK3: Q2C99 | AL3: Q2C99 | AM3: Q2C99 | AN3: Q2C99
B4: OS | C4: 157 | D4: 0.0058 | N4: Lot ID | O4: Q2FF2 | P4: Q2FF2 | Q4: Q2FF2 | R4: Q2FF2 | S4: Q2FF2 | T4: Q2FF2 | U4: Q2FF2 | V4: Q2FF2 | W4: Q2C99 | X4: Q2FF2 | Y4: Q2FF2 | Z4: Q2FF2 | AA4: Q2C99 | AB4: Q2C99 | AC4: Q2C99 | AD4: Q2FF2 | AE4: Q2C99 | AF4: Q2FF2 | AG4: Q2C99 | AH4: Q2FF2 | AI4: Q2FF2 | AJ4: Q2FF2 | AK4: Q2C99 | AL4: Q2C99 | AM4: Q2C99 | AN4: Q2C99
B5: OTP | C5: 92 | D5: 0.0034 | N5: Wafer ID | O5: PFHN77-13G0 | P5: PFHN77-01E7 | Q5: PFHN77-21C2 | R5: PFHN77-23B0 | S5: PFHN77-15E6 | T5: PFHN77-04D0 | U5: PFHN77-18C7 | V5: PFHN77-19C2 | W5: PFEQ54-06E2 | X5: PFHN77-17D4 | Y5: PFHN77-03D5 | Z5: PFHN77-02E2 | AA5: PFEQ54-04F4 | AB5: PFEQ54-12B6 | AC5: PFEQ54-10D0 | AD5: PFHN77-16E1 | AE5: PFEQ54-08D0 | AF5: PFHN77-24A3 | AG5: PFEQ54-07D5 | AH5: PFHN77-20C7 | AI5: PFHN77-22B5 | AJ5: PFHN77-14F3 | AK5: PFEQ54-13B1 | AL5: PFEQ54-11C3 | AM5: PFEQ54-05E7 | AN5: PFEQ54-09C3
B6: SD | C6: 28 | D6: 0.001 | N6: Wafer NO. | O6: 13 | P6: 1 | Q6: 21 | R6: 23 | S6: 15 | T6: 4 | U6: 18 | V6: 19 | W6: 6 | X6: 17 | Y6: 3 | Z6: 2 | AA6: 4 | AB6: 12 | AC6: 10 | AD6: 16 | AE6: 8 | AF6: 24 | AG6: 7 | AH6: 20 | AI6: 22 | AJ6: 14 | AK6: 13 | AL6: 11 | AM6: 5 | AN6: 9
B7: OC | C7: 3 | D7: 0.0001 | N7: Re-Test | O7: 1 | P7: 1 | Q7: 1 | R7: 1 | S7: 1 | T7: 1 | U7: 1 | V7: 1 | W7: 1 | X7: 1 | Y7: 1 | Z7: 1 | AA7: 1 | AB7: 1 | AC7: 1 | AD7: 1 | AE7: 1 | AF7: 1 | AG7: 1 | AH7: 1 | AI7: 1 | AJ7: 1 | AK7: 1 | AL7: 1 | AM7: 1 | AN7: 1
B8: DIC | C8: 2 | D8: 0.0001 | N8: ProbeCard | O8: JP10646 | P8: JP10791 | Q8: JP10646 | R8: JP10646 | S8: JP10646 | T8: JP10791 | U8: JP10646 | V8: JP10646 | W8: JP10646 | X8: JP10646 | Y8: JP10791 | Z8: JP10791 | AA8: JP10646 | AB8: JP10646 | AC8: JP10646 | AD8: JP10646 | AE8: JP10646 | AF8: JP10646 | AG8: JP10646 | AH8: JP10646 | AI8: JP10646 | AJ8: JP10646 | AK8: JP10646 | AL8: JP10646 | AM8: JP10646 | AN8: JP10646
B9: BIST | C9: 822 | D9: 0.0302 | N9: Yield | O9: 0.7887 | P9: 0.8231 | Q9: 0.825 | R9: 0.826 | S9: 0.8279 | T9: 0.8308 | U9: 0.8394 | V9: 0.8442 | W9: 0.8547 | X9: 0.8547 | Y9: 0.8576 | Z9: 0.8585 | AA9: 0.8595 | AB9: 0.8604 | AC9: 0.8623 | AD9: 0.8623 | AE9: 0.8662 | AF9: 0.8671 | AG9: 0.8681 | AH9: 0.8681 | AI9: 0.8719 | AJ9: 0.8728 | AK9: 0.8767 | AL9: 0.8795 | AM9: 0.8862 | AN9: 0.8881
B10: SCAN | C10: 2724 | D10: 0.1002 | N10: CP | O10: CP1 | P10: CP1 | Q10: CP1 | R10: CP1 | S10: CP1 | T10: CP1 | U10: CP1 | V10: CP1 | W10: CP1 | X10: CP1 | Y10: CP1 | Z10: CP1 | AA10: CP1 | AB10: CP1 | AC10: CP1 | AD10: CP1 | AE10: CP1 | AF10: CP1 | AG10: CP1 | AH10: CP1 | AI10: CP1 | AJ10: CP1 | AK10: CP1 | AL10: CP1 | AM10: CP1 | AN10: CP1
B11: OTHER | C11: 20 | D11: 0.0007 | N11: Starttime | O11: 2026-02-18 10:35:22 | P11: 2026-02-21 17:34:41 | Q11: 2026-02-20 09:28:11 | R11: 2026-02-20 21:03:29 | S11: 2026-02-18 22:20:38 | T11: 2026-02-22 13:07:43 | U11: 2026-02-19 15:50:31 | V11: 2026-02-19 21:35:02 | W11: 2026-02-16 11:43:59 | X11: 2026-02-19 09:57:47 | Y11: 2026-02-22 07:20:27 | Z11: 2026-02-22 01:29:01 | AA11: 2026-02-15 23:52:50 | AB11: 2026-02-17 22:43:10 | AC11: 2026-02-17 11:05:12 | AD11: 2026-02-19 04:10:08 | AE11: 2026-02-16 23:22:55 | AF11: 2026-02-21 02:52:34 | AG11: 2026-02-16 17:29:38 | AH11: 2026-02-20 03:32:36 | AI11: 2026-02-20 15:13:21 | AJ11: 2026-02-18 16:24:44 | AK11: 2026-02-18 04:34:02 | AL11: 2026-02-17 16:52:32 | AM11: 2026-02-16 05:43:38 | AN11: 2026-02-17 05:12:23
B12: POR | C12: 1 | D12: 0 | N12: Endtime | O12: 2026-02-18 16:22:16 | P12: 2026-02-22 01:26:34 | Q12: 2026-02-20 15:10:53 | R12: 2026-02-21 02:50:05 | S12: 2026-02-19 04:07:39 | T12: 2026-02-22 19:06:44 | U12: 2026-02-19 21:32:36 | V12: 2026-02-20 03:30:09 | W12: 2026-02-16 17:27:07 | X12: 2026-02-19 15:48:04 | Y12: 2026-02-22 13:05:16 | Z12: 2026-02-22 07:17:51 | AA12: 2026-02-16 05:41:07 | AB12: 2026-02-18 04:31:38 | AC12: 2026-02-17 16:50:06 | AD12: 2026-02-19 09:55:18 | AE12: 2026-02-17 05:09:55 | AF12: 2026-02-21 08:40:21 | AG12: 2026-02-16 23:20:27 | AH12: 2026-02-20 09:25:41 | AI12: 2026-02-20 21:01:02 | AJ12: 2026-02-18 22:18:03 | AK12: 2026-02-18 10:24:08 | AL12: 2026-02-17 22:40:40 | AM12: 2026-02-16 11:41:30 | AN12: 2026-02-17 11:02:42
A13: 1 | B13: PASS BIN | C13: 23242 | D13: 0.8546 | E13: PASS BIN | N13: Week | O13: 202608 | P13: 202608 | Q13: 202608 | R13: 202608 | S13: 202608 | T13: 202608 | U13: 202608 | V13: 202608 | W13: 202608 | X13: 202608 | Y13: 202608 | Z13: 202608 | AA13: 202608 | AB13: 202608 | AC13: 202608 | AD13: 202608 | AE13: 202608 | AF13: 202608 | AG13: 202608 | AH13: 202608 | AI13: 202608 | AJ13: 202608 | AK13: 202608 | AL13: 202608 | AM13: 202608 | AN13: 202608
B14: BIN1 | C14: 23242 | D14: 0.8546 | E14: PASS BIN | N14: Month | O14: 2026-02 | P14: 2026-02 | Q14: 2026-02 | R14: 2026-02 | S14: 2026-02 | T14: 2026-02 | U14: 2026-02 | V14: 2026-02 | W14: 2026-02 | X14: 2026-02 | Y14: 2026-02 | Z14: 2026-02 | AA14: 2026-02 | AB14: 2026-02 | AC14: 2026-02 | AD14: 2026-02 | AE14: 2026-02 | AF14: 2026-02 | AG14: 2026-02 | AH14: 2026-02 | AI14: 2026-02 | AJ14: 2026-02 | AK14: 2026-02 | AL14: 2026-02 | AM14: 2026-02 | AN14: 2026-02
B15: IDD | C15: 105 | D15: 0.0039 | E15: IDD | N15: Program | O15: RL7032_TA01 | P15: RL7032_TA01 | Q15: RL7032_TA01 | R15: RL7032_TA01 | S15: RL7032_TA01 | T15: RL7032_TA01 | U15: RL7032_TA01 | V15: RL7032_TA01 | W15: RL7032_TA01 | X15: RL7032_TA01 | Y15: RL7032_TA01 | Z15: RL7032_TA01 | AA15: RL7032_TA01 | AB15: RL7032_TA01 | AC15: RL7032_TA01 | AD15: RL7032_TA01 | AE15: RL7032_TA01 | AF15: RL7032_TA01 | AG15: RL7032_TA01 | AH15: RL7032_TA01 | AI15: RL7032_TA01 | AJ15: RL7032_TA01 | AK15: RL7032_TA01 | AL15: RL7032_TA01 | AM15: RL7032_TA01 | AN15: RL7032_TA01
B16: OS | C16: 157 | D16: 0.0058 | E16: OS | N16: Version(ECN) | O16: RL7032_TA01_V02 | P16: RL7032_TA01_V02 | Q16: RL7032_TA01_V02 | R16: RL7032_TA01_V02 | S16: RL7032_TA01_V02 | T16: RL7032_TA01_V02 | U16: RL7032_TA01_V02 | V16: RL7032_TA01_V02 | W16: RL7032_TA01_V02 | X16: RL7032_TA01_V02 | Y16: RL7032_TA01_V02 | Z16: RL7032_TA01_V02 | AA16: RL7032_TA01_V02 | AB16: RL7032_TA01_V02 | AC16: RL7032_TA01_V02 | AD16: RL7032_TA01_V02 | AE16: RL7032_TA01_V02 | AF16: RL7032_TA01_V02 | AG16: RL7032_TA01_V02 | AH16: RL7032_TA01_V02 | AI16: RL7032_TA01_V02 | AJ16: RL7032_TA01_V02 | AK16: RL7032_TA01_V02 | AL16: RL7032_TA01_V02 | AM16: RL7032_TA01_V02 | AN16: RL7032_TA01_V02
B17: OTP | C17: 92 | D17: 0.0034 | E17: OTP | N17: Pass Die | O17: 825 | P17: 861 | Q17: 863 | R17: 864 | S17: 866 | T17: 869 | U17: 878 | V17: 883 | W17: 894 | X17: 894 | Y17: 897 | Z17: 898 | AA17: 899 | AB17: 900 | AC17: 902 | AD17: 902 | AE17: 906 | AF17: 907 | AG17: 908 | AH17: 908 | AI17: 912 | AJ17: 913 | AK17: 917 | AL17: 920 | AM17: 927 | AN17: 929
B18: HDMI | C18: 20 | D18: 0.0007 | E18: SD | N18: Total Die | O18: 1046 | P18: 1046 | Q18: 1046 | R18: 1046 | S18: 1046 | T18: 1046 | U18: 1046 | V18: 1046 | W18: 1046 | X18: 1046 | Y18: 1046 | Z18: 1046 | AA18: 1046 | AB18: 1046 | AC18: 1046 | AD18: 1046 | AE18: 1046 | AF18: 1046 | AG18: 1046 | AH18: 1046 | AI18: 1046 | AJ18: 1046 | AK18: 1046 | AL18: 1046 | AM18: 1046 | AN18: 1046
B19: PLL | C19: 2 | D19: 0.0001 | E19: SD | I19: PASS BIN | M19: 0.84970347 | N19: 1.6994069 | O19: 0.78871893 | P19: 0.82313576 | Q19: 0.8250478 | R19: 0.82600382 | S19: 0.82791587 | T19: 0.83078394 | U19: 0.83938815 | V19: 0.84416826 | W19: 0.85468451 | X19: 0.85468451 | Y19: 0.85755258 | Z19: 0.8585086 | AA19: 0.85946463 | AB19: 0.86042065 | AC19: 0.8623327 | AD19: 0.8623327 | AE19: 0.86615679 | AF19: 0.86711281 | AG19: 0.86806883 | AH19: 0.86806883 | AI19: 0.87189293 | AJ19: 0.87284895 | AK19: 0.87667304 | AL19: 0.87954111 | AM19: 0.88623327 | AN19: 0.88814532
B20: VDC | C20: 0 | D20: 0 | E20: SD | I20: IDD | M20: 0.00458703 | N20: 0.00917406 | O20: 0.00764818 | P20: 0.00764818 | Q20: 0.00382409 | R20: 0.00573614 | S20: 0.00478011 | T20: 0.00573614 | U20: 0.00573614 | V20: 0.00382409 | W20: 0 | X20: 0.00669216 | Y20: 0.00095602 | Z20: 0.00669216 | AA20: 0.00286807 | AB20: 0.00669216 | AC20: 0.00191205 | AD20: 0.00286807 | AE20: 0 | AF20: 0.00095602 | AG20: 0.00191205 | AH20: 0.00095602 | AI20: 0.00191205 | AJ20: 0.00478011 | AK20: 0.00573614 | AL20: 0.00478011 | AM20: 0.00095602 | AN20: 0.00478011
B21: USB | C21: 0 | D21: 0 | E21: SD | I21: OS | M21: 0.00802021 | N21: 0.01604042 | O21: 0.00573614 | P21: 0.00764818 | Q21: 0.00573614 | R21: 0.01051625 | S21: 0.00669216 | T21: 0.00478011 | U21: 0.00382409 | V21: 0.00764818 | W21: 0.00764818 | X21: 0.00478011 | Y21: 0.00382409 | Z21: 0.00095602 | AA21: 0.00573614 | AB21: 0.00764818 | AC21: 0.00764818 | AD21: 0.00382409 | AE21: 0.00382409 | AF21: 0.00669216 | AG21: 0.00669216 | AH21: 0.00669216 | AI21: 0.00478011 | AJ21: 0.00764818 | AK21: 0.00286807 | AL21: 0.00191205 | AM21: 0.00573614 | AN21: 0.00860421
B22: ADC | C22: 0 | D22: 0 | E22: SD | I22: OTP | M22: 0.00435582 | N22: 0.00871164 | O22: 0.01051625 | P22: 0.0124283 | Q22: 0.01147228 | R22: 0.00669216 | S22: 0.00669216 | T22: 0.00191205 | U22: 0.00191205 | V22: 0.02007648 | W22: 0 | X22: 0.00382409 | Y22: 0 | Z22: 0.00286807 | AA22: 0 | AB22: 0.00191205 | AC22: 0 | AD22: 0 | AE22: 0 | AF22: 0.00191205 | AG22: 0.00095602 | AH22: 0 | AI22: 0 | AJ22: 0.00095602 | AK22: 0 | AL22: 0.00095602 | AM22: 0.00095602 | AN22: 0.00191205
B23: PIF | C23: 3 | D23: 0.0001 | E23: SD | I23: HDMI | M23: 0.00088992 | N23: 0.00177984 | O23: 0.00191205 | P23: 0 | Q23: 0 | R23: 0.00191205 | S23: 0.00382409 | T23: 0.00095602 | U23: 0 | V23: 0.00478011 | W23: 0 | X23: 0.00191205 | Y23: 0 | Z23: 0.00095602 | AA23: 0 | AB23: 0.00095602 | AC23: 0 | AD23: 0 | AE23: 0 | AF23: 0 | AG23: 0 | AH23: 0 | AI23: 0 | AJ23: 0.00095602 | AK23: 0.00095602 | AL23: 0 | AM23: 0 | AN23: 0
B24: TCON | C24: 0 | D24: 0 | E24: SD | I24: PLL | M24: 5.017e-05 | N24: 0.00010034 | O24: 0 | P24: 0 | Q24: 0 | R24: 0 | S24: 0 | T24: 0 | U24: 0 | V24: 0 | W24: 0 | X24: 0 | Y24: 0 | Z24: 0 | AA24: 0 | AB24: 0.00095602 | AC24: 0 | AD24: 0 | AE24: 0 | AF24: 0 | AG24: 0 | AH24: 0 | AI24: 0 | AJ24: 0 | AK24: 0 | AL24: 0 | AM24: 0 | AN24: 0.00095602
B25: LDO | C25: 0 | D25: 0 | E25: SD | I25: VDC | M25: 3.054e-05 | N25: 6.108e-05 | O25: 0 | P25: 0 | Q25: 0 | R25: 0 | S25: 0 | T25: 0 | U25: 0 | V25: 0 | W25: 0 | X25: 0 | Y25: 0 | Z25: 0 | AA25: 0 | AB25: 0 | AC25: 0 | AD25: 0 | AE25: 0 | AF25: 0 | AG25: 0 | AH25: 0 | AI25: 0 | AJ25: 0 | AK25: 0 | AL25: 0 | AM25: 0 | AN25: 0
B26: SARADC | C26: 0 | D26: 0 | E26: SD | I26: USB | M26: 2.181e-05 | N26: 4.362e-05 | O26: 0 | P26: 0 | Q26: 0 | R26: 0 | S26: 0 | T26: 0 | U26: 0 | V26: 0 | W26: 0 | X26: 0 | Y26: 0 | Z26: 0 | AA26: 0 | AB26: 0 | AC26: 0 | AD26: 0 | AE26: 0 | AF26: 0 | AG26: 0 | AH26: 0 | AI26: 0 | AJ26: 0 | AK26: 0 | AL26: 0 | AM26: 0 | AN26: 0
B27: SD_OTHER | C27: 2 | D27: 0.0001 | E27: SD | I27: ADC | M27: 2.18e-06 | N27: 4.36e-06 | O27: 0 | P27: 0 | Q27: 0 | R27: 0 | S27: 0 | T27: 0 | U27: 0 | V27: 0 | W27: 0 | X27: 0 | Y27: 0 | Z27: 0 | AA27: 0 | AB27: 0 | AC27: 0 | AD27: 0 | AE27: 0 | AF27: 0 | AG27: 0 | AH27: 0 | AI27: 0 | AJ27: 0 | AK27: 0 | AL27: 0 | AM27: 0 | AN27: 0
B28: GPIO | C28: 1 | D28: 0 | E28: SD | I28: PIF | M28: 6.544e-05 | N28: 0.00013088 | O28: 0.00095602 | P28: 0 | Q28: 0 | R28: 0 | S28: 0 | T28: 0 | U28: 0 | V28: 0 | W28: 0 | X28: 0 | Y28: 0 | Z28: 0.00191205 | AA28: 0 | AB28: 0 | AC28: 0 | AD28: 0 | AE28: 0 | AF28: 0 | AG28: 0 | AH28: 0 | AI28: 0 | AJ28: 0 | AK28: 0 | AL28: 0 | AM28: 0 | AN28: 0
B29: ETN | C29: 0 | D29: 0 | E29: SD | I29: TCON | M29: 2.18e-06 | N29: 4.36e-06 | O29: 0 | P29: 0 | Q29: 0 | R29: 0 | S29: 0 | T29: 0 | U29: 0 | V29: 0 | W29: 0 | X29: 0 | Y29: 0 | Z29: 0 | AA29: 0 | AB29: 0 | AC29: 0 | AD29: 0 | AE29: 0 | AF29: 0 | AG29: 0 | AH29: 0 | AI29: 0 | AJ29: 0 | AK29: 0 | AL29: 0 | AM29: 0 | AN29: 0
B30: EARC | C30: 0 | D30: 0 | E30: SD | I30: LDO | M30: 8.72e-06 | N30: 1.744e-05 | O30: 0 | P30: 0 | Q30: 0 | R30: 0 | S30: 0 | T30: 0 | U30: 0 | V30: 0 | W30: 0 | X30: 0 | Y30: 0 | Z30: 0 | AA30: 0 | AB30: 0 | AC30: 0 | AD30: 0 | AE30: 0 | AF30: 0 | AG30: 0 | AH30: 0 | AI30: 0 | AJ30: 0 | AK30: 0 | AL30: 0 | AM30: 0 | AN30: 0
... B44: POR | C44: 1 | D44: 0 | E44: POR | I44: SAF | M44: 0.08249231 | N44: 0.16498462 | O44: 0.1166348 | P44: 0.09560229 | Q44: 0.09751434 | R44: 0.07743786 | S44: 0.10133843 | T44: 0.10038241 | U44: 0.09655832 | V44: 0.07170172 | W44: 0.09560229 | X44: 0.06022945 | Y44: 0.08413002 | Z44: 0.07361377 | AA44: 0.09369025 | AB44: 0.07552581 | AC44: 0.08508604 | AD44: 0.08699809 | AE44: 0.09369025 | AF44: 0.0793499 | AG44: 0.08413002 | AH44: 0.07839388 | AI44: 0.07265774 | AJ44: 0.06118547 | AK44: 0.08221797 | AL44: 0.07839388 | AM44: 0.07456979 | AN44: 0.06118547
I45: SDD_LV | M45: 0.0022488 | N45: 0.0044976 | O45: 0.00191205 | P45: 0.00095602 | Q45: 0.00095602 | R45: 0.00095602 | S45: 0.00191205 | T45: 0.00286807 | U45: 0.00191205 | V45: 0.00191205 | W45: 0.00095602 | X45: 0.00095602 | Y45: 0.00382409 | Z45: 0.00191205 | AA45: 0 | AB45: 0.00095602 | AC45: 0.00095602 | AD45: 0.00382409 | AE45: 0.00191205 | AF45: 0.00286807 | AG45: 0 | AH45: 0.00191205 | AI45: 0.00095602 | AJ45: 0.00095602 | AK45: 0.00286807 | AL45: 0.00095602 | AM45: 0 | AN45: 0.00286807
I46: TDF_HV | M46: 0.00791987 | N46: 0.01583974 | O46: 0.00956023 | P46: 0.01434034 | Q46: 0.00573614 | R46: 0.02963671 | S46: 0.01338432 | T46: 0.01434034 | U46: 0.00669216 | V46: 0.01816444 | W46: 0.00669216 | X46: 0.01051625 | Y46: 0.01051625 | Z46: 0.00956023 | AA46: 0.00095602 | AB46: 0.00382409 | AC46: 0.00956023 | AD46: 0.01147228 | AE46: 0.00286807 | AF46: 0.00764818 | AG46: 0.00382409 | AH46: 0.01051625 | AI46: 0.00956023 | AJ46: 0.00860421 | AK46: 0.00669216 | AL46: 0.00286807 | AM46: 0.00191205 | AN46: 0.00382409
I47: BF | M47: 0.0015072 | N47: 0.0030144 | O47: 0.00095602 | P47: 0.00286807 | Q47: 0.00095602 | R47: 0 | S47: 0 | T47: 0 | U47: 0.00095602 | V47: 0.00286807 | W47: 0.00095602 | X47: 0.00095602 | Y47: 0 | Z47: 0.00286807 | AA47: 0 | AB47: 0 | AC47: 0.00286807 | AD47: 0.00191205 | AE47: 0.00191205 | AF47: 0 | AG47: 0 | AH47: 0 | AI47: 0.00095602 | AJ47: 0 | AK47: 0.00095602 | AL47: 0 | AM47: 0.00095602 | AN47: 0
I48: OTHER | M48: 0.00066308 | N48: 0.00132616 | O48: 0.00191205 | P48: 0.00095602 | Q48: 0 | R48: 0 | S48: 0.00095602 | T48: 0 | U48: 0.00095602 | V48: 0 | W48: 0 | X48: 0.00095602 | Y48: 0.00191205 | Z48: 0.00191205 | AA48: 0.00095602 | AB48: 0 | AC48: 0.00095602 | AD48: 0.00286807 | AE48: 0.00095602 | AF48: 0.00095602 | AG48: 0 | AH48: 0 | AI48: 0 | AJ48: 0 | AK48: 0.00095602 | AL48: 0.00191205 | AM48: 0 | AN48: 0
I49: POR | M49: 8.507e-05 | N49: 0.00017014 | O49: 0 | P49: 0 | Q49: 0 | R49: 0 | S49: 0 | T49: 0 | U49: 0 | V49: 0 | W49: 0 | X49: 0 | Y49: 0.00095602 | Z49: 0 | AA49: 0 | AB49: 0 | AC49: 0 | AD49: 0 | AE49: 0 | AF49: 0 | AG49: 0 | AH49: 0 | AI49: 0 | AJ49: 0 | AK49: 0 | AL49: 0 | AM49: 0 | AN49: 0
A50: 2026-02-16-2026-02-22 | J50: 26
A51: Order | B51: Item | C51: Bin | D51: Test program | E51: Test voltage | F51: Fail Type | G51: Fail Type | H51: q'ty | I51: % | J51: >10% | K51: >avg*2 | L51: Max | M51: Avg % | N51: Highlight %
A52: TOP | B52: PASS BIN | D52: PASS BIN | F52: PASS BIN | G52: PASS BIN | H52: 23242 | I52: 0.8546 | M52: 0.84970347 | N52: wafer_count=439 | O52: 0.78871893 | P52: 0.82313576 | Q52: 0.8250478 | R52: 0.82600382 | S52: 0.82791587 | T52: 0.83078394 | U52: 0.83938815 | V52: 0.84416826 | W52: 0.85468451 | X52: 0.85468451 | Y52: 0.85755258 | Z52: 0.8585086 | AA52: 0.85946463 | AB52: 0.86042065 | AC52: 0.8623327 | AD52: 0.8623327 | AE52: 0.86615679 | AF52: 0.86711281 | AG52: 0.86806883 | AH52: 0.86806883 | AI52: 0.87189293 | AJ52: 0.87284895 | AK52: 0.87667304 | AL52: 0.87954111 | AM52: 0.88623327 | AN52: 0.88814532
A53: TOP | B53: PASS BIN | C53: 1 | D53: PASS BIN | F53: PASS BIN | G53: PASS BIN | H53: 23242 | I53: 0.85461097 | J53: 26 | K53: 0 | L53: 0.88814532 | M53: 0.84970347 | N53: 1.6994069 | O53: 0.78871893 | P53: 0.82313576 | Q53: 0.8250478 | R53: 0.82600382 | S53: 0.82791587 | T53: 0.83078394 | U53: 0.83938815 | V53: 0.84416826 | W53: 0.85468451 | X53: 0.85468451 | Y53: 0.85755258 | Z53: 0.8585086 | AA53: 0.85946463 | AB53: 0.86042065 | AC53: 0.8623327 | AD53: 0.8623327 | AE53: 0.86615679 | AF53: 0.86711281 | AG53: 0.86806883 | AH53: 0.86806883 | AI53: 0.87189293 | AJ53: 0.87284895 | AK53: 0.87667304 | AL53: 0.87954111 | AM53: 0.88623327 | AN53: 0.88814532
A54: TOP1 | B54: BIN15:cp_mode3_saf_comp_retest | C54: 15 | D54: cp_mode3_saf_comp_retest | F54: SAF | G54: SCAN | H54: 957 | I54: 0.035189 | J54: 0 | K54: 0 | L54: 0.062141491 | M54: 0.03228149 | N54: 0.06456298 | O54: 0.06214149 | P54: 0.05066922 | Q54: 0.04015296 | R54: 0.04015296 | S54: 0.04206501 | T54: 0.04206501 | U54: 0.04015296 | V54: 0.02963671 | W54: 0.03728489 | X54: 0.02390057 | Y54: 0.03250478 | Z54: 0.02772467 | AA54: 0.03919694 | AB54: 0.0334608 | AC54: 0.0334608 | AD54: 0.03537285 | AE54: 0.03154876 | AF54: 0.03250478 | AG54: 0.0334608 | AH54: 0.03441683 | AI54: 0.02963671 | AJ54: 0.02390057 | AK54: 0.03632887 | AL54: 0.02676864 | AM54: 0.03250478 | AN54: 0.02390057
A55: TOP2 | B55: BIN13:cp_mode2_saf_spc25_comp_retest | C55: 13 | D55: cp_mode2_saf_spc25_comp_retest | F55: SAF | G55: SCAN | H55: 763 | I55: 0.0280556 | J55: 0 | K55: 0 | L55: 0.041108987 | M55: 0.02777953 | N55: 0.05555906 | O55: 0.02676864 | P55: 0.02772467 | Q55: 0.02390057 | R55: 0.0210325 | S55: 0.03824092 | T55: 0.03154876 | U55: 0.04110899 | V55: 0.02294455 | W55: 0.0334608 | X55: 0.0248566 | Y55: 0.03441683 | Z55: 0.02390057 | AA55: 0.0334608 | AB55: 0.02390057 | AC55: 0.03537285 | AD55: 0.02581262 | AE55: 0.03250478 | AF55: 0.02581262 | AG55: 0.03154876 | AH55: 0.0210325 | AI55: 0.02676864 | AJ55: 0.02294455 | AK55: 0.02676864 | AL55: 0.02676864 | AM55: 0.01912046 | AN55: 0.02772467
A56: TOP3 | B56: BIN68:all_bist_mp_HV | C56: 68 | D56: all_bist_mp_HV | F56: BIST_HV | G56: BIST | H56: 481 | I56: 0.01768642 | J56: 0 | K56: 0 | L56: 0.023900574 | M56: 0.02079103 | N56: 0.04158206 | O56: 0.01912046 | P56: 0.01625239 | Q56: 0.02294455 | R56: 0.0210325 | S56: 0.02007648 | T56: 0.02007648 | U56: 0.02294455 | V56: 0.01434034 | W56: 0.01912046 | X56: 0.02390057 | Y56: 0.01816444 | Z56: 0.02007648 | AA56: 0.01912046 | AB56: 0.02007648 | AC56: 0.01529637 | AD56: 0.00764818 | AE56: 0.01147228 | AF56: 0.01720841 | AG56: 0.02007648 | AH56: 0.01434034 | AI56: 0.0210325 | AJ56: 0.0124283 | AK56: 0.00956023 | AL56: 0.01529637 | AM56: 0.02007648 | AN56: 0.01816444
A57: TOP4 | B57: BIN9:cp_mode0_saf_comp | C57: 9 | D57: cp_mode0_saf_comp | F57: SAF | G57: SCAN | H57: 277 | I57: 0.01018532 | J57: 0 | K57: 0 | L57: 0.017208413 | M57: 0.01026901 | N57: 0.02053802 | O57: 0.01434034 | P57: 0.00956023 | Q57: 0.01720841 | R57: 0.00764818 | S57: 0.01051625 | T57: 0.01338432 | U57: 0.01147228 | V57: 0.00764818 | W57: 0.01625239 | X57: 0.00764818 | Y57: 0.00956023 | Z57: 0.01147228 | AA57: 0.00860421 | AB57: 0.00764818 | AC57: 0.00478011 | AD57: 0.00956023 | AE57: 0.01434034 | AF57: 0.00956023 | AG57: 0.00860421 | AH57: 0.01338432 | AI57: 0.00956023 | AJ57: 0.01051625 | AK57: 0.00860421 | AL57: 0.0124283 | AM57: 0.00764818 | AN57: 0.00286807
A58: TOP5 | B58: BIN11:cp_mode1_saf_comp | C58: 11 | D58: cp_mode1_saf_comp | F58: SAF | G58: SCAN | H58: 227 | I58: 0.00834682 | J58: 0 | K58: 0 | L58: 0.014340344 | M58: 0.0094118 | N58: 0.0188236 | O58: 0.00956023 | P58: 0.00478011 | Q58: 0.01338432 | R58: 0.00573614 | S58: 0.00764818 | T58: 0.0124283 | U58: 0.00382409 | V58: 0.00956023 | W58: 0.00669216 | X58: 0.00286807 | Y58: 0.00669216 | Z58: 0.00860421 | AA58: 0.00956023 | AB58: 0.00764818 | AC58: 0.00956023 | AD58: 0.01434034 | AE58: 0.01147228 | AF58: 0.01051625 | AG58: 0.00956023 | AH58: 0.00764818 | AI58: 0.00573614 | AJ58: 0.00382409 | AK58: 0.00860421 | AL58: 0.01051625 | AM58: 0.00956023 | AN58: 0.00669216
A59: TOP6 | B59: BIN75:scpu_bisr_bist_drf_vddr_mp_X1 | C59: 75 | D59: scpu_bisr_bist_drf_vddr_mp_X1 | F59: BIST_HV | G59: BIST | H59: 179 | I59: 0.00658185 | J59: 0 | K59: 2 | L59: 0.013384321 | M59: 0.00553584 | N59: 0.01107168 | O59: 0.01147228 | P59: 0.00764818 | Q59: 0.00860421 | R59: 0.00764818 | S59: 0.00764818 | T59: 0.00860421 | U59: 0.00669216 | V59: 0.00478011 | W59: 0.00764818 | X59: 0.01338432 | Y59: 0.00956023 | Z59: 0.00286807 | AA59: 0.00669216 | AB59: 0.00669216 | AC59: 0.00573614 | AD59: 0.00860421 | AE59: 0.00573614 | AF59: 0.00382409 | AG59: 0.00573614 | AH59: 0.00382409 | AI59: 0.00669216 | AJ59: 0.00956023 | AK59: 0.00286807 | AL59: 0.00191205 | AM59: 0.00382409 | AN59: 0.00286807
A60: TOP7 | B60: BIN32:cp_mode3_tdf_comp_HV_retest | C60: 32 | D60: cp_mode3_tdf_comp_HV_retest | F60: TDF_HV | G60: SCAN | H60: 138 | I60: 0.00507428 | J60: 0 | K60: 4 | L60: 0.013384321 | M60: 0.00456303 | N60: 0.00912606 | O60: 0.00669216 | P60: 0.00956023 | Q60: 0.00382409 | R60: 0.01338432 | S60: 0.00764818 | T60: 0.01051625 | U60: 0.00382409 | V60: 0.01051625 | W60: 0.00382409 | X60: 0.00860421 | Y60: 0.00860421 | Z60: 0.00669216 | AA60: 0 | AB60: 0.00095602 | AC60: 0.00669216 | AD60: 0.00478011 | AE60: 0.00191205 | AF60: 0.00286807 | AG60: 0.00191205 | AH60: 0.00095602 | AI60: 0.00669216 | AJ60: 0.00191205 | AK60: 0.00573614 | AL60: 0.00095602 | AM60: 0.00095602 | AN60: 0.00191205
A61: TOP8 | B61: BIN5:IDD | C61: 5 | D61: IDD | F61: IDD | G61: IDD | H61: 105 | I61: 0.00386086 | J61: 0 | K61: 0 | L61: 0.0076481836 | M61: 0.0045434 | N61: 0.0090868 | O61: 0.00764818 | P61: 0.00764818 | Q61: 0.00382409 | R61: 0.00573614 | S61: 0.00478011 | T61: 0.00573614 | U61: 0.00573614 | V61: 0.00382409 | W61: 0 | X61: 0.00669216 | Y61: 0.00095602 | Z61: 0.00669216 | AA61: 0.00286807 | AB61: 0.00669216 | AC61: 0.00191205 | AD61: 0.00286807 | AE61: 0 | AF61: 0.00095602 | AG61: 0.00191205 | AH61: 0.00095602 | AI61: 0.00191205 | AJ61: 0.00478011 | AK61: 0.00573614 | AL61: 0.00478011 | AM61: 0.00095602 | AN61: 0.00478011
A62: TOP9 | B62: BIN269:OTP_iddq_rtk | C62: 269 | D62: OTP_iddq_rtk | F62: OTP | G62: OTP | H62: 84 | I62: 0.00308869 | J62: 0 | K62: 4 | L62: 0.020076482 | M62: 0.00422059 | N62: 0.00844118 | O62: 0.00956023 | P62: 0.01051625 | Q62: 0.01147228 | R62: 0.00669216 | S62: 0.00669216 | T62: 0.00191205 | U62: 0.00191205 | V62: 0.02007648 | W62: 0 | X62: 0.00382409 | Y62: 0 | Z62: 0.00095602 | AA62: 0 | AB62: 0.00191205 | AC62: 0 | AD62: 0 | AE62: 0 | AF62: 0 | AG62: 0.00095602 | AH62: 0 | AI62: 0 | AJ62: 0.00095602 | AK62: 0 | AL62: 0 | AM62: 0.00095602 | AN62: 0.00191205
A63: TOP10 | B63: BIN2:OpenShort | C63: 2 | D63: OpenShort | F63: OS | G63: OS | H63: 82 | I63: 0.00301515 | J63: 0 | K63: 0 | L63: 0.0057361377 | M63: 0.00425985 | N63: 0.0085197 | O63: 0.00573614 | P63: 0.00478011 | Q63: 0.00478011 | R63: 0.00573614 | S63: 0.00478011 | T63: 0.00095602 | U63: 0 | V63: 0.00382409 | W63: 0.00382409 | X63: 0.00382409 | Y63: 0.00286807 | Z63: 0 | AA63: 0.00286807 | AB63: 0.00478011 | AC63: 0.00478011 | AD63: 0.00286807 | AE63: 0.00382409 | AF63: 0.00286807 | AG63: 0.00382409 | AH63: 0 | AI63: 0 | AJ63: 0.00191205 | AK63: 0.00095602 | AL63: 0.00095602 | AM63: 0.00191205 | AN63: 0.00573614
A64: TOP11 | B64: BIN46:cp_mode3_tdf_comp_LV_retest | C64: 46 | D64: cp_mode3_tdf_comp_LV_retest | F64: TDF_LV | G64: SCAN | H64: 81 | I64: 0.00297838 | J64: 0 | K64: 9 | L64: 0.0057361377 | M64: 0.00177984 | N64: 0.00355968 | O64: 0.00573614 | P64: 0.00191205 | Q64: 0.00191205 | R64: 0.00191205 | S64: 0.00191205 | T64: 0.00286807 | U64: 0.00382409 | V64: 0.00286807 | W64: 0.00191205 | X64: 0.00573614 | Y64: 0 | Z64: 0.00095602 | AA64: 0.00095602 | AB64: 0.00573614 | AC64: 0.00478011 | AD64: 0.00286807 | AE64: 0.00382409 | AF64: 0.00478011 | AG64: 0.00286807 | AH64: 0.00478011 | AI64: 0.00191205 | AJ64: 0.00478011 | AK64: 0.00286807 | AL64: 0.00191205 | AM64: 0.00191205 | AN64: 0.00191205
... A338: TOP285 | B338: BIN999:set-error-bin | C338: 999 | D338: set-error-bin | F338: OTHER | G338: OTHER | H338: 0 | I338: 0 | J338: 0 | K338: 0 | L338: 0 | M338: 0 | N338: 0 | O338: 0 | P338: 0 | Q338: 0 | R338: 0 | S338: 0 | T338: 0 | U338: 0 | V338: 0 | W338: 0 | X338: 0 | Y338: 0 | Z338: 0 | AA338: 0 | AB338: 0 | AC338: 0 | AD338: 0 | AE338: 0 | AF338: 0 | AG338: 0 | AH338: 0 | AI338: 0 | AJ338: 0 | AK338: 0 | AL338: 0 | AM338: 0 | AN338: 0
O339: TDX324A | P339: TDX324A | Q339: TDX324A | R339: TDX324A | S339: TDX324A | T339: TDX324A | U339: TDX324A | V339: TDX324A | W339: TDX324A | X339: TDX324A | Y339: TDX324A | Z339: TDX324A | AA339: TDX324A | AB339: TDX324A | AC339: TDX324A | AD339: TDX324A | AE339: TDX324A | AF339: TDX324A | AG339: TDX324A | AH339: TDX324A | AI339: TDX324A | AJ339: TDX324A | AK339: TDX324A | AL339: TDX324A | AM339: TDX324A | AN339: TDX324A

Sheet RL6982ZA_HD_TA01_V05_summary_r
A1: 1 | B1: PASS BIN | C1: 414394 | D1: 0.8999 | N1: Project | O1: RL6982 | P1: RL6982 | Q1: RL6982 | R1: RL6982 | S1: RL6982 | T1: RL6982 | U1: RL6982 | V1: RL6982 | W1: RL6982 | X1: RL6982 | Y1: RL6982 | Z1: RL6982 | AA1: RL6982 | AB1: RL6982 | AC1: RL6982 | AD1: RL6982 | AE1: RL6982 | AF1: RL6982 | AG1: RL6982 | AH1: RL6982 | AI1: RL6982 | AJ1: RL6982 | AK1: RL6982 | AL1: RL6982 | AM1: RL6982 | AN1: RL6982 | AO1: RL6982 | AP1: RL6982 | AQ1: RL6982 | AR1: RL6982 | AS1: RL6982 | AT1: RL6982 | AU1: RL6982 | AV1: RL6982 | AW1: RL6982 | AX1: RL6982 | AY1: RL6982 | AZ1: RL6982 | BA1: RL6982 | BB1: RL6982 | BC1: RL6982 | BD1: RL6982 | BE1: RL6982 | BF1: RL6982 | BG1: RL6982 | BH1: RL6982 | BI1: RL6982 | BJ1: RL6982 | BK1: RL6982 | BL1: RL6982 | BM1: RL6982 | BN1: RL6982 | BO1: RL6982 | BP1: RL6982 | BQ1: RL6982 | BR1: RL6982 | BS1: RL6982 | BT1: RL6982 | BU1: RL6982 | BV1: RL6982 | BW1: RL6982 | BX1: RL6982 | BY1: RL6982 | BZ1: RL6982 | CA1: RL6982 | CB1: RL6982 | CC1: RL6982 | CD1: RL6982 | CE1: RL6982 | CF1: RL6982 | CG1: RL6982 | CH1: RL6982 | CI1: RL6982 | CJ1: RL6982 | CK1: RL6982 | CL1: RL6982 | CM1: RL6982 | CN1: RL6982 | CO1: RL6982 | CP1: RL6982 | CQ1: RL6982 | CR1: RL6982 | CS1: RL6982 | CT1: RL6982 | CU1: RL6982 | CV1: RL6982 | CW1: RL6982 | CX1: RL6982 | CY1: RL6982 | CZ1: RL6982 | DA1: RL6982 | DB1: RL6982 | DC1: RL6982 | DD1: RL6982 | DE1: RL6982 | DF1: RL6982 | DG1: RL6982 | DH1: RL6982 | DI1: RL6982 | DJ1: RL6982 | DK1: RL6982 | DL1: RL6982 | DM1: RL6982 | DN1: RL6982 | DO1: RL6982 | DP1: RL6982 | DQ1: RL6982 | DR1: RL6982 | DS1: RL6982 | DT1: RL6982 | DU1: RL6982 | DV1: RL6982 | DW1: RL6982 | DX1: RL6982 | DY1: RL6982 | DZ1: RL6982 | EA1: RL6982 | EB1: RL6982 | EC1: RL6982 | ED1: RL6982 | EE1: RL6982 | EF1: RL6982 | EG1: RL6982 | EH1: RL6982 | EI1: RL6982 | EJ1: RL6982 | EK1: RL6982 | EL1: RL6982 | EM1: RL6982 | EN1: RL6982 | EO1: RL6982 | EP1: RL6982 | EQ1: RL6982 | ER1: RL6982 | ES1: RL6982 | ET1: RL6982 | EU1: RL6982 | EV1: RL6982 | EW1: RL6982 | EX1: RL6982 | EY1: RL6982 | EZ1: RL6982 | FA1: RL6982 | FB1: RL6982 | FC1: RL6982 | FD1: RL6982 | FE1: RL6982 | FF1: RL6982 | FG1: RL6982 | FH1: RL6982 | FI1: RL6982 | FJ1: RL6982 | FK1: RL6982 | FL1: RL6982 | FM1: RL6982 | FN1: RL6982 | FO1: RL6982 | FP1: RL6982 | FQ1: RL6982 | FR1: RL6982 | FS1: RL6982 | FT1: RL6982 | FU1: RL6982 | FV1: RL6982 | FW1: RL6982 | FX1: RL6982 | FY1: RL6982 | FZ1: RL6982 | GA1: RL6982 | GB1: RL6982 | GC1: RL6982 | GD1: RL6982 | GE1: RL6982 | GF1: RL6982 | GG1: RL6982 | GH1: RL6982 | GI1: RL6982 | GJ1: RL6982 | GK1: RL6982 | GL1: RL6982 | GM1: RL6982 | GN1: RL6982 | GO1: RL6982 | GP1: RL6982 | GQ1: RL6982 | GR1: RL6982 | GS1: RL6982 | GT1: RL6982 | GU1: RL6982 | GV1: RL6982 | GW1: RL6982 | GX1: RL6982 | GY1: RL6982 | GZ1: RL6982 | HA1: RL6982 | HB1: RL6982 | HC1: RL6982 | HD1: RL6982 | HE1: RL6982 | HF1: RL6982 | HG1: RL6982 | HH1: RL6982 | HI1: RL6982 | HJ1: RL6982 | HK1: RL6982 | HL1: RL6982 | HM1: RL6982 | HN1: RL6982 | HO1: RL6982 | HP1: RL6982 | HQ1: RL6982 | HR1: RL6982 | HS1: RL6982 | HT1: RL6982 | HU1: RL6982 | HV1: RL6982 | HW1: RL6982 | HX1: RL6982 | HY1: RL6982 | HZ1: RL6982 | IA1: RL6982 | IB1: RL6982 | IC1: RL6982 | ID1: RL6982 | IE1: RL6982 | IF1: RL6982 | IG1: RL6982 | IH1: RL6982 | II1: RL6982 | IJ1: RL6982 | IK1: RL6982 | IL1: RL6982 | IM1: RL6982 | IN1: RL6982 | IO1: RL6982 | IP1: RL6982 | IQ1: RL6982 | IR1: RL6982 | IS1: RL6982 | IT1: RL6982 | IU1: RL6982 | IV1: RL6982 | IW1: RL6982 | IX1: RL6982 | IY1: RL6982 | IZ1: RL6982 | JA1: RL6982 | JB1: RL6982 | JC1: RL6982 | JD1: RL6982 | JE1: RL6982 | JF1: RL6982 | JG1: RL6982 | JH1: RL6982 | JI1: RL6982 | JJ1: RL6982 | JK1: RL6982 | JL1: RL6982 | JM1: RL6982 | JN1: RL6982 | JO1: RL6982 | JP1: RL6982 | JQ1: RL6982 | JR1: RL6982 | JS1: RL6982 | JT1: RL6982 | JU1: RL6982 | JV1: RL6982 | JW1: RL6982 | JX1: RL6982 | JY1: RL6982 | JZ1: RL6982 | KA1: RL6982 | KB1: RL6982 | KC1: RL6982 | KD1: RL6982 | KE1: RL6982 | KF1: RL6982 | KG1: RL6982 | KH1: RL6982 | KI1: RL6982 | KJ1: RL6982 | KK1: RL6982 | KL1: RL6982 | KM1: RL6982 | KN1: RL6982 | KO1: RL6982 | KP1: RL6982 | KQ1: RL6982 | KR1: RL6982 | KS1: RL6982 | KT1: RL6982 | KU1: RL6982 | KV1: RL6982 | KW1: RL6982 | KX1: RL6982 | KY1: RL6982 | KZ1: RL6982 | LA1: RL6982 | LB1: RL6982 | LC1: RL6982 | LD1: RL6982 | LE1: RL6982 | LF1: RL6982 | LG1: RL6982 | LH1: RL6982 | LI1: RL6982 | LJ1: RL6982 | LK1: RL6982 | LL1: RL6982 | LM1: RL6982 | LN1: RL6982 | LO1: RL6982 | LP1: RL6982 | LQ1: RL6982 | LR1: RL6982 | LS1: RL6982 | LT1: RL6982 | LU1: RL6982 | LV1: RL6982 | LW1: RL6982 | LX1: RL6982 | LY1: RL6982 | LZ1: RL6982 | MA1: RL6982 | MB1: RL6982 | MC1: RL6982 | MD1: RL6982 | ME1: RL6982 | MF1: RL6982 | MG1: RL6982 | MH1: RL6982 | MI1: RL6982 | MJ1: RL6982 | MK1: RL6982 | ML1: RL6982 | MM1: RL6982 | MN1: RL6982 | MO1: RL6982 | MP1: RL6982 | MQ1: RL6982 | MR1: RL6982 | MS1: RL6982 | MT1: RL6982 | MU1: RL6982 | MV1: RL6982 | MW1: RL6982 | MX1: RL6982 | MY1: RL6982 | MZ1: RL6982 | NA1: RL6982 | NB1: RL6982 | NC1: RL6982 | ND1: RL6982 | NE1: RL6982 | NF1: RL6982 | NG1: RL6982 | NH1: RL6982 | NI1: RL6982 | NJ1: RL6982 | NK1: RL6982 | NL1: RL6982 | NM1: RL6982 | NN1: RL6982 | NO1: RL6982 | NP1: RL6982 | NQ1: RL6982 | NR1: RL6982 | NS1: RL6982 | NT1: RL6982 | NU1: RL6982 | NV1: RL6982 | NW1: RL6982 | NX1: RL6982 | NY1: RL6982 | NZ1: RL6982 | OA1: RL6982 | OB1: RL6982 | OC1: RL6982 | OD1: RL6982 | OE1: RL6982 | OF1: RL6982 | OG1: RL6982 | OH1: RL6982 | OI1: RL6982 | OJ1: RL6982 | OK1: RL6982 | OL1: RL6982 | OM1: RL6982 | ON1: RL6982 | OO1: RL6982 | OP1: RL6982 | OQ1: RL6982 | OR1: RL6982 | OS1: RL6982 | OT1: RL6982 | OU1: RL6982 | OV1: RL6982 | OW1: RL6982 | OX1: RL6982 | OY1: RL6982 | OZ1: RL6982 | PA1: RL6982 | PB1: RL6982 | PC1: RL6982 | PD1: RL6982 | PE1: RL6982 | PF1: RL6982 | PG1: RL6982 | PH1: RL6982 | PI1: RL6982 | PJ1: RL6982 | PK1: RL6982 | PL1: RL6982 | PM1: RL6982 | PN1: RL6982 | PO1: RL6982 | PP1: RL6982 | PQ1: RL6982 | PR1: RL6982 | PS1: RL6982 | PT1: RL6982 | PU1: RL6982 | PV1: RL6982
A2: Top_all | B2: BIN1 | C2: 414394 | D2: 0.8999 | N2: Product | O2: RL6982 | P2: RL6982 | Q2: RL6982 | R2: RL6982 | S2: RL6982 | T2: RL6982 | U2: RL6982 | V2: RL6982 | W2: RL6982 | X2: RL6982 | Y2: RL6982 | Z2: RL6982 | AA2: RL6982 | AB2: RL6982 | AC2: RL6982 | AD2: RL6982 | AE2: RL6982 | AF2: RL6982 | AG2: RL6982 | AH2: RL6982 | AI2: RL6982 | AJ2: RL6982 | AK2: RL6982 | AL2: RL6982 | AM2: RL6982 | AN2: RL6982 | AO2: RL6982 | AP2: RL6982 | AQ2: RL6982 | AR2: RL6982 | AS2: RL6982 | AT2: RL6982 | AU2: RL6982 | AV2: RL6982 | AW2: RL6982 | AX2: RL6982 | AY2: RL6982 | AZ2: RL6982 | BA2: RL6982 | BB2: RL6982 | BC2: RL6982 | BD2: RL6982 | BE2: RL6982 | BF2: RL6982 | BG2: RL6982 | BH2: RL6982 | BI2: RL6982 | BJ2: RL6982 | BK2: RL6982 | BL2: RL6982 | BM2: RL6982 | BN2: RL6982 | BO2: RL6982 | BP2: RL6982 | BQ2: RL6982 | BR2: RL6982 | BS2: RL6982 | BT2: RL6982 | BU2: RL6982 | BV2: RL6982 | BW2: RL6982 | BX2: RL6982 | BY2: RL6982 | BZ2: RL6982 | CA2: RL6982 | CB2: RL6982 | CC2: RL6982 | CD2: RL6982 | CE2: RL6982 | CF2: RL6982 | CG2: RL6982 | CH2: RL6982 | CI2: RL6982 | CJ2: RL6982 | CK2: RL6982 | CL2: RL6982 | CM2: RL6982 | CN2: RL6982 | CO2: RL6982 | CP2: RL6982 | CQ2: RL6982 | CR2: RL6982 | CS2: RL6982 | CT2: RL6982 | CU2: RL6982 | CV2: RL6982 | CW2: RL6982 | CX2: RL6982 | CY2: RL6982 | CZ2: RL6982 | DA2: RL6982 | DB2: RL6982 | DC2: RL6982 | DD2: RL6982 | DE2: RL6982 | DF2: RL6982 | DG2: RL6982 | DH2: RL6982 | DI2: RL6982 | DJ2: RL6982 | DK2: RL6982 | DL2: RL6982 | DM2: RL6982 | DN2: RL6982 | DO2: RL6982 | DP2: RL6982 | DQ2: RL6982 | DR2: RL6982 | DS2: RL6982 | DT2: RL6982 | DU2: RL6982 | DV2: RL6982 | DW2: RL6982 | DX2: RL6982 | DY2: RL6982 | DZ2: RL6982 | EA2: RL6982 | EB2: RL6982 | EC2: RL6982 | ED2: RL6982 | EE2: RL6982 | EF2: RL6982 | EG2: RL6982 | EH2: RL6982 | EI2: RL6982 | EJ2: RL6982 | EK2: RL6982 | EL2: RL6982 | EM2: RL6982 | EN2: RL6982 | EO2: RL6982 | EP2: RL6982 | EQ2: RL6982 | ER2: RL6982 | ES2: RL6982 | ET2: RL6982 | EU2: RL6982 | EV2: RL6982 | EW2: RL6982 | EX2: RL6982 | EY2: RL6982 | EZ2: RL6982 | FA2: RL6982 | FB2: RL6982 | FC2: RL6982 | FD2: RL6982 | FE2: RL6982 | FF2: RL6982 | FG2: RL6982 | FH2: RL6982 | FI2: RL6982 | FJ2: RL6982 | FK2: RL6982 | FL2: RL6982 | FM2: RL6982 | FN2: RL6982 | FO2: RL6982 | FP2: RL6982 | FQ2: RL6982 | FR2: RL6982 | FS2: RL6982 | FT2: RL6982 | FU2: RL6982 | FV2: RL6982 | FW2: RL6982 | FX2: RL6982 | FY2: RL6982 | FZ2: RL6982 | GA2: RL6982 | GB2: RL6982 | GC2: RL6982 | GD2: RL6982 | GE2: RL6982 | GF2: RL6982 | GG2: RL6982 | GH2: RL6982 | GI2: RL6982 | GJ2: RL6982 | GK2: RL6982 | GL2: RL6982 | GM2: RL6982 | GN2: RL6982 | GO2: RL6982 | GP2: RL6982 | GQ2: RL6982 | GR2: RL6982 | GS2: RL6982 | GT2: RL6982 | GU2: RL6982 | GV2: RL6982 | GW2: RL6982 | GX2: RL6982 | GY2: RL6982 | GZ2: RL6982 | HA2: RL6982 | HB2: RL6982 | HC2: RL6982 | HD2: RL6982 | HE2: RL6982 | HF2: RL6982 | HG2: RL6982 | HH2: RL6982 | HI2: RL6982 | HJ2: RL6982 | HK2: RL6982 | HL2: RL6982 | HM2: RL6982 | HN2: RL6982 | HO2: RL6982 | HP2: RL6982 | HQ2: RL6982 | HR2: RL6982 | HS2: RL6982 | HT2: RL6982 | HU2: RL6982 | HV2: RL6982 | HW2: RL6982 | HX2: RL6982 | HY2: RL6982 | HZ2: RL6982 | IA2: RL6982 | IB2: RL6982 | IC2: RL6982 | ID2: RL6982 | IE2: RL6982 | IF2: RL6982 | IG2: RL6982 | IH2: RL6982 | II2: RL6982 | IJ2: RL6982 | IK2: RL6982 | IL2: RL6982 | IM2: RL6982 | IN2: RL6982 | IO2: RL6982 | IP2: RL6982 | IQ2: RL6982 | IR2: RL6982 | IS2: RL6982 | IT2: RL6982 | IU2: RL6982 | IV2: RL6982 | IW2: RL6982 | IX2: RL6982 | IY2: RL6982 | IZ2: RL6982 | JA2: RL6982 | JB2: RL6982 | JC2: RL6982 | JD2: RL6982 | JE2: RL6982 | JF2: RL6982 | JG2: RL6982 | JH2: RL6982 | JI2: RL6982 | JJ2: RL6982 | JK2: RL6982 | JL2: RL6982 | JM2: RL6982 | JN2: RL6982 | JO2: RL6982 | JP2: RL6982 | JQ2: RL6982 | JR2: RL6982 | JS2: RL6982 | JT2: RL6982 | JU2: RL6982 | JV2: RL6982 | JW2: RL6982 | JX2: RL6982 | JY2: RL6982 | JZ2: RL6982 | KA2: RL6982 | KB2: RL6982 | KC2: RL6982 | KD2: RL6982 | KE2: RL6982 | KF2: RL6982 | KG2: RL6982 | KH2: RL6982 | KI2: RL6982 | KJ2: RL6982 | KK2: RL6982 | KL2: RL6982 | KM2: RL6982 | KN2: RL6982 | KO2: RL6982 | KP2: RL6982 | KQ2: RL6982 | KR2: RL6982 | KS2: RL6982 | KT2: RL6982 | KU2: RL6982 | KV2: RL6982 | KW2: RL6982 | KX2: RL6982 | KY2: RL6982 | KZ2: RL6982 | LA2: RL6982 | LB2: RL6982 | LC2: RL6982 | LD2: RL6982 | LE2: RL6982 | LF2: RL6982 | LG2: RL6982 | LH2: RL6982 | LI2: RL6982 | LJ2: RL6982 | LK2: RL6982 | LL2: RL6982 | LM2: RL6982 | LN2: RL6982 | LO2: RL6982 | LP2: RL6982 | LQ2: RL6982 | LR2: RL6982 | LS2: RL6982 | LT2: RL6982 | LU2: RL6982 | LV2: RL6982 | LW2: RL6982 | LX2: RL6982 | LY2: RL6982 | LZ2: RL6982 | MA2: RL6982 | MB2: RL6982 | MC2: RL6982 | MD2: RL6982 | ME2: RL6982 | MF2: RL6982 | MG2: RL6982 | MH2: RL6982 | MI2: RL6982 | MJ2: RL6982 | MK2: RL6982 | ML2: RL6982 | MM2: RL6982 | MN2: RL6982 | MO2: RL6982 | MP2: RL6982 | MQ2: RL6982 | MR2: RL6982 | MS2: RL6982 | MT2: RL6982 | MU2: RL6982 | MV2: RL6982 | MW2: RL6982 | MX2: RL6982 | MY2: RL6982 | MZ2: RL6982 | NA2: RL6982 | NB2: RL6982 | NC2: RL6982 | ND2: RL6982 | NE2: RL6982 | NF2: RL6982 | NG2: RL6982 | NH2: RL6982 | NI2: RL6982 | NJ2: RL6982 | NK2: RL6982 | NL2: RL6982 | NM2: RL6982 | NN2: RL6982 | NO2: RL6982 | NP2: RL6982 | NQ2: RL6982 | NR2: RL6982 | NS2: RL6982 | NT2: RL6982 | NU2: RL6982 | NV2: RL6982 | NW2: RL6982 | NX2: RL6982 | NY2: RL6982 | NZ2: RL6982 | OA2: RL6982 | OB2: RL6982 | OC2: RL6982 | OD2: RL6982 | OE2: RL6982 | OF2: RL6982 | OG2: RL6982 | OH2: RL6982 | OI2: RL6982 | OJ2: RL6982 | OK2: RL6982 | OL2: RL6982 | OM2: RL6982 | ON2: RL6982 | OO2: RL6982 | OP2: RL6982 | OQ2: RL6982 | OR2: RL6982 | OS2: RL6982 | OT2: RL6982 | OU2: RL6982 | OV2: RL6982 | OW2: RL6982 | OX2: RL6982 | OY2: RL6982 | OZ2: RL6982 | PA2: RL6982 | PB2: RL6982 | PC2: RL6982 | PD2: RL6982 | PE2: RL6982 | PF2: RL6982 | PG2: RL6982 | PH2: RL6982 | PI2: RL6982 | PJ2: RL6982 | PK2: RL6982 | PL2: RL6982 | PM2: RL6982 | PN2: RL6982 | PO2: RL6982 | PP2: RL6982 | PQ2: RL6982 | PR2: RL6982 | PS2: RL6982 | PT2: RL6982 | PU2: RL6982 | PV2: RL6982
B3: OS | C3: 1800 | D3: 0.0039 | N3: Short Lot ID | O3: Q2CN4 | P3: Q2CX4 | Q3: Q2DV5 | R3: Q2CN4 | S3: Q2DV5 | T3: Q2C26 | U3: Q2C27 | V3: Q2DV0 | W3: Q2DV0 | X3: Q2CW8 | Y3: Q2CN8 | Z3: Q2D82 | AA3: Q2CN7 | AB3: Q2CN7 | AC3: Q2CW8 | AD3: Q2CN7 | AE3: Q2CX3 | AF3: Q2DV1 | AG3: Q2DU8 | AH3: Q2EA6 | AI3: Q2CX3 | AJ3: Q2CN6 | AK3: Q2CW8 | AL3: Q2CN4 | AM3: Q1HZ2 | AN3: Q2C25 | AO3: Q2DV1 | AP3: Q2CN6 | AQ3: Q2CX3 | AR3: Q2CX3 | AS3: Q2CX3 | AT3: Q2DV1 | AU3: Q2D80 | AV3: Q2D80 | AW3: Q2DV5 | AX3: Q2DV1 | AY3: Q2D82 | AZ3: Q2DV1 | BA3: Q2CN7 | BB3: Q1HZ2 | BC3: Q2D82 | BD3: Q2DV1 | BE3: Q2EA6 | BF3: Q1HZ2 | BG3: Q2EA6 | BH3: Q2DV5 | BI3: Q2DV1 | BJ3: Q2CN7 | BK3: Q1HZ2 | BL3: Q2CW8 | BM3: Q2DV0 | BN3: Q2D80 | BO3: Q2DU8 | BP3: Q2D80 | BQ3: Q2C25 | BR3: Q2C26 | BS3: Q2D82 | BT3: Q2CW8 | BU3: Q2CX3 | BV3: Q2DV5 | BW3: Q2CX4 | BX3: Q2D80 | BY3: Q2D80 | BZ3: Q1HZ1 | CA3: Q2DV5 | CB3: Q2CW8 | CC3: Q2CW8 | CD3: Q2C26 | CE3: Q2C25 | CF3: Q2DV0 | CG3: Q2CX3 | CH3: Q2D82 | CI3: Q2DV0 | CJ3: Q2CW8 | CK3: Q2D82 | CL3: Q2CW8 | CM3: Q2CW8 | CN3: Q2D82 | CO3: Q2CN6 | CP3: Q2D82 | CQ3: Q2CX3 | CR3: Q2CN8 | CS3: Q1HZ2 | CT3: Q2CN4 | CU3: Q2DV1 | CV3: Q2EA6 | CW3: Q1HZ2 | CX3: Q2CW8 | CY3: Q2C24 | CZ3: Q2CX4 | DA3: Q2DV0 | DB3: Q2DU8 | DC3: Q1HZ2 | DD3: Q2DV0 | DE3: Q1HZ2 | DF3: Q2CX3 | DG3: Q2D82 | DH3: Q1HZ2 | DI3: Q2C27 | DJ3: Q2D80 | DK3: Q2D80 | DL3: Q2DV1 | DM3: Q2DV5 | DN3: Q2D82 | DO3: Q2CW8 | DP3: Q2CX3 | DQ3: Q2C25 | DR3: Q2D82 | DS3: Q2C26 | DT3: Q2D80 | DU3: Q2EA6 | DV3: Q2CX3 | DW3: Q2DV1 | DX3: Q2DV0 | DY3: Q2CX3 | DZ3: Q2DU8 | EA3: Q2D80 | EB3: Q2CX3 | EC3: Q2D82 | ED3: Q2DV5 | EE3: Q2D80 | EF3: Q2EA6 | EG3: Q2CN9 | EH3: Q2C25 | EI3: Q2CW8 | EJ3: Q2DV1 | EK3: Q2DV1 | EL3: Q2C25 | EM3: Q2EA6 | EN3: Q2DU8 | EO3: Q2DV0 | EP3: Q2DV0 | EQ3: Q2D82 | ER3: Q2CX3 | ES3: Q2DV5 | ET3: Q2DV1 | EU3: Q1HZ2 | EV3: Q2DV5 | EW3: Q2CN8 | EX3: Q2EA6 | EY3: Q2EA6 | EZ3: Q2EA6 | FA3: Q2DV5 | FB3: Q2EA6 | FC3: Q2CP0 | FD3: Q2C27 | FE3: Q2D82 | FF3: Q1HZ2 | FG3: Q2CN9 | FH3: Q2C27 | FI3: Q2EA6 | FJ3: Q2CP0 | FK3: Q2EA6 | FL3: Q1HZ2 | FM3: Q2D80 | FN3: Q2CX4 | FO3: Q2CW8 | FP3: Q2C25 | FQ3: Q2C24 | FR3: Q2DV5 | FS3: Q2DV1 | FT3: Q2CW8 | FU3: Q2D80 | FV3: Q2DU8 | FW3: Q2DV0 | FX3: Q2D80 | FY3: Q2CN8 | FZ3: Q2DV1 | GA3: Q2CN7 | GB3: Q2DV0 | GC3: Q2DV0 | GD3: Q1HZ2 | GE3: Q2CX3 | GF3: Q2D82 | GG3: Q2DV0 | GH3: Q2EA6 | GI3: Q2D82 | GJ3: Q2D80 | GK3: Q2EA6 | GL3: Q2D80 | GM3: Q2CN8 | GN3: Q2CX4 | GO3: Q2DV0 | GP3: Q2D83 | GQ3: Q2CN8 | GR3: Q1HZ2 | GS3: Q2CN9 | GT3: Q2C25 | GU3: Q2C26 | GV3: Q2D82 | GW3: Q2C25 | GX3: Q2CW8 | GY3: Q2CP0 | GZ3: Q2DV0 | HA3: Q2CP0 | HB3: Q2CX4 | HC3: Q2DV5 | HD3: Q2D80 | HE3: Q2CN8 | HF3: Q2CN8 | HG3: Q2C27 | HH3: Q2CN9 | HI3: Q1HZ2 | HJ3: Q2CN8 | HK3: Q2CP0 | HL3: Q2CP0 | HM3: Q2CN9 | HN3: Q2CP0 | HO3: Q2EA6 | HP3: Q1HZ2 | HQ3: Q2CX4 | HR3: Q2C26 | HS3: Q2DV0 | HT3: Q2CX3 | HU3: Q1HZ2 | HV3: Q2C26 | HW3: Q2D80 | HX3: Q2CW8 | HY3: Q2D82 | HZ3: Q2CW8 | IA3: Q2DV0 | IB3: Q2DV1 | IC3: Q2CN8 | ID3: Q1HZ2 | IE3: Q2CX3 | IF3: Q2CP0 | IG3: Q2DV5 | IH3: Q2CX3 | II3: Q2C25 | IJ3: Q2DV5 | IK3: Q2CX4 | IL3: Q2D80 | IM3: Q2CN8 | IN3: Q2DU8 | IO3: Q2DV1 | IP3: Q2D80 | IQ3: Q2CW8 | IR3: Q2C27 | IS3: Q2C27 | IT3: Q2CP0 | IU3: Q2CN8 | IV3: Q2CN8 | IW3: Q2CN9 | IX3: Q2D80 | IY3: Q2DV5 | IZ3: Q2DU8 | JA3: Q2CP0 | JB3: Q2D83 | JC3: Q2DV5 | JD3: Q2C25 | JE3: Q2CP0 | JF3: Q2C26 | JG3: Q2C27 | JH3: Q2DV1 | JI3: Q2DV0 | JJ3: Q2EA6 | JK3: Q2DV6 | JL3: Q1HZ2 | JM3: Q2D83 | JN3: Q2C26 | JO3: Q2D83 | JP3: Q2CN9 | JQ3: Q2D83 | JR3: Q2C26 | JS3: Q1HZ2 | JT3: Q2CP0 | JU3: Q2DV1 | JV3: Q2C27 | JW3: Q2CX3 | JX3: Q1HZ2 | JY3: Q2C27 | JZ3: Q2DV1 | KA3: Q2CN8 | KB3: Q2C25 | KC3: Q2D83 | KD3: Q2CX4 | KE3: Q2CW8 | KF3: Q2CN9 | KG3: Q2CN9 | KH3: Q2C26 | KI3: Q2CX4 | KJ3: Q2CX4 | KK3: Q2C26 | KL3: Q2CN6 | KM3: Q2CN8 | KN3: Q2C25 | KO3: Q2C25 | KP3: Q2C25 | KQ3: Q2CN9 | KR3: Q2DV1 | KS3: Q2CX4 | KT3: Q2C26 | KU3: Q2DV1 | KV3: Q2C27 | KW3: Q2CX4 | KX3: Q1HZ2 | KY3: Q2CN8 | KZ3: Q2CP0 | LA3: Q2C26 | LB3: Q2CN8 | LC3: Q2D83 | LD3: Q2CW8 | LE3: Q2CN9 | LF3: Q2DV6 | LG3: Q2EA6 | LH3: Q2D80 | LI3: Q2DV5 | LJ3: Q2D82 | LK3: Q2DV5 | LL3: Q2EA6 | LM3: Q2D83 | LN3: Q2C26 | LO3: Q2DU8 | LP3: Q2DV0 | LQ3: Q2C25 | LR3: Q2DV0 | LS3: Q2DV1 | LT3: Q2C26 | LU3: Q2CP0 | LV3: Q2CP0 | LW3: Q2D80 | LX3: Q2D82 | LY3: Q2CX4 | LZ3: Q2C27 | MA3: Q2DV0 | MB3: Q2CP0 | MC3: Q2CX4 | MD3: Q2D83 | ME3: Q2C26 | MF3: Q2CN9 | MG3: Q2CN9 | MH3: Q2CN9 | MI3: Q2D83 | MJ3: Q2CN9 | MK3: Q2CN9 | ML3: Q2C27 | MM3: Q2D80 | MN3: Q2CX3 | MO3: Q2DV5 | MP3: Q2C27 | MQ3: Q2D80 | MR3: Q2D83 | MS3: Q2D83 | MT3: Q2C25 | MU3: Q2D83 | MV3: Q2D82 | MW3: Q2DU8 | MX3: Q2CX3 | MY3: Q2CX4 | MZ3: Q2C27 | NA3: Q2CP0 | NB3: Q2CX4 | NC3: Q2DU8 | ND3: Q2CP0 | NE3: Q2DV1 | NF3: Q2C25 | NG3: Q2CN8 | NH3: Q2CN9 | NI3: Q2C27 | NJ3: Q2C25 | NK3: Q2DU8 | NL3: Q2EA6 | NM3: Q2C25 | NN3: Q2C27 | NO3: Q2CX3 | NP3: Q2CX4 | NQ3: Q2DU8 | NR3: Q2D83 | NS3: Q2CX3 | NT3: Q2CP0 | NU3: Q2CN7 | NV3: Q2DU8 | NW3: Q1HZ2 | NX3: Q2D83 | NY3: Q2CN9 | NZ3: Q2D83 | OA3: Q2CX3 | OB3: Q2CN9 | OC3: Q2DV5 | OD3: Q2DV5 | OE3: Q2C25 | OF3: Q2D83 | OG3: Q2EA6 | OH3: Q2CN9 | OI3: Q2CP0 | OJ3: Q2CN9 | OK3: Q2C27 | OL3: Q2D83 | OM3: Q2CP0 | ON3: Q2D83 | OO3: Q2D83 | OP3: Q2C25 | OQ3: Q2CP0 | OR3: Q2C26 | OS3: Q2EA6 | OT3: Q2D83 | OU3: Q2CN8 | OV3: Q2C26 | OW3: Q2CN9 | OX3: Q2CN9 | OY3: Q2C26 | OZ3: Q1HZ2 | PA3: Q2CP0 | PB3: Q2DV5 | PC3: Q2C27 | PD3: Q2D83 | PE3: Q2C26 | PF3: Q2CP0 | PG3: Q2CN9 | PH3: Q2C26 | PI3: Q2C25 | PJ3: Q2D83 | PK3: Q2CW8 | PL3: Q2C25 | PM3: Q2CW8 | PN3: Q2C27 | PO3: Q1HZ2 | PP3: Q2C25 | PQ3: Q2CN9 | PR3: Q2C27 | PS3: Q2C27 | PT3: Q2CP0 | PU3: Q2EA6 | PV3: Q2C27
B4: OTP | C4: 38 | D4: 0.0001 | N4: Lot ID | O4: Q2CN4 | P4: Q2CX4 | Q4: Q2DV5 | R4: Q2CN4 | S4: Q2DV5 | T4: Q2C26 | U4: Q2C27 | V4: Q2DV0 | W4: Q2DV0 | X4: Q2CW8 | Y4: Q2CN8 | Z4: Q2D82 | AA4: Q2CN7 | AB4: Q2CN7 | AC4: Q2CW8 | AD4: Q2CN7 | AE4: Q2CX3 | AF4: Q2DV1 | AG4: Q2DU8 | AH4: Q2EA6 | AI4: Q2CX3 | AJ4: Q2CN6 | AK4: Q2CW8 | AL4: Q2CN4 | AM4: Q1HZ2 | AN4: Q2C25 | AO4: Q2DV1 | AP4: Q2CN6 | AQ4: Q2CX3 | AR4: Q2CX3 | AS4: Q2CX3 | AT4: Q2DV1 | AU4: Q2D80 | AV4: Q2D80 | AW4: Q2DV5 | AX4: Q2DV1 | AY4: Q2D82 | AZ4: Q2DV1 | BA4: Q2CN7 | BB4: Q1HZ2 | BC4: Q2D82 | BD4: Q2DV1 | BE4: Q2EA6 | BF4: Q1HZ2 | BG4: Q2EA6 | BH4: Q2DV5 | BI4: Q2DV1 | BJ4: Q2CN7 | BK4: Q1HZ2 | BL4: Q2CW8 | BM4: Q2DV0 | BN4: Q2D80 | BO4: Q2DU8 | BP4: Q2D80 | BQ4: Q2C25 | BR4: Q2C26 | BS4: Q2D82 | BT4: Q2CW8 | BU4: Q2CX3 | BV4: Q2DV5 | BW4: Q2CX4 | BX4: Q2D80 | BY4: Q2D80 | BZ4: Q1HZ1 | CA4: Q2DV5 | CB4: Q2CW8 | CC4: Q2CW8 | CD4: Q2C26 | CE4: Q2C25 | CF4: Q2DV0 | CG4: Q2CX3 | CH4: Q2D82 | CI4: Q2DV0 | CJ4: Q2CW8 | CK4: Q2D82 | CL4: Q2CW8 | CM4: Q2CW8 | CN4: Q2D82 | CO4: Q2CN6 | CP4: Q2D82 | CQ4: Q2CX3 | CR4: Q2CN8 | CS4: Q1HZ2 | CT4: Q2CN4 | CU4: Q2DV1 | CV4: Q2EA6 | CW4: Q1HZ2 | CX4: Q2CW8 | CY4: Q2C24 | CZ4: Q2CX4 | DA4: Q2DV0 | DB4: Q2DU8 | DC4: Q1HZ2 | DD4: Q2DV0 | DE4: Q1HZ2 | DF4: Q2CX3 | DG4: Q2D82 | DH4: Q1HZ2 | DI4: Q2C27 | DJ4: Q2D80 | DK4: Q2D80 | DL4: Q2DV1 | DM4: Q2DV5 | DN4: Q2D82 | DO4: Q2CW8 | DP4: Q2CX3 | DQ4: Q2C25 | DR4: Q2D82 | DS4: Q2C26 | DT4: Q2D80 | DU4: Q2EA6 | DV4: Q2CX3 | DW4: Q2DV1 | DX4: Q2DV0 | DY4: Q2CX3 | DZ4: Q2DU8 | EA4: Q2D80 | EB4: Q2CX3 | EC4: Q2D82 | ED4: Q2DV5 | EE4: Q2D80 | EF4: Q2EA6 | EG4: Q2CN9 | EH4: Q2C25 | EI4: Q2CW8 | EJ4: Q2DV1 | EK4: Q2DV1 | EL4: Q2C25 | EM4: Q2EA6 | EN4: Q2DU8 | EO4: Q2DV0 | EP4: Q2DV0 | EQ4: Q2D82 | ER4: Q2CX3 | ES4: Q2DV5 | ET4: Q2DV1 | EU4: Q1HZ2 | EV4: Q2DV5 | EW4: Q2CN8 | EX4: Q2EA6 | EY4: Q2EA6 | EZ4: Q2EA6 | FA4: Q2DV5 | FB4: Q2EA6 | FC4: Q2CP0 | FD4: Q2C27 | FE4: Q2D82 | FF4: Q1HZ2 | FG4: Q2CN9 | FH4: Q2C27 | FI4: Q2EA6 | FJ4: Q2CP0 | FK4: Q2EA6 | FL4: Q1HZ2 | FM4: Q2D80 | FN4: Q2CX4 | FO4: Q2CW8 | FP4: Q2C25 | FQ4: Q2C24 | FR4: Q2DV5 | FS4: Q2DV1 | FT4: Q2CW8 | FU4: Q2D80 | FV4: Q2DU8 | FW4: Q2DV0 | FX4: Q2D80 | FY4: Q2CN8 | FZ4: Q2DV1 | GA4: Q2CN7 | GB4: Q2DV0 | GC4: Q2DV0 | GD4: Q1HZ2 | GE4: Q2CX3 | GF4: Q2D82 | GG4: Q2DV0 | GH4: Q2EA6 | GI4: Q2D82 | GJ4: Q2D80 | GK4: Q2EA6 | GL4: Q2D80 | GM4: Q2CN8 | GN4: Q2CX4 | GO4: Q2DV0 | GP4: Q2D83 | GQ4: Q2CN8 | GR4: Q1HZ2 | GS4: Q2CN9 | GT4: Q2C25 | GU4: Q2C26 | GV4: Q2D82 | GW4: Q2C25 | GX4: Q2CW8 | GY4: Q2CP0 | GZ4: Q2DV0 | HA4: Q2CP0 | HB4: Q2CX4 | HC4: Q2DV5 | HD4: Q2D80 | HE4: Q2CN8 | HF4: Q2CN8 | HG4: Q2C27 | HH4: Q2CN9 | HI4: Q1HZ2 | HJ4: Q2CN8 | HK4: Q2CP0 | HL4: Q2CP0 | HM4: Q2CN9 | HN4: Q2CP0 | HO4: Q2EA6 | HP4: Q1HZ2 | HQ4: Q2CX4 | HR4: Q2C26 | HS4: Q2DV0 | HT4: Q2CX3 | HU4: Q1HZ2 | HV4: Q2C26 | HW4: Q2D80 | HX4: Q2CW8 | HY4: Q2D82 | HZ4: Q2CW8 | IA4: Q2DV0 | IB4: Q2DV1 | IC4: Q2CN8 | ID4: Q1HZ2 | IE4: Q2CX3 | IF4: Q2CP0 | IG4: Q2DV5 | IH4: Q2CX3 | II4: Q2C25 | IJ4: Q2DV5 | IK4: Q2CX4 | IL4: Q2D80 | IM4: Q2CN8 | IN4: Q2DU8 | IO4: Q2DV1 | IP4: Q2D80 | IQ4: Q2CW8 | IR4: Q2C27 | IS4: Q2C27 | IT4: Q2CP0 | IU4: Q2CN8 | IV4: Q2CN8 | IW4: Q2CN9 | IX4: Q2D80 | IY4: Q2DV5 | IZ4: Q2DU8 | JA4: Q2CP0 | JB4: Q2D83 | JC4: Q2DV5 | JD4: Q2C25 | JE4: Q2CP0 | JF4: Q2C26 | JG4: Q2C27 | JH4: Q2DV1 | JI4: Q2DV0 | JJ4: Q2EA6 | JK4: Q2DV6 | JL4: Q1HZ2 | JM4: Q2D83 | JN4: Q2C26 | JO4: Q2D83 | JP4: Q2CN9 | JQ4: Q2D83 | JR4: Q2C26 | JS4: Q1HZ2 | JT4: Q2CP0 | JU4: Q2DV1 | JV4: Q2C27 | JW4: Q2CX3 | JX4: Q1HZ2 | JY4: Q2C27 | JZ4: Q2DV1 | KA4: Q2CN8 | KB4: Q2C25 | KC4: Q2D83 | KD4: Q2CX4 | KE4: Q2CW8 | KF4: Q2CN9 | KG4: Q2CN9 | KH4: Q2C26 | KI4: Q2CX4 | KJ4: Q2CX4 | KK4: Q2C26 | KL4: Q2CN6 | KM4: Q2CN8 | KN4: Q2C25 | KO4: Q2C25 | KP4: Q2C25 | KQ4: Q2CN9 | KR4: Q2DV1 | KS4: Q2CX4 | KT4: Q2C26 | KU4: Q2DV1 | KV4: Q2C27 | KW4: Q2CX4 | KX4: Q1HZ2 | KY4: Q2CN8 | KZ4: Q2CP0 | LA4: Q2C26 | LB4: Q2CN8 | LC4: Q2D83 | LD4: Q2CW8 | LE4: Q2CN9 | LF4: Q2DV6 | LG4: Q2EA6 | LH4: Q2D80 | LI4: Q2DV5 | LJ4: Q2D82 | LK4: Q2DV5 | LL4: Q2EA6 | LM4: Q2D83 | LN4: Q2C26 | LO4: Q2DU8 | LP4: Q2DV0 | LQ4: Q2C25 | LR4: Q2DV0 | LS4: Q2DV1 | LT4: Q2C26 | LU4: Q2CP0 | LV4: Q2CP0 | LW4: Q2D80 | LX4: Q2D82 | LY4: Q2CX4 | LZ4: Q2C27 | MA4: Q2DV0 | MB4: Q2CP0 | MC4: Q2CX4 | MD4: Q2D83 | ME4: Q2C26 | MF4: Q2CN9 | MG4: Q2CN9 | MH4: Q2CN9 | MI4: Q2D83 | MJ4: Q2CN9 | MK4: Q2CN9 | ML4: Q2C27 | MM4: Q2D80 | MN4: Q2CX3 | MO4: Q2DV5 | MP4: Q2C27 | MQ4: Q2D80 | MR4: Q2D83 | MS4: Q2D83 | MT4: Q2C25 | MU4: Q2D83 | MV4: Q2D82 | MW4: Q2DU8 | MX4: Q2CX3 | MY4: Q2CX4 | MZ4: Q2C27 | NA4: Q2CP0 | NB4: Q2CX4 | NC4: Q2DU8 | ND4: Q2CP0 | NE4: Q2DV1 | NF4: Q2C25 | NG4: Q2CN8 | NH4: Q2CN9 | NI4: Q2C27 | NJ4: Q2C25 | NK4: Q2DU8 | NL4: Q2EA6 | NM4: Q2C25 | NN4: Q2C27 | NO4: Q2CX3 | NP4: Q2CX4 | NQ4: Q2DU8 | NR4: Q2D83 | NS4: Q2CX3 | NT4: Q2CP0 | NU4: Q2CN7 | NV4: Q2DU8 | NW4: Q1HZ2 | NX4: Q2D83 | NY4: Q2CN9 | NZ4: Q2D83 | OA4: Q2CX3 | OB4: Q2CN9 | OC4: Q2DV5 | OD4: Q2DV5 | OE4: Q2C25 | OF4: Q2D83 | OG4: Q2EA6 | OH4: Q2CN9 | OI4: Q2CP0 | OJ4: Q2CN9 | OK4: Q2C27 | OL4: Q2D83 | OM4: Q2CP0 | ON4: Q2D83 | OO4: Q2D83 | OP4: Q2C25 | OQ4: Q2CP0 | OR4: Q2C26 | OS4: Q2EA6 | OT4: Q2D83 | OU4: Q2CN8 | OV4: Q2C26 | OW4: Q2CN9 | OX4: Q2CN9 | OY4: Q2C26 | OZ4: Q1HZ2 | PA4: Q2CP0 | PB4: Q2DV5 | PC4: Q2C27 | PD4: Q2D83 | PE4: Q2C26 | PF4: Q2CP0 | PG4: Q2CN9 | PH4: Q2C26 | PI4: Q2C25 | PJ4: Q2D83 | PK4: Q2CW8 | PL4: Q2C25 | PM4: Q2CW8 | PN4: Q2C27 | PO4: Q1HZ2 | PP4: Q2C25 | PQ4: Q2CN9 | PR4: Q2C27 | PS4: Q2C27 | PT4: Q2CP0 | PU4: Q2EA6 | PV4: Q2C27
B5: IDD | C5: 304 | D5: 0.0007 | N5: Wafer ID | O5: MBP952-12B1 | P5: MBR662-22A1 | Q5: MBR666-23C6 | R5: MBP952-10C3 | S5: MBR666-07C7 | T5: MBP995-04A1 | U5: MBR056-20D2 | V5: MBR718-03E3 | W5: MBR718-25A4 | X5: MBR715-24C3 | Y5: MBP974-16F7 | Z5: MBR690-22D2 | AA5: MBP961-25D5 | AB5: MBP961-08E3 | AC5: MBR715-23D0 | AD5: MBP961-02A6 | AE5: MBR671-03E1 | AF5: MBR678-24C7 | AG5: MBR768-11D5 | AH5: MBR679-10A1 | AI5: MBR671-24A7 | AJ5: MBP954-08E0 | AK5: MBR715-20E7 | AL5: MBP952-24C2 | AM5: MBR052-18A0 | AN5: MBP985-03B5 | AO5: MBR678-11C3 | AP5: MBP954-06F2 | AQ5: MBR671-05C7 | AR5: MBR671-04D4 | AS5: MBR671-01F3 | AT5: MBR678-05E7 | AU5: MBR013-06G7 | AV5: MBR013-24F4 | AW5: MBR666-09B5 | AX5: MBR678-22E1 | AY5: MBR690-12A7 | AZ5: MBR678-01A0 | BA5: MBP961-24E2 | BB5: MBR052-02B3 | BC5: MBR690-13A2 | BD5: MBR678-02G6 | BE5: MBR679-06B3 | BF5: MBR052-19G6 | BG5: MBR679-08A1 | BH5: MBR666-18E5 | BI5: MBR678-04F4 | BJ5: MBP961-07F0 | BK5: MBR052-14C4 | BL5: MBR715-15G6 | BM5: MBR718-06C4 | BN5: MBR013-02C0 | BO5: MBR768-21G0 | BP5: MBR013-03B3 | BQ5: MBP985-04B0 | BR5: MBP995-21G6 | BS5: MBR690-19D7 | BT5: MBR715-25B6 | BU5: MBR671-20D3 | BV5: MBR666-04E6 | BW5: MBR662-03C1 | BX5: MBR013-19A0 | BY5: MBR013-01C5 | BZ5: MBP843-17D0 | CA5: MBR666-06D4 | CB5: MBR715-03F5 | CC5: MBR715-18E7 | CD5: MBP995-25E2 | CE5: MBP985-18A7 | CF5: MBR718-02F0 | CG5: MBR671-19C6 | CH5: MBR690-07C6 | CI5: MBR718-20D5 | CJ5: MBR715-13A5 | CK5: MBR690-11B4 | CL5: MBR715-12B2 | CM5: MBR715-11B7 | CN5: MBR690-03F2 | CO5: MBP954-25D2 | CP5: MBR690-16F6 | CQ5: MBR671-13G4 | CR5: MBP974-09B5 | CS5: MBR052-21G6 | CT5: MBP952-17F3 | CU5: MBR678-15H2 | CV5: MBR679-03D2 | CW5: MBR052-11E3 | CX5: MBR715-21E2 | CY5: MBP869-23D5 | CZ5: MBR662-15D2 | DA5: MBR718-22C3 | DB5: MBR768-23E6 | DC5: MBR052-13D1 | DD5: MBR718-24B1 | DE5: MBR052-07F5 | DF5: MBR671-02E6 | DG5: MBR690-15G3 | DH5: MBR052-09E3 | DI5: MBR056-12H0 | DJ5: MBR013-17B2 | DK5: MBR013-11F0 | DL5: MBR678-20F3 | DM5: MBR666-02G0 | DN5: MBR690-04E5 | DO5: MBR715-07D1 | DP5: MBR671-06C2 | DQ5: MBP985-17B4 | DR5: MBR690-23C5 | DS5: MBP995-17A5 | DT5: MBR013-20A5 | DU5: MBR679-14F0 | DV5: MBR671-22C1 | DW5: MBR678-13B1 | DX5: MBR718-12A0 | DY5: MBR671-25A2 | DZ5: MBR768-22F3 | EA5: MBR013-15C4 | EB5: MBR671-10B0 | EC5: MBR690-14H0 | ED5: MBR666-17F2 | EE5: MBR013-07G2 | EF5: MBR679-24A0 | EG5: MBR022-23A6 | EH5: MBP985-14D3 | EI5: MBR715-01G7 | EJ5: MBR678-10D0 | EK5: MBR678-23D4 | EL5: MBP985-05A3 | EM5: MBR679-09G7 | EN5: MBR768-02A5 | EO5: MBR718-08B2 | EP5: MBR718-10B2 | EQ5: MBR690-02F7 | ER5: MBR671-16E5 | ES5: MBR666-14H1 | ET5: MBR678-12B6 | EU5: MBR052-10F0 | EV5: MBR666-22D3 | EW5: MBP974-06D4 | EX5: MBR679-11G7 | EY5: MBR679-04C5 | EZ5: MBR679-20C4 | FA5: MBR666-01G5 | FB5: MBR679-15E3 | FC5: MBR012-15F3 | FD5: MBR056-11A2 | FE5: MBR690-05E0 | FF5: MBR052-23F4 | FG5: MBR022-24A1 | FH5: MBR056-18D2 | FI5: MBR679-07A6 | FJ5: MBR012-16E6 | FK5: MBR679-05C0 | FL5: MBR052-03A6 | FM5: MBR013-25E7 | FN5: MBR662-10G3 | FO5: MBR715-08C4 | FP5: MBP985-22H0 | FQ5: MBP869-17G1 | FR5: MBR666-12B0 | FS5: MBR678-14A4 | FT5: MBR715-10C4 | FU5: MBR013-16B7 | FV5: MBR768-24E1 | FW5: MBR718-23B6 | FX5: MBR013-23G1 | FY5: MBP974-07C7 | FZ5: MBR678-07D5 | GA5: MBP961-04G7 | GB5: MBR718-11A5 | GC5: MBR718-04D6 | GD5: MBR052-05G7 | GE5: MBR671-07B5 | GF5: MBR690-10C1 | GG5: MBR718-16E7 | GH5: MBR679-21B7 | GI5: MBR690-06D3 | GJ5: MBR013-18A5 | GK5: MBR679-02D7 | GL5: MBR013-10F5 | GM5: MBP974-20E5 | GN5: MBR662-17C0 | GO5: MBR718-21D0 | GP5: MBP970-11F6 | GQ5: MBP974-15G4 | GR5: MBR052-08F0 | GS5: MBR022-04C6 | GT5: MBP985-12E5 | GU5: MBP995-14C4 | GV5: MBR690-21D7 | GW5: MBP985-09F2 | GX5: MBR715-22D5 | GY5: MBR012-13G5 | GZ5: MBR718-18D5 | HA5: MBR012-14G0 | HB5: MBR662-18B3 | HC5: MBR666-21E0 | HD5: MBR013-04A6 | HE5: MBP974-04E6 | HF5: MBP974-14H1 | HG5: MBR056-07B4 | HH5: MBR022-03D3 | HI5: MBR052-15B7 | HJ5: MBP974-24C1 | HK5: MBR012-02E7 | HL5: MBR012-09A4 | HM5: MBR022-11H0 | HN5: MBR012-01F4 | HO5: MBR679-18C4 | HP5: MBR052-01C0 | HQ5: MBR662-04B4 | HR5: MBP995-10F0 | HS5: MBR718-15F4 | HT5: MBR671-17E0 | HU5: MBR052-20A0 | HV5: MBP995-19G6 | HW5: MBR013-08F5 | HX5: MBR715-09B7 | HY5: MBR690-20E4 | HZ5: MBR715-14A0 | IA5: MBR718-13G6 | IB5: MBR678-21E6 | IC5: MBP974-12B0 | ID5: MBR052-25E2 | IE5: MBR671-09A3 | IF5: MBR012-23B5 | IG5: MBR666-19E0 | IH5: MBR671-08B0 | II5: MBP985-02C2 | IJ5: MBR666-13A3 | IK5: MBR662-12F1 | IL5: MBR013-09F0 | IM5: MBP974-13A3 | IN5: MBR768-12D0 | IO5: MBR678-25C2 | IP5: MBR013-05A1 | IQ5: MBR715-19E2 | IR5: MBR056-01F2 | IS5: MBR056-10A7 | IT5: MBR012-25A3 | IU5: MBP974-22D3 | IV5: MBP974-03F3 | IW5: MBR022-15E4 | IX5: MBR013-12E3 | IY5: MBR666-20E5 | IZ5: MBR768-20G5 | JA5: MBR012-18D4 | JB5: MBP970-09F6 | JC5: MBR666-08C2 | JD5: MBP985-08F7 | JE5: MBR012-24B0 | JF5: MBP995-22G1 | JG5: MBR056-23B3 | JH5: MBR678-16G5 | JI5: MBR718-07B7 | JJ5: MBR679-25G6 | JK5: MBR669-18D3 | JL5: MBR052-12D6 | JM5: MBP970-03C1 | JN5: MBP995-13D1 | JO5: MBP970-19A6 | JP5: MBR022-13F6 | JQ5: MBP970-14D7 | JR5: MBP995-16B2 | JS5: MBR052-16B2 | JT5: MBR012-08B1 | JU5: MBR678-19E6 | JV5: MBR056-16E4 | JW5: MBR671-18D3 | JX5: MBR052-24E7 | JY5: MBR056-21C5 | JZ5: MBR678-03G1 | KA5: MBP974-25B4 | KB5: MBP985-07G4 | KC5: MBP970-05A7 | KD5: MBR662-05A7 | KE5: MBR715-02G2 | KF5: MBR022-20C5 | KG5: MBR022-10A2 | KH5: MBP995-11E3 | KI5: MBR662-01D3 | KJ5: MBR662-07H0 | KK5: MBP995-20A0 | KL5: MBP954-09D3 | KM5: MBP974-17F2 | KN5: MBP985-10F7 | KO5: MBP985-19A2 | KP5: MBP985-11F2 | KQ5: MBR022-06B4 | KR5: MBR678-08D0 | KS5: MBR662-13E4 | KT5: MBP995-01C0 | KU5: MBR678-06E2 | KV5: MBR056-15F1 | KW5: MBR662-11F6 | KX5: MBR052-17A5 | KY5: MBP974-05E1 | KZ5: MBR012-12H2 | LA5: MBP995-02B3 | LB5: MBP974-08C2 | LC5: MBP970-10G3 | LD5: MBR715-04F0 | LE5: MBR022-19C0 | LF5: MBR669-17E0 | LG5: MBR679-19B7 | LH5: MBR013-21A0 | LI5: MBR666-03F3 | LJ5: MBR690-24C0 | LK5: MBR666-10C2 | LL5: MBR679-12G2 | LM5: MBP970-12F1 | LN5: MBP995-05G7 | LO5: MBR768-10E2 | LP5: MBR718-05D1 | LQ5: MBP985-21A2 | LR5: MBR718-14G1 | LS5: MBR678-09C3 | LT5: MBP995-15B7 | LU5: MBR012-19C7 | LV5: MBR012-06C3 | LW5: MBR013-22G6 | LX5: MBR690-18E4 | LY5: MBR662-06A2 | LZ5: MBR056-06C1 | MA5: MBR718-19D0 | MB5: MBR012-17E1 | MC5: MBR662-14D7 | MD5: MBP970-08G3 | ME5: MBP995-12D6 | MF5: MBR022-02E0 | MG5: MBR022-14F1 | MH5: MBR022-21C0 | MI5: MBP970-13E4 | MJ5: MBR022-08A2 | MK5: MBR022-17D2 | ML5: MBR056-05C6 | MM5: MBR013-13D6 | MN5: MBR671-21C6 | MO5: MBR666-11B5 | MP5: MBR056-13G3 | MQ5: MBR013-14D1 | MR5: MBP970-22A1 | MS5: MBP970-06A2 | MT5: MBP985-24F6 | MU5: MBP970-15D2 | MV5: MBR690-17F1 | MW5: MBR768-03A0 | MX5: MBR671-12H1 | MY5: MBR662-16C5 | MZ5: MBR056-19C5 | NA5: MBR012-03E2 | NB5: MBR662-02C6 | NC5: MBR768-01B2 | ND5: MBR012-07B6 | NE5: MBR678-18F3 | NF5: MBP985-13E0 | NG5: MBP974-23C6 | NH5: MBR022-01E5 | NI5: MBR056-14F6 | NJ5: MBP985-20A7 | NK5: MBR768-04G6 | NL5: MBR679-22B2 | NM5: MBP985-06H1 | NN5: MBR056-04D3 | NO5: MBR671-14F7 | NP5: MBR662-19A6 | NQ5: MBR768-18G5 | NR5: MBP970-16C5 | NS5: MBR671-23B4 | NT5: MBR012-11A4 | NU5: MBP961-09D6 | NV5: MBR768-19G0 | NW5: MBR052-04A1 | NX5: MBP970-01D3 | NY5: MBR022-22B3 | NZ5: MBP970-24G2 | OA5: MBR671-11A3 | OB5: MBR022-05C1 | OC5: MBR666-15G4 | OD5: MBR666-24C1 | OE5: MBP985-01C7 | OF5: MBP970-07H0 | OG5: MBR679-23A5 | OH5: MBR022-09H0 | OI5: MBR012-04D5 | OJ5: MBR022-18C5 | OK5: MBR056-02E5 | OL5: MBP970-25F5 | OM5: MBR012-20D4 | ON5: MBP970-02C6 | OO5: MBP970-23G7 | OP5: MBP985-16C1 | OQ5: MBR012-05D0 | OR5: MBP995-06G2 | OS5: MBR679-16D6 | OT5: MBP970-04B4 | OU5: MBP974-21E0 | OV5: MBP995-24E7 | OW5: MBR022-25G7 | OX5: MBR022-12G3 | OY5: MBP995-18A0 | OZ5: MBR052-22G1 | PA5: MBR012-10B1 | PB5: MBR666-05E1 | PC5: MBR056-17D7 | PD5: MBP970-20B3 | PE5: MBP995-03A6 | PF5: MBR012-21C7 | PG5: MBR022-16D7 | PH5: MBP995-23F4 | PI5: MBP985-25F1 | PJ5: MBP970-21A6 | PK5: MBR715-05E3 | PL5: MBP985-23G3 | PM5: MBR715-06D6 | PN5: MBR056-03E0 | PO5: MBR052-06G2 | PP5: MBP985-15C6 | PQ5: MBR022-07A7 | PR5: MBR056-24A6 | PS5: MBR056-25A1 | PT5: MBR012-22C2 | PU5: MBR679-13F5 | PV5: MBR056-22C0
B6: SD | C6: 657 | D6: 0.0014 | N6: Wafer NO. | O6: 12 | P6: 22 | Q6: 23 | R6: 10 | S6: 7 | T6: 4 | U6: 20 | V6: 3 | W6: 25 | X6: 24 | Y6: 16 | Z6: 22 | AA6: 25 | AB6: 8 | AC6: 23 | AD6: 2 | AE6: 3 | AF6: 24 | AG6: 11 | AH6: 10 | AI6: 24 | AJ6: 8 | AK6: 20 | AL6: 24 | AM6: 18 | AN6: 3 | AO6: 11 | AP6: 6 | AQ6: 5 | AR6: 4 | AS6: 1 | AT6: 5 | AU6: 6 | AV6: 24 | AW6: 9 | AX6: 22 | AY6: 12 | AZ6: 1 | BA6: 24 | BB6: 2 | BC6: 13 | BD6: 2 | BE6: 6 | BF6: 19 | BG6: 8 | BH6: 18 | BI6: 4 | BJ6: 7 | BK6: 14 | BL6: 15 | BM6: 6 | BN6: 2 | BO6: 21 | BP6: 3 | BQ6: 4 | BR6: 21 | BS6: 19 | BT6: 25 | BU6: 20 | BV6: 4 | BW6: 3 | BX6: 19 | BY6: 1 | BZ6: 17 | CA6: 6 | CB6: 3 | CC6: 18 | CD6: 25 | CE6: 18 | CF6: 2 | CG6: 19 | CH6: 7 | CI6: 20 | CJ6: 13 | CK6: 11 | CL6: 12 | CM6: 11 | CN6: 3 | CO6: 25 | CP6: 16 | CQ6: 13 | CR6: 9 | CS6: 21 | CT6: 17 | CU6: 15 | CV6: 3 | CW6: 11 | CX6: 21 | CY6: 23 | CZ6: 15 | DA6: 22 | DB6: 23 | DC6: 13 | DD6: 24 | DE6: 7 | DF6: 2 | DG6: 15 | DH6: 9 | DI6: 12 | DJ6: 17 | DK6: 11 | DL6: 20 | DM6: 2 | DN6: 4 | DO6: 7 | DP6: 6 | DQ6: 17 | DR6: 23 | DS6: 17 | DT6: 20 | DU6: 14 | DV6: 22 | DW6: 13 | DX6: 12 | DY6: 25 | DZ6: 22 | EA6: 15 | EB6: 10 | EC6: 14 | ED6: 17 | EE6: 7 | EF6: 24 | EG6: 23 | EH6: 14 | EI6: 1 | EJ6: 10 | EK6: 23 | EL6: 5 | EM6: 9 | EN6: 2 | EO6: 8 | EP6: 10 | EQ6: 2 | ER6: 16 | ES6: 14 | ET6: 12 | EU6: 10 | EV6: 22 | EW6: 6 | EX6: 11 | EY6: 4 | EZ6: 20 | FA6: 1 | FB6: 15 | FC6: 15 | FD6: 11 | FE6: 5 | FF6: 23 | FG6: 24 | FH6: 18 | FI6: 7 | FJ6: 16 | FK6: 5 | FL6: 3 | FM6: 25 | FN6: 10 | FO6: 8 | FP6: 22 | FQ6: 17 | FR6: 12 | FS6: 14 | FT6: 10 | FU6: 16 | FV6: 24 | FW6: 23 | FX6: 23 | FY6: 7 | FZ6: 7 | GA6: 4 | GB6: 11 | GC6: 4 | GD6: 5 | GE6: 7 | GF6: 10 | GG6: 16 | GH6: 21 | GI6: 6 | GJ6: 18 | GK6: 2 | GL6: 10 | GM6: 20 | GN6: 17 | GO6: 21 | GP6: 11 | GQ6: 15 | GR6: 8 | GS6: 4 | GT6: 12 | GU6: 14 | GV6: 21 | GW6: 9 | GX6: 22 | GY6: 13 | GZ6: 18 | HA6: 14 | HB6: 18 | HC6: 21 | HD6: 4 | HE6: 4 | HF6: 14 | HG6: 7 | HH6: 3 | HI6: 15 | HJ6: 24 | HK6: 2 | HL6: 9 | HM6: 11 | HN6: 1 | HO6: 18 | HP6: 1 | HQ6: 4 | HR6: 10 | HS6: 15 | HT6: 17 | HU6: 20 | HV6: 19 | HW6: 8 | HX6: 9 | HY6: 20 | HZ6: 14 | IA6: 13 | IB6: 21 | IC6: 12 | ID6: 25 | IE6: 9 | IF6: 23 | IG6: 19 | IH6: 8 | II6: 2 | IJ6: 13 | IK6: 12 | IL6: 9 | IM6: 13 | IN6: 12 | IO6: 25 | IP6: 5 | IQ6: 19 | IR6: 1 | IS6: 10 | IT6: 25 | IU6: 22 | IV6: 3 | IW6: 15 | IX6: 12 | IY6: 20 | IZ6: 20 | JA6: 18 | JB6: 9 | JC6: 8 | JD6: 8 | JE6: 24 | JF6: 22 | JG6: 23 | JH6: 16 | JI6: 7 | JJ6: 25 | JK6: 18 | JL6: 12 | JM6: 3 | JN6: 13 | JO6: 19 | JP6: 13 | JQ6: 14 | JR6: 16 | JS6: 16 | JT6: 8 | JU6: 19 | JV6: 16 | JW6: 18 | JX6: 24 | JY6: 21 | JZ6: 3 | KA6: 25 | KB6: 7 | KC6: 5 | KD6: 5 | KE6: 2 | KF6: 20 | KG6: 10 | KH6: 11 | KI6: 1 | KJ6: 7 | KK6: 20 | KL6: 9 | KM6: 17 | KN6: 10 | KO6: 19 | KP6: 11 | KQ6: 6 | KR6: 8 | KS6: 13 | KT6: 1 | KU6: 6 | KV6: 15 | KW6: 11 | KX6: 17 | KY6: 5 | KZ6: 12 | LA6: 2 | LB6: 8 | LC6: 10 | LD6: 4 | LE6: 19 | LF6: 17 | LG6: 19 | LH6: 21 | LI6: 3 | LJ6: 24 | LK6: 10 | LL6: 12 | LM6: 12 | LN6: 5 | LO6: 10 | LP6: 5 | LQ6: 21 | LR6: 14 | LS6: 9 | LT6: 15 | LU6: 19 | LV6: 6 | LW6: 22 | LX6: 18 | LY6: 6 | LZ6: 6 | MA6: 19 | MB6: 17 | MC6: 14 | MD6: 8 | ME6: 12 | MF6: 2 | MG6: 14 | MH6: 21 | MI6: 13 | MJ6: 8 | MK6: 17 | ML6: 5 | MM6: 13 | MN6: 21 | MO6: 11 | MP6: 13 | MQ6: 14 | MR6: 22 | MS6: 6 | MT6: 24 | MU6: 15 | MV6: 17 | MW6: 3 | MX6: 12 | MY6: 16 | MZ6: 19 | NA6: 3 | NB6: 2 | NC6: 1 | ND6: 7 | NE6: 18 | NF6: 13 | NG6: 23 | NH6: 1 | NI6: 14 | NJ6: 20 | NK6: 4 | NL6: 22 | NM6: 6 | NN6: 4 | NO6: 14 | NP6: 19 | NQ6: 18 | NR6: 16 | NS6: 23 | NT6: 11 | NU6: 9 | NV6: 19 | NW6: 4 | NX6: 1 | NY6: 22 | NZ6: 24 | OA6: 11 | OB6: 5 | OC6: 15 | OD6: 24 | OE6: 1 | OF6: 7 | OG6: 23 | OH6: 9 | OI6: 4 | OJ6: 18 | OK6: 2 | OL6: 25 | OM6: 20 | ON6: 2 | OO6: 23 | OP6: 16 | OQ6: 5 | OR6: 6 | OS6: 16 | OT6: 4 | OU6: 21 | OV6: 24 | OW6: 25 | OX6: 12 | OY6: 18 | OZ6: 22 | PA6: 10 | PB6: 5 | PC6: 17 | PD6: 20 | PE6: 3 | PF6: 21 | PG6: 16 | PH6: 23 | PI6: 25 | PJ6: 21 | PK6: 5 | PL6: 23 | PM6: 6 | PN6: 3 | PO6: 6 | PP6: 15 | PQ6: 7 | PR6: 24 | PS6: 25 | PT6: 22 | PU6: 13 | PV6: 22
B7: OC | C7: 20 | D7: 0 | N7: Re-Test | O7: 3 | P7: 1 | Q7: 2 | R7: 3 | S7: 1 | T7: 1 | U7: 2 | V7: 3 | W7: 1 | X7: 1 | Y7: 2 | Z7: 1 | AA7: 3 | AB7: 2 | AC7: 1 | AD7: 2 | AE7: 1 | AF7: 1 | AG7: 2 | AH7: 2 | AI7: 3 | AJ7: 3 | AK7: 1 | AL7: 2 | AM7: 2 | AN7: 2 | AO7: 1 | AP7: 3 | AQ7: 1 | AR7: 1 | AS7: 1 | AT7: 1 | AU7: 2 | AV7: 1 | AW7: 1 | AX7: 1 | AY7: 1 | AZ7: 1 | BA7: 1 | BB7: 1 | BC7: 1 | BD7: 1 | BE7: 1 | BF7: 2 | BG7: 1 | BH7: 1 | BI7: 1 | BJ7: 3 | BK7: 1 | BL7: 1 | BM7: 1 | BN7: 1 | BO7: 1 | BP7: 1 | BQ7: 2 | BR7: 4 | BS7: 1 | BT7: 1 | BU7: 1 | BV7: 1 | BW7: 3 | BX7: 1 | BY7: 1 | BZ7: 2 | CA7: 1 | CB7: 1 | CC7: 1 | CD7: 1 | CE7: 2 | CF7: 1 | CG7: 1 | CH7: 1 | CI7: 2 | CJ7: 1 | CK7: 1 | CL7: 1 | CM7: 1 | CN7: 1 | CO7: 2 | CP7: 1 | CQ7: 1 | CR7: 1 | CS7: 2 | CT7: 2 | CU7: 1 | CV7: 1 | CW7: 1 | CX7: 1 | CY7: 3 | CZ7: 1 | DA7: 1 | DB7: 4 | DC7: 2 | DD7: 1 | DE7: 1 | DF7: 1 | DG7: 1 | DH7: 1 | DI7: 1 | DJ7: 1 | DK7: 2 | DL7: 2 | DM7: 4 | DN7: 1 | DO7: 1 | DP7: 1 | DQ7: 2 | DR7: 1 | DS7: 2 | DT7: 1 | DU7: 1 | DV7: 1 | DW7: 3 | DX7: 1 | DY7: 1 | DZ7: 1 | EA7: 1 | EB7: 4 | EC7: 1 | ED7: 1 | EE7: 1 | EF7: 2 | EG7: 1 | EH7: 12 | EI7: 1 | EJ7: 1 | EK7: 1 | EL7: 2 | EM7: 2 | EN7: 1 | EO7: 1 | EP7: 1 | EQ7: 1 | ER7: 1 | ES7: 2 | ET7: 1 | EU7: 1 | EV7: 1 | EW7: 2 | EX7: 2 | EY7: 1 | EZ7: 1 | FA7: 1 | FB7: 1 | FC7: 1 | FD7: 2 | FE7: 4 | FF7: 2 | FG7: 1 | FH7: 3 | FI7: 1 | FJ7: 1 | FK7: 1 | FL7: 2 | FM7: 1 | FN7: 1 | FO7: 1 | FP7: 2 | FQ7: 4 | FR7: 1 | FS7: 1 | FT7: 1 | FU7: 1 | FV7: 1 | FW7: 1 | FX7: 1 | FY7: 1 | FZ7: 1 | GA7: 3 | GB7: 1 | GC7: 2 | GD7: 1 | GE7: 1 | GF7: 1 | GG7: 1 | GH7: 2 | GI7: 1 | GJ7: 2 | GK7: 1 | GL7: 1 | GM7: 1 | GN7: 6 | GO7: 1 | GP7: 1 | GQ7: 1 | GR7: 1 | GS7: 1 | GT7: 1 | GU7: 1 | GV7: 1 | GW7: 1 | GX7: 3 | GY7: 1 | GZ7: 1 | HA7: 1 | HB7: 1 | HC7: 1 | HD7: 1 | HE7: 1 | HF7: 1 | HG7: 1 | HH7: 1 | HI7: 1 | HJ7: 1 | HK7: 1 | HL7: 1 | HM7: 1 | HN7: 1 | HO7: 1 | HP7: 1 | HQ7: 3 | HR7: 1 | HS7: 5 | HT7: 1 | HU7: 2 | HV7: 1 | HW7: 4 | HX7: 2 | HY7: 1 | HZ7: 1 | IA7: 1 | IB7: 1 | IC7: 1 | ID7: 3 | IE7: 1 | IF7: 1 | IG7: 2 | IH7: 1 | II7: 2 | IJ7: 1 | IK7: 1 | IL7: 1 | IM7: 2 | IN7: 2 | IO7: 1 | IP7: 1 | IQ7: 1 | IR7: 1 | IS7: 2 | IT7: 1 | IU7: 1 | IV7: 1 | IW7: 1 | IX7: 1 | IY7: 2 | IZ7: 1 | JA7: 1 | JB7: 1 | JC7: 1 | JD7: 2 | JE7: 1 | JF7: 1 | JG7: 2 | JH7: 1 | JI7: 1 | JJ7: 1 | JK7: 3 | JL7: 4 | JM7: 1 | JN7: 2 | JO7: 1 | JP7: 1 | JQ7: 1 | JR7: 1 | JS7: 1 | JT7: 1 | JU7: 1 | JV7: 2 | JW7: 1 | JX7: 2 | JY7: 2 | JZ7: 1 | KA7: 1 | KB7: 2 | KC7: 2 | KD7: 1 | KE7: 2 | KF7: 1 | KG7: 1 | KH7: 1 | KI7: 2 | KJ7: 1 | KK7: 1 | KL7: 1 | KM7: 1 | KN7: 1 | KO7: 2 | KP7: 1 | KQ7: 1 | KR7: 1 | KS7: 1 | KT7: 1 | KU7: 1 | KV7: 3 | KW7: 3 | KX7: 2 | KY7: 1 | KZ7: 1 | LA7: 1 | LB7: 2 | LC7: 1 | LD7: 1 | LE7: 1 | LF7: 2 | LG7: 1 | LH7: 1 | LI7: 1 | LJ7: 1 | LK7: 1 | LL7: 2 | LM7: 1 | LN7: 1 | LO7: 3 | LP7: 1 | LQ7: 2 | LR7: 1 | LS7: 1 | LT7: 1 | LU7: 1 | LV7: 1 | LW7: 1 | LX7: 1 | LY7: 1 | LZ7: 2 | MA7: 1 | MB7: 1 | MC7: 1 | MD7: 2 | ME7: 1 | MF7: 1 | MG7: 1 | MH7: 1 | MI7: 1 | MJ7: 1 | MK7: 1 | ML7: 1 | MM7: 1 | MN7: 1 | MO7: 1 | MP7: 1 | MQ7: 1 | MR7: 1 | MS7: 3 | MT7: 2 | MU7: 1 | MV7: 1 | MW7: 1 | MX7: 2 | MY7: 1 | MZ7: 2 | NA7: 1 | NB7: 1 | NC7: 1 | ND7: 1 | NE7: 1 | NF7: 1 | NG7: 3 | NH7: 1 | NI7: 1 | NJ7: 2 | NK7: 1 | NL7: 1 | NM7: 2 | NN7: 1 | NO7: 1 | NP7: 1 | NQ7: 1 | NR7: 1 | NS7: 1 | NT7: 1 | NU7: 1 | NV7: 1 | NW7: 1 | NX7: 1 | NY7: 1 | NZ7: 1 | OA7: 1 | OB7: 1 | OC7: 1 | OD7: 1 | OE7: 2 | OF7: 2 | OG7: 1 | OH7: 1 | OI7: 2 | OJ7: 1 | OK7: 1 | OL7: 1 | OM7: 1 | ON7: 1 | OO7: 2 | OP7: 1 | OQ7: 2 | OR7: 1 | OS7: 1 | OT7: 2 | OU7: 1 | OV7: 1 | OW7: 1 | OX7: 1 | OY7: 1 | OZ7: 2 | PA7: 1 | PB7: 1 | PC7: 1 | PD7: 1 | PE7: 1 | PF7: 1 | PG7: 1 | PH7: 1 | PI7: 2 | PJ7: 1 | PK7: 1 | PL7: 2 | PM7: 1 | PN7: 1 | PO7: 1 | PP7: 1 | PQ7: 1 | PR7: 2 | PS7: 2 | PT7: 1 | PU7: 3 | PV7: 2
B8: DIC | C8: 117 | D8: 0.0003 | N8: ProbeCard | O8: RL6982-PC-01 | P8: RL6982-PC-08 | Q8: RL6982-PC-03 | R8: RL6982-PC-14 | S8: RL6982-PC-11 | T8: RL6982-PC-08 | U8: RL6982-PC-10 | V8: RL6982-PC-01 | W8: RL6982-PC-24 | X8: RL6982-PC-22 | Y8: RL6982-PC-17 | Z8: RL6982-PC-17 | AA8: RL6982-PC-10 | AB8: RL6982-PC-17 | AC8: RL6982-PC-22 | AD8: RL6982-PC-17 | AE8: RL6982-PC-18 | AF8: RL6982-PC-03 | AG8: RL6982-PC-15 | AH8: RL6982-PC-01 | AI8: RL6982-PC-20 | AJ8: RL6982-PC-06 | AK8: RL6982-PC-22 | AL8: RL6982-PC-11 | AM8: RL6982-PC-15 | AN8: RL6982-PC-15 | AO8: RL6982-PC-06 | AP8: RL6982-PC-06 | AQ8: RL6982-PC-18 | AR8: RL6982-PC-18 | AS8: RL6982-PC-18 | AT8: RL6982-PC-22 | AU8: RL6982-PC-20 | AV8: RL6982-PC-24 | AW8: RL6982-PC-23 | AX8: RL6982-PC-03 | AY8: RL6982-PC-05 | AZ8: RL6982-PC-22 | BA8: RL6982-PC-10 | BB8: RL6982-PC-12 | BC8: RL6982-PC-05 | BD8: RL6982-PC-22 | BE8: RL6982-PC-09 | BF8: RL6982-PC-15 | BG8: RL6982-PC-09 | BH8: RL6982-PC-03 | BI8: RL6982-PC-22 | BJ8: RL6982-PC-17 | BK8: RL6982-PC-11 | BL8: RL6982-PC-12 | BM8: RL6982-PC-23 | BN8: RL6982-PC-20 | BO8: RL6982-PC-01 | BP8: RL6982-PC-20 | BQ8: RL6982-PC-15 | BR8: RL6982-PC-15 | BS8: RL6982-PC-17 | BT8: RL6982-PC-22 | BU8: RL6982-PC-20 | BV8: RL6982-PC-11 | BW8: RL6982-PC-25 | BX8: RL6982-PC-24 | BY8: RL6982-PC-20 | BZ8: RL6982-PC-15 | CA8: RL6982-PC-11 | CB8: RL6982-PC-24 | CC8: RL6982-PC-22 | CD8: RL6982-PC-18 | CE8: RL6982-PC-14 | CF8: RL6982-PC-23 | CG8: RL6982-PC-20 | CH8: RL6982-PC-06 | CI8: RL6982-PC-24 | CJ8: RL6982-PC-12 | CK8: RL6982-PC-05 | CL8: RL6982-PC-12 | CM8: RL6982-PC-12 | CN8: RL6982-PC-06 | CO8: RL6982-PC-12 | CP8: RL6982-PC-05 | CQ8: RL6982-PC-09 | CR8: RL6982-PC-20 | CS8: RL6982-PC-15 | CT8: RL6982-PC-14 | CU8: RL6982-PC-06 | CV8: RL6982-PC-09 | CW8: RL6982-PC-11 | CX8: RL6982-PC-22 | CY8: RL6982-PC-11 | CZ8: RL6982-PC-16 | DA8: RL6982-PC-24 | DB8: RL6982-PC-01 | DC8: RL6982-PC-11 | DD8: RL6982-PC-24 | DE8: RL6982-PC-12 | DF8: RL6982-PC-18 | DG8: RL6982-PC-05 | DH8: RL6982-PC-11 | DI8: RL6982-PC-14 | DJ8: RL6982-PC-24 | DK8: RL6982-PC-22 | DL8: RL6982-PC-03 | DM8: RL6982-PC-11 | DN8: RL6982-PC-06 | DO8: RL6982-PC-24 | DP8: RL6982-PC-18 | DQ8: RL6982-PC-14 | DR8: RL6982-PC-17 | DS8: RL6982-PC-16 | DT8: RL6982-PC-24 | DU8: RL6982-PC-01 | DV8: RL6982-PC-20 | DW8: RL6982-PC-01 | DX8: RL6982-PC-16 | DY8: RL6982-PC-20 | DZ8: RL6982-PC-01 | EA8: RL6982-PC-22 | EB8: RL6982-PC-09 | EC8: RL6982-PC-05 | ED8: RL6982-PC-03 | EE8: RL6982-PC-20 | EF8: RL6982-PC-05 | EG8: RL6982-PC-05 | EH8: RL6982-PC-12 | EI8: RL6982-PC-24 | EJ8: RL6982-PC-06 | EK8: RL6982-PC-03 | EL8: RL6982-PC-15 | EM8: RL6982-PC-01 | EN8: RL6982-PC-14 | EO8: RL6982-PC-23 | EP8: RL6982-PC-16 | EQ8: RL6982-PC-06 | ER8: RL6982-PC-09 | ES8: RL6982-PC-23 | ET8: RL6982-PC-06 | EU8: RL6982-PC-11 | EV8: RL6982-PC-03 | EW8: RL6982-PC-20 | EX8: RL6982-PC-01 | EY8: RL6982-PC-09 | EZ8: RL6982-PC-05 | FA8: RL6982-PC-11 | FB8: RL6982-PC-01 | FC8: RL6982-PC-09 | FD8: RL6982-PC-14 | FE8: RL6982-PC-06 | FF8: RL6982-PC-15 | FG8: RL6982-PC-05 | FH8: RL6982-PC-10 | FI8: RL6982-PC-09 | FJ8: RL6982-PC-09 | FK8: RL6982-PC-09 | FL8: RL6982-PC-12 | FM8: RL6982-PC-24 | FN8: RL6982-PC-16 | FO8: RL6982-PC-24 | FP8: RL6982-PC-14 | FQ8: RL6982-PC-01 | FR8: RL6982-PC-23 | FS8: RL6982-PC-06 | FT8: RL6982-PC-12 | FU8: RL6982-PC-22 | FV8: RL6982-PC-01 | FW8: RL6982-PC-24 | FX8: RL6982-PC-24 | FY8: RL6982-PC-20 | FZ8: RL6982-PC-22 | GA8: RL6982-PC-17 | GB8: RL6982-PC-16 | GC8: RL6982-PC-23 | GD8: RL6982-PC-12 | GE8: RL6982-PC-18 | GF8: RL6982-PC-05 | GG8: RL6982-PC-16 | GH8: RL6982-PC-05 | GI8: RL6982-PC-06 | GJ8: RL6982-PC-15 | GK8: RL6982-PC-09 | GL8: RL6982-PC-22 | GM8: RL6982-PC-18 | GN8: RL6982-PC-16 | GO8: RL6982-PC-24 | GP8: RL6982-PC-25 | GQ8: RL6982-PC-17 | GR8: RL6982-PC-12 | GS8: RL6982-PC-03 | GT8: RL6982-PC-12 | GU8: RL6982-PC-16 | GV8: RL6982-PC-17 | GW8: RL6982-PC-12 | GX8: RL6982-PC-22 | GY8: RL6982-PC-09 | GZ8: RL6982-PC-24 | HA8: RL6982-PC-09 | HB8: RL6982-PC-08 | HC8: RL6982-PC-03 | HD8: RL6982-PC-20 | HE8: RL6982-PC-20 | HF8: RL6982-PC-17 | HG8: RL6982-PC-01 | HH8: RL6982-PC-03 | HI8: RL6982-PC-11 | HJ8: RL6982-PC-18 | HK8: RL6982-PC-17 | HL8: RL6982-PC-09 | HM8: RL6982-PC-06 | HN8: RL6982-PC-17 | HO8: RL6982-PC-05 | HP8: RL6982-PC-12 | HQ8: RL6982-PC-25 | HR8: RL6982-PC-16 | HS8: RL6982-PC-16 | HT8: RL6982-PC-09 | HU8: RL6982-PC-15 | HV8: RL6982-PC-18 | HW8: RL6982-PC-20 | HX8: RL6982-PC-12 | HY8: RL6982-PC-17 | HZ8: RL6982-PC-12 | IA8: RL6982-PC-16 | IB8: RL6982-PC-03 | IC8: RL6982-PC-17 | ID8: RL6982-PC-24 | IE8: RL6982-PC-18 | IF8: RL6982-PC-23 | IG8: RL6982-PC-03 | IH8: RL6982-PC-18 | II8: RL6982-PC-15 | IJ8: RL6982-PC-23 | IK8: RL6982-PC-16 | IL8: RL6982-PC-22 | IM8: RL6982-PC-17 | IN8: RL6982-PC-15 | IO8: RL6982-PC-03 | IP8: RL6982-PC-20 | IQ8: RL6982-PC-22 | IR8: RL6982-PC-01 | IS8: RL6982-PC-14 | IT8: RL6982-PC-23 | IU8: RL6982-PC-18 | IV8: RL6982-PC-20 | IW8: RL6982-PC-06 | IX8: RL6982-PC-22 | IY8: RL6982-PC-03 | IZ8: RL6982-PC-01 | JA8: RL6982-PC-23 | JB8: RL6982-PC-25 | JC8: RL6982-PC-11 | JD8: RL6982-PC-15 | JE8: RL6982-PC-23 | JF8: RL6982-PC-18 | JG8: RL6982-PC-10 | JH8: RL6982-PC-06 | JI8: RL6982-PC-23 | JJ8: RL6982-PC-05 | JK8: RL6982-PC-10 | JL8: RL6982-PC-11 | JM8: RL6982-PC-10 | JN8: RL6982-PC-16 | JO8: RL6982-PC-11 | JP8: RL6982-PC-06 | JQ8: RL6982-PC-25 | JR8: RL6982-PC-16 | JS8: RL6982-PC-11 | JT8: RL6982-PC-17 | JU8: RL6982-PC-03 | JV8: RL6982-PC-14 | JW8: RL6982-PC-20 | JX8: RL6982-PC-15 | JY8: RL6982-PC-10 | JZ8: RL6982-PC-22 | KA8: RL6982-PC-18 | KB8: RL6982-PC-15 | KC8: RL6982-PC-10 | KD8: RL6982-PC-25 | KE8: RL6982-PC-24 | KF8: RL6982-PC-05 | KG8: RL6982-PC-06 | KH8: RL6982-PC-16 | KI8: RL6982-PC-25 | KJ8: RL6982-PC-25 | KK8: RL6982-PC-18 | KL8: RL6982-PC-08 | KM8: RL6982-PC-17 | KN8: RL6982-PC-12 | KO8: RL6982-PC-14 | KP8: RL6982-PC-12 | KQ8: RL6982-PC-03 | KR8: RL6982-PC-22 | KS8: RL6982-PC-16 | KT8: RL6982-PC-08 | KU8: RL6982-PC-22 | KV8: RL6982-PC-20 | KW8: RL6982-PC-16 | KX8: RL6982-PC-15 | KY8: RL6982-PC-20 | KZ8: RL6982-PC-09 | LA8: RL6982-PC-08 | LB8: RL6982-PC-20 | LC8: RL6982-PC-25 | LD8: RL6982-PC-24 | LE8: RL6982-PC-05 | LF8: RL6982-PC-10 | LG8: RL6982-PC-05 | LH8: RL6982-PC-24 | LI8: RL6982-PC-11 | LJ8: RL6982-PC-17 | LK8: RL6982-PC-23 | LL8: RL6982-PC-01 | LM8: RL6982-PC-25 | LN8: RL6982-PC-08 | LO8: RL6982-PC-15 | LP8: RL6982-PC-23 | LQ8: RL6982-PC-14 | LR8: RL6982-PC-16 | LS8: RL6982-PC-06 | LT8: RL6982-PC-16 | LU8: RL6982-PC-23 | LV8: RL6982-PC-17 | LW8: RL6982-PC-24 | LX8: RL6982-PC-17 | LY8: RL6982-PC-25 | LZ8: RL6982-PC-01 | MA8: RL6982-PC-24 | MB8: RL6982-PC-23 | MC8: RL6982-PC-16 | MD8: RL6982-PC-10 | ME8: RL6982-PC-16 | MF8: RL6982-PC-03 | MG8: RL6982-PC-06 | MH8: RL6982-PC-05 | MI8: RL6982-PC-25 | MJ8: RL6982-PC-03 | MK8: RL6982-PC-06 | ML8: RL6982-PC-01 | MM8: RL6982-PC-22 | MN8: RL6982-PC-20 | MO8: RL6982-PC-23 | MP8: RL6982-PC-14 | MQ8: RL6982-PC-22 | MR8: RL6982-PC-11 | MS8: RL6982-PC-10 | MT8: RL6982-PC-14 | MU8: RL6982-PC-25 | MV8: RL6982-PC-05 | MW8: RL6982-PC-14 | MX8: RL6982-PC-09 | MY8: RL6982-PC-16 | MZ8: RL6982-PC-10 | NA8: RL6982-PC-17 | NB8: RL6982-PC-25 | NC8: RL6982-PC-14 | ND8: RL6982-PC-17 | NE8: RL6982-PC-03 | NF8: RL6982-PC-12 | NG8: RL6982-PC-18 | NH8: RL6982-PC-03 | NI8: RL6982-PC-14 | NJ8: RL6982-PC-14 | NK8: RL6982-PC-14 | NL8: RL6982-PC-05 | NM8: RL6982-PC-15 | NN8: RL6982-PC-01 | NO8: RL6982-PC-09 | NP8: RL6982-PC-08 | NQ8: RL6982-PC-01 | NR8: RL6982-PC-25 | NS8: RL6982-PC-20 | NT8: RL6982-PC-09 | NU8: RL6982-PC-25 | NV8: RL6982-PC-01 | NW8: RL6982-PC-12 | NX8: RL6982-PC-10 | NY8: RL6982-PC-05 | NZ8: RL6982-PC-11 | OA8: RL6982-PC-09 | OB8: RL6982-PC-03 | OC8: RL6982-PC-23 | OD8: RL6982-PC-03 | OE8: RL6982-PC-15 | OF8: RL6982-PC-10 | OG8: RL6982-PC-05 | OH8: RL6982-PC-03 | OI8: RL6982-PC-17 | OJ8: RL6982-PC-05 | OK8: RL6982-PC-01 | OL8: RL6982-PC-11 | OM8: RL6982-PC-23 | ON8: RL6982-PC-10 | OO8: RL6982-PC-11 | OP8: RL6982-PC-12 | OQ8: RL6982-PC-17 | OR8: RL6982-PC-08 | OS8: RL6982-PC-01 | OT8: RL6982-PC-10 | OU8: RL6982-PC-18 | OV8: RL6982-PC-18 | OW8: RL6982-PC-05 | OX8: RL6982-PC-06 | OY8: RL6982-PC-18 | OZ8: RL6982-PC-15 | PA8: RL6982-PC-09 | PB8: RL6982-PC-11 | PC8: RL6982-PC-14 | PD8: RL6982-PC-11 | PE8: RL6982-PC-08 | PF8: RL6982-PC-23 | PG8: RL6982-PC-06 | PH8: RL6982-PC-18 | PI8: RL6982-PC-14 | PJ8: RL6982-PC-11 | PK8: RL6982-PC-24 | PL8: RL6982-PC-14 | PM8: RL6982-PC-24 | PN8: RL6982-PC-01 | PO8: RL6982-PC-12 | PP8: RL6982-PC-12 | PQ8: RL6982-PC-03 | PR8: RL6982-PC-10 | PS8: RL6982-PC-10 | PT8: RL6982-PC-23 | PU8: RL6982-PC-01 | PV8: RL6982-PC-10
B9: BIST | C9: 12188 | D9: 0.0265 | N9: Yield | O9: 0.648 | P9: 0.7013 | Q9: 0.7546 | R9: 0.7757 | S9: 0.7819 | T9: 0.796 | U9: 0.8162 | V9: 0.8171 | W9: 0.8438 | X9: 0.8474 | Y9: 0.8474 | Z9: 0.8502 | AA9: 0.8511 | AB9: 0.8539 | AC9: 0.8548 | AD9: 0.8557 | AE9: 0.8557 | AF9: 0.8612 | AG9: 0.8631 | AH9: 0.8631 | AI9: 0.8638 | AJ9: 0.8649 | AK9: 0.8649 | AL9: 0.8658 | AM9: 0.8658 | AN9: 0.8667 | AO9: 0.8686 | AP9: 0.8704 | AQ9: 0.8704 | AR9: 0.8722 | AS9: 0.8732 | AT9: 0.8741 | AU9: 0.8741 | AV9: 0.8759 | AW9: 0.8759 | AX9: 0.8759 | AY9: 0.8768 | AZ9: 0.8768 | BA9: 0.8768 | BB9: 0.8778 | BC9: 0.8787 | BD9: 0.8787 | BE9: 0.8796 | BF9: 0.8796 | BG9: 0.8796 | BH9: 0.8796 | BI9: 0.8796 | BJ9: 0.8796 | BK9: 0.8805 | BL9: 0.8805 | BM9: 0.8814 | BN9: 0.8814 | BO9: 0.8814 | BP9: 0.8814 | BQ9: 0.8814 | BR9: 0.8814 | BS9: 0.8814 | BT9: 0.8824 | BU9: 0.8824 | BV9: 0.8833 | BW9: 0.8833 | BX9: 0.8833 | BY9: 0.8833 | BZ9: 0.8842 | CA9: 0.8851 | CB9: 0.8851 | CC9: 0.8851 | CD9: 0.8851 | CE9: 0.8851 | CF9: 0.886 | CG9: 0.886 | CH9: 0.886 | CI9: 0.886 | CJ9: 0.886 | CK9: 0.886 | CL9: 0.8869 | CM9: 0.8869 | CN9: 0.8869 | CO9: 0.8869 | CP9: 0.8869 | CQ9: 0.8869 | CR9: 0.8869 | CS9: 0.8869 | CT9: 0.8869 | CU9: 0.8869 | CV9: 0.8869 | CW9: 0.8879 | CX9: 0.8879 | CY9: 0.8879 | CZ9: 0.8879 | DA9: 0.8879 | DB9: 0.8879 | DC9: 0.8888 | DD9: 0.8888 | DE9: 0.8888 | DF9: 0.8888 | DG9: 0.8888 | DH9: 0.8888 | DI9: 0.8897 | DJ9: 0.8897 | DK9: 0.8906 | DL9: 0.8906 | DM9: 0.8906 | DN9: 0.8906 | DO9: 0.8906 | DP9: 0.8906 | DQ9: 0.8915 | DR9: 0.8915 | DS9: 0.8915 | DT9: 0.8915 | DU9: 0.8925 | DV9: 0.8925 | DW9: 0.8925 | DX9: 0.8925 | DY9: 0.8925 | DZ9: 0.8934 | EA9: 0.8934 | EB9: 0.8934 | EC9: 0.8934 | ED9: 0.8943 | EE9: 0.8943 | EF9: 0.8943 | EG9: 0.8943 | EH9: 0.8943 | EI9: 0.8943 | EJ9: 0.8943 | EK9: 0.8943 | EL9: 0.8952 | EM9: 0.8952 | EN9: 0.8952 | EO9: 0.8952 | EP9: 0.8952 | EQ9: 0.8952 | ER9: 0.8961 | ES9: 0.8961 | ET9: 0.8961 | EU9: 0.8961 | EV9: 0.8961 | EW9: 0.8961 | EX9: 0.8961 | EY9: 0.8961 | EZ9: 0.8961 | FA9: 0.8971 | FB9: 0.8971 | FC9: 0.8971 | FD9: 0.8971 | FE9: 0.8971 | FF9: 0.8971 | FG9: 0.8971 | FH9: 0.898 | FI9: 0.898 | FJ9: 0.898 | FK9: 0.898 | FL9: 0.898 | FM9: 0.898 | FN9: 0.898 | FO9: 0.898 | FP9: 0.898 | FQ9: 0.898 | FR9: 0.898 | FS9: 0.898 | FT9: 0.898 | FU9: 0.898 | FV9: 0.898 | FW9: 0.898 | FX9: 0.8989 | FY9: 0.8989 | FZ9: 0.8989 | GA9: 0.8989 | GB9: 0.8989 | GC9: 0.8989 | GD9: 0.8989 | GE9: 0.8989 | GF9: 0.8989 | GG9: 0.8989 | GH9: 0.8989 | GI9: 0.8998 | GJ9: 0.8998 | GK9: 0.8998 | GL9: 0.8998 | GM9: 0.8998 | GN9: 0.8998 | GO9: 0.8998 | GP9: 0.8998 | GQ9: 0.8998 | GR9: 0.9007 | GS9: 0.9007 | GT9: 0.9007 | GU9: 0.9007 | GV9: 0.9007 | GW9: 0.9007 | GX9: 0.9007 | GY9: 0.9007 | GZ9: 0.9007 | HA9: 0.9017 | HB9: 0.9017 | HC9: 0.9017 | HD9: 0.9017 | HE9: 0.9017 | HF9: 0.9017 | HG9: 0.9019 | HH9: 0.9026 | HI9: 0.9026 | HJ9: 0.9026 | HK9: 0.9026 | HL9: 0.9026 | HM9: 0.9035 | HN9: 0.9035 | HO9: 0.9035 | HP9: 0.9035 | HQ9: 0.9035 | HR9: 0.9035 | HS9: 0.9035 | HT9: 0.9035 | HU9: 0.9035 | HV9: 0.9035 | HW9: 0.9035 | HX9: 0.9043 | HY9: 0.9044 | HZ9: 0.9044 | IA9: 0.9044 | IB9: 0.9044 | IC9: 0.9044 | ID9: 0.9044 | IE9: 0.9053 | IF9: 0.9053 | IG9: 0.9053 | IH9: 0.9053 | II9: 0.9053 | IJ9: 0.9053 | IK9: 0.9053 | IL9: 0.9053 | IM9: 0.9053 | IN9: 0.9053 | IO9: 0.9053 | IP9: 0.9053 | IQ9: 0.9062 | IR9: 0.9062 | IS9: 0.9062 | IT9: 0.9062 | IU9: 0.9062 | IV9: 0.9062 | IW9: 0.9062 | IX9: 0.9062 | IY9: 0.9062 | IZ9: 0.9062 | JA9: 0.9072 | JB9: 0.9072 | JC9: 0.9072 | JD9: 0.9072 | JE9: 0.9072 | JF9: 0.9072 | JG9: 0.9081 | JH9: 0.9081 | JI9: 0.9081 | JJ9: 0.9081 | JK9: 0.909 | JL9: 0.909 | JM9: 0.909 | JN9: 0.909 | JO9: 0.909 | JP9: 0.909 | JQ9: 0.909 | JR9: 0.909 | JS9: 0.909 | JT9: 0.9099 | JU9: 0.9099 | JV9: 0.9099 | JW9: 0.9099 | JX9: 0.9099 | JY9: 0.9099 | JZ9: 0.9099 | KA9: 0.9099 | KB9: 0.9099 | KC9: 0.9099 | KD9: 0.9108 | KE9: 0.9108 | KF9: 0.9108 | KG9: 0.9108 | KH9: 0.9108 | KI9: 0.9108 | KJ9: 0.9108 | KK9: 0.9108 | KL9: 0.9108 | KM9: 0.9108 | KN9: 0.9108 | KO9: 0.9108 | KP9: 0.9108 | KQ9: 0.9118 | KR9: 0.9118 | KS9: 0.9118 | KT9: 0.9118 | KU9: 0.9118 | KV9: 0.9118 | KW9: 0.9118 | KX9: 0.9127 | KY9: 0.9127 | KZ9: 0.9127 | LA9: 0.9127 | LB9: 0.9127 | LC9: 0.9127 | LD9: 0.9127 | LE9: 0.9127 | LF9: 0.9127 | LG9: 0.9127 | LH9: 0.9127 | LI9: 0.9136 | LJ9: 0.9136 | LK9: 0.9136 | LL9: 0.9136 | LM9: 0.9136 | LN9: 0.9136 | LO9: 0.9145 | LP9: 0.9145 | LQ9: 0.9145 | LR9: 0.9145 | LS9: 0.9145 | LT9: 0.9145 | LU9: 0.9145 | LV9: 0.9145 | LW9: 0.9145 | LX9: 0.9145 | LY9: 0.9145 | LZ9: 0.9145 | MA9: 0.9145 | MB9: 0.9154 | MC9: 0.9154 | MD9: 0.9154 | ME9: 0.9154 | MF9: 0.9154 | MG9: 0.9154 | MH9: 0.9154 | MI9: 0.9154 | MJ9: 0.9164 | MK9: 0.9164 | ML9: 0.9164 | MM9: 0.9164 | MN9: 0.9173 | MO9: 0.9173 | MP9: 0.9173 | MQ9: 0.9173 | MR9: 0.9173 | MS9: 0.9173 | MT9: 0.9173 | MU9: 0.9182 | MV9: 0.9182 | MW9: 0.9182 | MX9: 0.9182 | MY9: 0.9182 | MZ9: 0.9182 | NA9: 0.9182 | NB9: 0.9182 | NC9: 0.9191 | ND9: 0.9191 | NE9: 0.9191 | NF9: 0.9191 | NG9: 0.9191 | NH9: 0.9191 | NI9: 0.9191 | NJ9: 0.92 | NK9: 0.92 | NL9: 0.92 | NM9: 0.92 | NN9: 0.92 | NO9: 0.92 | NP9: 0.92 | NQ9: 0.92 | NR9: 0.92 | NS9: 0.921 | NT9: 0.921 | NU9: 0.921 | NV9: 0.921 | NW9: 0.921 | NX9: 0.9219 | NY9: 0.9219 | NZ9: 0.9219 | OA9: 0.9219 | OB9: 0.9219 | OC9: 0.9219 | OD9: 0.9219 | OE9: 0.9219 | OF9: 0.9219 | OG9: 0.9219 | OH9: 0.9219 | OI9: 0.9219 | OJ9: 0.9228 | OK9: 0.9228 | OL9: 0.9228 | OM9: 0.9237 | ON9: 0.9237 | OO9: 0.9237 | OP9: 0.9237 | OQ9: 0.9246 | OR9: 0.9246 | OS9: 0.9246 | OT9: 0.9246 | OU9: 0.9256 | OV9: 0.9256 | OW9: 0.9256 | OX9: 0.9256 | OY9: 0.9265 | OZ9: 0.9265 | PA9: 0.9274 | PB9: 0.9274 | PC9: 0.9274 | PD9: 0.9274 | PE9: 0.9283 | PF9: 0.9292 | PG9: 0.9292 | PH9: 0.9292 | PI9: 0.9301 | PJ9: 0.9301 | PK9: 0.9311 | PL9: 0.9311 | PM9: 0.9311 | PN9: 0.932 | PO9: 0.932 | PP9: 0.9329 | PQ9: 0.9338 | PR9: 0.9338 | PS9: 0.9357 | PT9: 0.9357 | PU9: 0.9375 | PV9: 0.9375
B10: SCAN | C10: 30443 | D10: 0.0661 | N10: CP | O10: CP1 | P10: CP1 | Q10: CP1 | R10: CP1 | S10: CP1 | T10: CP1 | U10: CP1 | V10: CP1 | W10: CP1 | X10: CP1 | Y10: CP1 | Z10: CP1 | AA10: CP1 | AB10: CP1 | AC10: CP1 | AD10: CP1 | AE10: CP1 | AF10: CP1 | AG10: CP1 | AH10: CP1 | AI10: CP1 | AJ10: CP1 | AK10: CP1 | AL10: CP1 | AM10: CP1 | AN10: CP1 | AO10: CP1 | AP10: CP1 | AQ10: CP1 | AR10: CP1 | AS10: CP1 | AT10: CP1 | AU10: CP1 | AV10: CP1 | AW10: CP1 | AX10: CP1 | AY10: CP1 | AZ10: CP1 | BA10: CP1 | BB10: CP1 | BC10: CP1 | BD10: CP1 | BE10: CP1 | BF10: CP1 | BG10: CP1 | BH10: CP1 | BI10: CP1 | BJ10: CP1 | BK10: CP1 | BL10: CP1 | BM10: CP1 | BN10: CP1 | BO10: CP1 | BP10: CP1 | BQ10: CP1 | BR10: CP1 | BS10: CP1 | BT10: CP1 | BU10: CP1 | BV10: CP1 | BW10: CP1 | BX10: CP1 | BY10: CP1 | BZ10: CP1 | CA10: CP1 | CB10: CP1 | CC10: CP1 | CD10: CP1 | CE10: CP1 | CF10: CP1 | CG10: CP1 | CH10: CP1 | CI10: CP1 | CJ10: CP1 | CK10: CP1 | CL10: CP1 | CM10: CP1 | CN10: CP1 | CO10: CP1 | CP10: CP1 | CQ10: CP1 | CR10: CP1 | CS10: CP1 | CT10: CP1 | CU10: CP1 | CV10: CP1 | CW10: CP1 | CX10: CP1 | CY10: CP1 | CZ10: CP1 | DA10: CP1 | DB10: CP1 | DC10: CP1 | DD10: CP1 | DE10: CP1 | DF10: CP1 | DG10: CP1 | DH10: CP1 | DI10: CP1 | DJ10: CP1 | DK10: CP1 | DL10: CP1 | DM10: CP1 | DN10: CP1 | DO10: CP1 | DP10: CP1 | DQ10: CP1 | DR10: CP1 | DS10: CP1 | DT10: CP1 | DU10: CP1 | DV10: CP1 | DW10: CP1 | DX10: CP1 | DY10: CP1 | DZ10: CP1 | EA10: CP1 | EB10: CP1 | EC10: CP1 | ED10: CP1 | EE10: CP1 | EF10: CP1 | EG10: CP1 | EH10: CP1 | EI10: CP1 | EJ10: CP1 | EK10: CP1 | EL10: CP1 | EM10: CP1 | EN10: CP1 | EO10: CP1 | EP10: CP1 | EQ10: CP1 | ER10: CP1 | ES10: CP1 | ET10: CP1 | EU10: CP1 | EV10: CP1 | EW10: CP1 | EX10: CP1 | EY10: CP1 | EZ10: CP1 | FA10: CP1 | FB10: CP1 | FC10: CP1 | FD10: CP1 | FE10: CP1 | FF10: CP1 | FG10: CP1 | FH10: CP1 | FI10: CP1 | FJ10: CP1 | FK10: CP1 | FL10: CP1 | FM10: CP1 | FN10: CP1 | FO10: CP1 | FP10: CP1 | FQ10: CP1 | FR10: CP1 | FS10: CP1 | FT10: CP1 | FU10: CP1 | FV10: CP1 | FW10: CP1 | FX10: CP1 | FY10: CP1 | FZ10: CP1 | GA10: CP1 | GB10: CP1 | GC10: CP1 | GD10: CP1 | GE10: CP1 | GF10: CP1 | GG10: CP1 | GH10: CP1 | GI10: CP1 | GJ10: CP1 | GK10: CP1 | GL10: CP1 | GM10: CP1 | GN10: CP1 | GO10: CP1 | GP10: CP1 | GQ10: CP1 | GR10: CP1 | GS10: CP1 | GT10: CP1 | GU10: CP1 | GV10: CP1 | GW10: CP1 | GX10: CP1 | GY10: CP1 | GZ10: CP1 | HA10: CP1 | HB10: CP1 | HC10: CP1 | HD10: CP1 | HE10: CP1 | HF10: CP1 | HG10: CP1 | HH10: CP1 | HI10: CP1 | HJ10: CP1 | HK10: CP1 | HL10: CP1 | HM10: CP1 | HN10: CP1 | HO10: CP1 | HP10: CP1 | HQ10: CP1 | HR10: CP1 | HS10: CP1 | HT10: CP1 | HU10: CP1 | HV10: CP1 | HW10: CP1 | HX10: CP1 | HY10: CP1 | HZ10: CP1 | IA10: CP1 | IB10: CP1 | IC10: CP1 | ID10: CP1 | IE10: CP1 | IF10: CP1 | IG10: CP1 | IH10: CP1 | II10: CP1 | IJ10: CP1 | IK10: CP1 | IL10: CP1 | IM10: CP1 | IN10: CP1 | IO10: CP1 | IP10: CP1 | IQ10: CP1 | IR10: CP1 | IS10: CP1 | IT10: CP1 | IU10: CP1 | IV10: CP1 | IW10: CP1 | IX10: CP1 | IY10: CP1 | IZ10: CP1 | JA10: CP1 | JB10: CP1 | JC10: CP1 | JD10: CP1 | JE10: CP1 | JF10: CP1 | JG10: CP1 | JH10: CP1 | JI10: CP1 | JJ10: CP1 | JK10: CP1 | JL10: CP1 | JM10: CP1 | JN10: CP1 | JO10: CP1 | JP10: CP1 | JQ10: CP1 | JR10: CP1 | JS10: CP1 | JT10: CP1 | JU10: CP1 | JV10: CP1 | JW10: CP1 | JX10: CP1 | JY10: CP1 | JZ10: CP1 | KA10: CP1 | KB10: CP1 | KC10: CP1 | KD10: CP1 | KE10: CP1 | KF10: CP1 | KG10: CP1 | KH10: CP1 | KI10: CP1 | KJ10: CP1 | KK10: CP1 | KL10: CP1 | KM10: CP1 | KN10: CP1 | KO10: CP1 | KP10: CP1 | KQ10: CP1 | KR10: CP1 | KS10: CP1 | KT10: CP1 | KU10: CP1 | KV10: CP1 | KW10: CP1 | KX10: CP1 | KY10: CP1 | KZ10: CP1 | LA10: CP1 | LB10: CP1 | LC10: CP1 | LD10: CP1 | LE10: CP1 | LF10: CP1 | LG10: CP1 | LH10: CP1 | LI10: CP1 | LJ10: CP1 | LK10: CP1 | LL10: CP1 | LM10: CP1 | LN10: CP1 | LO10: CP1 | LP10: CP1 | LQ10: CP1 | LR10: CP1 | LS10: CP1 | LT10: CP1 | LU10: CP1 | LV10: CP1 | LW10: CP1 | LX10: CP1 | LY10: CP1 | LZ10: CP1 | MA10: CP1 | MB10: CP1 | MC10: CP1 | MD10: CP1 | ME10: CP1 | MF10: CP1 | MG10: CP1 | MH10: CP1 | MI10: CP1 | MJ10: CP1 | MK10: CP1 | ML10: CP1 | MM10: CP1 | MN10: CP1 | MO10: CP1 | MP10: CP1 | MQ10: CP1 | MR10: CP1 | MS10: CP1 | MT10: CP1 | MU10: CP1 | MV10: CP1 | MW10: CP1 | MX10: CP1 | MY10: CP1 | MZ10: CP1 | NA10: CP1 | NB10: CP1 | NC10: CP1 | ND10: CP1 | NE10: CP1 | NF10: CP1 | NG10: CP1 | NH10: CP1 | NI10: CP1 | NJ10: CP1 | NK10: CP1 | NL10: CP1 | NM10: CP1 | NN10: CP1 | NO10: CP1 | NP10: CP1 | NQ10: CP1 | NR10: CP1 | NS10: CP1 | NT10: CP1 | NU10: CP1 | NV10: CP1 | NW10: CP1 | NX10: CP1 | NY10: CP1 | NZ10: CP1 | OA10: CP1 | OB10: CP1 | OC10: CP1 | OD10: CP1 | OE10: CP1 | OF10: CP1 | OG10: CP1 | OH10: CP1 | OI10: CP1 | OJ10: CP1 | OK10: CP1 | OL10: CP1 | OM10: CP1 | ON10: CP1 | OO10: CP1 | OP10: CP1 | OQ10: CP1 | OR10: CP1 | OS10: CP1 | OT10: CP1 | OU10: CP1 | OV10: CP1 | OW10: CP1 | OX10: CP1 | OY10: CP1 | OZ10: CP1 | PA10: CP1 | PB10: CP1 | PC10: CP1 | PD10: CP1 | PE10: CP1 | PF10: CP1 | PG10: CP1 | PH10: CP1 | PI10: CP1 | PJ10: CP1 | PK10: CP1 | PL10: CP1 | PM10: CP1 | PN10: CP1 | PO10: CP1 | PP10: CP1 | PQ10: CP1 | PR10: CP1 | PS10: CP1 | PT10: CP1 | PU10: CP1 | PV10: CP1
B11: OTHER | C11: 357 | D11: 0.0008 | N11: Starttime | O11: 2026-02-18 19:13:03 | P11: 2026-02-22 04:33:36 | Q11: 2026-02-22 09:34:16 | R11: 2026-02-16 06:39:08 | S11: 2026-02-22 09:47:00 | T11: 2026-02-17 10:30:23 | U11: 2026-02-19 20:18:56 | V11: 2026-02-18 17:57:58 | W11: 2026-02-17 18:22:36 | X11: 2026-02-22 06:53:33 | Y11: 2026-02-17 15:21:31 | Z11: 2026-02-21 15:20:41 | AA11: 2026-02-16 02:36:57 | AB11: 2026-02-17 07:17:27 | AC11: 2026-02-22 00:28:59 | AD11: 2026-02-17 05:03:01 | AE11: 2026-02-20 15:23:59 | AF11: 2026-02-17 14:39:05 | AG11: 2026-02-22 04:35:14 | AH11: 2026-02-16 16:52:38 | AI11: 2026-02-22 15:44:51 | AJ11: 2026-02-20 21:06:23 | AK11: 2026-02-21 02:19:54 | AL11: 2026-02-18 04:04:54 | AM11: 2026-02-19 04:49:30 | AN11: 2026-02-16 20:50:20 | AO11: 2026-02-16 07:16:57 | AP11: 2026-02-20 20:31:44 | AQ11: 2026-02-21 04:51:48 | AR11: 2026-02-20 22:12:32 | AS11: 2026-02-20 02:22:18 | AT11: 2026-02-16 20:48:42 | AU11: 2026-02-19 08:44:45 | AV11: 2026-02-20 00:38:25 | AW11: 2026-02-20 17:00:37 | AX11: 2026-02-17 01:33:46 | AY11: 2026-02-21 00:58:28 | AZ11: 2026-02-15 18:14:37 | BA11: 2026-02-15 18:00:38 | BB11: 2026-02-18 17:58:09 | BC11: 2026-02-21 07:33:46 | BD11: 2026-02-16 00:44:35 | BE11: 2026-02-17 03:05:05 | BF11: 2026-02-19 11:28:22 | BG11: 2026-02-17 15:51:09 | BH11: 2026-02-20 23:30:05 | BI11: 2026-02-16 13:29:14 | BJ11: 2026-02-17 06:30:54 | BK11: 2026-02-19 20:31:21 | BL11: 2026-02-22 15:50:43 | BM11: 2026-02-17 01:54:47 | BN11: 2026-02-18 07:06:42 | BO11: 2026-02-21 19:13:55 | BP11: 2026-02-18 13:31:50 | BQ11: 2026-02-17 04:31:21 | BR11: 2026-02-21 18:43:55 | BS11: 2026-02-20 20:00:53 | BT11: 2026-02-22 13:25:02 | BU11: 2026-02-20 18:33:24 | BV11: 2026-02-21 13:17:52 | BW11: 2026-02-20 05:41:40 | BX11: 2026-02-18 14:52:12 | BY11: 2026-02-18 00:13:53 | BZ11: 2026-02-15 21:27:19 | CA11: 2026-02-22 02:56:16 | CB11: 2026-02-21 03:57:50 | CC11: 2026-02-20 12:59:38 | CD11: 2026-02-19 17:38:05 | CE11: 2026-02-16 14:54:50 | CF11: 2026-02-15 20:35:20 | CG11: 2026-02-20 12:05:50 | CH11: 2026-02-22 13:41:47 | CI11: 2026-02-16 10:31:15 | CJ11: 2026-02-22 03:07:17 | CK11: 2026-02-20 18:37:07 | CL11: 2026-02-21 20:52:21 | CM11: 2026-02-21 14:28:13 | CN11: 2026-02-21 11:49:36 | CO11: 2026-02-15 20:26:56 | CP11: 2026-02-22 04:47:34 | CQ11: 2026-02-21 05:09:43 | CR11: 2026-02-17 17:11:54 | CS11: 2026-02-20 02:02:54 | CT11: 2026-02-15 21:48:08 | CU11: 2026-02-17 14:25:28 | CV11: 2026-02-16 07:36:02 | CW11: 2026-02-18 23:32:31 | CX11: 2026-02-21 08:47:28 | CY11: 2026-02-17 22:23:49 | CZ11: 2026-02-21 21:18:07 | DA11: 2026-02-16 23:26:50 | DB11: 2026-02-22 08:14:00 | DC11: 2026-02-19 13:50:24 | DD11: 2026-02-17 12:02:33 | DE11: 2026-02-20 02:50:39 | DF11: 2026-02-20 09:00:05 | DG11: 2026-02-21 22:00:08 | DH11: 2026-02-18 10:02:19 | DI11: 2026-02-19 17:37:37 | DJ11: 2026-02-18 02:03:09 | DK11: 2026-02-18 21:41:36 | DL11: 2026-02-16 12:08:28 | DM11: 2026-02-20 23:26:48 | DN11: 2026-02-21 18:01:24 | DO11: 2026-02-22 06:07:46 | DP11: 2026-02-21 11:26:46 | DQ11: 2026-02-16 07:14:08 | DR11: 2026-02-22 07:59:17 | DS11: 2026-02-20 02:19:58 | DT11: 2026-02-18 21:09:28 | DU11: 2026-02-17 21:18:16 | DV11: 2026-02-21 07:17:13 | DW11: 2026-02-18 20:32:11 | DX11: 2026-02-16 11:23:03 | DY11: 2026-02-22 07:50:49 | DZ11: 2026-02-22 01:44:15 | EA11: 2026-02-19 22:43:53 | EB11: 2026-02-20 15:05:12 | EC11: 2026-02-21 15:27:18 | ED11: 2026-02-20 16:42:27 | EE11: 2026-02-19 15:25:48 | EF11: 2026-02-17 15:23:21 | EG11: 2026-02-19 15:00:09 | EH11: 2026-02-17 15:04:56 | EI11: 2026-02-20 14:15:30 | EJ11: 2026-02-16 00:47:14 | EK11: 2026-02-17 08:11:48 | EL11: 2026-02-17 11:14:24 | EM11: 2026-02-16 16:48:23 | EN11: 2026-02-21 22:39:01 | EO11: 2026-02-17 15:25:33 | EP11: 2026-02-15 22:41:32 | EQ11: 2026-02-21 05:29:57 | ER11: 2026-02-21 23:19:11 | ES11: 2026-02-22 03:33:17 | ET11: 2026-02-16 14:34:59 | EU11: 2026-02-18 16:49:21 | EV11: 2026-02-22 03:04:47 | EW11: 2026-02-16 20:48:12 | EX11: 2026-02-16 23:51:44 | EY11: 2026-02-16 13:51:15 | EZ11: 2026-02-16 11:41:42 | FA11: 2026-02-20 16:47:03 | FB11: 2026-02-18 03:56:05 | FC11: 2026-02-19 16:02:10 | FD11: 2026-02-19 10:29:00 | FE11: 2026-02-22 00:17:20 | FF11: 2026-02-20 16:28:26 | FG11: 2026-02-19 21:30:47 | FH11: 2026-02-19 03:19:54 | FI11: 2026-02-17 09:37:51 | FJ11: 2026-02-19 22:20:53 | FK11: 2026-02-16 20:13:17 | FL11: 2026-02-19 00:49:41 | FM11: 2026-02-20 06:55:20 | FN11: 2026-02-20 04:27:57 | FO11: 2026-02-22 12:25:47 | FP11: 2026-02-17 19:58:16 | FQ11: 2026-02-15 20:44:05 | FR11: 2026-02-21 13:50:33 | FS11: 2026-02-17 08:08:41 | FT11: 2026-02-21 07:59:45 | FU11: 2026-02-20 05:37:49 | FV11: 2026-02-22 14:56:30 | FW11: 2026-02-17 05:47:15 | FX11: 2026-02-19 16:26:33 | FY11: 2026-02-17 03:23:29 | FZ11: 2026-02-17 10:04:08 | GA11: 2026-02-17 05:28:30 | GB11: 2026-02-16 05:07:04 | GC11: 2026-02-16 10:13:41 | GD11: 2026-02-19 13:50:57 | GE11: 2026-02-21 19:06:44 | GF11: 2026-02-20 11:40:27 | GG11: 2026-02-17 13:48:11 | GH11: 2026-02-16 18:16:55 | GI11: 2026-02-22 07:20:46 | GJ11: 2026-02-21 16:01:51 | GK11: 2026-02-16 01:19:13 | GL11: 2026-02-18 05:43:00 | GM11: 2026-02-15 20:51:40 | GN11: 2026-02-22 10:04:09 | GO11: 2026-02-16 16:48:29 | GP11: 2026-02-17 14:18:36 | GQ11: 2026-02-16 18:01:22 | GR11: 2026-02-20 09:08:22 | GS11: 2026-02-19 00:48:26 | GT11: 2026-02-16 21:35:47 | GU11: 2026-02-19 00:05:26 | GV11: 2026-02-21 08:58:50 | GW11: 2026-02-16 02:08:33 | GX11: 2026-02-21 15:11:08 | GY11: 2026-02-19 02:54:35 | GZ11: 2026-02-15 20:08:23 | HA11: 2026-02-19 09:22:17 | HB11: 2026-02-19 19:53:51 | HC11: 2026-02-21 20:32:07 | HD11: 2026-02-18 19:50:00 | HE11: 2026-02-16 05:58:15 | HF11: 2026-02-16 11:42:14 | HG11: 2026-02-20 14:02:43 | HH11: 2026-02-18 18:03:32 | HI11: 2026-02-20 03:15:22 | HJ11: 2026-02-17 02:56:19 | HK11: 2026-02-18 11:13:58 | HL11: 2026-02-17 23:32:04 | HM11: 2026-02-18 11:00:51 | HN11: 2026-02-18 04:35:13 | HO11: 2026-02-15 22:37:14 | HP11: 2026-02-18 10:45:36 | HQ11: 2026-02-20 05:53:29 | HR11: 2026-02-17 20:38:10 | HS11: 2026-02-17 06:45:59 | HT11: 2026-02-22 05:41:33 | HU11: 2026-02-19 18:53:03 | HV11: 2026-02-18 00:31:17 | HW11: 2026-02-19 21:48:29 | HX11: 2026-02-21 04:10:43 | HY11: 2026-02-21 02:23:42 | HZ11: 2026-02-22 09:27:26 | IA11: 2026-02-16 17:53:06 | IB11: 2026-02-16 18:52:55 | IC11: 2026-02-15 21:06:59 | ID11: 2026-02-22 20:27:30 | IE11: 2026-02-22 08:20:41 | IF11: 2026-02-19 19:52:10 | IG11: 2026-02-21 05:59:48 | IH11: 2026-02-22 01:46:27 | II11: 2026-02-16 13:05:23 | IJ11: 2026-02-21 20:42:38 | IK11: 2026-02-21 01:58:07 | IL11: 2026-02-17 23:13:30 | IM11: 2026-02-16 06:30:38 | IN11: 2026-02-22 11:44:23 | IO11: 2026-02-17 21:09:05 | IP11: 2026-02-19 02:11:40 | IQ11: 2026-02-20 19:38:44 | IR11: 2026-02-18 22:35:29 | IS11: 2026-02-19 03:29:05 | IT11: 2026-02-20 09:30:28 | IU11: 2026-02-16 10:42:22 | IV11: 2026-02-15 23:23:13 | IW11: 2026-02-19 12:16:55 | IX11: 2026-02-19 03:39:30 | IY11: 2026-02-21 13:14:33 | IZ11: 2026-02-21 12:41:21 | JA11: 2026-02-18 08:45:43 | JB11: 2026-02-16 19:19:07 | JC11: 2026-02-22 15:09:58 | JD11: 2026-02-18 09:24:49 | JE11: 2026-02-20 02:38:40 | JF11: 2026-02-18 20:37:49 | JG11: 2026-02-20 18:03:41 | JH11: 2026-02-17 20:46:26 | JI11: 2026-02-17 08:38:00 | JJ11: 2026-02-17 22:18:11 | JK11: 2026-02-22 07:15:06 | JL11: 2026-02-19 06:03:34 | JM11: 2026-02-17 01:48:44 | JN11: 2026-02-18 21:21:20 | JO11: 2026-02-15 20:29:49 | JP11: 2026-02-18 23:36:19 | JQ11: 2026-02-18 09:46:40 | JR11: 2026-02-19 12:42:25 | JS11: 2026-02-20 09:49:47 | JT11: 2026-02-20 06:15:51 | JU11: 2026-02-16 05:21:51 | JV11: 2026-02-20 20:33:13 | JW11: 2026-02-20 05:05:03 | JX11: 2026-02-20 23:24:37 | JY11: 2026-02-20 03:34:10 | JZ11: 2026-02-16 07:06:04 | KA11: 2026-02-17 09:27:20 | KB11: 2026-02-18 01:15:02 | KC11: 2026-02-17 15:52:52 | KD11: 2026-02-20 12:20:18 | KE11: 2026-02-20 20:42:03 | KF11: 2026-02-18 19:07:02 | KG11: 2026-02-18 04:34:33 | KH11: 2026-02-18 03:26:30 | KI11: 2026-02-19 06:56:03 | KJ11: 2026-02-21 01:18:00 | KK11: 2026-02-18 07:46:19 | KL11: 2026-02-15 19:37:22 | KM11: 2026-02-17 08:26:16 | KN11: 2026-02-16 08:36:38 | KO11: 2026-02-16 22:17:12 | KP11: 2026-02-16 15:16:36 | KQ11: 2026-02-19 13:59:24 | KR11: 2026-02-17 16:20:16 | KS11: 2026-02-21 08:12:22 | KT11: 2026-02-16 12:04:22 | KU11: 2026-02-17 03:17:43 | KV11: 2026-02-22 16:36:37 | KW11: 2026-02-20 19:43:05 | KX11: 2026-02-18 21:08:04 | KY11: 2026-02-16 12:28:39 | KZ11: 2026-02-18 20:06:47 | LA11: 2026-02-16 21:01:35 | LB11: 2026-02-17 09:52:35 | LC11: 2026-02-17 07:42:56 | LD11: 2026-02-21 10:13:30 | LE11: 2026-02-18 12:30:48 | LF11: 2026-02-21 23:16:35 | LG11: 2026-02-16 05:04:04 | LH11: 2026-02-19 03:44:27 | LI11: 2026-02-21 06:53:07 | LJ11: 2026-02-22 14:31:03 | LK11: 2026-02-20 23:59:26 | LL11: 2026-02-17 07:12:49 | LM11: 2026-02-17 20:42:34 | LN11: 2026-02-18 01:46:41 | LO11: 2026-02-21 20:30:51 | LP11: 2026-02-16 17:25:53 | LQ11: 2026-02-17 12:53:06 | LR11: 2026-02-17 00:08:49 | LS11: 2026-02-15 18:00:52 | LT11: 2026-02-19 06:23:06 | LU11: 2026-02-18 15:42:33 | LV11: 2026-02-19 17:11:13 | LW11: 2026-02-19 10:07:28 | LX11: 2026-02-20 13:28:25 | LY11: 2026-02-20 18:52:52 | LZ11: 2026-02-20 07:33:04 | MA11: 2026-02-16 02:30:57 | MB11: 2026-02-18 01:09:18 | MC11: 2026-02-21 15:01:47 | MD11: 2026-02-18 20:17:56 | ME11: 2026-02-18 09:38:16 | MF11: 2026-02-18 11:30:38 | MG11: 2026-02-19 05:55:30 | MH11: 2026-02-19 01:54:01 | MI11: 2026-02-18 03:11:22 | MJ11: 2026-02-20 03:11:23 | MK11: 2026-02-20 00:59:28 | ML11: 2026-02-20 00:52:30 | MM11: 2026-02-19 09:57:07 | MN11: 2026-02-21 00:53:03 | MO11: 2026-02-21 07:03:22 | MP11: 2026-02-20 00:15:28 | MQ11: 2026-02-19 16:17:05 | MR11: 2026-02-16 17:01:07 | MS11: 2026-02-17 23:27:12 | MT11: 2026-02-18 12:08:45 | MU11: 2026-02-18 16:11:57 | MV11: 2026-02-22 11:31:35 | MW11: 2026-02-22 05:20:32 | MX11: 2026-02-20 22:54:36 | MY11: 2026-02-22 03:46:46 | MZ11: 2026-02-19 12:55:24 | NA11: 2026-02-18 17:37:14 | NB11: 2026-02-19 14:43:30 | NC11: 2026-02-21 15:05:51 | ND11: 2026-02-19 23:49:02 | NE11: 2026-02-15 22:49:59 | NF11: 2026-02-17 04:06:53 | NG11: 2026-02-16 22:39:19 | NH11: 2026-02-18 04:43:51 | NI11: 2026-02-20 06:49:15 | NJ11: 2026-02-17 05:34:05 | NK11: 2026-02-22 11:48:50 | NL11: 2026-02-17 01:03:20 | NM11: 2026-02-17 18:23:52 | NN11: 2026-02-19 18:11:18 | NO11: 2026-02-21 11:20:04 | NP11: 2026-02-20 04:24:23 | NQ11: 2026-02-20 23:04:45 | NR11: 2026-02-18 22:51:10 | NS11: 2026-02-21 13:38:38 | NT11: 2026-02-18 13:40:22 | NU11: 2026-02-16 02:33:41 | NV11: 2026-02-21 06:14:44 | NW11: 2026-02-19 07:18:51 | NX11: 2026-02-16 12:39:50 | NY11: 2026-02-19 08:28:39 | NZ11: 2026-02-17 07:10:47 | OA11: 2026-02-20 15:52:17 | OB11: 2026-02-19 07:19:32 | OC11: 2026-02-22 10:43:24 | OD11: 2026-02-22 15:54:12 | OE11: 2026-02-16 05:44:10 | OF11: 2026-02-18 08:54:26 | OG11: 2026-02-17 07:31:48 | OH11: 2026-02-20 09:45:10 | OI11: 2026-02-19 00:03:11 | OJ11: 2026-02-18 05:34:59 | OK11: 2026-02-19 05:17:15 | OL11: 2026-02-17 13:54:06 | OM11: 2026-02-18 22:43:38 | ON11: 2026-02-16 19:21:16 | OO11: 2026-02-16 23:44:09 | OP11: 2026-02-18 03:37:13 | OQ11: 2026-02-19 15:35:01 | OR11: 2026-02-18 11:26:34 | OS11: 2026-02-18 10:28:37 | OT11: 2026-02-17 08:15:18 | OU11: 2026-02-16 04:09:12 | OV11: 2026-02-19 10:57:44 | OW11: 2026-02-20 04:02:20 | OX11: 2026-02-18 17:15:15 | OY11: 2026-02-17 16:46:10 | OZ11: 2026-02-20 09:16:41 | PA11: 2026-02-18 06:37:47 | PB11: 2026-02-21 19:58:26 | PC11: 2026-02-21 03:55:00 | PD11: 2026-02-16 03:17:36 | PE11: 2026-02-17 03:46:26 | PF11: 2026-02-19 06:07:35 | PG11: 2026-02-19 18:38:28 | PH11: 2026-02-19 04:06:11 | PI11: 2026-02-18 20:03:11 | PJ11: 2026-02-16 10:19:09 | PK11: 2026-02-21 16:33:36 | PL11: 2026-02-18 04:06:03 | PM11: 2026-02-21 23:44:08 | PN11: 2026-02-19 11:43:15 | PO11: 2026-02-19 20:23:14 | PP11: 2026-02-17 20:49:16 | PQ11: 2026-02-19 20:29:25 | PR11: 2026-02-21 02:23:38 | PS11: 2026-02-21 09:58:06 | PT11: 2026-02-19 12:59:18 | PU11: 2026-02-17 14:04:38 | PV11: 2026-02-20 10:23:30
B12: POR | C12: 151 | D12: 0.0003 | N12: Endtime | O12: 2026-02-18 19:45:32 | P12: 2026-02-22 11:16:22 | Q12: 2026-02-22 15:49:57 | R12: 2026-02-16 06:39:30 | S12: 2026-02-22 15:07:48 | T12: 2026-02-17 21:19:59 | U12: 2026-02-20 03:32:04 | V12: 2026-02-18 18:30:10 | W12: 2026-02-18 01:09:25 | X12: 2026-02-22 13:22:22 | Y12: 2026-02-17 17:43:51 | Z12: 2026-02-22 04:32:38 | AA12: 2026-02-16 10:18:12 | AB12: 2026-02-17 07:43:31 | AC12: 2026-02-22 06:50:53 | AD12: 2026-02-17 05:25:31 | AE12: 2026-02-20 22:08:29 | AF12: 2026-02-17 21:00:35 | AG12: 2026-02-22 11:42:13 | AH12: 2026-02-16 23:48:37 | AI12: 2026-02-22 15:45:24 | AJ12: 2026-02-20 21:49:38 | AK12: 2026-02-21 08:44:56 | AL12: 2026-02-18 04:06:25 | AM12: 2026-02-19 11:24:23 | AN12: 2026-02-17 04:24:31 | AO12: 2026-02-16 14:32:21 | AP12: 2026-02-20 21:03:55 | AQ12: 2026-02-21 11:24:35 | AR12: 2026-02-21 04:49:08 | AS12: 2026-02-20 08:56:46 | AT12: 2026-02-17 03:15:07 | AU12: 2026-02-19 15:21:59 | AV12: 2026-02-20 06:53:08 | AW12: 2026-02-20 23:51:09 | AX12: 2026-02-17 08:06:43 | AY12: 2026-02-21 07:18:10 | AZ12: 2026-02-16 00:42:03 | BA12: 2026-02-16 00:24:27 | BB12: 2026-02-19 00:07:13 | BC12: 2026-02-21 15:19:08 | BD12: 2026-02-16 07:03:33 | BE12: 2026-02-17 09:35:25 | BF12: 2026-02-19 18:48:47 | BG12: 2026-02-17 22:17:31 | BH12: 2026-02-21 05:50:25 | BI12: 2026-02-16 20:46:14 | BJ12: 2026-02-17 07:15:00 | BK12: 2026-02-20 03:12:44 | BL12: 2026-02-22 22:19:46 | BM12: 2026-02-17 08:35:02 | BN12: 2026-02-18 13:27:58 | BO12: 2026-02-22 01:34:44 | BP12: 2026-02-18 19:47:33 | BQ12: 2026-02-17 11:09:33 | BR12: 2026-02-21 19:02:23 | BS12: 2026-02-21 02:21:15 | BT12: 2026-02-22 20:01:03 | BU12: 2026-02-21 00:49:04 | BV12: 2026-02-21 19:55:27 | BW12: 2026-02-20 05:50:46 | BX12: 2026-02-18 21:05:51 | BY12: 2026-02-18 07:01:37 | BZ12: 2026-02-16 05:05:04 | CA12: 2026-02-22 09:44:47 | CB12: 2026-02-21 10:11:17 | CC12: 2026-02-20 19:36:11 | CD12: 2026-02-20 00:22:28 | CE12: 2026-02-16 22:14:00 | CF12: 2026-02-16 03:26:27 | CG12: 2026-02-20 18:27:28 | CH12: 2026-02-22 19:52:13 | CI12: 2026-02-16 16:46:16 | CJ12: 2026-02-22 09:25:16 | CK12: 2026-02-21 00:56:18 | CL12: 2026-02-22 03:05:05 | CM12: 2026-02-21 20:50:08 | CN12: 2026-02-21 17:58:31 | CO12: 2026-02-16 01:20:38 | CP12: 2026-02-22 11:27:57 | CQ12: 2026-02-21 11:16:34 | CR12: 2026-02-17 23:30:44 | CS12: 2026-02-20 09:09:19 | CT12: 2026-02-16 06:03:39 | CU12: 2026-02-17 20:44:04 | CV12: 2026-02-16 13:47:18 | CW12: 2026-02-19 05:55:19 | CX12: 2026-02-21 15:08:33 | CY12: 2026-02-17 22:24:07 | CZ12: 2026-02-22 03:44:35 | DA12: 2026-02-17 05:45:03 | DB12: 2026-02-22 14:53:25 | DC12: 2026-02-19 20:28:05 | DD12: 2026-02-17 18:20:23 | DE12: 2026-02-20 09:06:07 | DF12: 2026-02-20 15:20:53 | DG12: 2026-02-22 04:39:24 | DH12: 2026-02-18 16:46:29 | DI12: 2026-02-20 00:10:49 | DJ12: 2026-02-18 08:30:03 | DK12: 2026-02-19 03:36:45 | DL12: 2026-02-16 18:49:22 | DM12: 2026-02-21 06:50:23 | DN12: 2026-02-22 00:14:58 | DO12: 2026-02-22 12:23:35 | DP12: 2026-02-21 19:04:35 | DQ12: 2026-02-16 14:30:33 | DR12: 2026-02-22 14:20:47 | DS12: 2026-02-20 03:51:50 | DT12: 2026-02-19 03:42:15 | DU12: 2026-02-18 03:44:24 | DV12: 2026-02-21 13:36:10 | DW12: 2026-02-18 20:51:59 | DX12: 2026-02-16 17:50:54 | DY12: 2026-02-22 14:38:02 | DZ12: 2026-02-22 08:02:29 | EA12: 2026-02-20 05:35:11 | EB12: 2026-02-20 15:47:50 | EC12: 2026-02-21 21:57:23 | ED12: 2026-02-20 23:25:49 | EE12: 2026-02-19 21:44:29 | EF12: 2026-02-17 22:15:21 | EG12: 2026-02-19 21:28:11 | EH12: 2026-02-17 19:29:02 | EI12: 2026-02-20 20:39:50 | EJ12: 2026-02-16 07:14:35 | EK12: 2026-02-17 14:33:45 | EL12: 2026-02-17 18:19:34 | EM12: 2026-02-16 16:49:30 | EN12: 2026-02-22 05:09:58 | EO12: 2026-02-17 22:07:19 | EP12: 2026-02-16 05:04:53 | EQ12: 2026-02-21 11:45:32 | ER12: 2026-02-22 05:38:29 | ES12: 2026-02-22 10:38:56 | ET12: 2026-02-16 20:48:14 | EU12: 2026-02-18 23:30:14 | EV12: 2026-02-22 09:27:44 | EW12: 2026-02-17 03:20:59 | EX12: 2026-02-17 07:00:15 | EY12: 2026-02-16 20:08:08 | EZ12: 2026-02-16 18:14:45 | FA12: 2026-02-20 23:23:06 | FB12: 2026-02-18 10:24:03 | FC12: 2026-02-19 22:18:28 | FD12: 2026-02-19 17:35:01 | FE12: 2026-02-22 07:18:23 | FF12: 2026-02-20 23:22:30 | FG12: 2026-02-20 03:57:50 | FH12: 2026-02-19 12:52:36 | FI12: 2026-02-17 15:48:46 | FJ12: 2026-02-20 05:22:24 | FK12: 2026-02-17 03:01:55 | FL12: 2026-02-19 07:16:31 | FM12: 2026-02-20 13:32:27 | FN12: 2026-02-20 10:55:27 | FO12: 2026-02-22 18:40:20 | FP12: 2026-02-18 03:57:02 | FQ12: 2026-02-16 01:22:24 | FR12: 2026-02-21 20:32:22 | FS12: 2026-02-17 14:23:04 | FT12: 2026-02-21 14:25:52 | FU12: 2026-02-20 11:52:48 | FV12: 2026-02-22 21:22:55 | FW12: 2026-02-17 12:00:20 | FX12: 2026-02-19 22:46:49 | FY12: 2026-02-17 09:46:16 | FZ12: 2026-02-17 16:17:45 | GA12: 2026-02-17 06:28:26 | GB12: 2026-02-16 11:20:52 | GC12: 2026-02-16 17:21:52 | GD12: 2026-02-19 20:20:55 | GE12: 2026-02-22 01:43:35 | GF12: 2026-02-20 18:32:34 | GG12: 2026-02-17 19:56:29 | GH12: 2026-02-17 00:57:47 | GI12: 2026-02-22 13:39:25 | GJ12: 2026-02-21 16:10:59 | GK12: 2026-02-16 07:29:34 | GL12: 2026-02-18 12:08:54 | GM12: 2026-02-16 04:06:34 | GN12: 2026-02-22 17:35:41 | GO12: 2026-02-16 23:24:36 | GP12: 2026-02-17 20:37:14 | GQ12: 2026-02-17 00:31:17 | GR12: 2026-02-20 15:45:05 | GS12: 2026-02-19 07:09:26 | GT12: 2026-02-17 03:56:12 | GU12: 2026-02-19 06:20:52 | GV12: 2026-02-21 15:18:13 | GW12: 2026-02-16 08:34:25 | GX12: 2026-02-22 00:25:19 | GY12: 2026-02-19 09:18:05 | GZ12: 2026-02-16 02:27:52 | HA12: 2026-02-19 15:56:18 | HB12: 2026-02-20 04:18:53 | HC12: 2026-02-22 02:58:37 | HD12: 2026-02-19 02:08:30 | HE12: 2026-02-16 12:20:55 | HF12: 2026-02-16 17:56:38 | HG12: 2026-02-20 19:12:35 | HH12: 2026-02-19 00:38:27 | HI12: 2026-02-20 09:47:36 | HJ12: 2026-02-17 09:24:37 | HK12: 2026-02-18 17:34:41 | HL12: 2026-02-18 06:34:54 | HM12: 2026-02-18 17:12:52 | HN12: 2026-02-18 11:11:01 | HO12: 2026-02-16 05:01:50 | HP12: 2026-02-18 17:13:28 | HQ12: 2026-02-20 12:16:04 | HR12: 2026-02-18 03:23:22 | HS12: 2026-02-17 13:46:02 | HT12: 2026-02-22 11:57:49 | HU12: 2026-02-20 01:55:48 | HV12: 2026-02-18 07:41:54 | HW12: 2026-02-20 04:34:25 | HX12: 2026-02-21 07:56:59 | HY12: 2026-02-21 08:56:23 | HZ12: 2026-02-22 15:48:32 | IA12: 2026-02-17 00:06:38 | IB12: 2026-02-17 01:25:01 | IC12: 2026-02-16 03:26:04 | ID12: 2026-02-22 20:38:32 | IE12: 2026-02-22 15:04:38 | IF12: 2026-02-20 02:35:15 | IG12: 2026-02-21 13:09:20 | IH12: 2026-02-22 08:18:32 | II12: 2026-02-16 20:48:10 | IJ12: 2026-02-22 03:28:03 | IK12: 2026-02-21 08:10:12 | IL12: 2026-02-18 05:38:53 | IM12: 2026-02-16 11:38:24 | IN12: 2026-02-22 18:34:31 | IO12: 2026-02-18 03:53:26 | IP12: 2026-02-19 08:38:50 | IQ12: 2026-02-21 02:17:17 | IR12: 2026-02-19 05:07:30 | IS12: 2026-02-19 10:25:08 | IT12: 2026-02-20 16:24:37 | IU12: 2026-02-16 17:09:22 | IV12: 2026-02-16 05:44:19 | IW12: 2026-02-19 18:36:07 | IX12: 2026-02-19 09:54:35 | IY12: 2026-02-21 20:28:34 | IZ12: 2026-02-21 19:09:57 | JA12: 2026-02-18 15:36:23 | JB12: 2026-02-17 02:09:23 | JC12: 2026-02-22 21:35:18 | JD12: 2026-02-18 16:33:56 | JE12: 2026-02-20 09:22:49 | JF12: 2026-02-19 04:03:31 | JG12: 2026-02-21 02:19:39 | JH12: 2026-02-18 03:03:11 | JI12: 2026-02-17 15:21:38 | JJ12: 2026-02-18 05:01:02 | JK12: 2026-02-22 15:21:11 | JL12: 2026-02-19 13:47:51 | JM12: 2026-02-17 08:12:22 | JN12: 2026-02-19 00:03:16 | JO12: 2026-02-16 03:15:24 | JP12: 2026-02-19 05:53:06 | JQ12: 2026-02-18 16:09:07 | JR12: 2026-02-19 19:08:51 | JS12: 2026-02-20 16:12:13 | JT12: 2026-02-20 12:56:11 | JU12: 2026-02-16 11:51:03 | JV12: 2026-02-21 03:43:01 | JW12: 2026-02-20 11:51:01 | JX12: 2026-02-21 07:18:34 | JY12: 2026-02-20 10:16:56 | JZ12: 2026-02-16 13:26:38 | KA12: 2026-02-17 16:04:47 | KB12: 2026-02-18 09:22:32 | KC12: 2026-02-17 23:24:40 | KD12: 2026-02-20 18:50:07 | KE12: 2026-02-21 03:55:38 | KF12: 2026-02-19 01:43:35 | KG12: 2026-02-18 10:58:29 | KH12: 2026-02-18 09:35:58 | KI12: 2026-02-19 14:35:35 | KJ12: 2026-02-21 07:35:23 | KK12: 2026-02-18 14:40:10 | KL12: 2026-02-16 05:47:47 | KM12: 2026-02-17 14:44:24 | KN12: 2026-02-16 15:00:17 | KO12: 2026-02-17 05:22:36 | KP12: 2026-02-16 21:32:22 | KQ12: 2026-02-19 20:24:44 | KR12: 2026-02-17 22:41:56 | KS12: 2026-02-21 14:59:38 | KT12: 2026-02-16 20:59:27 | KU12: 2026-02-17 10:01:41 | KV12: 2026-02-22 16:54:41 | KW12: 2026-02-21 01:55:55 | KX12: 2026-02-19 04:41:24 | KY12: 2026-02-16 18:52:30 | KZ12: 2026-02-19 02:44:00 | LA12: 2026-02-17 03:43:13 | LB12: 2026-02-17 17:05:55 | LC12: 2026-02-17 14:14:58 | LD12: 2026-02-21 16:31:21 | LE12: 2026-02-18 19:03:14 | LF12: 2026-02-22 07:11:01 | LG12: 2026-02-16 11:36:52 | LH12: 2026-02-19 10:04:44 | LI12: 2026-02-21 13:15:40 | LJ12: 2026-02-22 20:50:36 | LK12: 2026-02-21 06:59:22 | LL12: 2026-02-17 13:59:35 | LM12: 2026-02-18 03:08:25 | LN12: 2026-02-18 11:23:28 | LO12: 2026-02-22 04:33:06 | LP12: 2026-02-17 01:42:36 | LQ12: 2026-02-17 19:55:02 | LR12: 2026-02-17 06:43:51 | LS12: 2026-02-16 00:44:51 | LT12: 2026-02-19 12:40:16 | LU12: 2026-02-18 22:38:31 | LV12: 2026-02-19 23:46:35 | LW12: 2026-02-19 16:24:19 | LX12: 2026-02-20 19:57:52 | LY12: 2026-02-21 01:15:46 | LZ12: 2026-02-20 13:59:40 | MA12: 2026-02-16 08:48:05 | MB12: 2026-02-18 08:42:43 | MC12: 2026-02-21 21:15:55 | MD12: 2026-02-19 02:37:41 | ME12: 2026-02-18 15:54:31 | MF12: 2026-02-18 17:53:11 | MG12: 2026-02-19 12:14:32 | MH12: 2026-02-19 08:23:43 | MI12: 2026-02-18 09:44:24 | MJ12: 2026-02-20 09:39:40 | MK12: 2026-02-20 07:24:31 | ML12: 2026-02-20 07:26:41 | MM12: 2026-02-19 16:14:18 | MN12: 2026-02-21 07:14:42 | MO12: 2026-02-21 13:47:30 | MP12: 2026-02-20 06:43:24 | MQ12: 2026-02-19 22:41:22 | MR12: 2026-02-16 23:41:58 | MS12: 2026-02-18 08:50:45 | MT12: 2026-02-18 19:52:46 | MU12: 2026-02-18 22:48:52 | MV12: 2026-02-22 18:04:41 | MW12: 2026-02-22 11:45:32 | MX12: 2026-02-21 05:07:19 | MY12: 2026-02-22 10:02:00 | MZ12: 2026-02-19 20:16:47 | NA12: 2026-02-19 00:00:44 | NB12: 2026-02-19 21:10:59 | NC12: 2026-02-21 22:16:09 | ND12: 2026-02-20 06:13:26 | NE12: 2026-02-16 05:16:02 | NF12: 2026-02-17 10:24:04 | NG12: 2026-02-17 02:53:34 | NH12: 2026-02-18 11:25:55 | NI12: 2026-02-20 13:24:49 | NJ12: 2026-02-17 12:49:06 | NK12: 2026-02-22 18:22:03 | NL12: 2026-02-17 07:29:35 | NM12: 2026-02-18 01:12:53 | NN12: 2026-02-20 00:43:25 | NO12: 2026-02-21 18:48:44 | NP12: 2026-02-20 11:04:22 | NQ12: 2026-02-21 06:01:27 | NR12: 2026-02-19 05:19:35 | NS12: 2026-02-21 20:02:44 | NT12: 2026-02-18 19:59:22 | NU12: 2026-02-16 08:56:44 | NV12: 2026-02-21 12:37:06 | NW12: 2026-02-19 13:48:15 | NX12: 2026-02-16 19:19:09 | NY12: 2026-02-19 14:56:36 | NZ12: 2026-02-17 13:51:53 | OA12: 2026-02-20 22:32:09 | OB12: 2026-02-19 13:55:15 | OC12: 2026-02-22 17:21:56 | OD12: 2026-02-22 22:34:42 | OE12: 2026-02-16 13:01:54 | OF12: 2026-02-18 16:46:05 | OG12: 2026-02-17 13:59:18 | OH12: 2026-02-20 16:09:05 | OI12: 2026-02-19 07:36:32 | OJ12: 2026-02-18 12:24:42 | OK12: 2026-02-19 11:38:28 | OL12: 2026-02-17 20:40:57 | OM12: 2026-02-19 06:04:31 | ON12: 2026-02-17 01:46:03 | OO12: 2026-02-17 07:08:35 | OP12: 2026-02-18 10:02:48 | OQ12: 2026-02-19 17:08:43 | OR12: 2026-02-18 18:00:45 | OS12: 2026-02-18 16:52:25 | OT12: 2026-02-17 15:50:45 | OU12: 2026-02-16 10:39:20 | OV12: 2026-02-19 17:26:56 | OW12: 2026-02-20 10:43:52 | OX12: 2026-02-18 23:33:54 | OY12: 2026-02-18 00:28:20 | OZ12: 2026-02-20 16:25:18 | PA12: 2026-02-18 13:38:00 | PB12: 2026-02-22 02:53:05 | PC12: 2026-02-21 10:19:16 | PD12: 2026-02-16 10:16:56 | PE12: 2026-02-17 10:27:40 | PF12: 2026-02-19 12:55:12 | PG12: 2026-02-20 00:57:06 | PH12: 2026-02-19 10:55:34 | PI12: 2026-02-19 02:57:54 | PJ12: 2026-02-16 16:58:52 | PK12: 2026-02-21 23:32:22 | PL12: 2026-02-18 12:02:02 | PM12: 2026-02-22 06:05:34 | PN12: 2026-02-19 18:06:53 | PO12: 2026-02-20 02:48:23 | PP12: 2026-02-18 03:35:01 | PQ12: 2026-02-20 03:01:33 | PR12: 2026-02-21 09:55:36 | PS12: 2026-02-21 18:02:00 | PT12: 2026-02-19 19:48:15 | PU12: 2026-02-17 21:11:22 | PV12: 2026-02-20 18:01:29
